headword,pos,cefr_level,translation_uz,translation_ru,definition_en,ipa,frequency_rank,category,example_en,example_uz,synonyms,antonyms
multi,noun,C1,ko'p turli,мульти,A prefix meaning many or involving several different things at the same time.,ˈmʌl.ti,15000,ielts,The school offers a multi media approach to learning new languages.,Maktab yangi tillarni o'rganish uchun ko'p tarmoqli yondashuvni taklif qiladi.,many multiple,single
indian,adjective,A1,hind,индийский,Relating to the country of India or its people and culture.,ˈɪn.di.ən,15002,travel,We went to a great Indian restaurant for dinner last night.,Kecha kechki ovqat uchun juda yaxshi hind restorani borib keldik.,,
colorado,noun,C2,o'rtacha tamaki,сигара среднего цвета и крепости,A type of cigar that has a medium-brown color and moderate strength.,ˌkɒləˈrɑːdəʊ,15004,food-drink,The shop owner recommended a colorado for my relaxing evening smoke.,Do'kon egasi oqshomgi dam olish uchun menga colorado sigarasini tavsiya qildi.,,
johnson,noun,C1,erkaklar a'zosi,член,A informal and sometimes vulgar word used to refer to the male reproductive organ.,ˈd͡ʒɑnsən,15006,body-health,"The speaker used an informal term, referring to his johnson jokingly.",Notiq hazil tariqasida erkaklar a'zosini anglatuvchi norasmiy so'zni ishlatdi.,penis phallus,
kansas,noun,A2,Kanzas,Канзас,A large state located in the central part of the United States of America.,ˈkænzəs,15008,places,My brother lives in the state of Kansas in the United States.,Akam Amerika Qo'shma Shtatlarining Kanzas shtatida yashaydi.,,
israel,noun,A2,Isroil,Израиль,A country located in the Middle East along the Mediterranean Sea.,ˈɪzreɪəl,15010,places,We are planning a trip to Israel for our summer vacation.,Biz yozgi ta'tilimiz uchun Isroilga sayohat qilishni rejalashtiryapmiz.,,
louis,noun,C2,lui,луидор,An old French gold coin featuring the portrait of a king.,ˈluːi,15012,ielts,The museum display case held an ancient gold louis from France.,Muzeydagi vitrinada Fransiyadan keltirilgan qadimiy oltin lui turardi.,gold coin,
taylor,noun,B1,tikuvchi chevar,портной,"A person whose job is making, repairing, or adjusting men's clothing professionally.",ˈteɪlə,15014,work,I went to the local taylor to have my new suit adjusted perfectly.,Yangi kostyumimni to'g'irlatish uchun mahalliy tikuvchiga bordim.,seamster clothier,
perl,noun,C1,dasturlash tili,язык программирования perl,A high-level programming language used for text processing and web development tasks.,pɜːl,15016,ielts,The senior developer used Perl to automate the data processing tasks quickly.,Katta dasturchi ma'lumotlarni qayta ishlashni avtomatlashtirish uchun Perl tilidan foydalandi.,,
mens,noun,B1,erkaklar,мужской,Relating to or intended for use by adult males.,mɛnz,15018,clothes,This shop has a large collection of stylish mens clothing items.,Bu do'konda erkaklar uchun zamonaviy kiyimlar to'plami juda ko'p.,male gentlemen,womens
caribbean,noun,B1,karib dengizi,Карибское море,The sea and the group of islands located between North and South America.,ˌkærɪˈbiːən,15020,places,They are planning a relaxing vacation on a beach in the Caribbean.,Ular Karib dengizi sohillarida hordiq chiqarish uchun ta'til rejalashtirmoqda.,,
orleans,noun,B2,orlean,Орлеан,A historic city in central France known for its role in national history.,ɔːrˈliːənz,15024,places,Many tourists travel to Orleans to see the historic sites and architecture.,Ko‘plab sayyohlar tarixiy joylar va me'morchilikni ko‘rish uchun Orleanga borishadi.,,
gary,noun,A1,geri,Гэри,A common male given name of English origin.,ˈɡæri,15028,people-family,My friend Gary is coming over to visit us this coming weekend.,Do‘stim Geri shu dam olish kunlari biznikiga mehmonga kelyapti.,,
jason,noun,A1,jeyson,Джейсон,A common male given name found in English-speaking cultures.,ˈdʒeɪsən,15032,people-family,Jason decided to go to the park to practice his guitar skills.,Jeyson gitara chalishni mashq qilish uchun parkka borishga qaror qildi.,,
holdem,noun,C1,xoldem,холдем,A popular version of the card game poker involving shared community cards.,ˈhəʊldəm,15034,actions,He learned how to play Texas holdem while traveling around the world.,U dunyo bo‘ylab sayohat qilayotganda Texas xoldem o‘ynashni o‘rgandi.,poker,
vancouver,noun,A2,Vankuver,Ванкувер,"A large coastal city in British Columbia, Canada.",vænˈkuːvər,15036,places,Vancouver is a beautiful city located on the west coast of Canada.,Vankuver Kanadaning g'arbiy sohilida joylashgan go'zal shahar.,,
jose,noun,A1,Xose,Хосе,A common male given name of Spanish origin.,hoʊˈzeɪ,15038,people-family,My friend Jose is coming to visit us this coming weekend.,Do'stim Xose kelasi dam olish kunlari biznikiga mehmonga kelyapti.,,
pakistan,noun,A2,Pokiston,Пакистан,A country located in South Asia.,pækɪˈstæn,15040,places,Pakistan shares its borders with several neighboring countries in South Asia.,Pokiston Janubiy Osiyodagi bir qancha qo'shni davlatlar bilan chegaradosh.,,
baltimore,noun,B1,Baltimor,Балтимор,"A major city and important port in the state of Maryland, USA.",ˈbɔːltɪmɔːr,15042,places,Baltimore is known for its historic harbor and maritime history.,Baltimor o'zining tarixiy bandargohi va dengizchilik tarixi bilan mashhur.,,
dont,verb,A1,qilma etma,не делай,A common incorrect spelling of the contraction for do not.,doʊnt,15044,basics,Please dont forget to turn off the lights before you leave.,Iltimos chiqib ketishdan oldin chiroqlarni o'chirishni unutmang.,,
egypt,noun,A2,Misr,Египет,A country in North Africa famous for its ancient pyramids.,ˈiːdʒɪpt,15046,places,Many tourists travel to Egypt to see the ancient pyramids.,Ko'plab sayyohlar qadimiy ehromlarni ko'rish uchun Misrga borishadi.,,
norway,noun,A2,Norvegiya,Норвегия,A Scandinavian country in Northern Europe known for its beautiful mountains.,ˈnɔːrweɪ,15048,places,Norway is famous for its stunning fjords and cold winter weather.,Norvegiya o'zining ajoyib fyordlari va sovuq qish ob-havosi bilan mashhur.,,
philippines,noun,A2,Filippin,Филиппины,An island country located in Southeast Asia.,fɪlɪˈpiːnz,15050,places,I am planning to spend my summer vacation in the Philippines.,Yozgi ta'tilimni Filippinda o'tkazishni rejalashtirayapman.,,
indonesia,noun,A2,Indoneziya,Индонезия,A large country consisting of many islands in Southeast Asia.,ɪndəˈniːʒə,15052,places,Indonesia is famous for its beautiful tropical beaches and islands.,Indoneziya o'zining go'zal tropik sohillari va orollari bilan mashhur.,,
wyoming,noun,B2,vayoming,Вайоминг,A state located in the western region of the United States of America.,waɪˈoʊmɪŋ,15054,places,They decided to go on a long road trip through Wyoming state.,Ular Vayoming shtati bo‘ylab uzoq yo‘lga chiqishga qaror qilishdi.,,
finland,noun,A2,finlyandiya,Финляндия,A country located in Northern Europe known for its many lakes and forests.,ˈfɪnlənd,15056,places,Finland is famous for its beautiful nature and excellent education system.,Finlyandiya o‘zining go‘zal tabiati va ajoyib ta’lim tizimi bilan mashhur.,,
columbus,noun,B2,kolumb,Колумбус,The capital city of the state of Ohio in the United States.,kəˈlʌmbəs,15060,places,My brother currently works and lives in the city of Columbus.,Akam hozirda Kolumb shahrida ishlaydi va yashaydi.,,
andy,noun,C1,android robot,андроид,A robot that is built to look and act like a human being.,ˈændi,15062,ielts,"In the future story, every household owned a helpful robot andy.",Kelajak haqidagi hikoyada har bir uyda yordamchi robot bor edi.,android robot,
larry,noun,C2,shovqin gala-gurlik,шум гам,"A state of noisy confusion or a loud, disorganized disturbance in a place.",ˈlæri,15068,actions,The children created such a larry that nobody could hear the teacher.,"Bolalar shunchalik shovqin ko'tarishdiki, hech kim o'qituvchini eshita olmadi.",uproar hubbub,silence
hist,noun,B2,tarix,история,A shortened form of the word history used in academic or library contexts.,hɪst,15074,school,You can find the book in the hist section of the library.,Kitobni kutubxonaning tarix bo‘limidan topishingiz mumkin.,history,
firefox,noun,C1,qizil panda,красная панда,A small mammal from the Himalayas with reddish-brown fur and a long bushy tail.,ˈfaɪəfɒks,15076,animals,The firefox is a shy animal that lives in high mountain forests.,Qizil panda baland tog‘ o‘rmonlarida yashaydigan uyatchan hayvondir.,red-panda,
korean,noun,A2,koreys,кореец,A person who comes from the country of South Korea or North Korea.,kəˈrɪən,15078,people-family,My best friend is a Korean who studies medicine in Tashkent.,Eng yaqin do‘stim Toshkentda tibbiyot sohasida o‘qiydigan koreys yigiti.,,
nelson,noun,C2,kurash usuli,нельсон (болевой прием),A wrestling hold in which a wrestler's arm is locked behind their back.,ˈnɛlsən,15080,actions,The wrestler used a full nelson to pin his opponent to the mat.,Kurashchi raqibini yelka bilan yerga bosish uchun kurash usulidan foydalandi.,hold grappling,
mpeg,noun,B2,videoformati videoo'lchami,формат видео,A standard method for compressing and storing digital video and audio files.,ˈɛmpɛɡ,15082,work,You need to convert the file into mpeg format for the website.,Vebsayt uchun faylni mpeg formatiga o'tkazishingiz kerak.,video digital,
simpson,noun,C2,yerbaq anqov,крестовник,A small wild plant that belongs to the daisy family.,ˈsɪmpsən,15084,nature,The gardener removed every simpson plant from the flower bed this morning.,Bog'bon ertalab gulzordan barcha begona o'tlarni tozalab tashladi.,groundsel,
wright,noun,C2,usta hunarmand,мастер,"A person who builds or repairs something, especially machines or wooden structures.",ɹaɪt,15086,work,The shipwright carefully repaired the wooden frame of the old fishing boat.,Usta kemaning yog'och qismini ehtiyotkorlik bilan ta'mirladi.,maker builder,
barry,adjective,C2,yo'l-yo'l tasmali,полосатый,Having visible bands or stripes of a different color on a material.,ˈbɑː.ɹi,15088,describing,The fabric has a barry appearance due to uneven dyeing of the threads.,Ipning notekis bo'yalgani sababli mato yo'l-yo'l ko'rinadi.,striped banded,
lebanon,noun,A2,Livan,Ливан,A country located in the Middle East along the Mediterranean Sea coast.,ˈlebənən,15094,places,My cousin is currently working as a teacher in beautiful Lebanon.,Jiyanim hozirda go'zal Livanda o'qituvchi bo'lib ishlamoqda.,,
kennedy,noun,B1,Kennedi,Кеннеди,"The surname of a famous American political family, including a former U.S. President.",ˈkenədi,15096,people-family,John F. Kennedy remains one of the most famous American presidents.,Jon Kennedi eng mashhur Amerika prezidentlaridan biri bo'lib qolmoqda.,,
montreal,noun,A2,Monreal,Монреаль,The largest city in the Canadian province of Quebec.,ˌmɒntriˈɔːl,15098,places,We are planning to visit Montreal during our summer holidays this year.,Biz bu yil yozgi ta'tilda Monrealga borishni rejalashtiryapmiz.,,
walter,noun,A2,Valter,Вальтер,A masculine given name of Germanic origin.,ˈwɔːltə,15100,people-family,My grandfather Walter was born and raised in a small village.,Bobom Valter kichkina qishloqda tug'ilib o'sgan.,,
carl,noun,C1,qo'pol odam nodon,деревенщина,"A rude, unrefined man who behaves in a simple or insensitive way.",kɑːl,15102,describing,The villagers considered him a carl because he had no manners.,Qishloqliklar uni odobi yo'qligi uchun qo'pol odam deb hisoblashardi.,hick churl,gentleman
goto,noun,C1,o'tish buyrug'i,переход,A programming instruction that tells the computer to jump to a different part of code.,ˈɡəʊtuː,15106,work,The programmer tried to fix the code by removing the complex goto statement.,Dasturchi murakkab o'tish buyrug'ini olib tashlab kodni tuzatishga urindi.,jump command,
sharon,verb,C2,ovqatni o'rash,забирать остатки еды с собой,To wrap up leftover food from a party or celebration to take home later.,ˈʃærən,15108,food-drink,We decided to sharon the remaining food after the wedding party finished last night.,To'y tugagach qolgan taomlarni o'rab uyga olib ketishga qaror qildik.,pack wrap,
manhattan,noun,C1,kokteyl ichimligi,манхэттен,"A strong alcoholic cocktail made with whiskey, sweet vermouth, and bitters.",mænˈhætən,15114,food-drink,He ordered a classic Manhattan at the bar after his long day.,Ishdan keyin bar peshtaxtasida o‘ziga klassik Manxetten buyurtma qildi.,,
islam,noun,B1,islom dini,ислам,The monotheistic religion founded by the prophet Muhammad.,ˈɪzlɑːm,15116,ielts,Islam is the second largest religion in the world today.,Islom bugungi kunda dunyodagi ikkinchi yirik din hisoblanadi.,,
portuguese,noun,A2,portugal tili,португальский язык,The language spoken by the people of Portugal and Brazil.,ˌpɔːtʃuˈɡiːz,15118,school,Many people in Brazil speak Portuguese as their first language.,Braziliyadagi ko‘pchilik odamlar uchun ona tili portugal tilidir.,,
housewares,noun,B1,uy-ro'zg'or buyumlari,хозяйственные товары,Small items for the kitchen or bathroom used for daily chores around the home.,ˈhaʊswɛəz,15120,home,She went to the store to buy some new kitchen housewares today.,U bugun bozordan yangi oshxona jihozlarini sotib oldi.,homeware,
democrats,noun,B2,demokratlar,демократы,Members or supporters of a political party that believes in equality and democratic rights.,ˈdɛm.ə.kræts,15122,ielts,Many democrats gathered at the town hall to discuss the new policy.,Ko'plab demokratlar yangi qonunni muhokama qilish uchun yig'ilishdi.,,republicans
panama,noun,B1,panama bosh kiyim,панама,"A light hat made of straw, worn to protect the head from the sun.",ˈpanəmə,15124,clothes,He wore a light panama while walking along the sunny beach today.,U quyoshli sohilda sayr qilayotganda yengil panama kiyib olgan edi.,hat sunhat,
remarks,noun,B2,fikrlar mulohazalar,замечания,Words or statements that you make to express an opinion or observation.,ɹɪˈmɑɹks,15126,ielts,The director made some opening remarks before the main meeting began today.,Direktor asosiy yig'ilish boshlanishidan oldin kirish so'zlari bilan chiqdi.,comments observations,
holdings,noun,B2,mulk aktivlar,активы,"The property or financial assets, such as shares, owned by a person or an organization.",ˈhəʊldɪŋz,15130,ielts,The museum updated its art holdings to include more modern paintings this year.,"Muzey o‘z to‘plamiga zamonaviy rasmlarni qo‘shib, mulkini yangiladi.",assets property,
jews,noun,B1,yahudiylar,евреи,People who are members of the religion or ethnic group called Judaism.,d͡ʒuːz,15132,people-family,There are many Jews living in various communities all across the world today.,Bugun dunyoning turli jamoalarida ko‘plab yahudiylar yashaydi.,,
nigeria,noun,A1,Nigeriya,Нигерия,A country located in West Africa on the Gulf of Guinea.,naɪˈdʒɪəriə,15134,places,My friend traveled to Nigeria for a business trip last month.,Do'stim o'tgan oy ish yuzasidan Nigeriyaga borib keldi.,,
hispanic,adjective,B2,ispanzabon,испаноязычный,"Relating to people or cultures from Spanish-speaking countries, especially in Latin America.",hɪˈspænɪk,15136,ielts,The school has a large population of Hispanic students this year.,Bu yil maktabda ispanzabon o'quvchilar soni juda ko'p.,latino,
sucking,noun,B1,so'rish,сосание,The action of pulling liquid or air into the mouth using muscles.,ˈsʌkɪŋ,15144,body-health,The baby stopped sucking on the bottle after he felt full.,"Go'dak qorni to'ygach, butilkani so'rishdan to'xtadi.",absorbing,
todd,noun,C2,erkak tulki,самец лисы,A term used to refer to a male fox.,tɒd,15148,animals,We spotted a large todd running quickly through the forest yesterday.,Kecha o'rmonda yugurib ketayotgan katta tulkini ko'rib qoldik.,fox,
voters,noun,B1,saylovchilar ovoz beruvchilar,избиратели,People who have the legal right to choose someone in an election.,ˈvoʊtɚz,15152,ielts,Many voters went to the polling station to choose their new leader.,Ko'plab saylovchilar yangi rahbarini tanlash uchun ovoz berish punktiga borishdi.,electors constituents,
turbo,noun,B2,turbina turbokompressor,турбина,A machine part that increases the power of an engine by using exhaust gases.,ˈtɜː.bəʊ,15154,work,The car has a powerful turbo that helps it speed up very quickly.,Mashinaning tezlashishiga yordam beradigan kuchli turbokompressori bor.,turbine turbocharger,
tricks,noun,A2,hiyla nayrang,фокусы трюки,Clever actions that are intended to deceive people or to entertain them.,tɹɪks,15156,actions,The magician performed several amazing card tricks for the excited children.,Sehrgar hayajonlangan bolalar uchun bir nechta ajoyib karta hiylalarini ko'rsatib berdi.,stunts deceptions,
kingston,noun,C2,dengiz ilonbaliqi,европейский морской ангел,A type of flat shark that lives on the bottom of the sea.,ˈkɪŋstən,15162,animals,The kingston is a rare type of shark found in deep waters.,Dengiz ilonbaliqi chuqur suvlarda uchraydigan noyob akula turidir.,angel-shark monkfish,
luke,adjective,C2,ilıq,теплый,"Feeling or being slightly warm, especially referring to water or weather.",l(j)uːk,15166,describing,He washed his face using the luke water from the metal bucket.,U temir chelakdagi iliq suv bilan yuzini yuvdi.,lukewarm tepid,cold
governing,verb,B2,boshqaruvchi tartibga soluvchi,управляющий,"Controlling the way a country, organization, or system works or operates.",ˈɡʌvɚnɪŋ,15168,ielts,There are new laws governing how companies manage their private data safely.,Kompaniyalar shaxsiy maʼlumotlarni xavfsiz boshqarishini tartibga soluvchi yangi qonunlar mavjud.,ruling controlling,
pete,noun,C2,seyf temir sandiq,сейф,A strong metal box used for keeping money or valuable items safe from theft.,piːt,15170,work,The thief tried to break into the pete with a heavy iron tool.,O'g'ri temir asbob bilan seyfni buzib ochishga harakat qildi.,safe box,
musicians,noun,A2,musiqachilar sozandalar,музыканты,People who play a musical instrument or write music as a job or hobby.,mjuːˈzɪʃənz,15172,people-family,The musicians played beautiful songs during the wedding party last night.,To‘y oqshomida musiqachilar juda go‘zal qo‘shiqlarni ijro etishdi.,players artists,
utils,noun,B2,yordamchi vositalar,утилиты,Small computer programs that perform specific useful tasks for the user.,ˈjuːtɪlz,15180,work,You should install some system utils to improve your computer speed.,Kompyuter tezligini oshirish uchun bir nechta yordamchi dasturlarni o‘rnatishingiz kerak.,tools utilities,
phys,noun,B2,fizika,физика,"A short form of the scientific study of matter, energy, and the interactions between them.",ˈfɪzɪks,15182,school,"I have my phys exam tomorrow morning, so I must study tonight.","Ertalab fizikadan imtihonim bor, shuning uchun bugun kechqurun o‘qishim kerak.",science,
prague,noun,A2,Praga,Прага,"The capital and largest city of the Czech Republic, known for its historic architecture.",prɑːɡ,15184,places,We are planning to visit the beautiful city of Prague next summer.,Biz keyingi yozda Praganing go‘zal shahriga borishni rejalashtiryapmiz.,,
nascar,noun,B2,avtopoyga,наскар,A popular American organization that manages stock car auto racing competitions.,ˈnæskɑːr,15188,actions,Many people enjoy watching NASCAR races on television during the weekend.,Ko‘pchilik dam olish kunlari televizorda avtopoygalarni tomosha qilishni yaxshi ko‘radi.,racing,
iceland,noun,A2,Islandiya,Исландия,An island country in the North Atlantic Ocean known for its volcanic landscape.,ˈaɪslənd,15190,places,Iceland is famous for its stunning glaciers and natural hot springs.,Islandiya o‘zining ajoyib muzliklari va tabiiy issiq buloqlari bilan mashhur.,,
morocco,noun,C2,maroquin charm,марокко (кожа),A type of soft goatskin leather that is often used to cover expensive books.,məˈrɒkəʊ,15192,clothes,The old book was beautifully bound in red morocco by the artist.,Ushbu qadimiy kitob rassom tomonidan qizil maroquin charm bilan muqovalangan edi.,maroquin,
tommy,noun,C2,ingliz askari,британский солдат,A nickname used for a soldier serving in the British army during wartime.,ˈtɑmi,15194,places,The Tommy fought bravely in the trenches during the First World War.,Birinchi jahon urushi paytida ingliz askari xandaqlarda mardlarcha jang qildi.,,
newcastle,noun,A2,Nyukasl,Ньюкасл,A large city located in the north east of England.,ˈnjuːkɑːsəl,15198,places,My brother is moving to Newcastle to start his new job next month.,Akam kelasi oy yangi ish boshlash uchun Nyukaslga ko'chib o'tmoqda.,,
brazilian,adjective,A2,braziliyalik,бразильский,Relating to the country of Brazil or its people and culture.,brəˈzɪljən,15200,places,The Brazilian football team is known for its incredible attacking style.,Braziliya futbol terma jamoasi o'zining ajoyib hujumkor uslubi bilan mashhur.,,
norwegian,adjective,A2,norvegiyalik norveg,норвежский,Coming from or relating to the country of Norway or its language.,nɔːˈwiːdʒən,15204,places,We stayed at a beautiful hotel during our trip to the Norwegian mountains.,Norvegiya tog'lariga qilgan sayohatimiz davomida biz chiroyli mehmonxonada to'xtadik.,,
honolulu,noun,A2,Gonolulu,Гонолулу,The capital city of the state of Hawaii in the United States.,ˌhɒnəˈluːluː,15206,places,Many tourists dream of spending their summer vacation in sunny Honolulu.,Ko'plab sayyohlar yozgi ta'tilni quyoshli Gonoluluda o'tkazishni orzu qilishadi.,,
beatles,noun,A2,Bitlz guruhi,Битлз,A famous English rock band formed in Liverpool during the nineteen sixties.,ˈbiːtəlz,15208,places,My father still listens to classic songs by the Beatles every weekend.,Dadam har dam olish kuni hali ham Bitlz guruhining klassik qo'shiqlarini eshitadi.,,
thomson,noun,A2,Tomson,Томсон,A common English surname or name of a company.,ˈtɒmsən,15210,people-family,Mr. Thomson is the manager of the engineering department in our office.,Janob Tomson ofisimizdagi muhandislik bo'limining rahbari hisoblanadi.,,
barnes,noun,B1,omborxonalar,амбары,Large buildings on farms used for storing grain or keeping animals.,bɑːnz,15212,home,The old barnes were renovated to store equipment for the autumn harvest.,Eski omborxonalar kuzgi hosil uchun uskunalarni saqlash maqsadida ta'mirlandi.,sheds storages,
malta,noun,B2,arpa ichimligi,солодовый напиток,"A sweet, non-alcoholic drink made from malted barley and carbonated.",ˈmɔːltə,15214,food-drink,She enjoys drinking a cold malta on a very hot summer day.,U issiq yoz kunida muzdek arpa ichimligini ichishni yaxshi ko'radi.,malt-beverage,
dominican,noun,B1,dominikanlik,доминиканец,A person who comes from the Dominican Republic.,dəˈmɪnɪkən,15218,places,The Dominican player is very famous for his incredible baseball skills.,Dominikanlik o'yinchi o'zining ajoyib beysbol mahorati bilan juda mashhur.,,
chad,noun,C1,qog'oz parchasi teshikcha,обрезки бумаги,Small bits of paper left over after making holes in paper or cards.,t͡ʃæd,15220,work,The machine left a lot of paper chad on the office floor.,Mashina ofis poliga juda ko'p qog'oz parchalarini to'kib tashladi.,scrap remnant,
hebrew,noun,B2,ivrit yahudiy,иврит,The historical language spoken by Jewish people and used in the Bible and Israel today.,ˈhiːbruː,15224,ielts,Modern Hebrew is the official language spoken by people living in Israel today.,Hozirgi ivrit tili Isroilda yashovchi odamlarning rasmiy muloqot tili hisoblanadi.,,
soviet,adjective,B2,sovet,советский,Relating to the former USSR or the communist system of government that existed there.,ˈsəʊvi.ət,15226,ielts,Many large buildings in the city were constructed during the Soviet era.,Shahardagi ko'plab yirik binolar sovet davrida qurilgan edi.,sovietic,
laboratories,noun,B2,laboratoriyalar tajribaxonalar,лаборатории,"Rooms or buildings equipped for scientific research, experiments, and analysis.",ləˈbɒrətriːz,15228,school,The university has modern laboratories for students to conduct their science experiments.,Universitetda talabalar ilmiy tajriba o'tkazishi uchun zamonaviy laboratoriyalar mavjud.,labs,
stockings,noun,B1,kolgotkalar paypoqlar,чулки,"Close-fitting thin fabric coverings for the legs and feet, usually worn by women.",ˈstɒkɪŋz,15232,clothes,She decided to wear elegant stockings with her black evening dress tonight.,U kechki qora libosi bilan nafis kolgotka kiyishga qaror qildi.,tights,
univ,noun,B1,universitet oliygoh,университет,An educational institution where students study for degrees and conduct research.,ˌjuːnɪˈvɜːrsɪti,15234,school,I am planning to finish my final year of univ this summer.,Men yozda universitetdagi oxirgi yilimni tugatishni rejalashtiryapman.,college,
mortality,noun,C1,o'lim darajasi,смертность,The number of deaths that happen in a particular group or area.,mɔɹˈtælɪti,15236,ielts,Better healthcare has significantly reduced the infant mortality rate in this country.,Yaxshilangan tibbiy xizmatlar mamlakatimizda go'daklar o'limi darajasini sezilarli darajada kamaytirdi.,fatality death,birth
therapeutic,adjective,C1,shifobaxsh davolovchi,терапевтический,Having a positive or healing effect on the body or the mind.,ˌθɛɹ.əˈpjuː.tɪk,15238,body-health,Gardening can be a very therapeutic activity after a long stressful day.,Bog'dorchilik uzoq va asabiy ish kunidan keyin juda shifobaxsh mashg'ulot bo'lishi mumkin.,healing beneficial,harmful
butts,noun,B1,orqa qism dumba,задницы,The part of the body that a person sits on.,bʌts,15240,body-health,The kids were sliding down the hill on their butts.,Bolalar tepalikdan dumbasi bilan pastga sirpanishdi.,bottoms rear,
bobby,noun,B2,politsiyachi,полицейский,"A polite, informal word for a police officer, used mainly in Britain.",ˈbɒbi,15242,people-family,The local bobby warned the teenagers about making too much noise.,Mahalliy politsiyachi o‘smirlarni shovqin qilmasliklari haqida ogohlantirdi.,officer constable,
impressive,adjective,B1,ta'sirli hayratlanarli,впечатляющий,"Making you feel admiration because of special skill, size, or quality.",ɪmˈpɹɛsɪv,15244,describing,She gave an impressive performance at the concert last night.,U kechagi konsertda juda ta'sirli chiqish qildi.,striking remarkable,unremarkable
accordingly,adverb,C1,muvofiq ravishda shunga ko‘ra,соответственно,In a way that is suitable or correct for the particular situation.,əˈkɔɹ.dɪŋ.li,15246,ielts,"The rules are strict, and you should behave accordingly.","Qoidalar qat'iy, shuning uchun shunga qarab ish tutishingiz kerak.",appropriately fittingly,
architect,noun,B2,me'mor arxitektor,архитектор,A person whose job is to design new buildings and plan how to build them.,ˈɑː.kɪˌtɛkt,15248,work,The architect designed a beautiful new library for the town.,Me'mor shahar uchun chiroyli yangi kutubxona loyihasini ishlab chiqdi.,designer planner,
railroad,noun,B1,temir yo‘l,железная дорога,A system of tracks and trains used for transporting people or goods.,ˈɹeɪlɹoʊd,15250,travel,The new railroad makes traveling between the two cities much faster.,Yangi temir yo‘l ikki shahar o‘rtasidagi qatnovni ancha tezlashtirdi.,railway track,
nursery,noun,B1,bolalar bog‘chasi,детский сад,A place where young children are looked after during the day.,ˈnɜːsəɹi,15252,school,Both my children started at the local nursery last month.,Ikkala bolam ham o‘tgan oydan mahalliy bog‘chaga qatnay boshlashdi.,kindergarten preschool,
harder,adjective,A2,qiyinroq qattiqroq,труднее,"More difficult to do, understand, or deal with than before.",hɑːdə,15254,describing,This final level of the game is much harder than the others.,O‘yinning bu oxirgi bosqichi boshqalariga qaraganda ancha qiyinroq.,tougher more difficult,easier
microwave,noun,A2,mikrotoʻlqinli pech,микроволновка,A kitchen appliance that cooks food very quickly using special waves.,ˈmaɪkɹəˌweɪv,15258,home,Just put the meal in the microwave for two minutes to heat.,Taomni qizdirish uchun uni ikki daqiqaga mikrotoʻlqinli pechga qoʻying.,,
relocation,noun,B2,koʻchish joyini oʻzgartirish,переезд,The process of moving to a different place to live or work.,ˌɹiːləʊˈkeɪʃən,15260,ielts,The company offered him a bonus to pay for his family relocation.,Kompaniya unga oilasini koʻchirish xarajatlari uchun qoʻshimcha pul taklif qildi.,move,
contributors,noun,B2,hissa qoʻshuvchilar,вкладчики,"People who give money, time, or ideas to help achieve a common goal.",kənˈtrɪbjʊtərz,15262,ielts,All the contributors were thanked at the end of the project meeting.,Loyiha yigʻilishi yakunida barcha hissa qoʻshuvchilarga minnatdorchilik bildirildi.,donors participants,
salad,noun,A1,salat,салат,"A cold dish made of mixed raw vegetables, often served with a dressing.",ˈsæl.əd,15264,food-drink,"We would like a couple of fresh salads and two drinks, please.","Iltimos, bizga ikkita yangi salat va ikkita ichimlik olib keling.",,
tender,adjective,B2,mayin yumshoq,нежный,Soft and easy to cut or chew; not hard or tough.,ˈtɛn.dəː,15266,food-drink,The meat was very tender and cooked perfectly for our dinner.,Go‘sht juda mayin chiqibdi va kechki ovqat uchun ayni muddao bo‘ldi.,soft delicate,tough
foam,noun,B2,ko‘pik,пена,A mass of very small bubbles on the surface of a liquid.,foʊm,15268,nature,White sea foam covered the sandy beach after the big storm.,Kuchli bo‘rondan so‘ng qirg‘oqni oq dengiz ko‘pigi qoplab oldi.,froth,
paste,verb,A2,qo‘ymoq joylashtirmoq,вставлять,To move copied text or an image into a document using a computer.,peɪst,15270,work,You can copy the sentence and then paste it into your email.,"Gapni nusxalab olib, keyin xatingizga joylashtirishingiz mumkin.",,
discretion,noun,C1,ixtiyor mulohaza,усмотрение,The freedom to make your own choices or decisions about something.,dɪˈskɹɛʃən,15272,ielts,Teachers have the discretion to choose which books to use in class.,O‘qituvchilar darsda qaysi kitoblardan foydalanishni o‘z ixtiyorlariga ko‘ra hal qilishadi.,choice freedom,
poem,noun,A2,she'r,стихотворение,A piece of creative writing that uses rhythm and often rhyme.,ˈpəʊ.ɪm,15274,school,The student wrote a beautiful poem about the beauty of spring.,O'quvchi bahor go'zalligi haqida chiroyli bir she'r yozdi.,verse,
unsigned,adjective,B2,imzosiz,неподписанный,"Without a signature, usually on a document or a legal paper.",ˌʌnˈsaɪnd,15276,work,The bank refused to process the document because it was unsigned.,Bank hujjatni imzosiz bo'lgani uchun qabul qilmadi.,,signed
repository,noun,C1,omborxona ombor,хранилище,A place where things are kept and stored in large quantities.,ɹɪˈpɒz.ɪ.t(ə.)ɹɪ,15278,ielts,The library acts as a repository for historical books and maps.,Kutubxona tarixiy kitoblar va xaritalar uchun ombor vazifasini o'taydi.,storehouse,
praise,verb,B1,maqto'v maqtamoq,хвалить,To say that someone or something is very good and deserves approval.,pɹeɪz,15280,feelings,The teacher decided to praise the student for his excellent effort.,O'qituvchi o'quvchini ko'rsatgan tirishqoqligi uchun maqtashga qaror qildi.,commend applaud,blame
christianity,noun,B1,xristianlik,христианство,The religion based on the life and teachings of Jesus Christ.,ˌkrɪs.tiˈæn.ə.ti,15282,ielts,Christianity is one of the largest religions in the modern world.,Xristianlik dunyodagi eng yirik dinlardan biri hisoblanadi.,,
veteran,noun,B2,tajribali mutaxassis faxriy,ветеран,A person who has had long experience in a specific field or activity.,ˈvɛ.tə.ɹən,15284,work,She is a veteran of the advertising industry with twenty years experience.,U yigirma yillik tajribaga ega reklama sohasi faxriysi.,expert professional,novice
negotiations,noun,B2,muzokaralar,переговоры,Formal discussions between people who are trying to reach an agreement.,nɪˌɡoʊʃiˈeɪʃənz,15286,ielts,The peace negotiations lasted for several weeks without a clear result.,Tinchlik muzokaralari aniq bir natijasiz bir necha hafta davom etdi.,discussions talks,
realistic,adjective,B2,haqqoniy real,реалистичный,Accepting things as they are and not expecting impossible goals.,ˌɹɪəˈlɪs.tɪk,15288,describing,We need to set a realistic budget for our upcoming summer holiday.,Yozgi ta'tilimiz uchun real byudjet belgilab olishimiz kerak.,practical sensible,unrealistic
showcase,verb,B2,namoyish etmoq ko'rsatmoq,демонстрировать,To present someone or something in a way that highlights their good qualities.,ˈʃəʊˌkeɪs,15290,work,The event will showcase the talents of many young local artists.,Tadbir ko'plab yosh mahalliy san'atkorlarning iqtidorini namoyish etadi.,display exhibit,
relax,verb,A2,dam olmoq hordiq chiqarmoq,расслабляться,To become calm and stop worrying or working hard.,ɹɪˈlæks,15292,feelings,I usually relax by listening to some quiet music in the evening.,Men odatda kechqurun sokin musiqa eshitib hordiq chiqaraman.,unwind rest,stress
congressional,adjective,C1,kongressga oid parlamentga doir,конгрессионный,Relating to a formal meeting or a legislative body of a country.,kəŋˈɡɹɛ.ʃə.nəl,15294,ielts,The committee is currently reviewing the latest congressional report on healthcare.,Qoʻmita hozirda sogʻliqni saqlash boʻyicha eng soʻnggi parlament hisobotini koʻrib chiqmoqda.,legislative,
synopsis,noun,C1,qisqacha mazmun xulosa,краткое описание,A short summary that gives the main points of a story or report.,sɪˈnɒpsɪs,15296,ielts,Please provide a brief synopsis of your research project by tomorrow morning.,"Iltimos, ertaga tonggacha tadqiqot loyihangizning qisqacha mazmunini taqdim eting.",summary abstract,
hardly,adverb,B1,deyarli zoʻrgʻa,едва,Used to say that something is almost not true or very unlikely.,ˈhɑːdli,15298,describing,I could hardly hear what she was saying because of the noise.,Shovqin tufayli uning nima deyayotganini deyarli eshita olmadim.,scarcely barely,
prairie,noun,B2,tekislik dasht,прерия,A wide area of flat land covered mostly with grass.,ˈpɹɛə.ɹi,15300,nature,The wild horses ran freely across the vast prairie during the summer.,Yovvoyi otlar yoz davomida keng dasht boʻylab erkin yugurishdi.,grassland plain,
reunion,noun,B1,uchrashuv qayta uchrashish,воссоединение,A social event for people who have not seen each other for a long time.,ɹiːˈjuːnjən,15302,people-family,It was great to see everyone at the high school class reunion.,Oʻrta maktabdagi sinfdoshlar uchrashuvida barchani koʻrish juda ajoyib boʻldi.,gathering meeting,
composer,noun,B1,bastakor kompozitor,композитор,A person who writes music.,kəmˈpoʊzəɹ,15304,people-family,Beethoven is a famous composer who wrote many wonderful symphonies.,Betxoven ko'plab ajoyib simfoniyalar yozgan mashhur bastakordir.,songwriter,
bean,noun,A2,loviya,фасоль,A seed or pod from a plant that is eaten as a vegetable.,ˈbi(ː)n,15306,food-drink,My mother often adds green beans to our vegetable soup.,Onam ko'pincha sabzavotli sho'rvamizga yashil loviya qo'shadi.,,
sword,noun,B2,qilich,меч,A long metal weapon with a handle and a sharp blade.,[sɔɹd],15308,actions,The knight drew his sword to protect the king from danger.,Ritsar qirolni xavfdan himoya qilish uchun qilichini qinidan chiqardi.,blade,
absent,adjective,B1,yo'q kelmagan,отсутствующий,Not being in a place where you are expected to be.,ˈæb.sn̩t,15310,school,He was absent from school yesterday because he had a high fever.,U kecha yuqori isitmasi bo'lgani uchun maktabga kelmadi.,missing away,present
photographic,adjective,B2,fotosuratga oid,фотографический,Relating to or used in the process of making photographs.,ˌfəʊtəˈɡɹæfɪk,15312,describing,The museum displays old photographic equipment from the last century.,Muzeyda o'tgan asrga oid eski fotografiya jihozlari namoyish etilgan.,,
coral,noun,B2,marjon,коралл,"A hard, colorful substance found in the ocean, often used as jewelry.",ˈkɒɹəl,15314,nature,Divers love to explore the colorful coral reefs in the ocean.,G'avvoslar okeandagi rang-barang marjon riflarini o'rganishni yaxshi ko'radilar.,,
pixel,noun,B2,piksel nuqta,пиксель,The smallest single point or dot in a digital image.,ˈpɪk.səl,15316,ielts,High-definition screens contain millions of tiny pixels to show clear images.,Yuqori sifatli ekranlar tiniq tasvirni ko'rsatish uchun millionlab mayda piksellardan iborat.,dot,
float,verb,B1,qalqimoq suzmoq,держаться на воде,To stay on the surface of a liquid without sinking.,fləʊt,15318,nature,You can watch the wooden leaves float down the quiet river stream.,Sen daraxt barglarining sokin daryoda qalqib oqayotganini kuzatishing mumkin.,ride,sink
bubble,noun,A2,pufak,пузырь,A small ball of air or gas inside a liquid or solid.,ˈbʌb.l̩,15320,describing,Small soap bubbles floated in the air after the children played outside.,Bolalar tashqarida o'ynaganidan so'ng havoda mayda sovun pufaklari qalqib yurardi.,bull,antibubble
millennium,noun,C1,ming yillik,тысячелетие,A period of time that lasts for one thousand years.,mɪˈlɛnɪəm,15322,time,The celebration marked the end of a long and historic millennium.,Bayram uzoq va tarixiy ming yillikning yakunlanganini nishonladi.,chiliad kiloyear,
tribune,noun,C2,xalq himoyachisi tribuna,трибун,A person who defends the rights and interests of common people.,ˈtɹɪbjuːn,15324,ielts,He acted as a tribune for the workers during the intense strike.,U keskin ish tashlash paytida ishchilarning manfaatlarini himoya qiluvchi shaxs sifatida harakat qildi.,,
vessel,noun,B2,kemalar idish,судно,A large boat or ship designed for travel on the water.,ˈvɛsəl,15326,travel,The large cargo vessel sailed slowly across the deep blue ocean.,Katta yuk kemasi chuqur ko'k okean bo'ylab sekin suzib o'tdi.,ship boat,
cheaper,adjective,A1,arzonroq,дешевле,Costing less money than another thing you are comparing it to.,ˈtʃiː.pə,15328,basics,This blue shirt is much cheaper than the one I saw yesterday.,Bu ko'k ko'ylak kecha men ko'rganimdan ancha arzonroq.,,dearer
admitted,verb,B1,tan olgan iqror bo'lgan,признал,"To agree that something is true, especially when you are unwilling to do so.",ədˈmɪtɪd,15330,actions,He admitted that he had made a mistake during the project meeting.,U loyiha yig'ilishida xato qilganini tan oldi.,confessed accepted,denied
dairy,noun,A2,sut mahsulotlari,молочные продукты,"Foods made from the milk of animals, such as butter, cheese, and yogurt.",ˈdɛə.ɹi,15332,food-drink,The doctor advised me to eat more healthy dairy products every day.,Shifokor menga har kuni sog'lom sut mahsulotlarini ko'proq iste'mol qilishni maslahat berdi.,,
fancy,adjective,B1,hashamatli dabdabali,модный,Expensive or decorative in a way that is meant to impress other people.,ˈfæn.si,15334,describing,We went to a very fancy restaurant for our wedding anniversary dinner.,To'y yilligimiz munosabati bilan juda hashamatli restoranga bordik.,ornate stylish,plain
equality,noun,B2,tenglik,равенство,"The state of having the same rights, status, and opportunities as everyone else.",ɪˈkwɒl.ɪ.ti,15336,ielts,Social equality is important for a fair and peaceful society to exist.,Adolatli va tinch jamiyat mavjud bo'lishi uchun ijtimoiy tenglik muhim ahamiyatga ega.,fairness parity,inequality
tap,noun,A2,jo'mrak kran,кран,A device used to control the flow of water from a pipe.,tæp,15338,home,Please turn off the kitchen tap tightly to save water every day.,Suvni tejash uchun iltimos oshxonadagi jo'mrakni mahkam yopib qo'ying.,faucet,
stickers,noun,A1,stikerlar yopishtirmalar,наклейки,Small pieces of paper with a sticky back for attaching to surfaces as decoration.,ˈstɪkəz,15340,school,The teacher gave the students colorful stickers for their excellent homework performance.,O'qituvchi uyga vazifani a'lo bajargan o'quvchilarga rangli stikerlar berdi.,labels,
fisheries,noun,B2,baliqchilik xo'jaligi,рыбное хозяйство,Areas or businesses that are involved in catching or farming fish.,ˈfɪʃ.ər.iz,15342,nature,The government is trying to protect local fisheries from overfishing.,Hukumat mahalliy baliqchilik xo'jaliklarini ortiqcha ovlashdan himoya qilishga urinmoqda.,fishery,
companion,noun,B1,hamroh sherik,компаньон,A person or animal you spend a lot of time with.,kəmˈpæn.jən,15344,people-family,His dog has been his trusted companion for the last five years.,Iti besh yildan buyon uning sodiq hamrohi bo'lib kelmoqda.,friend partner,
squad,noun,B2,guruh komanda,группа,A small group of people organized for a specific task.,ˈskwɒd,15346,work,He assembled a squad of ten to take on the difficult task.,U murakkab topshiriqni bajarish uchun o'n kishilik guruh tuzdi.,team group,
analyze,verb,B2,tahlil qilmoq,анализировать,To look at something carefully to understand how it works.,ˈæn.ə.laɪz,15348,ielts,Scientists need to analyze the data before drawing any conclusions.,Olimlar xulosa chiqarishdan oldin ma'lumotlarni tahlil qilishlari kerak.,examine study,
scroll,verb,A2,aylantirmoq sahifani surmoq,прокручивать,To move text or images up or down on a computer screen.,skɹəʊl,15350,actions,She kept scrolling until she found the desired paragraph.,U kerakli xatboshini topmaguncha ekranni aylantirishda davom etdi.,,
relate,verb,B2,aloqador bog'liq,относящийся,To show or have a connection between two or more things.,ɹɪˈleɪt,15352,ielts,The patterns on the screen relate to the volume of the music.,Ekrandagi tasvirlar musiqa balandligiga bog'liq.,ally refer,
additionally,adverb,B2,bundan tashqari qo'shimchasiga,дополнительно,Used to add more information to what has already been said.,əˈdɪʃənəli,15354,ielts,"Additionally, the company decided to hire five new office workers.",Bundan tashqari kompaniya beshta yangi xodim yollashga qaror qildi.,also furthermore,
suffer,verb,B1,azoblanmoq qiynalmoq,страдать,"To experience something painful, difficult, or unpleasant.",ˈsʌfə,15356,feelings,Many people suffer from headaches when they work too long.,Ko'p odamlar uzoq ishlaganda bosh og'rig'idan qiynalishadi.,bear,
fellowship,noun,C1,tovarishlik do'stlik,товарищество,A friendly feeling that exists between people who share a common purpose.,ˈfɛləʃɪp,15358,people-family,The club members enjoyed a sense of fellowship during their meetings.,Klub a'zolari uchrashuvlarda o'zaro do'stlik tuyg'usini his qilishdi.,,
nano,adjective,C1,juda kichik nano,нано,Relating to extremely small objects or pieces of technology.,ˈnænəʊ,15360,ielts,Scientists are developing nano robots to help repair damaged human cells.,Olimlar zararlangan hujayralarni tiklash uchun nano robotlar ustida ishlamoqda.,,
invalid,adjective,B2,haqiqiy emas yaroqsiz,недействительный,Not legally or factually correct and therefore not acceptable.,ɪnˈvæl.ɪd,15362,ielts,The travel document was invalid because it had already expired.,Sayohat hujjati yaroqsiz edi chunki uning muddati o'tib bo'lgan.,disallowed,valid
martial,adjective,C2,harbiy jangovar,боевой,"Relating to soldiers, fighting, or war.",ˈmɑːʃəl,15364,ielts,He studied martial arts for many years to learn self-defense.,U o'zini himoya qilishni o'rganish uchun ko'p yillar jang san'ati bilan shug'ullandi.,soldierlike,
tunnel,noun,B1,tunnel yo'lak,туннель,A long passage built underground or through a mountain for traffic.,ˈtʌn(ə)l,15366,travel,The train passed quickly through the dark tunnel under the mountain.,Poyezd tog' ostidagi qorong'u tunneldan tezda o'tib ketdi.,passage,
cambodia,noun,B2,Kambodja,Камбоджа,"A country located in Southeast Asia, known for the ancient Angkor Wat temple.",kamˈbəʊdiə,15368,places,Many tourists visit Cambodia every year to see the historical temples.,Ko'plab sayyohlar har yili tarixiy ibodatxonalarni ko'rish uchun Kambodjaga borishadi.,,
chaos,noun,C1,tartibsizlik pala-partishlik,хаос,A situation where everything is confused and in a total mess.,ˈkeɪɒs,15370,ielts,"After the earthquake, the city center was in complete and utter chaos.",Zilziladan so'ng shahar markazida mutlaq tartibsizlik hukm surdi.,disorder,order
lithuania,noun,B2,Litva,Литва,"A country in Northern Europe, the largest of the three Baltic states.",ˌlɪθjuˈeɪniə,15372,places,"The capital city of Lithuania is Vilnius, which has a beautiful old town.",Litvaning poytaxti — go'zal eski shaharga ega Vilnyus shahri.,,
mastercard,noun,B1,masterkard,Mastercard,A large international company that provides credit and debit card payment services.,ˈmɑːstəkɑːd,15374,work,You can pay for your flight online using your Visa or Mastercard.,Aviachipta uchun Visa yoki Mastercard kartangiz orqali onlayn to'lashingiz mumkin.,,
wheat,noun,A2,bug'doy,пшеница,"A cereal grain used to make flour for bread, pasta, and pastries.",ˈwiːt,15376,food-drink,Farmers usually harvest the wheat during the hot summer months.,Dehqonlar odatda bug'doyni issiq yoz oylarida o'rib olishadi.,,
chronicles,noun,C1,solnomalar yilnomalar,хроники,Books or records that tell the history of events in the order they happened.,ˈkɹɑnɪkl̩z,15378,ielts,The ancient chronicles describe the lives of kings from many centuries ago.,Qadimgi yilnomalarda ko'p asrlar oldingi shohlarning hayoti tasvirlangan.,records,
beaver,noun,B1,qunduz,бобр,A furry animal with a flat tail that builds dams in rivers.,ˈbiːvə,15380,animals,The industrious beaver uses branches to build a strong dam in the river.,Mehnatsevar qunduz daryoda mustahkam to'g'on qurish uchun shoxlardan foydalanadi.,,
readings,noun,B1,ko'rsatkichlar o'qilganlar,показания,The numbers or amounts shown on a device or measuring instrument.,ˈriːdɪŋz,15382,work,The current thermometer readings indicate that the room is getting quite warm.,Termometr ko'rsatkichlari xona ancha isib borayotganini ko'rsatmoqda.,data statistics,
decorative,adjective,B2,bezakli bezatish uchun,декоративный,Made to look beautiful rather than for practical use.,ˈdɛk.ə.ɹə.tɪv,15384,home,She placed some decorative pillows on the sofa to brighten the room.,U xonani yoritish uchun divanga bezakli yostiqchalar qo'ydi.,ornamental fancy,functional
compiler,noun,C1,kompilyator dasturlash vositasi,компилятор,A computer program that translates written code into a language the machine understands.,kəmˈpaɪlə,15386,work,The developer used a new compiler to improve the software's overall performance.,Dasturchi dasturiy ta'minot ishini yaxshilash uchun yangi kompilyatordan foydalandi.,interpreter,
enlargement,noun,B2,kengaytirish kattalashtirish,увеличение,The process of making something bigger in size or scale.,ɪnˈlɑːd͡ʒ.mənt,15388,ielts,The plans for the park include an enlargement of the playground area.,Bog'ni loyihalash rejalariga o'yin maydonchasini kengaytirish ham kiradi.,expansion growth,reduction
accused,noun,B2,ayblanuvchi sudlanuvchi,обвиняемый,A person who is officially charged with committing a crime.,əˈkjuzd,15390,ielts,The accused was brought into the courtroom to hear the final verdict.,Ayblanuvchini yakuniy hukmni eshitish uchun sud zaliga olib kirishdi.,defendant prisoner,accuser
bee,noun,A1,asalari,пчела,A flying insect that makes honey and can sting.,ˈbiː,15392,nature,A busy bee was collecting pollen from the flowers in the garden.,Mehnatkash asalari bog'dagi gullardan gulchangi yig'ayotgan edi.,,
unity,noun,B2,birlik yakdillik,единство,"The state of being joined together as a single, undivided whole.",ˈjuːnɪti,15394,ielts,The national unity of the country is based on shared cultural values.,Mamlakatning milliy birligi umumiy madaniy qadriyatlarga asoslanadi.,union oneness,disunity
loud,adjective,A1,baland shovqinli,громкий,Making a strong sound that is easily heard.,ˈlaʊ̯d,15396,describing,Please turn the music down because it is too loud here.,"Iltimos, musiqani pasaytiring, chunki bu yerda juda shovqin bo'lyapti.",noisy,quiet
conjunction,noun,B2,bog'lovchi,союз,"A word used to connect words, phrases, or clauses in a sentence.",kənˈd͡ʒʌŋk.ʃn̩,15398,school,"The words and, but, and or are common conjunctions in English.","Ingliz tilida 'and', 'but' va 'or' so'zlari eng ko'p ishlatiladigan bog'lovchilardir.",connection,
bride,noun,A2,kelin,невеста,A woman on her wedding day or just after she is married.,bɹaɪd,15400,people-family,The bride looked beautiful in her white wedding dress today.,Kelin bugun oq to'y libosida juda go'zal ko'rindi.,,
begun,verb,A2,boshlangan,начатый,The past participle form of the verb begin.,bɪˈɡʌn,15402,actions,They have already begun their work on the new office project.,Ular yangi ofis loyihasi ustidagi ishni allaqachon boshlashgan.,started,ended
brunette,noun,B1,sochlari jigarrang ayol,шатенка,A woman or girl who has brown hair.,bɹuˈnɛt,15404,people-family,She is a tall brunette who works at the local library.,"U mahalliy kutubxonada ishlaydigan bo'yi baland, jigarrang sochli ayoldir.",brune,
anchor,noun,B2,langar,якорь,A heavy metal object used to hold a boat in one place.,ˈæŋ.kəː,15406,travel,The captain decided to drop the anchor near the small island.,Kapitan kichik orol yaqinida langar tashlashga qaror qildi.,,
validation,noun,C1,tasdiqlash maʼqullash,подтверждение,"The act of showing that something is true, correct, or officially accepted.",ˌvæl.əˈdeɪ.ʃən,15408,ielts,She felt that she needed more validation from her supportive team members.,U o'z jamoasidan ko'proq ma'qullash olishni his etdi.,confirmation proof,refutation
parade,noun,B1,parad yurish,парад,"A public celebration where many people move through the streets, often with music.",pəˈɹeɪd,15410,places,Thousands of people gathered in the city center for the annual parade.,Har yili o'tkaziladigan paradni tomosha qilish uchun shahar markaziga minglab odamlar yig'ildi.,procession march,
corruption,noun,B2,korrupsiya poraxo'rlik,коррупция,"Dishonest or illegal behavior, especially by people who have authority or power.",kəˈɹʌpʃən,15412,ielts,The government is working hard to eliminate corruption in all public departments.,Hukumat barcha davlat idoralarida korrupsiyani yo'q qilish ustida qattiq ishlamoqda.,bribery dishonesty,honesty
stat,adverb,C1,zudlik bilan darhol,немедленно,"Done immediately, without any delay at all.",stæt,15414,body-health,The doctor ordered the laboratory to run the patient's blood test stat.,Shifokor laboratoriyaga bemorning qon tahlilini zudlik bilan o'tkazishni buyurdi.,immediately instantly,
cholesterol,noun,B2,xolesterin,холестерин,A fatty substance found in the body that can cause heart disease.,kəˈlɛstəɹɒl,15416,body-health,Eating a healthy diet helps to keep your cholesterol at low levels.,Sog'lom ovqatlanish xolesterin darajasini past saqlashga yordam beradi.,,
gathered,verb,B1,to'plangan yig'ilgan,собранный,Came together in one place to form a group or collect items.,ˈɡæðəd,15418,actions,The students gathered around the teacher to hear about the new project.,O'quvchilar yangi loyiha haqida eshitish uchun o'qituvchi atrofida to'planishdi.,collected assembled,dispersed
differential,noun,C1,farq tafovut,разница,A specific difference in amount or value between two things that are compared.,[dɪfəˈɹənʃəɫ],15420,ielts,The wage differential between the two groups of workers is quite significant.,Bu ikki ishchi guruhi o'rtasidagi ish haqi farqi anchagina katta.,gap discrepancy,similarity
pendant,noun,B1,kulon taqinchoq,кулон,A piece of jewellery that hangs on a chain worn around the neck.,ˈpɛnd(ə)nt,15422,clothes,She wore a gold pendant that had belonged to her grandmother.,U buvisidan qolgan tilla kulonni taqib yurardi.,necklace locket,
scientist,noun,A2,olim tadqiqotchi,учёный,A person who studies or works in science using research and experiments.,ˈsaɪ.ən.tɪst,15424,work,The scientist spent years researching the effects of climate change on oceans.,Olim iqlim o'zgarishining okeanlarga ta'sirini o'rganishga ko'p yillar sarfladi.,researcher expert,
arthritis,noun,B2,artrit bo'g'im yallig'lanishi,артрит,"A medical condition that causes pain, swelling, and stiffness in the body's joints.",ɑːˈθɹ(a)ɪtɪs,15426,body-health,My grandfather suffers from severe arthritis in his hands and knees.,Bobomning qo'l va tizzalarida qattiq artrit bor.,inflammation rheumatism,
nevertheless,adverb,B2,shunga qaramay baribir,тем не менее,In spite of what has just been mentioned.,ˌnɛvəðəˈlɛs,15428,ielts,"The weather was cold; nevertheless, we decided to go for a walk.","Ob-havo sovuq edi, shunga qaramay sayrga chiqishga qaror qildik.",nonetheless however,
taxation,noun,C1,soliqqa tortish,налогообложение,The system of requiring people or companies to pay money to the government.,tækˈseɪ.ʃən,15430,ielts,The government is planning to reform the current system of business taxation.,Hukumat amaldagi biznes soliq tizimini isloh qilishni rejalashtirmoqda.,,
cuisine,noun,B2,taomlar uslubi oshxona,кухня,"A particular style of cooking, usually associated with a specific country or region.",kwɪˈziːn,15432,food-drink,The restaurant is well known for its authentic traditional Uzbek cuisine.,Bu restoran o‘zining haqiqiy milliy o‘zbek taomlari bilan mashhur.,cooking style,
surely,adverb,B1,shubhasiz albatta,несомненно,Used to express that you are very confident about what you are saying.,ˈʃɔːli,15434,describing,Surely there must be a better way to solve this difficult problem.,Bu qiyin muammoni hal qilishning shubhasiz yaxshiroq yo‘li bordir.,certainly definitely,
transcript,noun,B2,stenogramma yozma nusxa,стенограмма,A written copy of words that were originally spoken out loud.,ˈtɹæn.skɹɪpt,15436,school,The journalist published a full transcript of the interview on the website.,Jurnalist intervyuning to‘liq matnini veb-saytda e’lon qildi.,record copy,
theorem,noun,C2,teorema,теорема,A mathematical statement that has been proven to be true using logic and rules.,ˈθiː.ə.ɹəm,15438,ielts,The student spent all afternoon trying to prove the complex geometric theorem.,O‘quvchi butun tushdan keyin murakkab geometrik teoremani isbotlashga harakat qildi.,proposition,
pray,verb,B1,ibodat qilmoq,молиться,To speak to God to show respect or to ask for help.,pɹeɪ,15440,actions,"Every morning, the family gathers together to pray for peace and health.",Har kuni ertalab oila tinchlik va sog‘lik so‘rab duo qilish uchun yig‘iladi.,,
stylus,noun,C1,stilus planshet qalami,стилус,"A small, pen-shaped tool used for writing or drawing on touch screens.",ˈstaɪ.ləs,15442,school,I use a stylus to take notes and draw pictures on my tablet.,Men planshetimda eslatmalar yozish va rasm chizish uchun stilusdan foydalanaman.,needle,
pope,noun,B2,papa rim papasi,папа римский,"The leader of the Roman Catholic Church, who lives in Vatican City.",pəʊp,15444,people-family,The Pope addressed thousands of people gathered at St. Peter's Square today.,Bugun Rim papasi Avliyo Pyotr maydonida to‘plangan minglab odamlar oldida nutq so‘zladi.,,
reasonably,adverb,B2,maqbul tarzda o‘rtacha,разумно,"To a fair or satisfactory degree, but not extremely.",ˈɹiː.zən.ə.bli,15446,describing,The hotel was reasonably priced and located near the city centre.,Mehmonxona narxi maqbul edi va u shahar markaziga yaqin joylashgan edi.,fairly,
jeep,noun,B1,yo'ltanlamas avtomobil,джип,A strong car made for driving on difficult ground like mud or sand.,d͡ʒiːp,15448,travel,They drove their jeep across the mountains to reach the remote village.,Ular tog'li qishloqqa yetib borish uchun tog'lardan yo'ltanlamas avtomobilida o'tishdi.,suv off-roader,
bare,adjective,B2,yalang'och ochiq,голый,Not covered by any clothing or things; empty.,bɛə,15450,describing,The trees were bare because it was the middle of winter.,Qish o'rtasi bo'lgani uchun daraxtlar yalang'och edi.,naked exposed,covered
hung,verb,A2,osilgan ilingan,повешенный,The past form of hang; held from above so the bottom does not touch ground.,ˈhʌŋ,15452,actions,She hung her wet coat on the hook by the front door.,U ho'l paltosini kirish eshigi yonidagi ilmoqqa ilib qo'ydi.,suspended fixed,
cattle,noun,B1,chorva mollar,скот,"Large farm animals kept for their milk or meat, such as cows and bulls.",ˈkætəl,15454,animals,The farmer takes his cattle to the field early every morning.,Fermer har kuni erta tongda chorva mollarini dalaga haydaydi.,livestock cows,
rover,noun,B2,sayohatchi darbadar,бродяга,A person who likes to travel or move around to many different places.,ˈɹəʊvə,15456,people-family,"He has been a constant rover, visiting almost every country in the world.",U dunyodagi deyarli barcha mamlakatlarni kezib chiqqan haqiqiy sayohatchi.,wanderer nomad,
controlling,adjective,B2,hukmron o'z bilganicha ish qiladigan,властный,Wanting to have power over other people and tell them what to do.,kənˈtɹoʊlɪŋ,15458,ielts,It is difficult to work with a boss who is very controlling.,O'z bilganicha ish qiladigan rahbar bilan ishlash juda qiyin.,bossy domineering,submissive
treasure,verb,B2,qadrlamoq ardoqlamoq,дорожить,To consider someone or something to be very precious and valuable.,ˈtɹɛʒə,15460,feelings,"Oh, this ring is beautiful! I will treasure it forever.",Bu uzuk juda chiroyli! Men uni umrbod qadrlayman.,cherish prize,despise
reload,verb,B2,qayta yuklamoq,перезаряжать,"To put a new supply of something, like bullets or data, into a machine.",ɹiːˈləʊd,15462,actions,He had to reload his weapon before he could continue the practice.,Mashg'ulotni davom ettirish uchun u qurolini qayta o'qlashi kerak edi.,,
flame,noun,B1,olov alang,пламя,"The hot, bright, moving light that is produced by something that is burning.",fleɪm,15464,nature,The candle began to flicker as a small flame danced on top.,Sham ustida kichik olov raqsga tushgandek miltillay boshladi.,fire blaze,
monetary,adjective,C1,pul moliyaviy,денежный,Relating to the money used in a country or to the economy.,ˈmʌnɪtəɹi,15466,ielts,The country is facing serious monetary issues due to the high inflation.,Mamlakat yuqori inflyatsiya tufayli jiddiy moliyaviy muammolarga duch kelmoqda.,financial fiscal,
elderly,adjective,B1,keksa yoshi o'tgan,пожилой,Used as a polite way to describe a person who is old.,ˈɛldɚli,15468,people-family,We should always show respect to the elderly in our community.,Biz har doim jamiyatimizdagi keksalarimizga hurmat ko'rsatishimiz kerak.,aged senior,young
pit,noun,B2,chuqur o'ra,яма,"A deep hole in the ground, often made by digging.",pɪt,15470,places,The workmen dug a large pit to install the new water pipes.,Ishchilar yangi suv quvurlarini o'rnatish uchun katta chuqur qazishdi.,hole trench,
extraordinary,adjective,B2,favqulodda g'ayrioddiy,необычайный,"Very unusual, special, or much better than what is normal.",ɪksˈtɹɔːrdɪn(ə)ɹi,15472,ielts,The team achieved an extraordinary result in the final football match.,Jamoa final o'yinida favqulodda yaxshi natijaga erishdi.,exceptional remarkable,ordinary
tile,noun,B1,kafel plitka,плитка,"A thin, flat piece of baked clay used for covering floors or walls.",taɪl,15474,home,We chose a white marble tile for the new kitchen wall.,Oshxonaning yangi devori uchun oq marmar kafel tanladik.,,
spell,verb,A1,harflab yozmoq,писать по буквам,To say or write the letters of a word in the correct order.,spɛl,15476,school,"Can you spell your name for me, please?",Ismingizni harflab aytib bera olasizmi?,,
hottest,adjective,A1,eng issiq,самый жаркий,Having the highest temperature; the most extreme form of hot.,ˈhɒtɪst,15478,nature,August is usually the hottest month of the year here.,Avgust bu yerda odatda yilning eng issiq oyi hisoblanadi.,,coldest
coordinate,noun,B2,koordinata,координата,A number that shows the exact position of a point on a map.,kəʊˈɔː.dɪ.nɪt,15480,ielts,Please enter the map coordinates into the GPS device.,"Iltimos, xarita koordinatalarini GPS qurilmasiga kiriting.",,
exclusively,adverb,B2,faqat butkul,исключительно,Only for one specific purpose or group and no one else.,ɪkˈskluːsɪvli,15482,ielts,These new shoes are made exclusively out of high quality leather.,Bu yangi poyabzallar faqat sifatli teridan tayyorlangan.,solely entirely,partially
limitation,noun,B2,cheklash cheklov,ограничение,A rule or factor that makes something or someone unable to do more.,lɪmɪˈteɪʃən,15484,ielts,He understood the material but his fear was a limitation to success.,U mavzuni tushunardi lekin qo'rquvi muvaffaqiyatga erishishiga to'sqinlik qildi.,restriction barrier,freedom
widescreen,adjective,B1,keng ekranli,широкоэкранный,Having a shape that is much wider than it is tall.,ˈwaɪdˌskɹin,15486,home,We bought a new widescreen television to watch movies every weekend.,Har dam olish kuni kino ko'rish uchun yangi keng ekranli televizor sotib oldik.,,
struck,verb,B2,urilgan zarba berilgan,ударенный,Past tense of hit; to touch something with force.,stɹʌk,15488,actions,The clock struck twelve just as we arrived at the station.,Biz bekatga yetib kelganimizda soat o'n ikkini chaldi.,hit beaten,
illustration,noun,B2,tasvir misol,иллюстрация,A drawing or picture that shows something or makes it easier to understand.,ˌɪl.əˈstɹeɪ.ʃən,15490,ielts,The textbook contains a beautiful illustration for every single new lesson.,Darslikdagi har bir yangi mavzu uchun chiroyli tasvir berilgan.,picture drawing,
warnings,noun,A2,ogohlantirishlar,предупреждения,Statements that tell you about a possible danger or problem.,ˈwɔːnɪŋz,15492,actions,We received many warnings about the coming storm on the radio.,Radioda yaqinlashib kelayotgan bo'ron haqida ko'plab ogohlantirishlar oldik.,alerts cautions,
construct,verb,B2,qurmoq bunyod etmoq,строить,"To build something, especially a building, structure, or machine.",ˈkɒn.stɹʌkt,15494,work,The company plans to construct a new bridge over the river.,Kompaniya daryo ustiga yangi ko'prik qurishni rejalashtirmoqda.,build assemble,destroy
inquiries,noun,B2,so'rovlar surishtiruvlar,запросы,Questions that you ask to get information about something.,ɪnˈkwaɪəɹiz,15496,work,We have received many inquiries about the new products this week.,Bu hafta yangi mahsulotlar haqida ko'plab so'rovlar oldik.,queries questions,
bridal,adjective,B2,kelinga oid to'y,свадебный,Related to a bride or a wedding ceremony.,ˈbraɪ.dl̩,15498,people-family,She went shopping to find the perfect bridal dress for her wedding.,U to'yi uchun mukammal kelinlik ko'ylagini izlab do'konlarga bordi.,nuptial wedding,
annex,verb,C2,qo'shib olmoq,аннексировать,To take control of a country or region and add it to your own.,ˈænɛks,15500,ielts,History shows that empires often tried to annex neighboring territories by force.,"Tarix shuni ko'rsatadiki, imperiyalar ko'pincha qo'shni hududlarni kuch bilan qo'shib olishga harakat qilgan.",seize incorporate,
mag,noun,B1,jurnal,журнал,"A thin book with stories, news, and pictures, usually published every week or month.",ˈmæɡ,15502,school,I read an interesting article about travel in my favorite mag today.,Bugun sevimli jurnalimda sayohat haqida qiziqarli maqola o'qidim.,magazine periodical,
inspiration,noun,B2,ilhom,вдохновение,A sudden feeling of enthusiasm or a new idea that helps you create something.,ˌɪn.spɪˈɹeɪ.ʃən,15506,ielts,The natural beauty of the mountains provided inspiration for his new painting.,Tog'larning tabiat go'zalligi unga yangi asari uchun ilhom bag'ishladi.,creativity motivation,
tribal,adjective,B2,qabila qabilaviy,племенной,"Relating to a group of people who share the same culture, language, and ancestors.",ˈtɹaɪbəl,15508,ielts,The village still follows traditional tribal laws passed down through many generations.,Qishloqda hali ham avloddan avlodga o‘tib kelayotgan an’anaviy qabilaviy qonunlarga amal qilinadi.,ethnic,
freight,noun,B2,yuk tashish,груз,"Large quantities of goods being transported by ship, train, or aircraft.",fɹeɪt,15510,travel,The freight shifted during the journey and the trailer turned over.,Yo‘l davomida yuk siljib ketdi va tirkama ag‘darilib tushdi.,cargo shipment,
rebate,noun,C1,chegirma pul qaytarish,возврат части платежа,An amount of money that is returned to you after you have paid for something.,ˈɹiːbeɪt,15512,work,You may be eligible for a tax rebate if you overpaid last year.,"Agar o‘tgan yili ortiqcha soliq to‘lagan bo‘lsangiz, soliqdan pul qaytarib olish huquqiga egasiz.",discount refund,
meetup,noun,B1,uchrashuv,встреча,An informal meeting where people come together to share interests or discuss topics.,ˈmitˌʌp,15514,places,We organized a meetup in the local library to discuss our new project.,Yangi loyihamizni muhokama qilish uchun mahalliy kutubxonada uchrashuv tashkil qildik.,gathering,
shuttle,noun,B1,qatnov transporti,челночный транспорт,A vehicle that travels regularly back and forth between two specific places.,ˈʃʌtəl,15516,travel,The shuttle bus runs to the airport every thirty minutes from here.,Qatnov avtobusi bu yerdan har o‘ttiz daqiqada aeroportga qatnaydi.,transfer,
aggregate,noun,C1,jami umumiy,совокупность,A total number or amount made by adding together several smaller parts.,ˈæɡ.ɹɪ.ɡət,15518,ielts,The aggregate of these small errors led to a major system failure.,Ushbu kichik xatolarning umumiy yig'indisi tizimning jiddiy ishdan chiqishiga olib keldi.,total sum,
stunning,adjective,B1,ajoyib aqlbovar-qilmas,поразительный,Extremely beautiful or very impressive.,ˈstʌn.ɪŋ,15520,describing,She looked absolutely stunning in that long blue evening dress.,U uzun ko'k kechki libosida juda ajoyib ko'rinardi.,beautiful amazing,ugly
actively,adverb,B1,faol tarzda,активно,In a way that involves doing a lot of work or participating often.,ˈæktɪvli,15522,actions,They are actively looking for a new house in the city center.,Ular shahar markazidan faol tarzda yangi uy izlashmoqda.,energetically busily,passively
ciao,interjection,A2,salom xayr,"привет, пока",An informal way to say hello or goodbye.,t͡ʃaʊ,15524,basics,He waved and shouted ciao before jumping onto the train.,U poyezdga chiqishdan oldin qo'l siltab xayr deb baqirdi.,hello goodbye,
knee,noun,A2,tizza,колено,The joint that connects the top and bottom parts of your leg.,niː,15526,body-health,I fell down yesterday and hurt my left knee quite badly.,"Kecha yiqilib tushib, chap tizzamni qattiq jarohatladim.",,
prep,verb,B2,tayyorlamoq,подготавливать,To get something or someone ready for a specific event or task.,pɹɛp,15528,actions,We need to prep the room before the guests arrive this evening.,Mehmonlar kechqurun kelguncha xonani tayyorlab qo'yishimiz kerak.,prepare arrange,
complicated,adjective,B1,murakkab chigal,сложный,Having many different parts and therefore difficult to understand or deal with.,ˈkɒm.plɪ.keɪ.tɪd,15530,describing,The instructions for this new machine are very complicated to follow.,Ushbu yangi qurilmaning yo'riqnomalariga amal qilish juda murakkab.,complex difficult,simple
butler,noun,C1,dvorik xizmatkor,дворецкий,The main male servant in a large house who manages other staff.,ˈbʌt.lə(ɹ),15532,home,The butler served dinner to the guests in the grand dining room.,Dvoretskiy mehmonlarga katta zalda kechki ovqat tortdi.,servant,
payroll,noun,B2,ish haqi fondi xodimlar ro'yxati,платёжная ведомость,A list of employees and the amount of money each person should be paid.,ˈpeɪˌɹəʊl,15534,work,The company has over five hundred employees on its monthly payroll.,Kompaniya oylik maosh to'lanadigan besh yuzdan ortiq xodimga ega.,wages salary,
cookbook,noun,A2,pazandalik kitobi retseptlar to'plami,кулинарная книга,A book that contains instructions and recipes for preparing different kinds of food.,ˈkʊkˌbʊk,15536,food-drink,I found a delicious cake recipe in my grandmother's old cookbook.,Buvimning eski pazandalik kitobidan mazali tort retseptini topib oldim.,recipebook,
courier,noun,B1,kuryer yetkazib beruvchi,курьер,A person or company whose job is to take packages or messages somewhere.,ˈkʊ.ɹi.ə,15540,work,I sent the important documents to the office using a private courier.,Men muhim hujjatlarni ofisga xususiy kuryer orqali yubordim.,messenger,
hints,noun,B1,ishoralar maslahatlar,намеки,Small pieces of information that suggest something or help you understand a situation.,hɪnts,15542,actions,She gave me a few hints about what to buy for him.,U menga unga nima sovg'a qilishim kerakligi haqida bir nechta ishora berdi.,clues tips,
unlikely,adjective,B2,ehtimoli kam ishonarsiz,маловероятный,Not expected to happen and probably not true.,ʌnˈlaɪkli,15544,ielts,It is highly unlikely that the team will win the match today.,Jamoaning bugungi o'yinda g'alaba qozonishi ehtimoldan yiroq.,improbable doubtful,likely
techno,noun,B2,texno musiqasi,техно,A type of fast electronic dance music with a strong and steady beat.,ˈtɛknoʊ,15546,ielts,They danced all night to the loud techno music at the club.,Ular klubda tun bo'yi baland texno musiqasiga raqs tushishdi.,electronic dance,
beverage,noun,B2,ichimlik,напиток,"Any type of liquid that you can drink, usually other than water.",ˈbɛv.ə.ɹɪd͡ʒ,15548,food-drink,A wide selection of hot and cold beverages is served at breakfast.,Nonushtada turli xil issiq va sovuq ichimliklar tortiladi.,drink,
tribute,noun,C1,hurmat izhori ehtirom,дань уважения,"Something that you say, do, or give to show respect or admiration for someone.",ˈtɹɪbjuːt,15550,ielts,The concert was held as a tribute to the famous late singer.,Konsert marhum mashhur xonandaga ehtirom sifatida o'tkazildi.,homage honor,
forestry,noun,C1,o'rmonchilik o'rmon xo'jaligi,лесоводство,"The science and practice of planting, managing, and caring for forests and trees.",ˈfɒɹ.ɪst.ɹi,15552,nature,Modern forestry aims to protect natural resources while harvesting wood for profit.,Zamonaviy o'rmonchilik tabiatni asrash va yog'ochdan foydalanishni muvozanatda saqlashga qaratilgan.,silviculture,
rarely,adverb,A2,kamdan-kam gohida,редко,Not happening often; very seldom.,ˈɹɛːli,15556,time,We rarely go to the cinema because we prefer watching movies at home.,"Biz kinoteatrga kamdan-kam boramiz, chunki uyda kino ko'rishni afzal ko'ramiz.",seldom,frequently
genesis,noun,C2,kelib chiqish boshlanish,происхождение,The origin or beginning of something.,ˈd͡ʒɛn.ə.sɪs,15558,ielts,Many historians research the genesis of the industrial revolution in Britain.,Ko'plab tarixchilar Britaniyada sanoat inqilobining boshlanishini o'rganishadi.,origin beginning,end
incorrect,adjective,A2,noto'g'ri xato,неправильный,Not true or containing mistakes.,ˌɪn.kəˈɹɛkt,15560,describing,He gave an incorrect answer to a simple question during the lesson.,U dars paytida oddiy savolga noto'g'ri javob berdi.,wrong erroneous,correct
furnishings,noun,B1,jihozlar jihozlash,меблировка,"Items like furniture, curtains, and carpets used to decorate a room.",ˈfɜː.nɪ.ʃɪŋz,15562,home,They spent a lot of money on new furnishings for their house.,Uylarini yangi jihozlar bilan to'ldirish uchun ko'p pul sarflashdi.,furniture decor,
letting,noun,B2,ijara ijaraga berish,сдача внаем,The act of allowing someone to use a property in exchange for money.,ˈlɛtɪŋ,15564,home,The agency specializes in the letting of luxury apartments in the city.,Agentlik shahardagi hashamatli kvartiralarni ijaraga berish bilan shug'ullanadi.,tenancy renting,
thereby,adverb,C1,shu tariqa,тем самым,In a way that is a direct result of the action mentioned.,ðɛɹˈbaɪ,15566,ielts,"He saved money, thereby allowing himself to travel around the world.",U pul tejab qoldi va shu sababli dunyo bo'ylab sayohat qila oldi.,consequently accordingly,
perception,noun,C1,idrok tushuncha,восприятие,The way you think about or understand a situation or person.,pəˈsɛpʃn̩,15568,ielts,The public perception of the government has changed during the last year.,O‘tgan bir yil ichida hukumatga nisbatan jamoatchilik fikri o‘zgardi.,awareness insight,
humidity,noun,B2,namlik,влажность,The amount of water vapor that is present in the air.,hjuːˈmɪd.ə.ti,15570,nature,The high humidity made the air feel sticky and very hot.,Havodagi yuqori namlik tufayli havo yopishqoq va juda issiq tuyuldi.,dampness,
renaissance,noun,C2,uyg‘onish qayta tiklanish,возрождение,A new period of growth or activity for something that was not popular.,ɹəˈneɪs(ə)ns,15572,ielts,There has been a renaissance in the popularity of traditional folk music.,An’anaviy xalq musiqasining ommaviyligi qayta tiklanmoqda.,revival rebirth,
pathology,noun,C2,patologiya kasallik,патология,A physical or mental condition that is not normal or healthy.,pəˈθɒləd͡ʒi,15574,body-health,Doctors are trying to determine if there is a specific physical pathology.,Shifokorlar aniq bir jismoniy xastalik bor yoki yo‘qligini aniqlashga urinishmoqda.,abnormality illness,
bra,noun,B1,byustgalter lif,бюстгальтер,A piece of women's underwear worn to support the breasts.,bɹɑː,15576,clothes,She went to the store to buy a new sports bra.,U yangi sport byustgalteri sotib olish uchun do‘konga bordi.,,
ordinance,noun,C1,farmoyish qaror,постановление,A law or rule that is made by a local government.,ˈɔːdɪnəns,15578,ielts,The city council passed an ordinance to limit noise in the park.,Shahar kengashi bog‘da shovqinni cheklash haqida qaror qabul qildi.,bylaw,
chess,noun,B1,shaxmat,шахматы,A strategic board game for two players using pieces to checkmate the opponent's king.,t͡ʃɛs,15580,actions,My grandfather taught me how to play chess when I was young.,Yoshligimda bobom menga shaxmat o'ynashni o'rgatgan.,boardgame,
oscar,noun,B2,oskar balig'i,астронотус,A popular South American freshwater fish often kept in home aquariums.,ˈɒs.kə,15582,animals,The oscar is an interesting fish that requires a very large tank.,"Oskar juda qiziqarli baliq bo'lib, unga katta akvarium kerak bo'ladi.",cichlid,
possibilities,noun,B2,imkoniyatlar,возможности,The chances that something may happen or exist.,ˌpɒsɪˈbɪlitiz,15584,ielts,We should consider all the possibilities before making a final decision.,Yakuniy qaror qabul qilishdan oldin barcha imkoniyatlarni ko'rib chiqishimiz kerak.,opportunities options,impossibility
canal,noun,B2,kanal,канал,"A long, narrow man-made waterway used for boats or moving water to farms.",kəˈnɛl,15586,places,"The small boat traveled slowly down the quiet, man-made canal.",Kichik qayiq sokin sun'iy kanal bo'ylab sekin suzib o'tdi.,waterway channel,
amino,adjective,C1,amin,амино-,Relating to a chemical group that contains nitrogen and hydrogen.,əˈmiːnəʊ,15588,ielts,Amino acids are essential building blocks for protein in the human body.,Aminokislotalar inson tanasidagi oqsil uchun muhim qurilish materialidir.,,
herbs,noun,B1,ko'katlar giyohlar,травы,Plants used in cooking to give flavor or in medicine to treat illnesses.,hɜːbz,15590,food-drink,Add some fresh herbs to the soup for a better flavor.,Sho'rvaga mazzali bo'lishi uchun ozgina yangi ko'katlar qo'shib yuboring.,spices greenery,
analytical,adjective,C1,tahliliy,аналитический,Using logical methods to examine something carefully and understand how it works.,ˌæn.əˈlɪt.ɪ.kəl,15592,ielts,He has an analytical mind and solves complex problems very quickly.,U tahliliy fikrlash qobiliyatiga ega va murakkab masalalarni juda tez yechadi.,logical systematic,emotional
lying,verb,A2,yolg'on gapirish,лгущий,Saying things that are not true on purpose to deceive someone.,ˈlaɪ.ɪŋ,15594,actions,She realized that her brother was lying about where he had been.,U akasi qayerda bo'lgani haqida yolg'on gapirayotganini tushunib yetdi.,dishonesty deceit,truth
strict,adjective,B1,qat'iy talabchan,строгий,Demanding that rules are obeyed and people behave in a certain way.,stɹɪkt,15596,describing,Our teacher is very strict about arriving at class on time.,O'qituvchimiz darsga o'z vaqtida kelish masalasida juda talabchan.,firm severe,lenient
dive,verb,B1,suvga sakramoq sho‘ng‘imoq,нырять,To jump headfirst into water or swim down under the water surface.,daɪv,15598,actions,He decided to dive into the cool pool to escape the heat.,U jaziramadan qutulish uchun salqin hovuzga sho‘ng‘ishga qaror qildi.,plunge,
circulation,noun,B2,muomala aylanish,обращение,The movement of things like money or blood through a system.,ˌsɜː(ɹ).kjʊˈleɪ.ʃən,15600,ielts,The new bank notes will come into circulation early next month.,Yangi banknotlar kelasi oyning boshida muomalaga chiqariladi.,flow,
drill,verb,B2,parmalamoq burg‘ulamoq,сверлить,To make a hole in something using a special spinning tool.,dɹɪl,15602,home,You need to drill a hole in the wall to hang pictures.,Rasm osish uchun devorga teshik parmalashingiz kerak bo‘ladi.,bore,
offense,noun,B2,xafa bo‘lish ranjish,обида,A feeling of anger or unhappiness caused by something someone said or did.,əˈfɛns,15604,feelings,I hope you take no offense at my honest opinion about this.,"Umid qilamanki, bu haqidagi samimiy fikrimdan xafa bo‘lmaysiz.",resentment,
protest,verb,B2,norozilik bildirmoq,протестовать,To show publicly that you strongly disagree with something.,ˈpɹəʊ.tɛst,15606,ielts,Thousands of people took to the streets to protest against high taxes.,Minglab odamlar yuqori soliqlarga qarshi norozilik bildirish uchun ko‘chaga chiqishdi.,object,
hobby,noun,A2,qiziqish xobbi,хобби,An activity that you enjoy doing during your free time.,ˈhɒ.bi,15608,actions,I like to collect stamps from different countries as a hobby.,Men bo'sh vaqtimda turli davlatlarning markalarini yig'ish bilan shug'ullanaman.,pastime interest,
invention,noun,B2,ixtiro,изобретение,A new product or process that has been designed or created for the first time.,ɪnˈvɛnʃən,15610,ielts,The invention of the internet changed the way we communicate with others.,Internetning ixtiro qilinishi odamlar bilan muloqot qilish usulimizni o'zgartirdi.,creation innovation,
nickname,noun,B1,laqab,прозвище,An informal name given to someone instead of their real name.,ˈnɪkneɪm,15612,people-family,"My name is Jonathan, but my friends call me by my nickname Johnny.","Ismim Jonatan, lekin do'stlarim meni Jonni deb chaqirishadi.",alias,
technician,noun,B1,texnik mutaxassis,техник,A person who is an expert in technical tasks or operating machines.,tɛkˈnɪʃən,15614,work,The lift technician checked the cables to make sure it was safe.,Lift texnik xodimi xavfsizligini ta'minlash uchun arqonlarni tekshirib ko'rdi.,expert specialist,
trick,noun,B1,hiyla aldov,обман,An action intended to deceive someone or make them believe something that is not true.,ˈtɹɪk,15616,actions,He played a mean trick on his sister as an April joke.,U aprel hazili sifatida singlisini aldab qo'ydi.,deception fraud,honesty
enquiry,noun,B2,so'rov surishtiruv,запрос,A request for information about something or a formal investigation into a matter.,ɪnˈkwaɪə.ɹi,15618,ielts,I sent an enquiry to the company about their new summer courses.,Men kompaniyaga ularning yangi yozgi kurslari haqida so'rov yubordim.,query investigation,
closure,noun,C1,xotima yakun,завершение,A feeling of emotional resolution after a difficult or sad event in your life.,ˈkləʊ.ʒə(ɹ),15620,feelings,Talking about the past helped her finally find a sense of closure.,O'tmish haqida gaplashish unga nihoyat ko'ngli xotirjamlik topishiga yordam berdi.,conclusion end,uncertainty
raid,noun,B2,reyd hujum,налет,A sudden surprise attack or search by police or soldiers on a specific location.,ɹeɪd,15622,ielts,The police carried out a raid on the illegal gambling house last night.,Politsiya o'tgan kecha noqonuniy qimorxona bo'yicha reyd o'tkazdi.,attack incursion,
volt,noun,B2,volt,вольт,The standard unit used to measure electrical pressure or force between two points.,vəʊlt,15624,ielts,The battery provides twelve volts of power to the small device.,Batareya kichik qurilmaga o'n ikki voltli quvvat yetkazib beradi.,,
playlist,noun,B1,pleylist qo'shiqlar ro'yxati,плейлист,A collection of songs or videos arranged to be played in a certain order.,ˈpleɪˌlɪst,15628,actions,I created a new playlist for my long drive home today.,Bugun uyga uzoq yo'l uchun yangi pleylist tuzib oldim.,setlist collection,
registrar,noun,B2,ro'yxatga oluvchi kotib,регистратор,An official person who keeps records or manages registration for an organization.,ˈɹɛd͡ʒ.ɪsˌtɹɑɹ,15630,work,You must visit the registrar to confirm your student enrollment details.,Talabalik holatingizni tasdiqlash uchun ro'yxatga oluvchi kotibga murojaat qilishingiz kerak.,clerk recorder,
supporters,noun,A2,muxlislar tarafdorlar,сторонники,"People who actively approve of and encourage a person, team, or cause.",səˈpɔːtəz,15632,people-family,The football team thanked all their supporters after the big game.,Futbol jamoasi muhim o'yindan so'ng barcha muxlislariga minnatdorchilik bildirdi.,fans followers,opponents
dirt,noun,A2,tuproq kir,грязь,Loose earth or soil that makes things look unclean.,dɜːt,15634,nature,The children came inside with dirt all over their clean shoes.,Bolalar toza poyabzallarini loy va tuproq qilib uyga kirib kelishdi.,soil mud,
withdrawal,noun,B2,yechib olish chiqib ketish,снятие,The act of taking money out of an account.,wɪðˈdɹɔː(ə)l,15636,work,I need to make a cash withdrawal from the bank machine today.,Bugun bankomatdan naqd pul yechib olishim kerak.,removal deduction,deposit
wider,adjective,A2,kengroq,шире,Having a greater distance from one side to the other than something else.,ˈwaɪdɚ,15638,describing,We need to find a wider road to accommodate all this traffic.,Bu tirbandlikka sig'ish uchun bizga kengroq yo'l kerak.,broader,narrower
cancellation,noun,B2,bekor qilish,отмена,The act of deciding that a planned event will not take place.,kænsəˈleɪʃən,15640,ielts,The cancellation of our flight caused a lot of problems for us.,Aviaparvozlarning bekor qilinishi bizga ko'p muammolarni keltirib chiqardi.,annulment revocation,
screw,verb,B1,buramoq vintlamoq,привинчивать,To attach or fix something in place using a metal fastener with a spiral.,skɹuː,15642,home,You need to screw the handle tightly onto the wooden door.,Dastani yog'och eshikka mahkam burab qo'yishingiz kerak.,fasten attach,
publicly,adverb,B2,ommaviy tarzda ochiqchasiga,публично,In a way that is seen or known by many people.,ˈpʌblɪkli,15644,ielts,The company publicly apologized for the mistake they made last week.,Kompaniya o'tgan haftadagi xatosi uchun ommaviy tarzda uzr so'radi.,openly,privately
hourly,adjective,B1,soatbay har soatda,ежечасно,Happening or produced once every hour.,ˈaʊ̯əli,15646,time,There is an hourly train service to the city center from here.,Bu yerdan shahar markaziga soatbay qatnovchi poyezdlar bor.,periodic,
veterinary,adjective,B2,veterinariya mollar,ветеринарный,Connected with the medical care and treatment of sick or injured animals.,ˈvɛtɪnɹi,15648,body-health,The vet used his veterinary knowledge to save the injured farm horse.,Veterinar jarohatlangan otni davolash uchun o'z bilimlaridan foydalandi.,,
acer,noun,C2,chinor,клён,"A type of tree that has leaves with five points, also known as a maple.",ˈeɪsə,15650,nature,The bright red leaves of the acer tree look beautiful in autumn.,Kuzda chinor daraxtining yorqin qizil barglari juda chiroyli ko'rinadi.,maple,
reseller,noun,B2,sotuvchi vositachi,реселлер,A person or company that buys goods to sell them again to other people.,ˌriːˈsɛlər,15652,work,The company became an authorized reseller of the new computer software system.,Kompaniya yangi kompyuter dasturiy ta'minotining rasmiy sotuvchisiga aylandi.,trader distributor,
informal,adjective,B1,norasmiy erkin,неформальный,"Relaxed and friendly, not following strict rules or ceremonies.",ɪnˈfɔː.m(ə)l,15654,describing,We decided to hold an informal meeting to discuss our new plans.,Biz yangi rejalarimizni muhokama qilish uchun norasmiy yig'ilish o'tkazishga qaror qildik.,casual relaxed,formal
relevance,noun,C1,daxldorlik o'rinlilik,актуальность,The quality of being directly connected with and important to the current subject.,ˈɹɛl.ɪ.vən(t)s,15656,ielts,The speaker explained the relevance of his research to our daily lives.,Ma'ruzachi o'z tadqiqotining kundalik hayotimiz uchun qanchalik muhimligini tushuntirdi.,importance connection,irrelevance
mechanics,noun,B2,mexanika,механика,The part of science that studies how forces make objects with mass move.,məˈkænɪks,15658,ielts,The physics professor explained the basic mechanics of how gravity works daily.,Fizika o‘qituvchisi tortishish kuchi qanday ishlashining asosiy mexanikasini tushuntirib berdi.,,
heavily,adverb,B1,juda ko‘p kuchli,сильно,To a great extent or in a very large amount.,ˈhɛvɪli,15660,describing,The region relies heavily on agriculture for its main economic income.,Bu hudud o‘zining asosiy iqtisodiy daromadi uchun qishloq xo‘jaligiga juda ko‘p tayanadi.,greatly severely,lightly
fifty,noun,A1,ellik,пятьдесят,The number that comes after forty-nine and before fifty-one.,ˈfɪfti,15662,basics,I bought fifty apples at the market to share with my friends.,Do‘stlarim bilan baham ko‘rish uchun bozordan ellikta olma sotib oldim.,,
numerical,adjective,B2,sonli raqamli,числовой,Relating to or represented by numbers.,n(j)uːˈmɛɹ.ɪ.kəl,15664,ielts,The company showed a clear numerical increase in sales this year.,Kompaniya bu yil savdo hajmining aniq raqamli o‘sishini ko‘rsatdi.,mathematical,
geek,noun,B2,bilimdon kompyuterchi,гик,A person who is very interested in technology or a specific hobby.,ɡiːk,15666,people-family,My brother is a total computer geek who fixes all our software.,Akam — barcha dasturlarimizni tuzatadigan haqiqiy kompyuter bilimdoni.,buff nerd,
uncle,noun,A1,amaki tog‘a,дядя,The brother of one's father or mother.,ˈʌŋ.kl̩,15668,people-family,My uncle visited us yesterday and brought some delicious fruits from home.,"Kecha amakim biznikiga kelib, uydan mazali mevalar olib keldilar.",,
reflection,noun,B2,aks,отражение,An image that you see when looking at a mirror or on a still water surface.,ɹɪˈflɛkʃən,15670,describing,The cat jumped when it saw its own reflection in the glass.,Mushuk oynadagi o'z aksini ko'rib cho'chib ketdi.,image,
sink,noun,A2,rakovina yuvinish joyi,раковина,A fixed basin in a kitchen or bathroom used for washing hands or dishes.,ˈsɪŋk,15672,home,Please put the dirty dishes in the kitchen sink after your meal.,Ovqatlangandan keyin iflos idishlarni oshxonadagi rakovinaga solib qo'ying.,basin,
assure,verb,B2,ishontirmoq kafolatlamoq,заверять,To tell someone that something is definitely true or will definitely happen to stop them worrying.,əˈʃɔː(ɹ),15674,ielts,I assure you that the project will be finished on time today.,Sizni ishontirib aytamanki loyiha bugun o'z vaqtida tugatiladi.,convince reassure,
sodium,noun,C1,natriy,натрий,"A soft, silver-colored chemical element that is found in salt.",ˈsəʊ.dɪəm,15676,ielts,Too much sodium in your diet can be bad for your heart.,Ratsionda natriyning me'yoridan ortiq bo'lishi yurak uchun zararli bo'lishi mumkin.,,
spirituality,noun,C1,ma'naviyat ruhoniylik,духовность,The quality of being concerned with the human spirit or soul rather than material things.,ˌspɪɹ.ə.t͡ʃuˈæl.ə.tɪ,15678,ielts,She finds peace and comfort through her deep sense of spirituality.,U o'zining chuqur ma'naviy dunyosi orqali xotirjamlik va tasalli topadi.,faith,
hormone,noun,C1,gormon,гормон,"A natural chemical produced in the body that influences growth, development, or mood.",ˈhɔːməʊn,15680,body-health,Adrenaline is a hormone that prepares your body for stressful situations.,Adrenalin — bu tana stresli vaziyatlarga tayyorlaydigan gormon.,,
meanwhile,adverb,B2,shu paytda ayni vaqtda,тем временем,During the time that something else is happening.,ˈmiːnwaɪl,15682,time,"The dinner is cooking; meanwhile, you can set the table.","Kechki ovqat pishguncha, siz dasturxonni tayyorlab tursangiz bo'ladi.",meantime,
proprietary,adjective,C2,xususiy mualliflik,собственнический,Relating to a product that is owned by a company and protected by law.,pɹəˈpɹaɪ.ə.tə.ɹi,15684,ielts,The software uses a proprietary format that other programs cannot open.,Dastur boshqa ilovalar ocholmaydigan xususiy formatdan foydalanadi.,,nonproprietary
brick,noun,A2,g'isht,кирпич,"A hard, rectangular block used for building walls and houses.",ˈbɹɪk,15686,home,The small garden wall was built from red brick.,Bog'ning pastdevori qizil g'ishtdan qurilgan edi.,,
grip,verb,B2,qattiq ushlamoq mahkam tutmoq,хватать,To hold something very tightly with your hand.,ɡɹɪp,15688,actions,You need to grip the handle firmly to keep your balance.,Muvozanatni saqlab qolish uchun dastani mahkam ushlashingiz kerak.,grasp clutch,
naval,adjective,C1,harbiy-dengiz,военно-морской,Connected with the navy or warships.,ˈneɪvəl,15690,ielts,The government decided to increase funding for the naval base.,Hukumat harbiy-dengiz bazasini moliyalashtirishni oshirishga qaror qildi.,,
medieval,adjective,B2,o'rta asrga oid,средневековый,"Relating to the Middle Ages, the time between 500 and 1500 AD.",ˌmɛd.iˈiː.vəl,15692,ielts,The castle is a beautiful example of medieval architecture in our city.,Bu qasr shahrimizdagi o'rta asr me'morchiligining go'zal namunasidir.,,
porcelain,noun,B2,chinni,фарфор,"A delicate, white, shiny ceramic material often used to make expensive plates or cups.",ˈpɔːsəlɪn,15694,home,She served the tea in a very expensive set of fine porcelain.,U choyni juda qimmat chinni idishlarda tortiq qildi.,china,
watt,noun,B1,vatt,ватт,A unit used to measure the power of electricity or energy.,wɒt,15698,school,This light bulb uses only ten watts but is very bright.,"Bu chiroq atigi o'n vatt ishlatadi, lekin juda yorqin.",,
decent,adjective,B1,yaxshi munosib,приличный,"Good enough, or behaving in a way that is morally correct and socially acceptable.",ˈdiː.sənt,15700,describing,She did a decent job on the report and finished it early.,U hisobot ustida yaxshi ishladi va uni erta yakunladi.,acceptable proper,inappropriate
shortly,adverb,B1,tez orada yaqinda,вскоре,Happening or occurring in a short period of time from now.,ˈʃɔɹtli,15702,time,"The train will arrive at the station shortly, so please wait here.","Poyezd tez orada bekatga yetib keladi, shuning uchun shu yerda kuting.",soon,
warrior,noun,B2,jangchi askar,воин,"A person who is involved in a battle, war, or fight.",ˈwɒɹi.ə,15704,ielts,The brave warrior fought hard to protect his people and his land.,Jasur jangchi o‘z xalqini va yurtini himoya qilish uchun mardonavor kurashdi.,fighter soldier,
diploma,noun,B1,diplom shahodatnoma,диплом,An official document showing that you have successfully finished a course of study.,dɪˈpləʊmə,15706,school,She received her university diploma after four years of hard work.,U to'rt yillik mehnatdan so'ng universitet diplomini oldi.,certificate degree,
cabin,noun,B2,kayuta kema xonasi,каюта,A private room for a passenger or officer on a ship.,ˈkæbɪn,15708,travel,The passengers were told to stay in their cabins during the storm.,Bo'ron paytida yo'lovchilarga o'z kayutalarida qolish buyurildi.,room quarters,
innocent,adjective,B2,aybsiz begunoh,невинный,Not guilty of a crime or having done anything wrong.,ˈɪnəsənt,15710,describing,The court proved that the man was innocent of the crime.,Sud erkakning jinoyatda aybsiz ekanini isbotladi.,guiltless blameless,guilty
scanning,verb,B2,ko'zdan kechirish skanerlash,сканирование,To look quickly through a text to find specific information.,ˈskænɪŋ,15712,ielts,I was scanning the newspaper to find the movie schedule quickly.,Kino dasturini tezda topish uchun gazetani ko'zdan kechirayotgan edim.,examining surveying,
polo,noun,C1,polo o'yini,поло,A team sport played on horseback where players hit a ball with mallets.,ˈpoʊloʊ,15714,actions,Polo is often considered a sport for the wealthy and elite.,Polo ko'pincha boylar va elita vakillari uchun sport turi deb hisoblanadi.,,
cordless,adjective,B1,simsiz,беспроводной,"Operating without a wire, usually powered by batteries instead of being plugged in.",ˈkɔɹd.lɪs,15716,home,I prefer using a cordless vacuum cleaner to clean my living room.,Mehmonxonani tozalash uchun simsiz changyutgich ishlatish qulayroq.,wireless,corded
horn,noun,B1,shox,рог,"A hard, pointed growth on the top of an animal's head.",hɔːn,15718,animals,"The bull lowered its head to show its sharp, dangerous horns.",Buqa o'tkir va xavfli shoxlarini ko'rsatish uchun boshini pastga egdi.,,
trivia,noun,B2,mayda-chuydalar arzimas ma'lumotlar,мелочи,"Small, unimportant facts or details that are not considered very useful or serious.",ˈtɹɪvi.ə,15720,ielts,He spends too much time worrying about trivia instead of big issues.,U muhim masalalar o'rniga ortiqcha mayda-chuydalar haqida qayg'urib vaqtini yo'qotadi.,froth,
frog,noun,A2,baqa,лягушка,A small green animal with long back legs that lives near water and jumps.,fɹɒɡ,15722,animals,I saw a small green frog jumping near the edge of the lake.,Ko‘l bo‘yida sakrab yurgan yashil baqani ko‘rib qoldim.,toad,
grammar,noun,A2,grammatika til qoidalari,грамматика,The system of rules that shows how words are arranged to form correct sentences.,ˈɡɹæm.ə(ɹ),15724,school,You should check the grammar of your essay before you submit it.,Inshongni topshirishdan oldin uning grammatikasini tekshirib chiq.,syntax,
intention,noun,B2,niyat maqsad,намерение,Something that you plan or want to do.,ɪnˈtɛnʃn̩,15726,ielts,It is easy to promise things when you have no intention of fulfilling them.,"Vada qilgan narsalaringni bajarish niyating bo'lmasa, uni va'da qilish oson.",aim goal,
disagree,verb,B1,rozi bo‘lmaslik fikrga qo‘shilmaslik,не соглашаться,To have a different opinion from someone else.,dɪsəˈɡɹiː,15728,actions,"My friend thinks cats are friendlier than dogs, but I disagree.","Do‘stim mushuklar itlardan do‘stona deb o‘ylaydi, lekin men bunga qo‘shilmayman.",differ dissent,agree
undertaken,verb,C1,o‘z zimmasiga olmoq boshlamoq,предпринимать,To accept a task or duty and begin to do it.,ʌndə(ɹ)ˈteɪkən,15730,work,The government has undertaken a project to repair all the city roads.,Hukumat shahardagi barcha yo‘llarni ta’mirlash loyihasini o‘z zimmasiga oldi.,commence attempt,
retro,adjective,B2,retro eski-uslub,ретро,Imitating the styles or fashions from the recent past.,ˈɹɛt.ɹəʊ,15732,describing,She loves wearing retro clothes from the nineteen seventies.,U yetmishinchi yillardagi retro uslubidagi kiyimlarni kiyishni yaxshi ko'radi.,vintage old-fashioned,modern
statewide,adjective,C1,butun shtat bo'ylab,в масштабах штата,Affecting or covering an entire state.,steɪtˈwaɪd,15736,ielts,There is a statewide ban on using plastic bags in shops.,Do'konlarda polietilen paketlardan foydalanish bo'yicha shtat miqyosida taqiq bor.,,
semiconductor,noun,C2,yarimo'tkazgich,полупроводник,A material that conducts electricity only under certain conditions.,ˌsɛmikənˈdʌktə,15738,ielts,Silicon is the most commonly used material for making semiconductors.,Kremniy yarimo'tkazgichlar ishlab chiqarishda eng ko'p ishlatiladigan materialdir.,chip microchip,
boolean,adjective,C2,mantiqiy bulev,булев,"Relating to a system of logic with only two values, true or false.",ˈbuːliːən,15740,work,The computer program uses a boolean variable to check the status.,Kompyuter dasturi holatni tekshirish uchun mantiqiy o'zgaruvchidan foydalanadi.,logical,
circular,adjective,B1,doirasimon aylana,круговой,Having the shape of a circle.,ˈsɜː.kjə.lə,15742,describing,We sat around the circular table to have dinner together.,Biz kechki ovqatni birga tanavvul qilish uchun doirasimon stol atrofida o'tirdik.,ring-shaped round,
anger,noun,B1,g'azab achchiq,гнев,A strong feeling of being upset or annoyed by something.,ˈæŋɡəː,15744,feelings,She felt a sense of anger when she heard the news.,U bu yangilikni eshitganida g'azabini bosolmay qoldi.,fury rage,calm
mainland,noun,B2,asosiy quruqlik,материк,The main part of a continent or country that is not an island.,ˈmeɪnlənd,15746,places,We took a ferry from the small island back to the mainland.,Biz kichik oroldan asosiy quruqlikka paromda qaytdik.,,
snap,verb,B1,sindirmoq shaqillamoq,сломать,To break something suddenly with a sharp cracking sound.,snæp,15748,actions,Be careful not to snap the dry branches while walking through woods.,Oʻrmon ichida yurganda quruq shoxlarni sindirib qoʻymaslikka harakat qiling.,break crack,
happiness,noun,A2,baxt xursandchilik,счастье,"The feeling of being happy, joyful, or pleased with life.",ˈhæpinɪs,15750,feelings,She believes that good health is the key to true happiness.,U sogʻliq chinakam baxtning kaliti deb hisoblaydi.,joy delight,unhappiness
substantially,adverb,C1,sezilarli darajada tubdan,существенно,To a great or significant degree.,səbˈstænʃəli,15752,ielts,The cost of living has increased substantially over the last few years.,Soʻnggi yillarda yashash qiymati sezilarli darajada oshdi.,significantly considerably,
bizarre,adjective,B2,gʻalati ajib,странный,"Very strange, unusual, or shocking in a way that is hard to explain.",bɪˈzɑː(ɹ),15754,describing,I had a bizarre dream last night about flying over the ocean.,Kecha tunda okean uzra uchayotganim haqida juda gʻalati tush koʻrdim.,strange weird,normal
identifier,noun,C1,identifikator belgi,идентификатор,"A name, code, or feature that helps to uniquely recognize someone or something.",aɪˈdentɪfaɪə(r),15756,ielts,Your username serves as a unique identifier for your online account profile.,Foydalanuvchi nomingiz onlayn profilingiz uchun yagona belgi vazifasini bajaradi.,code label,
ribbon,noun,B1,lenta tasmach,лента,"A long, thin strip of cloth used for decoration or tying things together.",ˈɹɪbən,15760,clothes,She tied her hair back with a beautiful blue silk ribbon.,U sochlarini chiroyli ko‘k ipak tasma bilan bog‘lab qo‘ydi.,band strip,
doe,noun,B2,urg'ochi kiyik,олениха,"The adult female of a deer, rabbit, or other similar animal.",dəʊ,15762,nature,We saw a doe and her small fawn walking in the forest.,O‘rmonda kiyik va uning kichkina bolasini yurganini ko‘rdik.,female deer,buck
jpeg,noun,B1,tasvir formati,формат изображения,A standard format for saving and sending digital photographs and images online.,ˈdʒeɪpeɡ,15764,work,Please save the document as a JPEG file before sending it over.,"Iltimos, hujjatni yuborishdan oldin JPEG fayli sifatida saqlang.",image file,
handy,adjective,B1,qulay foydali,удобный,Very useful and easy to use when you need it.,ˈhæn.di,15766,describing,This small tool is very handy for fixing things around the house.,Bu kichkina asbob uydagi mayda-chuyda ishlarni tuzatish uchun juda qulay.,useful helpful,useless
swap,verb,B2,almashtirmoq ayirboshlamoq,обменивать,To give something to someone and receive something else in return.,sʋap,15768,actions,We decided to swap seats so we could sit with our friends.,Do'stlarimiz bilan o'tirish uchun joylarimizni almashtirishga qaror qildik.,exchange trade,
exempt,adjective,C1,ozod etilgan,освобожденный,Not required to do something or pay something that others must do or pay.,ɪɡˈzɛmpt,15770,ielts,Students with high grades are exempt from taking the final exam.,Yuqori bahoga o'qiydigan talabalar yakuniy imtihondan ozod etiladi.,excused freed,liable
geometry,noun,B2,geometriya,геометрия,"The area of mathematics that studies shapes, lines, points, and space.",d͡ʒiːˈɒm.ɪ.tɹi,15772,school,We learned about calculating the area of triangles in geometry class.,Geometriya darsida uchburchak yuzini hisoblashni o'rgandik.,,
impression,noun,B2,taassurot,впечатление,"An idea, feeling, or opinion that you have about someone or something.",ɪmˈpɹɛʃn̩,15774,feelings,He made a very good impression on me during our first meeting.,Birinchi uchrashuvimizda u menda juda yaxshi taassurot qoldirdi.,notion feeling,
abs,noun,B1,qorin mushaklari,пресс,"The muscles in your stomach area, often toned through exercise.",æbz,15776,body-health,He does special exercises every morning to build strong abs.,U har kuni qorin mushaklarini mustahkamlash uchun maxsus mashqlar qiladi.,,
slovakia,noun,A2,Slovakiya,Словакия,A landlocked country located in Central Europe.,sləˈvɑːkiə,15778,places,My cousin is currently working in Slovakia for a tech company.,Amakim hozirda Slovakiyadagi texnologiya kompaniyasida ishlamoqda.,,
flip,verb,B1,agdarmoq o'girmoq,переворачивать,To turn something over quickly so that the other side is facing up.,flɪp,15780,actions,You need to flip the pancake onto the other side to finish.,Pishirib tugatish uchun blinchikni ikkinchi tomoniga agdarishingiz kerak.,turn rotate,
guild,noun,C1,uyushma gildiya,гильдия,A formal group of people with the same job or interest working together.,ɡɪld,15782,ielts,The medieval merchant guild protected the interests of all its members.,O'rta asr savdogarlar uyushmasi o'z a'zolarining manfaatlarini himoya qilgan.,association organization,
gorgeous,adjective,B1,juda chiroyli ko'rkam,великолепный,Extremely pleasant to look at or very beautiful.,ˈɡɔː.d͡ʒəs,15784,describing,The sunsets in Hawaii are absolutely gorgeous during the summer months.,Gavayida yoz oylarida quyosh botishi juda chiroyli bo'ladi.,beautiful stunning,ugly
capitol,noun,B2,kapitoliy qonun chiqaruvchi bino,капитолий,The main building in the US where the state or national legislature meets.,ˈkæp.ɪ.təl,15786,places,The senators met inside the state capitol to discuss the new bill.,Senatorlar yangi qonun loyihasini muhokama qilish uchun kapitoliy binosida uchrashdilar.,,
fragrance,noun,B2,xushbo'y hid ifor,аромат,A pleasant and sweet smell.,ˈfɹeɪɡɹən(t)s,15794,describing,The garden was filled with the sweet fragrance of blooming flowers.,Bog' gullayotgan gullarning yoqimli iforiga to'lib ketdi.,aroma scent,
replica,noun,B2,nusxa ko'chirma,точная копия,An exact copy of an object or a building.,ˈɹɛplɪkə,15796,ielts,The museum displays a beautiful replica of the ancient golden crown.,Muzeyda qadimiy tilla tojni chiroyli nusxasi namoyish etilgan.,copy reproduction,original
plumbing,noun,B1,santexnika quvurlar,сантехника,The system of pipes and taps that provides water to a building.,ˈplʌmɪŋ,15798,home,The water was leaking because there was a problem with the plumbing.,Santexnika bilan muammo bo'lgani uchun suv oqib ketayotgan edi.,pipes,
tribe,noun,B2,qabila urug',племя,A large group of people who share the same culture and history.,tɹaɪb,15800,ielts,The tribe lived in the remote forest for many hundreds of years.,Bu qabila uzoq o'rmonda yuzlab yillar davomida yashab kelgan.,clan group,
neighbors,noun,A1,qo'shnilar,соседи,People who live in houses or apartments near you.,ˈneɪbərz,15802,people-family,Our neighbors are very kind and always help us with our garden.,Qo'shnilarimiz juda mehribon va doimo bog' ishlarida yordam berishadi.,,
superb,adjective,B2,ajoyib a'lo,великолепный,Of the highest quality or very good.,suːˈpɜːb,15804,describing,The view from the top of the mountain was absolutely superb.,Tog' tepasidan ko'rinadigan manzara shunchaki ajoyib edi.,excellent wonderful,poor
buzz,verb,B2,g'uvillamoq shovqin-suron qilmoq,жужжать,"To make a low, continuous sound like the wings of a bee.",bʌz,15806,nature,The bees began to buzz around the flowers in the garden.,Asalarilar bog'dagi gullar atrofida g'uvillay boshladi.,hum drone,
nuke,verb,C1,butunlay yo'q qilmoq,уничтожить,To destroy something completely.,njuːk,15808,ielts,The company decided to nuke the old database and start over.,"Kompaniya eski bazani butunlay o'chirib tashlab, yangisini boshlashga qaror qildi.",obliterate destroy,
rid,verb,B1,xalos bo'lmoq qutulmoq,избавлять,To free someone or something from an unwanted person or thing.,ɹɪd,15810,actions,I am trying to rid my house of all the unnecessary junk.,Men uyimni keraksiz narsalardan tozalashga harakat qilyapman.,free clear,
trinity,noun,C1,uchlik triada,троица,A group of three people or things combined as one.,ˈtɹɪnɪti,15812,ielts,They formed a powerful trinity of leaders to run the country.,Ular mamlakatni boshqarish uchun kuchli uchlik yetakchilarini tuzdilar.,trio triad,
charleston,verb,C2,charleston raqsini o'ynamoq,танцевать чарльстон,"To dance the Charleston, a lively dance from the 1920s.",ˈtʃɑːlstən,15814,actions,The dancers began to charleston to the jazz music at the party.,Bazmdagi raqqoslar jaz musiqasi ostida charleston raqsini o'ynay boshladilar.,,
boom,verb,B2,rivojlanmoq o'smoq,стремительно расти,To increase or develop very quickly.,buːm,15816,ielts,The tech industry started to boom in the late nineties.,Texnologiya sohasi to'qsoninchi yillarning oxirida jadal rivojlana boshladi.,flourish thrive,
inappropriate,adjective,B2,nomaqbul noo'rin,неуместный,Not suitable for a particular situation or occasion.,ˌɪnəˈpɹəʊpɹi.ət,15818,describing,It is inappropriate to wear casual clothes to a formal wedding.,Rasmiy to'yga kundalik kiyimda borish noo'rin hisoblanadi.,unsuitable improper,appropriate
exhaust,verb,B2,charchatmoq tugatmoq,исчерпать,To use up all of something so that none is left.,ɪɡˈzɔːst,15820,actions,He did not want to exhaust his limited supply of energy today.,U bugun o'zining cheklangan kuch-quvvatini sarflab qo'ymoqchi emasdi.,deplete consume,replenish
fork,noun,A1,sanchqi,вилка,A tool with small pointed parts that you use to pick up food.,fɔːk,15822,food-drink,Please pick up your fork and start eating your dinner now.,"Iltimos, sanchqingni ol-da, ovqatingni yeyishni boshla.",,
roller,noun,B1,g'ildirak val,ролик,A cylinder that turns around to help move something or to flatten a surface.,ˈɹəʊlə,15824,home,Use a paint roller to cover the wall quickly and evenly.,Devorni tez va tekis bo'yash uchun bo'yoq validan foydalaning.,cylinder wheel,
batch,noun,B2,turkum guruh,партия,A group of things produced or dealt with at the same time.,bæt͡ʃ,15826,work,We baked a fresh batch of cookies for the school party.,Maktab bayrami uchun yangi pechenyelar turkumini pishirdik.,group lot,
organize,verb,B1,tashkil etmoq tartibga solmoq,организовывать,To arrange things in a neat and ordered way.,ˈɔːɡənaɪz,15828,work,I need to organize my desk before I start working today.,Bugun ishlashni boshlashdan oldin ish stolimni tartibga solib olishim kerak.,arrange systematize,
fitted,adjective,B2,tor bichilgan moslangan,облегающий,Designed to fit closely to the shape of the body or an object.,ˈfɪtɪd,15830,clothes,She looks elegant in her well-fitted blue evening dress.,U o'ziga yaxshi mos tushgan ko'k kechki libosida juda nafis ko'rinadi.,tailored slim-fit,loose
harmony,noun,B2,totuvlik ahillik,гармония,A state of peaceful agreement and cooperation between people or different parts.,ˈhɑː.mə.ni,15832,ielts,The community lives in perfect harmony despite their many cultural differences.,Madaniy farqlarga qaramay jamoa mukammal ahillikda yashaydi.,accord agreement,conflict
asthma,noun,B2,astma,астма,A medical condition that makes it hard to breathe by tightening the airways.,ˈasmə,15834,body-health,He cannot play intense sports because he suffers from severe asthma.,U og'ir astmadan aziyat chekkani uchun kuchli sport turlari bilan shug'ullana olmaydi.,,
rip,verb,B1,yirtmoq uzmoq,рвать,To tear something apart or pull it forcefully until it separates.,ɹɪp,15836,actions,Be careful not to rip the paper while opening the gift.,Sovg'ani ochayotganda qog'ozni yirtib yubormaslikka harakat qil.,tear shred,mend
triangle,noun,A2,uchburchak,треугольник,A flat shape that has three straight sides and three angles.,ˈtɹaɪəŋɡəl,15838,basics,The teacher asked the students to draw a perfect triangle on paper.,O'qituvchi o'quvchilardan qog'ozga mukammal uchburchak chizishni so'radi.,,
reward,noun,B1,mukofot taqdirlash,награда,Something good that you receive because you have done something helpful or worked hard.,ɹɪˈwɔːd,15840,work,The company gave her a bonus as a reward for her hard work.,Kompaniya unga qattiq mehnati uchun mukofot sifatida pul berdi.,prize payment,punishment
hydrogen,noun,B2,vodorod,водород,A chemical gas that is the lightest element in the universe.,ˈhaɪdɹəd͡ʒ(ə)n,15842,nature,Hydrogen is a colorless gas that is often used as a fuel.,Vodorod odatda yoqilg'i sifatida ishlatiladigan rangsiz gazdir.,,
sprint,verb,B2,yugurmoq chopmoq,бежать спринт,To run very fast over a short distance.,spɹɪnt,15844,actions,He had to sprint to catch the last bus of the evening.,U kechki so'nggi avtobusga yetib olish uchun yugurishi kerak edi.,dash race,jog
chick,noun,A2,jo'ja,птенец,A baby bird that has recently hatched from an egg.,t͡ʃɪk,15846,animals,The mother bird brought some worms to feed the hungry chick.,Ona qush och jo'jasini boqish uchun qurt olib keldi.,nestling fledgling,
confusion,noun,B1,chalkashlik tushunmovchilik,пуганица,A state of not being able to think clearly or understand something.,kənˈfjuːʒən,15848,ielts,There was some confusion about the meeting time and location.,Uchrashuv vaqti va joyi borasida biroz tushunmovchilik yuzaga keldi.,disorder mess,clarity
tray,noun,A2,patnis,поднос,A flat object with edges used for carrying food or drinks.,tɹeɪ,15850,home,I carefully carried the heavy tray of dishes to the dining table.,Men idishlar solingan og'ir patnisni ehtiyotkorlik bilan ovqatlanish stoliga olib bordim.,platter,
warranties,noun,B2,kafolat,гарантии,Official written promises to repair or replace a product if it breaks.,ˈwɔɹ.ən.tiz,15852,work,Always read the warranties before buying expensive electronic equipment.,Qimmat elektron jihozlarni sotib olishdan oldin har doim kafolat shartlarini o'qing.,guarantee,
escorts,verb,B2,kuzatib qo'ymoq hamrohlik qilmoq,сопровождать,To go with someone to protect them or show them the way.,ɪˈskɔːts,15854,actions,The security guard escorts important guests to the main building entrance.,Qo'riqchi muhim mehmonlarni asosiy bino kirish eshigigacha kuzatib qo'yadi.,accompany guide,
thong,noun,B2,tang kiyim,стринги,A type of underwear or swimwear consisting of very narrow fabric strips.,θɒŋ,15856,clothes,She packed a swimsuit and a few thongs for her beach vacation.,U plyaj ta'tili uchun cho'milish kiyimi va bir nechta tang kiyim oldi.,g-string,
medal,noun,A2,medal,медаль,A flat piece of metal given as a prize for a great achievement.,ˈmɛdəl,15858,ielts,The athlete won a gold medal at the national championship competition.,Sportchi milliy chempionatda oltin medalni qo'lga kiritdi.,award prize,
sage,adjective,C1,dono aqlli,мудрый,Showing great wisdom and good judgment.,seɪd͡ʒ,15862,describing,The old teacher gave us some sage advice about our future careers.,Keksaygan ustoz bizga kelajakdagi kasbimiz haqida juda dono maslahatlar berdi.,wise prudent,foolish
knives,noun,A1,pichoqlar,ножи,Plural of knife; sharp metal tools used for cutting food.,naɪvz,15864,home,We need to sharpen the kitchen knives before we start cooking dinner.,Kechki ovqatni tayyorlashdan oldin oshxona pichoqlarini charxlab olishimiz kerak.,,
eco,adjective,B2,ekologik tabiatga zarar yetkazmaydigan,экологичный,Environmentally friendly or designed to protect the natural world.,ˈiːkəʊ,15866,nature,More people are choosing eco products to help protect our planet.,Ko'proq odamlar sayyoramizni asrash uchun ekologik toza mahsulotlarni tanlamoqda.,ecological sustainable,
artistic,adjective,B2,ijodkor san'atkorona,художественный,Having the talent or skill to create beautiful works of art.,ɑːˈtɪs.tɪk,15868,describing,She has an artistic style and always creates beautiful paintings for friends.,U ijodkor uslubga ega va doimo do'stlari uchun chiroyli rasmlar chizadi.,creative,inartistic
bat,noun,A2,ko'rshapalak,летучая мышь,A small mammal that flies at night.,bæt,15870,animals,The bat flew out of the dark cave as soon as night fell.,Tun kirishi bilan ko'rshapalak qorong'u g'ordan uchib chiqdi.,chiropter,
booth,noun,B1,kabina stend,кабина,A small enclosed space or stall for a specific purpose.,buːð,15872,places,We sat in a private booth at the restaurant to talk quietly.,Tinchroq gaplashib olish uchun restorandagi alohida kabinaga o'tirdik.,stall cubicle,
indie,adjective,C1,mustaqil,инди,Produced by an independent company rather than a large mainstream organization.,ˈɪndi,15874,ielts,The indie film received great reviews despite its very low budget.,"Mustaqil suratga olingan bu film juda kam budjetga ega bo'lishiga qaramay, yuqori baholandi.",independent,
detector,noun,B2,sezgich datchik,детектор,A tool that finds or measures the presence of something like smoke or heat.,dɪˈtɛktə(ɹ),15876,home,Modern smoke detectors are very sensitive to small amounts of burning wood.,Zamonaviy tutun datchiklari hatto kichik olov hidini ham tezda sezadi.,sensor,
fallen,adjective,B2,halok bo'lgan yiqilgan,павший,Used to describe soldiers who have died while fighting in a war.,ˈfɔːlən,15878,ielts,The president laid a wreath to honor the fallen soldiers at dawn.,Prezident tongda halok bo'lgan askarlar xotirasiga gulchambar qo'ydi.,deceased dead,surviving
respiratory,adjective,C1,nafas olish,дыхательный,Connected with the physical process of breathing or the body organs used for it.,ɹɪˈspɪ.ɹət.ə.ɹi,15880,body-health,Smoking can cause serious damage to your respiratory system over many years.,Chekish ko'p yillar davomida nafas olish tizimingizga jiddiy zarar yetkazishi mumkin.,breathing,
invoice,noun,B2,hisob-faktura schyot,счёт-фактура,A document showing goods sold or services provided and the amount to be paid.,ˈɪnˌvɔɪs,15882,work,Please send the invoice for these services to our accounting department today.,"Iltimos, ko'rsatilgan xizmatlar uchun hisob-fakturani bugun buxgalteriyamizga yuboring.",bill,
lip,noun,A2,lab,губа,Either of the two soft parts that form the opening of your mouth.,lɪp,15884,body-health,She bit her lip because she was very nervous about the test.,U hayajonlangani uchun labini tishlab oldi.,labium,
subcommittee,noun,C1,kichik qo'mita,подкомитет,A small group formed from a larger committee to study a specific problem.,ˈsʌb.kəmˌmɪt.ti,15886,ielts,The subcommittee will meet tomorrow to discuss the new housing policy details.,Kichik qo'mita yangi uy-joy siyosati tafsilotlarini muhokama qilish uchun ertaga yig'iladi.,,
gather,verb,B1,to'plamoq yig'moq,собирать,To bring many things together into one place or group.,ˈɡæðə,15890,actions,We should gather all the important documents before we start the meeting.,Majlisni boshlashdan oldin barcha muhim hujjatlarni to'plab olishimiz kerak.,collect assemble,scatter
maternity,noun,B2,onalik,материнство,The period of time during which a woman is pregnant or becomes a mother.,məˈtɜːnɪti,15892,people-family,She is taking six months of maternity leave after having her first baby.,Birinchi farzandini dunyoga keltirgandan so'ng u olti oylik tug'uruq ta'tiliga chiqdi.,motherhood pregnancy,
colonial,adjective,C1,mustamlakachilik,колониальный,Relating to a country that is ruled by another more powerful country.,kəˈləʊ.ni.əl,15894,ielts,Many buildings in the city reflect the old colonial history of the region.,Shahardagi ko'plab binolar mintaqaning qadimiy mustamlakachilik tarixidan darak beradi.,,
embassy,noun,B2,elchixona,посольство,The official office or building of a country's representative in another country.,ˈɛmbəsi,15896,places,The American embassy to France is located in Paris.,Amerika elchixonasi Parijda joylashgan.,consulate legation,
cave,noun,B1,g'or,пещера,"A large, natural hole in the side of a cliff or underground.",keɪv,15898,nature,We found a cave on the mountainside where we could take shelter.,Biz tog' bag'ridan boshpana topishimiz mumkin bo'lgan g'or topdik.,cavern,
slight,adjective,B2,kichik ozgina,незначительный,"Small in amount, degree, or size.",slaɪt,15900,describing,There was a slight change in his plan after the meeting.,Uchrashuvdan so'ng uning rejasida ozgina o'zgarish bo'ldi.,small minor,significant
indirect,adjective,B2,bilvosita noo'rin,косвенный,Not straightforward; happening in a way that is not clear or direct.,ˌɪn.daɪˈɹɛkt,15902,ielts,She asked him some indirect questions to see if he was single.,U yigitning bo'ydoq yoki yo'qligini bilish uchun bilvosita savollar berdi.,circuitous roundabout,direct
amongst,preposition,B2,orasida ichida,среди,Being surrounded by a group of people or things.,əˈmʌŋst,15904,describing,She felt very comfortable amongst her close friends during the party.,U kechada yaqin do'stlari orasida o'zini juda erkin his qildi.,among,
wool,noun,A2,jun,шерсть,The soft thick hair from sheep used to make warm clothes.,wʊl,15906,clothes,This sweater is made of pure wool and is very warm.,Bu jemper sof jundan to'qilgan va juda issiq.,,
arrest,verb,B2,ushlab qolmoq hibsga olmoq,арестовать,When the police take someone to the station because they broke the law.,əˈɹɛst,15908,ielts,The police had to arrest the man for stealing the car.,Politsiya mashina o'g'irlagani uchun erkakni hibsga olishga majbur bo'ldi.,detain capture,release
volleyball,noun,A1,voleybol,волейбол,A team sport where players hit a ball over a high net.,ˈvɒlibɔ(ː)l,15910,basics,We usually play volleyball at the beach during the summer holidays.,Biz yozgi ta'til paytida sohil bo'yida voleybol o'ynaymiz.,,
horizon,noun,B2,ufq,горизонт,The line in the distance where the earth meets the sky.,həˈɹaɪ.zən,15912,nature,The sun slowly began to set behind the distant horizon.,Quyosh uzoqdagi ufq ortiga asta-sekin botishni boshladi.,skyline,
deeply,adverb,B1,chuqur juda,глубоко,In a way that involves very strong emotions or feelings.,ˈdi(ː)pli,15914,feelings,I am deeply grateful for all the help you gave me.,Menga ko'rsatgan barcha yordamingiz uchun sizdan juda minnatdorman.,extremely profoundly,
toolbox,noun,B1,asboblar qutisi,ящик для инструментов,A container used for storing and carrying tools such as hammers or screwdrivers.,ˈtuːlˌbɒks,15916,work,He opened his heavy metal toolbox to find the right wrench.,U kerakli kalitni topish uchun og‘ir metall qutisini ochdi.,kit,
marina,noun,B2,qayiqlar to‘xtash joyi bandargoh,причал,A specially designed harbor for small boats and yachts to dock.,məˈɹinə,15918,travel,It's a peaceful marina with not too many boats and yachts.,Bu unchalik ko‘p qayiq va yaxtalar bo‘lmagan sokin bandargoh.,harbor dock,
liabilities,noun,C1,qarzdorlik majburiyatlar,обязательства,Debts or amounts of money that a person or company must pay.,ˌlaɪəˈbɪlətiz,15920,ielts,The company struggled to pay its financial liabilities after the bad year.,Kompaniya yomon yildan so‘ng moliyaviy majburiyatlarini to‘lashda qiynaldi.,debts obligations,assets
patio,noun,B1,hovli terassa,патио,A flat paved area near a house used for sitting and eating outside.,ˈpæt.i.əʊ,15922,home,We sat on the patio enjoying the cool evening air together.,Biz kechki salqin havodan bahramand bo‘lib terassada o‘tirdik.,terrace courtyard,
tolerance,noun,B2,bag‘rikenglik chidamlilik,терпимость,The ability to accept or respect beliefs or behaviors different from your own.,ˈtɒl.ə.ɹəns,15924,ielts,Living in a big city requires a high level of tolerance.,Katta shaharda yashash yuqori darajadagi bag‘rikenglikni talab qiladi.,forbearance acceptance,intolerance
creativity,noun,B2,ijodkorlik,креативность,The ability to use your imagination to create new and original ideas or things.,kri.eɪˈtɪv.ᵻ.ti,15926,ielts,Modern education should encourage the creativity of every single young student.,Zamonaviy ta'lim har bir yosh o'quvchining ijodkorligini rag'batlantirishi kerak.,creativeness originality,
optics,noun,C1,optika,оптика,The scientific study of light and how it behaves when it hits things.,ˈɒptɪks,15928,ielts,The optics of this expensive telescope provide a very clear view today.,Bu qimmat teleskopning optikasi bugun juda tiniq tasvirni taqdim etadi.,,
lightning,noun,B1,chaqmoq,молния,A sudden flash of bright light in the sky during a storm.,ˈlaɪt.nɪŋ,15930,nature,We saw bright lightning across the dark sky during the heavy storm.,Kuchli bo'ron paytida qorong'u osmonda yorqin chaqmoq chaqqanini ko'rdik.,,
grab,verb,A2,ushlab olmoq tutmoq,хватать,To take hold of something suddenly or quickly with your hand.,ɡɹæb,15932,actions,I had to grab her hand to stop her falling down stairs.,Zinadan yiqilib tushmasligi uchun uning qo'lidan tutib qolishim kerak edi.,seize clutch,release
inspector,noun,B2,inspektor tekshiruvchi,инспектор,An official whose job is to check that rules are being followed correctly.,ɪnˈspɛk.təː,15934,work,The health inspector visited our kitchen to check the safety standards daily.,Sog'liqni saqlash inspektori xavfsizlik qoidalarini tekshirish uchun oshxonamizga tashrif buyurdi.,examiner surveyor,
disable,verb,B2,o'chirib qo'ymoq faolsizlantirmoq,отключать,To stop a computer program or machine from working temporarily.,dɪsˈeɪbəl,15936,actions,The pilot had to disable the autopilot of his small airplane.,Uchuvchi samolyotining avtopilotini o'chirib qo'yishga majbur bo'ldi.,deactivate turn off,enable
succeed,verb,B2,o'rniga kelmoq voris bo'lmoq,сменять,To take the place of someone or something else in a position or time.,səkˈsiːd,15938,ielts,The king's eldest son will succeed his father on the throne.,Qirolning to'ng'ich o'g'li taxtda otasining o'rnini egallaydi.,replace follow,
oops,interjection,A2,voy oops,ой,A word used to show that you have made a small mistake.,uːps,15940,feelings,Oops! I left the lid off the bottle of ketchup again.,Voy! Men yana ketchup idishining qopqog'ini yopishni unutibman.,whoops uh-oh,
reminder,noun,B1,eslatma,напоминание,A note or object that helps you remember to do something.,ɹɪˈmaɪndə(ɹ),15942,school,He left a short note as a reminder to buy groceries.,U oziq-ovqat xarid qilishni eslatuvchi qisqa xat qoldirdi.,memo note,
behavioral,adjective,C1,xulq-atvorga oid,поведенческий,Relating to the way a person or animal acts.,bɪˈheɪvjəɹəl,15944,ielts,The therapist studied the behavioral patterns of the troubled young students.,Terapevt muammoli yosh o'quvchilarning xulq-atvor shakllarini o'rgandi.,,
riverside,noun,B1,daryo bo'yi,берег реки,The land or area immediately next to a river.,ˈɹɪvɚˌsaɪd,15946,nature,They had a nice picnic by the beautiful riverside yesterday afternoon.,Kecha tushdan keyin ular daryo bo'yida maroqli piknik qilishdi.,riverbank bank,
abilities,noun,B1,qobiliyatlar iqtidorlar,способности,The physical or mental skills needed to do something well.,əˈbɪl.ə.tiz,15948,describing,She has the natural abilities to become a great professional athlete.,U buyuk professional sportchi bo'lish uchun tabiiy qobiliyatlarga ega.,talents skills,inability
karaoke,noun,B1,karaoke,караоке,A popular activity where people sing songs over recorded music while watching the lyrics.,ˈkæ.ɹiˌəʊ.ki,15950,travel,We went to the karaoke bar to celebrate her birthday last night.,Kechagi tug'ilgan kunini nishonlash uchun biz karaoke bariga bordik.,,
trap,noun,B1,qopqon tuzoq,ловушка,A device or a plan designed to catch a person or an animal.,tɹæp,15952,actions,The mouse escaped from the trap that I placed in the kitchen.,Sichqon oshxonaga qo'ygan qopqonimdan qochib ketdi.,snare,
fool,noun,B1,nodon ahmoq,дурак,A person who acts without thinking or has very little common sense.,fuːl,15954,people-family,Only a fool would believe such an obvious lie without any proof.,Faqat ahmoqqina biror dalilsiz bunchalik aniq yolg'onga ishonadi.,idiot,genius
nonprofit,adjective,B2,notijorat,некоммерческий,An organization that works for a cause rather than to make money for owners.,ˌnɒnˈprɒfɪt,15956,ielts,They work for a nonprofit organization that helps children learn to read.,Ular bolalarga o'qishni o'rganishda yordam beradigan notijorat tashkilotida ishlaydi.,not-for-profit,for-profit
hereby,adverb,C1,shu munosabat bilan,настоящим,By means of this formal statement or document.,hɪəˈbʌɪ,15958,ielts,I hereby declare the meeting open for all participants to speak freely.,Shu munosabat bilan yig'ilishni barcha ishtirokchilar erkin so'zlashlari uchun ochiq deb e'lon qilaman.,,
observe,verb,B2,kuzatmoq rioya qilmoq,соблюдать,To watch someone or something carefully to learn or see what is happening.,əbˈzɜːv,15960,actions,Scientists observe animal behavior in the wild to understand their daily life.,Olimlar hayvonlarning kundalik hayotini tushunish uchun yovvoyi tabiatdagi xatti-harakatlarini kuzatadilar.,watch monitor,ignore
berry,noun,A2,rezavor,ягода,"A small, round, and often juicy fruit produced by many different types of plants.",ˈbɛɹi,15962,food-drink,We went into the forest to pick every ripe berry we found.,Biz topgan barcha pishgan rezavorlarni terish uchun o'rmonga kirdik.,,
collar,noun,B1,yoqa,воротник,The part of a shirt or coat that fits around your neck.,ˈkɒl.ə,15964,clothes,He turned up his coat collar to protect himself from the cold wind.,U sovuq shamoldan himoyalanish uchun paltosining yoqasini ko'tarib oldi.,,
simultaneously,adverb,B2,bir vaqtning o‘zida barobariga,одновременно,Happening or being done at exactly the same time.,ˌsɪmlˈteɪnɪəsli,15966,time,The two actors arrived on stage simultaneously from opposite sides.,Ikki aktyor sahnaga qarama-qarshi tomondan bir vaqtning o‘zida chiqib keldi.,together concurrently,separately
racial,adjective,B2,irqiy,расовый,Relating to the different groups that human beings are divided into.,ˈɹeɪʃəl,15968,ielts,Schools are working hard to eliminate racial discrimination among students.,Maktablar o‘quvchilar o‘rtasidagi irqiy kamsitishlarni yo‘q qilish ustida qattiq ishlamoqda.,ethnic,
sociology,noun,C1,sosiologiya jamiyatshunoslik,социология,"The scientific study of human society, relationships, and how people interact.",ˌsəʊsiːˈɒləd͡ʒiː,15970,ielts,She decided to study sociology to understand modern social problems better.,U zamonaviy ijtimoiy muammolarni yaxshiroq tushunish uchun sosiologiyani o‘rganishga qaror qildi.,,
screenshot,noun,B1,ekran tasviri,скриншот,A digital image of what is visible on a computer or phone screen.,ˈskriːn.ʃɒt,15972,work,I took a screenshot of the error message to send to support.,Xatolik haqidagi xabarni qo‘llab-quvvatlash markaziga yuborish uchun ekran tasvirini oldim.,screengrab,
