headword,pos,cefr_level,translation_uz,translation_ru,definition_en,ipa,frequency_rank,category,example_en,example_uz,synonyms,antonyms
april,noun,A1,aprel,апрель,The fourth month of the year in the calendar.,ˈeɪprəl,7002,time,The weather is often quite nice and mild in April.,Aprel oyida ob-havo ko'pincha juda yoqimli va mayin bo'ladi.,,
california,noun,A2,kaliforniya,Калифорния,A large and famous state located on the west coast of the United States.,ˌkælɪˈfɔːrnjə,7010,places,Many people travel to California to see the famous Hollywood movie studios.,Ko'plab odamlar mashhur Gollivud kino studiyalarini ko'rish uchun Kaliforniyaga sayohat qilishadi.,,
australia,noun,A1,avstraliya,Австралия,A large country that is also an island continent in the southern hemisphere.,ɒˈstreɪliə,7012,places,I hope to visit Australia next year to see the amazing wild animals.,Kelgusi yili ajoyib yovvoyi hayvonlarni ko'rish uchun Avstraliyaga borishni umid qilaman.,,
europe,noun,A1,yevropa,Европа,A continent with many different countries between Asia and the Atlantic Ocean.,ˈjʊərəp,7014,places,We are planning a trip to Europe to see many beautiful old cities.,Biz ko'plab go'zal qadimiy shaharlarni ko'rish uchun Yevropaga sayohat rejalashtiryapmiz.,,
tips,noun,B1,maslahatlar maslahat,советы,Helpful pieces of advice or information about how to do something well.,tɪps,7016,actions,My teacher gave me some useful tips on how to improve my English.,O'qituvchim menga ingliz tilimni yaxshilash bo'yicha foydali maslahatlar berdi.,advice hints,
india,noun,A1,hindiston,Индия,A very large country in South Asia with a long and rich history.,ˈɪndiə,7018,places,India is famous for its delicious spicy food and beautiful ancient buildings.,Hindiston o'zining mazali achchiq taomlari va go'zal qadimiy binolari bilan mashhur.,,
listings,noun,B2,ro'yxatlar e'lonlar,списки,"Lists of items, such as houses for sale or products in a shop.",ˈlɪstɪŋz,7020,work,I checked the property listings online to find a house for my family.,Oilam uchun uy topish maqsadida internetdagi ko'chmas mulk e'lonlarini ko'rib chiqdim.,records entries,
michael,noun,A1,maykl,Майкл,A common male name used in many English-speaking countries around the world.,ˈmaɪkəl,7022,people-family,My friend Michael is coming over to my house for dinner tonight.,Do'stim Maykl bugun kechki ovqatga uyimga kelyapti.,,
sunday,noun,A1,yakshanba,воскресенье,The day of the week that comes after Saturday and before Monday.,ˈsʌndeɪ,7026,time,We usually go to the park for a picnic every Sunday afternoon.,Biz odatda har yakshanba tushdan keyin sayr qilish uchun bog'ga boramiz.,,
according,adjective,B2,mos keluvchi muvofiq,соответствующий,Being in agreement with something else or matching in harmony.,əˈkɔː.dɪŋ,7028,ielts,The evidence must be according to the rules set by the committee.,Dalillar qo'mita tomonidan belgilangan qoidalarga mos bo'lishi kerak.,agreeing consistent,conflicting
british,adjective,A2,britaniyalik ingliz,британский,Relating to Great Britain or the United Kingdom.,ˈbrɪtɪʃ,7030,places,My cousin moved to London to study at a British university.,Jiyanim Britaniya universitetida o'qish uchun Londonga ko'chib o'tdi.,uk english,
lead,noun,B2,qo'rg'oshin,свинец,"A soft, heavy, grey metal that is used in construction and batteries.",lɛd,7034,nature,The old water pipes in the building were made of lead.,Binodagi eski suv quvurlari qo'rg'oshindan yasalgan edi.,metal element,
peter,verb,C1,tugamoq qisqarmoq,иссякать,To gradually become smaller or less until nothing is left.,ˈpiːtə,7036,actions,The mountain path began to peter out as we climbed higher up.,Biz balandroqqa chiqqanimiz sari tog' yo'li asta-sekin tugab qoldi.,dwindle diminish,increase
thus,adverb,B2,shunday qilib shuning uchun,таким образом,As a result or because of what has just been mentioned.,ˈðʌs,7038,ielts,"He did not study for the exam; thus, he failed the test.",U imtihonga tayyorlanmadi; shuning uchun u testdan o'ta olmadi.,therefore consequently,
prev,adjective,B1,oldingi avvalgi,предыдущий,Coming before the one you are looking at now.,priːv,7044,describing,You can go back to the prev page by clicking this button.,Ushbu tugmani bosish orqali oldingi sahifaga qaytishingiz mumkin.,previous former,next
character,noun,B1,belgi xarakter,характер,The combination of qualities or features that makes a person or thing different.,ˈkæ.ɹɪk.tə,7048,ielts,She has a very strong character and always stands up for herself.,U juda kuchli xarakterga ega va har doim o'zini himoya qiladi.,nature personality,
Ohio,noun,A2,Ogayo,Огайо,A state located in the Midwestern region of the United States.,oʊˈhaɪ.oʊ,7052,places,My cousin moved to Ohio to study engineering at the university.,Jiyanim universitetda muhandislik o'qish uchun Ogayoga ko'chib o'tdi.,,
Angeles,noun,A1,Anjelos,Анхелес,"Part of the name of a major city in California, USA.",ˈæn.dʒə.ləs,7056,places,"Many famous actors and filmmakers live in Los Angeles, California today.",Bugungi kunda ko'plab mashhur aktyor va rejissyorlar Kaliforniyaning Los-Anjeles shahrida yashaydi.,,
Australian,adjective,A2,avstraliyalik,австралийский,Relating to Australia or the people who live in that country.,ɒˈstreɪ.li.ən,7058,places,We met an Australian couple while traveling through Europe last summer.,O'tgan yili Yevropa bo'ylab sayohat qilayotganimizda avstraliyalik juftlik bilan tanishdik.,,
difference,noun,A2,farq o'zgarish,различие,The way in which two or more people or things are not the same.,ˈdɪf(ə)ɹəns,7060,describing,Can you see the big difference between these two blue shirts?,Siz bu ikki ko'k ko'ylak o'rtasidagi katta farqni ko'ra olasizmi?,distinction disparity,sameness
correct,adjective,A1,to'g'ri aniq,правильный,Accurate or having no mistakes; true.,kəˈɹɛkt,7062,basics,Please give the correct answer to the question on the board.,Iltimos doskadagi savolga to'g'ri javob bering.,right accurate,incorrect
nation,noun,B2,millat xalq,нация,"A large group of people who share the same culture, language, or history.",ˈneɪʃən,7064,ielts,The leaders of every nation met to discuss the world climate crisis.,Har bir millat rahbarlari dunyo iqlim inqirozini muhokama qilish uchun uchrashdilar.,country state,
piece,noun,A2,bo'lak parcha,кусок,A small amount or part that has been separated from a larger whole.,piːs,7066,basics,I would like to eat another small piece of this chocolate cake.,Men bu shokoladli tortdan yana bir kichik bo'lak yemoqchiman.,part portion,
sheet,noun,A2,varaq qog'oz,лист,"A thin, flat piece of paper or cloth used for writing or bedding.",ʃiːt,7068,home,Please take a clean sheet of paper and write your name down.,"Iltimos, toza qog'oz varag'ini oling va ismingizni yozing.",,
firm,noun,B2,firma korxona,фирма,A business organization or company where people work together to earn money.,fɜɹm,7070,work,She works for a large legal firm in the city center today.,U bugungi kunda shahar markazidagi yirik yuridik firmada ishlaydi.,business company,
older,adjective,A1,kattaroq,старше,Having lived for a longer time or existing for more years than another.,ˈəʊldə,7072,people-family,My older brother is currently studying at the university in the capital.,Mening akam hozirda poytaxtdagi universitetda o'qiyapti.,elder senior,younger
regulations,noun,B2,qoidalar nizom,правила,Official rules made by an authority to control how something should be done.,ˌɹɛɡjəˈleɪʃənz,7074,ielts,We must follow the safety regulations to keep everyone in the building.,Binodagi har bir kishini xavfsiz saqlash uchun xavfsizlik qoidalariga amal qilishimiz kerak.,rules laws,
species,noun,B2,tur xil,вид,A group of living things that are similar and can breed together.,ˈspiːʃiːz,7076,nature,There are many endangered species of animals living in the deep forest.,Chuqur o'rmonda yashovchi hayvonlarning ko'plab yo'qolib borayotgan turlari mavjud.,type kind,
jump,verb,A1,sakramoq,прыгать,To push yourself into the air using your legs.,d͡ʒʌmp,7078,actions,The excited dog started to jump when its owner came home.,Xursand it egasi uyga kelganida sakray boshladi.,leap bound,
module,noun,B2,modul qism,модуль,A part of a larger system or course that can work independently.,ˈmɒd͡ʒuːl,7080,ielts,This university course is divided into six different study modules.,Bu universitet kursi oltita alohida o'quv moduliga bo'lingan.,component unit,
certificate,noun,A2,sertifikat guvohnoma,сертификат,An official paper that shows you have completed a course or achieved something.,səˈtɪf.ɪ.kɪt,7082,school,She received a certificate for completing the advanced English language course.,U ilg'or ingliz tili kursini tamomlagani uchun sertifikat oldi.,diploma credential,
minister,noun,B2,vazir ruhoniy,министр,A person in charge of a government department or a church leader.,ˈmɪn.əˌstɚ,7084,ielts,The health minister announced new rules for hospitals across the country.,Sog'liqni saqlash vaziri mamlakat bo'ylab shifoxonalar uchun yangi qoidalarni e'lon qildi.,official politician,
motion,noun,B2,harakat,движение,The act of moving or the way that someone moves.,ˈməʊ.ʃən,7086,ielts,The slow motion of the clouds was very relaxing to watch.,Bulutlarning sekin harakatini tomosha qilish juda maroqli edi.,move movement,rest
fashion,noun,A2,moda uslub,мода,"A popular style of clothes, hair, or behavior at a certain time.",ˈfæʃən,7088,clothes,She loves to follow the latest fashion trends from Paris magazines.,U Parij jurnallaridagi eng so'nggi moda yo'nalishlariga ergashishni yaxshi ko'radi.,style trend,
directions,noun,A2,ko'rsatmalar yo'l-yo'riqlar,инструкции,Instructions that tell you how to get somewhere or how to do something.,dɪˈɹɛk.ʃənz,7090,travel,Please read the directions carefully before you start building the furniture.,Mebellarni yig'ishni boshlashdan oldin iltimos ko'rsatmalarni diqqat bilan o'qing.,instructions guidelines,
visitors,noun,A1,mehmonlar tashrif buyuruvchilar,посетители,People who go to see a person or a place.,ˈvɪzɪtɚz,7092,people-family,The museum welcomed many visitors during the sunny summer weekend.,Muzey quyoshli yoz dam olish kunlarida ko'plab mehmonlarni kutib oldi.,guests,hosts
documentation,noun,B2,hujjatlar hujjatlashtirish,документация,Official papers or documents that provide information or evidence about something.,ˌdɒkjʊmɛnˈteɪʃən,7094,work,Please read all the documentation before you start using the software.,Dasturdan foydalanishni boshlashdan oldin barcha hujjatlarni o'qib chiqing.,records papers,
forest,noun,A2,o'rmon,лес,A large area of land with many trees and plants growing close together.,ˈfɒɹɪst,7096,nature,We went for a long walk in the forest this morning.,Bugun ertalab biz o'rmonda uzoq sayr qildik.,woodland woods,
coverage,noun,B2,qamrov,охват,The amount or way that a news organization reports on an event.,ˈkʌv.(ə.)ɹɪdʒ,7098,ielts,The news coverage of the international event was very detailed today.,Xalqaro voqeaning yangiliklar qamrovi bugun juda batafsil edi.,reporting scope,
couple,noun,A1,juftlik er-xotin,пара,Two people or things that are together or are considered as a group.,ˈkʌp.əl,7100,people-family,A young couple sat on the bench talking quietly together.,"Yosh juftlik o'rindiqda o'tirib, sekin gaplashishardi.",pair,
chance,noun,A2,imkoniyat imkon,шанс,A possibility that something will happen.,t͡ʃæns,7102,ielts,I think there is a good chance that it will rain tomorrow.,"O'ylashimcha, ertaga yomg'ir yog'ishi uchun yaxshi imkoniyat bor.",opportunity possibility,
vision,noun,B2,ko'rish qobiliyati qarash,зрение,The ability to see or the physical sense of sight.,ˈvɪʒ.ən,7104,body-health,He has excellent vision and can see things from far away.,Uning ko'rish qobiliyati a'lo va uzoqdagi narsalarni ham ko'ra oladi.,sight eyesight,
discuss,verb,A2,muhokama qilmoq,обсуждать,To talk about a subject with others to share ideas or opinions.,dɪˈskʌs,7106,actions,The students met to discuss their new school project together.,O'quvchilar yangi maktab loyihalarini muhokama qilish uchun uchrashdilar.,debate talk,
automotive,adjective,B2,avtomobil,автомобильный,Relating to motor vehicles like cars and trucks.,ˌɔːtəˈməʊtɪv,7108,work,The automotive industry is one of the largest employers in the world.,Avtomobil sanoati dunyodagi eng yirik ish beruvchilardan biridir.,motor vehicular,
naked,adjective,B1,yalangoch yalang,голый,Not wearing any clothes.,ˈneɪkɪd,7110,body-health,He was as naked as the day he was born.,U tug'ilgan kunidek yalangoch edi.,bare uncovered,clothed
goal,noun,A2,maqsad gol,цель,Something that you hope to achieve in the future.,ɡəʊl,7112,ielts,His main goal is to become a successful YouTuber one day.,Uning asosiy maqsadi bir kun kelib muvaffaqiyatli YouTuber bo'lishdir.,aim objective,
successful,adjective,A2,muvaffaqiyatli omadli,успешный,Having achieved what you wanted or hoped for.,səkˈsɛs.fəl,7114,ielts,She is a very successful businesswoman in our local community.,U mahalliy jamiyatimizdagi juda muvaffaqiyatli ishbilarmon ayoldir.,effective fruitful,unsuccessful
sold,verb,A2,sotildi sotilgan,проданный,"Past tense and past participle of sell, meaning to exchange for money.",səʊld,7116,actions,The farmer sold all his apples at the market this morning.,Fermer bugun ertalab bozorda barcha olmalarini sotdi.,,bought
communities,noun,B1,jamiyatlar jamoalar,сообщества,Groups of people living in the same place or having shared interests.,kəˈmjuːnɪtiz,7118,ielts,Local communities are working together to improve the city park area.,Mahalliy jamoalar shahar bog'i hududini yaxshilash uchun hamkorlik qilmoqda.,societies groups,
clinical,adjective,C1,klinik tibbiy,клинический,Related to the medical treatment and observation of patients.,ˈklɪnɪkəl,7120,body-health,The doctors are conducting a clinical study on the new medicine.,Shifokorlar yangi dori vositasi bo'yicha klinik tadqiqot o'tkazmoqdalar.,medical diagnostic,
situation,noun,B1,vaziyat holat,ситуация,The set of conditions or circumstances happening at a specific time.,ˌsɪt.juːˈeɪ.ʃən,7122,ielts,We must find a solution to this difficult economic situation immediately.,Biz ushbu qiyin iqtisodiy vaziyatga zudlik bilan yechim topishimiz kerak.,circumstance condition,
highly,adverb,B1,juda yuqori darajada,высоко,To a large degree or at a very high level.,ˈhaɪli,7126,ielts,The book was highly controversial yet it sold millions of copies worldwide.,"Kitob juda bahsli bo'lishiga qaramay, butun dunyo bo'ylab millionlab nusxada sotildi.",extremely greatly,
appear,verb,A2,paydo bo'lmoq ko'rinmoq,появляться,To start to be seen or to become visible.,əˈpɪə,7128,actions,A mysterious light began to appear on the dark horizon at night.,Tunda qorong'u ufqda sirli chiroq paydo bo'la boshladi.,emerge materialize,disappear
emergency,noun,B1,favqulodda vaziyat,чрезвычайная ситуация,A serious or dangerous situation that needs immediate action.,ɪˈmɜː(ɹ).dʒən.si,7130,body-health,You must call the emergency services if there is a fire inside.,"Agar ichkarida yong'in bo'lsa, tezkor yordam xizmatiga qo'ng'iroq qilishingiz kerak.",crisis,
currency,noun,B2,valyuta pul birligi,валюта,The system of money that is used in a particular country.,ˈkʌɹ.ən.si,7132,ielts,Travelers should check the local currency rates before visiting a new country.,Sayohatchilar yangi davlatga borishdan oldin mahalliy valyuta kurslarini tekshirishlari kerak.,money cash,
leather,noun,B1,charm,кожа,A material made from the skin of an animal used for clothes or shoes.,ˈlɛðə,7134,clothes,She decided to buy a new black leather jacket for the cold season.,U sovuq mavsum uchun yangi qora charm kurtka sotib olishga qaror qildi.,,
determine,verb,B2,aniqlamoq belgilamoq,определять,To discover the facts or truth about something through research.,dɪˈtɜː(ɹ).mɪn,7136,ielts,Scientists help determine the cause of the disease to find a cure.,Olimlar davolash chorasini topish uchun kasallikning sababini aniqlashga yordam berishadi.,decide calculate,
temperature,noun,A2,harorat temperatura,температура,The measurement of how hot or cold something or someone is.,ˈtɛm.p(ə.)ɹə.t͡ʃə,7138,nature,The temperature is rising today so we can go to the park.,"Bugun harorat ko'tarilmoqda, shuning uchun biz parkka borishimiz mumkin.",,
palm,noun,B1,kaft,ладонь,The inside flat part of your hand between your fingers and your wrist.,pɑːm,7140,body-health,She held a small gold coin in the palm of her hand.,U kaftida kichik tilla tangani ushlab turardi.,loof,backhand
announcements,noun,B1,e'lonlar,объявления,Public statements that give people information about something that has happened or will happen.,əˈnaʊnsmənts,7142,work,There were several important announcements made during the morning school assembly.,ertalabki maktab yig'ilishida bir nechta muhim e'lonlar qilindi.,notices notifications,
actual,adjective,B2,haqiqiy amaldagi,фактический действительный,"Existing in reality or fact, rather than just being possible or imagined.",ˈækʃuəl,7144,ielts,The actual cost of the project was much higher than we expected.,Loyihaning haqiqiy qiymati biz kutganimizdan ancha yuqori edi.,real effective,potential
historical,adjective,B2,tarixiy,исторический,Connected with the study or the events of the past.,hɪˈstɒɹɪkəl,7146,ielts,They visited several historical buildings during their trip to the ancient city.,Ular qadimiy shaharga qilgan sayohatlari davomida bir nechta tarixiy binolarni ziyorat qilishdi.,,
stone,noun,A1,tosh,камень,"A hard, solid substance found in the ground, often used for building things.",stəʊ̯n,7148,nature,He picked up a smooth stone from the river bank to throw.,U daryo bo'yidan otish uchun silliq tosh oldi.,rock,
ringtones,noun,A2,qo'ng'iroq ohanglari,рингтоны,The sound a telephone makes when someone is calling you.,ˈrɪŋtəʊnz,7152,home,He likes to download new and funny ringtones for his mobile phone.,U mobil telefoni uchun yangi va qiziqarli qo'ng'iroq ohanglarini yuklab olishni yaxshi ko'radi.,,
perhaps,adverb,A2,balki ehtimol,возможно может быть,Used to show that something is possible but not certain.,pəˈhæps,7154,describing,Perhaps we should wait until the weather improves before we leave home.,Balki uydan chiqishdan oldin ob-havo yaxshilanishini kutishimiz kerakdir.,maybe possibly,
scientific,adjective,B2,ilmiy,научный,Relating to or based on the systematic methods of science.,ˌsaɪ.ənˈtɪf.ɪk,7156,ielts,The team conducted a scientific study to test their new theory.,Jamoa o'z yangi nazariyasini tekshirish uchun ilmiy tadqiqot o'tkazdi.,systematic empirical,
fit,adjective,A2,sog'lom baquvvat,в хорошей форме,Healthy and physically strong.,fɪt,7158,body-health,You should exercise daily if you want to stay fit.,"Agar sog'lom bo'lib qolishni istasangiz, har kuni mashq qilishingiz kerak.",healthy active,unfit
amateur,noun,B2,havaskor,любитель,Someone who does an activity for pleasure rather than for money.,ˈæ.mə.tə,7160,ielts,The contest is designed for amateur photographers rather than professionals.,"Tanlov professional emas, balki havaskor suratkashlar uchun mo'ljallangan.",non-professional enthusiast,professional
pain,noun,A2,og'riq,боль,A feeling of physical suffering caused by injury or illness.,ˈpeɪ̯n,7164,body-health,She felt a sharp pain in her leg after running.,Yugurgandan so'ng u oyog'ida o'tkir og'riq sezdi.,ache agony,pleasure
particularly,adverb,B2,ayniqsa xususan,особенно,Especially or more than usual.,pəˈtɪkjələli,7166,ielts,The museum is particularly busy during the summer holidays.,Muzey yozgi ta'tillar paytida ayniqsa gavjum bo'ladi.,especially specifically,
buyer,noun,B1,xaridor,покупатель,A person who is buying something.,ˈbaɪ.ə(ɹ),7168,work,The buyer decided to purchase the house after seeing it once.,Xaridor uyni bir marta ko'rgandan so'ng sotib olishga qaror qildi.,purchaser customer,seller
cultural,adjective,B1,madaniy,культурный,"Relating to the habits, traditions, and beliefs of a particular group of people.",ˈkʌl.tʃ(ʊ.)ɹəl,7170,ielts,Our school organizes many cultural events to celebrate different traditions each year.,Maktabimiz har yili turli an'analarni nishonlash uchun ko'plab madaniy tadbirlar uyushtiradi.,,
steve,verb,C2,joylamoq taxlamoq,укладывать груз,To pack or arrange cargo carefully inside the hold of a ship.,stiːv,7172,work,The workers had to steve the large containers carefully into the ship's hold.,Ishchilar katta konteynerlarni kemaning yukxonasiga ehtiyotkorlik bilan joylashlari kerak edi.,,
easily,adverb,A2,osonlikcha bemalol,легко,In a way that does not require much effort or hard work.,ˈiː.zɪ.li,7174,actions,She can easily finish this difficult task in less than an hour.,U bu qiyin vazifani bir soatga yetmay osonlikcha bajarib qo'ya oladi.,readily handily,
oral,adjective,B2,og'zaki,устный,Spoken rather than written down.,ˈɔː.ɹəl,7176,school,The students must pass an oral exam to complete their language course.,Talabalar til kursini yakunlash uchun og'zaki imtihondan o'tishlari shart.,spoken verbal,written
poster,noun,A1,plakat,плакат,A large printed picture or notice put on a wall to decorate or advertise.,ˈpoʊstɚ,7178,home,He put a large colorful poster of his favorite film on the wall.,U devorga o'zining sevimli filmi tushirilgan katta rangli plakatni ilib qo'ydi.,,
edge,noun,B1,qirra chet,край,The outer part of an object where it ends.,ɛd͡ʒ,7180,describing,Be careful not to sit too close to the edge of the cliff.,Qoyaning chetiga juda yaqin o'tirmaslikka harakat qiling.,,
functional,adjective,B2,funksional foydali,функциональный,Designed to be useful and practical rather than just decorative.,ˈfʌŋkt͡ʃənəl,7182,ielts,The modern kitchen design is very functional and makes cooking much easier.,Zamonaviy oshxona dizayni juda funksional va ovqat pishirishni ancha osonlashtiradi.,,
root,noun,A2,ildiz,корень,The part of a plant that grows underground and takes in water.,ɹuːt,7184,nature,The tree has deep roots that help it stay strong during storms.,Daraxtning chuqur ildizlari bo'ron paytida uning mustahkam turishiga yordam beradi.,fang,
pink,adjective,A1,pushti,розовый,A light red color like that of a flower.,ˈpɪŋk,7186,describing,My new dress is a wonderful shade of pink.,Yangi ko'ylagim juda chiroyli pushti rangda.,,
balance,noun,B2,muvozanat,баланс,A state where different things exist in equal or proper amounts.,ˈbæləns,7188,ielts,It is important to keep a healthy balance between work and life.,Ish va hayot o'rtasida sog'lom muvozanatni saqlash muhim.,equilibrium stability,imbalance
graduate,noun,B1,bitiruvchi,выпускник,A person who has successfully finished a course of study at a university.,ˈɡɹæd͡ʒuət,7190,school,"If the government wants graduates to stay, they should offer more incentives.","Agar hukumat bitiruvchilarning qolishini istasa, ular ko'proq imtiyozlar taklif qilishi kerak.",alumnus,
shot,adjective,C1,charchagan holdan toygan,измотанный,Extremely tired or completely worn out.,ʃɒt,7192,feelings,I have to go to bed now because I am absolutely shot.,"Men hozir yotishim kerak, chunki butunlay holdan toydim.",exhausted tired,
architecture,noun,B2,me'morchilik,архитектура,The art and science of designing and building structures.,ˈɑː.kɪˌtɛk.t͡ʃə,7194,ielts,The architecture throughout the city is truly amazing to look at.,Shahardagi me'morchilik ko'rish uchun haqiqatan ham ajoyib.,,
label,noun,A2,yorliq etiketka,этикетка,A piece of paper or plastic showing information about an object.,ˈleɪ.bəl,7196,clothes,The label says this silk scarf should not be washed.,"Yorliqda yozilishicha, bu ipak sharfni yuvish mumkin emas.",tag ticket,
canon,noun,C2,qoida tamoyil,канон,A general rule or accepted principle by which something is judged.,ˈkæn.ən,7200,ielts,The trial must proceed according to the strict canons of law.,Sud jarayoni qonunning qat'iy qoidalari asosida o'tishi kerak.,principle standard,
league,noun,B1,liga uyushma,лига,An organization of teams that compete against each other for a title.,liːɡ,7202,work,He loves watching various cricket leagues played all around the world.,U butun dunyo bo'ylab o'tkaziladigan turli kriket ligalarini tomosha qilishni yaxshi ko'radi.,association group,
provider,noun,B2,ta'minotchi provayder,поставщик,A person or company that supplies a service or goods.,pɹəˈvaɪ.də(ɹ),7204,work,We need to choose a new internet service provider for our office.,Ofisimiz uchun yangi internet xizmati provayderini tanlashimiz kerak.,supplier,
optional,adjective,B2,ixtiyoriy tanlovli,необязательный,Available to be chosen but not required or mandatory.,ˈɒp.ʃə.nəl,7206,ielts,Participation in the extra afternoon class is completely optional for students.,Tushdan keyingi qo'shimcha darsda qatnashish talabalar uchun butunlay ixtiyoriydir.,elective voluntary,mandatory
manufacturing,noun,B2,ishlab chiqarish,производство,The business of making goods in large quantities using machines.,ˌmænjʊˈfækt͡ʃəɹɪŋ,7208,work,The country has focused more on the manufacturing sector in recent years.,Mamlakat so'nggi yillarda ishlab chiqarish sektoriga ko'proq e'tibor qaratdi.,production industry,
fantasy,noun,B2,fantaziya xayol,фантазия,A story or idea that comes from imagination and is not real.,ˈfæntəsi,7210,describing,She enjoys reading high fantasy novels set in mysterious magical worlds.,U sirli sehrli olamlarda bo'lib o'tadigan fantastik romanlarni o'qishni yoqtiradi.,imagination fiction,
motor,noun,B2,dvigatel motor,двигатель,A machine that uses electricity or fuel to produce movement.,ˈməʊtə,7212,work,The electric motor powers the fan to keep the room cool.,Elektr dvigateli xonani salqin saqlash uchun fanni harakatlantiradi.,drive engine,
professor,noun,B1,professor,профессор,A high-ranking university teacher and researcher.,pɹəˈfɛs.ə,7214,school,The professor gave an interesting lecture on modern history today.,Professor bugun zamonaviy tarix haqida qiziqarli ma'ruza o'qidi.,prof,
install,verb,B1,o'rnatmoq,устанавливать,To put a piece of equipment or software in place so it is ready.,ɪnˈstɔːl,7216,work,We need to install a new program on the office computers.,Biz ofis kompyuterlariga yangi dastur o'rnatishimiz kerak.,,
apparel,noun,C1,kiyim kiyim-kechak,одежда,"Clothes of any type, usually for professional or retail contexts.",əˈpæɹəl,7218,clothes,The store sells a wide range of professional sports apparel.,Do'konda professional sport kiyimlarining keng tanlovi mavjud.,,
generally,adverb,B1,odatda umuman,обычно,In most situations or for the most part.,ˈd͡ʒɛn.ɹə.li,7220,ielts,"Generally, it is sunny in the south during the summer months.",Odatda yoz oylarida janubda quyoshli bo'ladi.,usually typically,
mass,adjective,B2,ommaviy,массовый,Involving or affecting a large number of people or things.,mæs,7222,ielts,The new policy led to mass protests across the whole country.,Yangi siyosat butun mamlakat bo'ylab ommaviy noroziliklarga olib keldi.,,
crime,noun,A2,jinoyat,преступление,An action that is against the law and punishable by the state.,kɹaɪm,7224,ielts,The police are working hard to reduce crime in this city.,Politsiya bu shaharda jinoyatchilikni kamaytirish uchun qattiq ishlamoqda.,criminal offence,
count,verb,A1,sanamoq hisoblamoq,считать,To say numbers one by one or find the total number of items.,kaʊnt,7226,basics,Can you count how many chairs are in the classroom?,Sinf xonasida nechta stul borligini sanay olasizmi?,tell,
breast,noun,B1,ko'krak,грудь,Either of the two soft parts on the front of a woman's body.,bɹɛst,7228,body-health,She felt a small lump in her breast and called the doctor.,U ko'kragida kichik bir tugun sezib shifokorga murojaat qildi.,,
techniques,noun,B2,usullar texnikalar,методы,"Different ways of doing a particular task or activity, often involving skill.",tekˈniːks,7230,ielts,Modern learning techniques help students understand complex subjects much more easily.,Zamonaviy o'qitish usullari talabalarga murakkab fanlarni osonroq tushunishga yordam beradi.,methods approaches,
quickly,adverb,A1,tezda tezlik bilan,быстро,Moving or happening with great speed.,ˈkwɪkli,7232,basics,Please finish your dinner quickly so we can leave for the park.,Iltimos kechki ovqatingizni tezda tugating biz parkka ketishimiz kerak.,fast rapidly,
religion,noun,B1,din,религия,A system of belief in a god or group of gods and spiritual practices.,ɹɪˈlɪd͡ʒ.ən,7236,ielts,Many people find peace and community through their practice of religion.,Ko'p odamlar o'z diniga e'tiqod qilish orqali tinchlik va jamiyat topadilar.,faith belief,nonreligion
claim,verb,B2,da'vo qilmoq talab qilmoq,заявлять,"To say that something is true, although it has not been proven yet.",kleɪm,7238,ielts,Some scientists claim that global warming will change our world drastically soon.,Ba'zi olimlar global isish yaqin orada dunyomizni keskin o'zgartiradi deb da'vo qiladilar.,assert allege,
surgery,noun,B2,jarrohlik operatsiya,хирургия,A medical treatment where a doctor cuts into the body to fix or remove something.,ˈsɜː.d͡ʒə.ɹi,7240,body-health,Surgery is often necessary to prevent cancer from spreading throughout the body.,Saraton tarqalishining oldini olish uchun ko'pincha jarrohlik amaliyoti zarur bo'ladi.,operation,
patch,noun,B2,yamoq,заплата,A small piece of material used to cover a hole in clothing or an object.,pæt͡ʃ,7242,clothes,His sleeves had patches on the elbows where the fabric had worn away.,Yenglarining tirsak qismida mato yupqalashib ketganligi uchun yamoqlar bor edi.,repair fix,
heat,noun,A2,issiqlik issiq,тепло,The quality of being hot or the energy that makes something become hot.,ˈhiːt,7244,nature,You should stay inside to avoid the intense heat of the sun today.,Bugun quyoshning kuchli issig'idan saqlanish uchun ichkarida qolishingiz kerak.,warmth,cold
wild,adjective,B1,yovvoyi,дикий,Living or growing in nature and not controlled or trained by human beings.,ˈwaɪ̯ld,7246,nature,It is dangerous to approach wild animals when you are hiking in mountains.,Tog'da sayr qilayotganda yovvoyi hayvonlarga yaqinlashish xavflidir.,untamed,domesticated
measures,noun,B2,choralar tadbirlar,меры,Actions taken to achieve a particular result or solve a specific problem.,ˈmɛʒɚz,7248,ielts,The government is taking new measures to improve safety in our local schools.,Hukumat mahalliy maktablarimizdagi xavfsizlikni yaxshilash uchun yangi choralar ko'rmoqda.,actions steps,
miss,verb,A2,o'tkazib yubormoq tegmay qolmoq,пропустить,"To fail to hit, reach, or be present at something or a place.",mɪs,7250,actions,I was late for the station and managed to miss my morning train.,Bekatga kech qoldim va ertalabki poyezdimni o'tkazib yubordim.,fail lose,hit
chemical,noun,B2,kimyoviy modda,химикат,A substance that is produced by or used in a process involving chemistry.,ˈkɛm.ɪ.kəl,7252,ielts,Farmers often use chemical fertilizers to help their crops grow much faster.,Dehqonlar hosilini tezroq yetishtirish uchun ko'pincha kimyoviy o'g'itlardan foydalanadilar.,substance compound,
task,noun,B1,vazifa topshiriq,задание,A specific piece of work that you must do as part of your duty.,tɑːsk,7254,work,I need to complete this important task before the office closes today.,Ofis yopilguncha men bu muhim vazifani bajarib qo'yishim kerak.,duty job,
brought,verb,A2,olib keldi keltirdi,принес,Past tense and past participle of the verb to bring.,bɹɔːt,7256,actions,She brought a delicious cake to the party for everyone to share.,U kechaga hammaga tatib ko'rish uchun mazali tort olib keldi.,carried delivered,
himself,pronoun,A2,o'zi o'zini,себя,Used when the man or boy does something to his own person.,hɪmˈsɛlf,7258,basics,He looked at himself in the mirror to check his new tie.,U yangi galstugini tekshirish uchun ko'zguda o'ziga qaradi.,,
exercise,noun,A2,mashq jismoniy tarbiya,упражнение,Physical activity that you do to make your body strong and healthy.,ˈɛk.sə.saɪz,7262,body-health,Regular exercise is very important for maintaining a healthy lifestyle and mood.,Doimiy jismoniy mashqlar sog'lom turmush tarzi va kayfiyatni saqlash uchun juda muhimdir.,practice training,
bug,noun,B2,hasharot bezovta qilmoq,насекомое,A very small insect or a feeling of being bothered by someone.,bʌɡ,7264,animals,Stop trying to bug me while I am working on this report.,Men bu hisobot ustida ishlayotganimda meni bezovta qilishni to'xtat.,insect pest,
leader,noun,A2,yetakchi rahbar,лидер,A person who is in charge of a group or organization.,ˈliː.də(ɹ),7270,people-family,She is a great leader who inspires her whole team.,U o‘z jamoasini ilhomlantiradigan ajoyib yetakchi.,chief boss,follower
diamond,noun,B1,olmos brilliant,алмаз,"A very hard, valuable, clear stone used in expensive jewelry.",ˈdaɪ.ə.mənd,7272,describing,He gave his wife a beautiful diamond ring for her birthday.,U xotiniga tug‘ilgan kuni uchun chiroyli olmos uzuk sovg‘a qildi.,sparkler,
soft,adjective,A1,yumshoq mayin,мягкий,"Not hard and pleasant to touch, or having a low sound.",sɒft,7274,describing,The bed was very soft and comfortable to sleep on.,Karavot juda yumshoq va uxlash uchun qulay edi.,fluffy,hard
keyword,noun,B2,kalit so‘z,ключевое слово,A word that acts as a key to a code or database.,ˈkiː.wɜːd,7276,ielts,Please include a relevant keyword in your internet search query.,"Iltimos, internet qidiruviga tegishli kalit so‘zni kiriting.",password passcode,
flight,noun,A2,parvoz uchish,полёт,A journey made by flying in an aircraft or as a bird.,ˈflaɪ̯t,7278,travel,Our flight to London leaves at six o'clock this evening.,London tomon parvozimiz bugun kechqurun soat oltida uchadi.,,
congress,noun,C1,kongress majlis,конгресс,A large formal meeting for people to discuss and decide on important matters.,ˈkɑŋɡɹəs,7280,ielts,The national congress will meet next week to vote on new laws.,Milliy kongress yangi qonunlar bo'yicha ovoz berish uchun kelasi hafta yig'iladi.,assembly parliament,
fuel,noun,B1,yonilg'i yoqilg'i,топливо,"A substance like coal, gas, or oil that is burned to provide heat or power.",ˈfjuːəl,7282,nature,We need to find more fuel for the fire to stay warm.,Issiq qolish uchun olovga ko'proq yonilg'i topishimiz kerak.,,
produced,verb,B1,ishlab chiqarilgan tayyorlangan,произведённый,"Made or created something, especially in large quantities using machines.",pɹəˈd͡ʒuːst,7284,actions,This factory produced thousands of cars for the international market last year.,Bu zavod o'tgan yili xalqaro bozor uchun minglab avtomobillar ishlab chiqardi.,created manufactured,
paperback,noun,B2,yumshoq muqovali kitob,книга в мягкой обложке,"A book that has a thin, flexible paper cover instead of a hard one.",ˈpeɪ.pə.bæk,7288,home,I prefer buying a cheap paperback to read while traveling on the train.,Poyezdda sayohat qilayotganda o'qish uchun arzon yumshoq muqovali kitob sotib olishni afzal ko'raman.,,hardcover
classifieds,noun,B2,e'lonlar bo'limi,раздел частных объявлений,Small advertisements in a newspaper or website for selling things or finding jobs.,ˈklæsɪfaɪdz,7290,work,He found his new apartment by checking the newspaper classifieds every morning.,"U har kuni ertalab gazetadagi e'lonlar bo'limini tekshirib, yangi kvartirasini topdi.",advertisements ads,
wait,verb,A1,kutish kutmoq,ждать,To stay in one place until something happens or someone arrives.,weɪt,7292,basics,Please wait here until the doctor is ready to see you.,"Iltimos, shifokor sizni qabul qilishga tayyor bo'lguncha shu yerda kuting.",stay remain,
saint,noun,C1,avliyo,святой,A person who is officially recognized by a church for being very holy.,seɪnt,7294,people-family,People often visit the old church to pray to the patron saint.,Odamlar ko'pincha homiy avliyoga ibodat qilish uchun qadimiy cherkovga tashrif buyurishadi.,holy person,
rose,noun,A2,atirgul,роза,A beautiful garden flower that often has a sweet smell and sharp thorns.,ɹəʊz,7296,nature,She placed a single red rose in the glass vase on the table.,U stol ustidagi shisha vazaga bitta qizil atirgul qo'ydi.,,
freedom,noun,B1,ozodlik erkinlik,свобода,"The right and ability to do, say, or think what you want.",ˈfɹiː.dəm,7298,ielts,They fought for the freedom of their country and their people.,Ular o'z mamlakati va xalqi ozodligi uchun kurashdilar.,liberty independence,slavery
argument,noun,B1,dalil bahs,довод,A reason or set of reasons used to show that something is true or correct.,ˈɑːɡjʊmənt,7300,ielts,The professor provided a strong argument for changing the current school policy.,Professor joriy maktab siyosatini o'zgartirish uchun kuchli dalil keltirdi.,reason justification,
joint,adjective,B2,birgalikdagi umumiy,совместный,Involving two or more people or organizations working together on something.,d͡ʒɔɪnt,7304,work,The two companies made a joint decision to launch a new product together.,Ikki kompaniya birgalikda yangi mahsulotni chiqarish bo'yicha umumiy qaror qabul qildi.,mutual shared,
premium,adjective,B2,yuqori sifatli qimmat,премиальный,Of a very high quality and usually costing more than regular products.,ˈpɹiː.miː.əm,7306,ielts,The hotel offers a premium service for guests who want extra comfort.,Mehmonxona qo'shimcha qulaylik istagan mehmonlar uchun yuqori sifatli xizmatni taklif qiladi.,superior high-end,standard
fresh,adjective,A2,yangilangan yangi,свежий,"Recently made, picked, or harvested; not old, frozen, or spoiled.",fɹɛʃ,7308,food-drink,Nothing tastes better than fresh bread straight from the bakery oven.,Nonvoyxona o'chog'idan chiqqan yangi nondan mazaliroq narsa yo'q.,new recent,stale
attorney,noun,B2,advokat yurist,адвокат,A professional person trained to give legal advice and represent people in court.,əˈtɜːni,7310,work,She hired a skilled attorney to represent her in the legal case.,U sud ishida uni himoya qilish uchun malakali advokat yolladi.,lawyer counsel,
upgrade,verb,B1,yangilamoq takomillashtirmoq,модернизировать,To improve something by replacing old parts or software with newer and better ones.,ˈʌp.ɡɹeɪd,7312,work,I had to upgrade my computer to run the new video editing software.,Yangi video tahrirlash dasturini ishlatish uchun kompyuterimni yangilashim kerak edi.,improve update,downgrade
growing,adjective,A2,o'sib borayotgan kattalashayotgan,растущий,"Increasing in size, number, strength, or importance.",ˈɡɹoʊɪŋ,7314,describing,There is a growing interest in learning foreign languages among young people.,Yoshlar orasida chet tillarini o'rganishga bo'lgan qiziqish o'sib bormoqda.,increasing expanding,
thousands,noun,A2,minglar,тысячи,A very large number of people or things.,ˈθaʊzn̩dz,7316,basics,Thousands of people attended the concert in the city square last night.,Kechasi shahar maydonidagi konsertga minglab odamlar tashrif buyurdi.,,
stream,noun,B1,oqim ariq,поток,"A small, narrow river or a continuous flow of liquid, air, or data.",ˈstɹiːm,7318,nature,The cold water flowed down the mountain in a small clear stream.,Sovuq suv tog'dan kichik tiniq oqim bo'lib pastga oqdi.,flow river,
pick,verb,A2,tanlamoq uzmoq,выбирать,To choose someone or something from a group or to collect fruit/flowers.,pɪk,7320,actions,It is finally time to pick fresh apples from the tree in autumn.,Nihoyat kuzda daraxtdan yangi olmalarni uzish vaqti keldi.,choose select,
eastern,adjective,A2,sharqiy,восточный,Located in or facing the direction from which the sun rises.,ˈiː.stən,7322,places,Many people travel to the eastern part of the country for holidays.,Ko'p odamlar ta'til uchun mamlakatning sharqiy qismiga sayohat qilishadi.,,
entries,noun,B2,yozuvlar kiritilgan ma'lumotlar,записи,"Items such as words or figures written in a diary, list, or record book.",ˈentriz,7324,ielts,The dictionary contains many new entries related to modern internet technology.,Lug'atda zamonaviy internet texnologiyalariga oid ko'plab yangi yozuvlar mavjud.,records items,
upper,adjective,A2,yuqori,верхний,Situated at a higher position or level than something else.,ˈʌpə,7326,describing,We live in an apartment on the upper floor of this building.,Biz ushbu binoning yuqori qavatidagi kvartirada yashaymiz.,top higher,lower
administrative,adjective,B2,maʼmuriy boshqaruvga oid,административный,Relating to the work of managing or organizing a company or organization.,ədˈmɪn.ɪ.stɹə.tɪv,7328,ielts,The manager is responsible for all administrative tasks in the office.,Menejer ofisdagi barcha maʼmuriy vazifalar uchun javobgardir.,administrational,
serious,adjective,A2,jiddiy,серьёзный,Not joking or laughing; involving or deserving careful thought.,ˈsɪə̯.ɹi.əs,7330,feelings,This is a serious problem that we need to solve immediately.,Bu biz zudlik bilan hal qilishimiz kerak boʻlgan jiddiy muammo.,earnest solemn,
prime,adjective,B2,asosiy eng muhim,главный,"Main, or of the best quality and importance.",pɹaɪ̯m,7332,ielts,Our prime objective is to improve the quality of our services.,Bizning asosiy maqsadimiz xizmatlarimiz sifatini yaxshilashdir.,greatest main,
limit,noun,A2,chegara limit,лимит,The greatest or smallest amount of something that is allowed.,ˈlɪm.ɪt,7334,basics,There is a speed limit on this road for safety reasons.,Xavfsizlik nuqtayi nazaridan bu yoʻlda tezlik cheklovi mavjud.,bound restriction,
informed,adjective,B2,xabardor ma'lumotli,информированный,Having or showing knowledge of a particular subject or situation.,ɪnˈfɔɹmd,7336,ielts,An informed young man delivered a lecture on the history of modern art.,Xabardor yigit zamonaviy san'at tarixi haqida ma'ruza o'qidi.,abreast apprised,
creek,noun,B2,soy irmoq,ручей,A small stream of water that is smaller than a river.,ˈkɹiːk,7338,nature,We sat by the small creek and enjoyed the quiet afternoon sun.,"Biz kichik soy bo'yida o'tirib, tinch tushdan keyingi quyoshdan zavqlandik.",stream brook,
quantity,noun,B1,miqdor hajm,количество,An amount or a number of something that can be measured or counted.,ˈkwɒn.tɪ.ti,7340,ielts,You have to choose between quantity and quality in your daily work.,Kundalik ishingizda miqdor va sifat o'rtasida tanlov qilishingiz kerak.,amount measure,
myself,pronoun,A2,o'zim,сам себя,Used by a speaker to refer to their own person as the object.,maɪˈsɛlf,7342,basics,I taught myself how to speak a new foreign language this year.,Men bu yil yangi chet tilida gaplashishni o'zim o'rgandim.,,
platform,noun,B2,platforma minbar,платформа,A flat raised surface or an opportunity to express opinions.,ˈplætfɔːm,7344,ielts,This new talk show will give a platform to everyday men and women.,Bu yangi tok-shou oddiy erkaklar va ayollarga minbar beradi.,dais podium,
load,noun,B1,yuk tashish,груз,A heavy burden or a quantity of items being carried.,loʊd,7346,work,I struggled up the hill with the heavy load in my rucksack.,Ryukzagimda og'ir yuk bilan tepalikka ko'tarilishga qiynaldim.,burden weight,
affiliate,noun,C1,filial sherik,филиал,A small organization that is connected to a larger main group.,əˈfɪl.i.ət,7348,work,Our local TV channel is an official affiliate of the national network.,Bizning mahalliy telekanalimiz milliy tarmoqning rasmiy filiali hisoblanadi.,partner branch,
labor,noun,B2,mehnat ish,труд,Hard physical or mental work done to achieve a result.,ˈleɪ.bɚ,7350,ielts,The project required a lot of manual labor to complete on time.,Loyihani o'z vaqtida yakunlash uchun ko'p jismoniy mehnat talab qilindi.,work effort,leisure
admin,noun,B2,boshqaruv ma'muriy ish,административная работа,The routine work involved in managing an office or organization.,ˈædˌmɪn,7352,work,There is a lot of boring admin to do for this project.,Ushbu loyiha uchun juda ko'p zerikarli ma'muriy ishlar bor.,management,
defense,noun,B2,himoya mudofaa,защита,The act of protecting someone or something from being attacked or harmed.,dɪˈfɛns,7354,ielts,The country built strong walls for its own national defense.,Mamlakat o'z milliy mudofaasi uchun mustahkam devorlar qurdi.,protection,attack
tags,noun,B1,teglar yorliqlar,теги,Small labels or markers attached to things to provide information.,tæɡz,7356,work,Please add some relevant tags to your online post today.,Iltimos bugungi onlayn postingizga tegishli teglarni qo'shing.,labels markers,
heavy,adjective,A1,og'ir vazmin,тяжёлый,Weighing a lot and needing much strength to move or lift.,ˈhɛv.i,7358,describing,Can you help me move this heavy box into the house?,Ushbu og'ir qutini uyga ko'chirishga yordam bera olasizmi?,weighty,light
recovery,noun,B2,tuzalish tiklanish,восстановление,The process of returning to a normal state of health or strength.,ɹɪˈkʌvəɹi,7360,body-health,"After the long surgery, his recovery took almost three months.",Uzoq jarrohlik amaliyotidan so'ng uning tuzalishi deyarli uch oy davom etdi.,recuperation,
configuration,noun,C1,konfiguratsiya tuzilish,конфигурация,The way in which the parts of something are arranged or organized.,kənˌfɪɡ.əˈɹeɪ̯.ʃən,7364,ielts,The engineers changed the configuration of the system for better speed.,Muhandislar tizim tezligini oshirish uchun uning konfiguratsiyasini o'zgartirdilar.,arrangement structure,
merchant,noun,B2,savdogar tijoratchi,торговец,A person whose job is buying and selling products for profit.,ˈmɜːtʃənt,7366,work,The merchant sold spices and silks from across the distant seas.,Savdogar uzoq dengizlar ortidan keltirilgan ziravorlar va ipaklarni sotdi.,trader,
expert,noun,B1,mutaxassis ekspert,эксперт,A person who knows a lot about a specific subject or has great skill.,ˈɛk.spɜːt,7368,work,We called in several experts on the subject for their professional advice.,Biz mavzu bo‘yicha professional maslahat olish uchun bir nechta ekspertlarni chaqirdik.,specialist professional,amateur
universal,adjective,B2,universal umumjahon,всеобщий,True or existing everywhere and for everyone in the world.,ˌjuːnɪˈvɜːsl̩,7370,ielts,Climate change is a universal problem that affects every country on Earth.,Iqlim o‘zgarishi Yer yuzidagi har bir davlatga ta’sir qiluvchi umumjahon muammosidir.,global widespread,local
drop,verb,A2,tushirib yubormoq tushmoq,падать,To let something fall down from your hands by accident.,dɹɒp,7372,actions,I did not mean to drop my phone on the hard floor.,Men telefonimni qattiq polga tushirib yuborishni xohlamagan edim.,fall release,pick
solid,adjective,B1,qattiq mustahkam,твёрдый,Hard and firm; not a liquid or a gas.,ˈsɒl.ɪd,7374,describing,Almost all metals are solid at normal room temperature.,Deyarli barcha metallar xona haroratida qattiq holatda bo‘ladi.,hard firm,liquid
presentation,noun,B1,taqdimot,презентация,A talk giving information about something to a group of people.,ˌpɹɛzn̩ˈteɪʃn̩,7376,work,She gave a very interesting presentation about new marketing strategies yesterday.,U kecha yangi marketing strategiyalari haqida juda qiziqarli taqdimot o‘tkazdi.,speech display,
became,verb,A2,aylandi bo‘ldi,стал,To start to be something or to develop into a new state.,bɪˈkeɪm,7378,actions,It became very cold as soon as the sun went down.,Quyosh botishi bilan juda sovuq bo‘lib ketdi.,grew turned,
theme,noun,B1,mavzu,тема,"The main subject of a talk, book, movie, or conversation.",θiːm,7380,school,The main theme of the story is the importance of family love.,Hikoyaning asosiy mavzusi oilaviy muhabbatning muhimligidir.,topic subject,
rich,adjective,A2,boy badavlat,богатый,"Having a lot of money, property, or valuable possessions.",ˈɹɪt͡ʃ,7382,describing,He worked very hard for many years to become a rich man.,U boy odam bo'lish uchun ko'p yillar davomida juda qattiq ishladi.,wealthy affluent,poor
campaign,noun,B2,kampaniya tashviqot,кампания,A series of organized activities intended to achieve a specific goal.,kæmˈpeɪn,7384,ielts,The political party started a new campaign to improve local schools.,Siyosiy partiya mahalliy maktablarni yaxshilash uchun yangi kampaniya boshladi.,drive movement,
improvement,noun,B1,yaxshilanish rivojlanish,улучшение,The process of making something better than it was before.,ɪmˈpɹuːvmənt,7386,ielts,There has been a big improvement in his English writing skills lately.,Oxirgi paytlarda uning ingliz tilida yozish ko'nikmalarida katta yaxshilanish bor.,betterment advance,
guitar,noun,A1,gitara,гитара,A musical instrument with strings that you play with your fingers or pick.,ɡɪˈtɑː,7388,basics,She likes to play her acoustic guitar in the park every weekend.,U har dam olish kuni parkda akustik gitarada chalishni yaxshi ko'radi.,,
spirit,noun,B2,ruh kayfiyat,дух,The part of a person that consists of their character and feelings.,ˈspɪɹɪt,7390,ielts,The team showed a great spirit during the difficult final match.,Jamoa qiyin final o'yini davomida ajoyib ruh namoyish etdi.,soul essence,
acceptance,noun,B2,qabul qilish rozilik,принятие,The act of agreeing to something or saying yes to an offer.,əkˈsɛp.təns,7392,ielts,He waited for her acceptance of the job offer with great excitement.,U ish taklifini qabul qilishini katta hayajon bilan kutdi.,agreement approval,rejection
strategies,noun,B2,strategiyalar rejalar,стратегии,Careful plans used to achieve a particular goal over a long period.,ˈstɹæt.ɪ.d͡ʒiz,7394,ielts,The company developed new strategies to improve its sales in the region.,Kompaniya mintaqada savdoni yaxshilash uchun yangi strategiyalarni ishlab chiqdi.,plans tactics,
seem,verb,A2,ko'rinmoq tuyulmoq,казаться,To appear to be something or to have a particular quality.,ˈsiːm,7396,describing,You seem very tired after working all day in the hot sun.,Issiq quyosh ostida butun kun ishlaganingizdan keyin juda charchagan ko'rinasiz.,appear look,
affairs,noun,B2,ishlar yumushlar,дела,Matters or situations that a person is involved in or responsible for.,əˈfɛɹz,7398,ielts,He decided to manage his personal affairs before starting the new job.,U yangi ishni boshlashdan oldin o'z shaxsiy ishlarini tartibga solishga qaror qildi.,matters business,
touch,verb,A1,tegmoq ushlamoq,трогать,To put your hand or another part of your body on something.,tʌt͡ʃ,7400,actions,Please do not touch the painting while we are in the museum.,Muzeyda bo'lganimizda iltimos rasmga tegmang.,contact feel,
intended,adjective,B2,mo'ljallangan rejalashtirilgan,предназначенный,Something that was planned or designed for a specific purpose.,ɪnˈtɛndɪd,7402,ielts,The medicine did not have the intended effect on the patient's condition.,Dori bemorning holatiga mo'ljallangan ta'sirni ko'rsatmadi.,planned meant,
towards,preposition,A2,tomon sari,к,In the direction of a place or person.,təˈwɔːdz,7404,places,She walked towards the station as the train was about to leave.,Poyezd jo'nash arafasida bo'lgani uchun u stansiya tomon yurdi.,toward,
hire,verb,B1,yollamoq ijaraga olmoq,нанимать,To pay someone to work for you or to pay to use something.,ˈhaɪ(.)ə,7406,work,They decided to hire a new assistant to help with the office work.,Ular ofis ishlariga yordam berish uchun yangi yordamchi yollashga qaror qilishdi.,employ rent,
election,noun,B1,saylov,выборы,The process of choosing a leader or representative by voting.,ɪˈlɛkʃ(ə)n,7408,ielts,The parliamentary election will be held in March this year.,Parlament saylovi joriy yilning mart oyida bo'lib o'tadi.,vote poll,
branch,noun,B1,shox tarmoq,ветвь,A part of a tree that grows out from the main trunk.,bɹɑːnt͡ʃ,7410,nature,The bird sat on a small branch of the oak tree.,Qush eman daraxtining kichik bir shoxida o'tiribdi.,arm bough,
serve,verb,A2,xizmat qilmoq taqdim etmoq,служить,To provide food or drink to people in a restaurant or home.,sɜːv,7412,actions,They usually serve breakfast until ten o'clock in the morning.,Ular odatda ertalab soat o'ngacha nonushta taqdim etishadi.,provide offer,
magic,noun,B1,sehr jodu,магия,The art of performing tricks that seem impossible or supernatural.,ˈmad͡ʒɪk,7414,describing,The children enjoyed watching the magic show at the party.,Bolalar bazmdagi sehrli tomoshani ko'rib zavqlanishdi.,witchcraft illusion,
mount,verb,B2,o'rnatmoq chiqmoq,взбираться,To climb up or get onto something.,maʊnt,7416,actions,He had to mount the stairs to reach the top floor.,Yuqori qavatga chiqish uchun u zinapoyadan ko'tarilishi kerak edi.,ascend climb,dismount
smart,adjective,A2,aqlli zakovatli,умный,Having or showing a quick-witted or clever mind.,smɑːt,7418,describing,She is a very smart student who always finishes her work.,U har doim ishini o'z vaqtida tugatadigan juda aqlli talaba.,bright capable,stupid
multimedia,noun,B2,multimedia,мультимедиа,"The use of computers to present text, graphics, video, and sound together.",mʌltiˈmiːdi.ə,7420,work,The presentation used multimedia to make the lesson more interesting.,Taqdimot darsni qiziqarliroq qilish uchun multimediyadan foydalandi.,,
certified,adjective,B2,sertifikatlangan tasdiqlangan,сертифицированный,Officially recognized as possessing certain qualifications or meeting standards.,ˈsɜː.tɪ.faɪd,7422,work,You need a certified accountant to prepare your tax documents.,Soliq hujjatlaringizni tayyorlash uchun sizga sertifikatlangan buxgalter kerak.,approved licensed,
rank,noun,B2,daraja unvon,ранг звание,A position in an order of importance or quality.,ˈɹæŋk,7424,describing,She reached the rank of captain after ten years of service.,U o'n yillik xizmatdan so'ng kapitan unvoniga erishdi.,stinky smelly,
computing,noun,B2,hisoblash kompyuterlash,вычислительная техника,The study of using computers and computer programming.,kəmˈpjuːtɪŋ,7426,school,She decided to study computing at university to become a programmer.,U dasturchi bo'lish uchun universitetda kompyuter fanlarini o'qishga qaror qildi.,,
birth,noun,A2,tug'ilish,рождение,The time when a baby is born.,bɜːθ,7428,people-family,The birth of her daughter was the happiest moment of her life.,Qizining tug'ilishi uning hayotidagi eng baxtli lahza edi.,,
virus,noun,B1,virus,вирус,A very small living thing that causes disease in humans or animals.,ˈvaɪ.ɹəs,7430,body-health,He caught a flu virus and had to stay home from school.,U gripp virusini yuqtirib oldi va maktabga bormay uyda qolishga majbur bo'ldi.,,
abuse,noun,B2,suiste'mol suiiste'molchilik,злоупотребление,"Cruel, violent, or unfair treatment of a person or animal.",əˈbjuːs,7432,ielts,Society must work together to stop the abuse of human rights.,Inson huquqlarining poymol etilishiga chek qo'yish uchun jamiyat birgalikda harakat qilishi kerak.,maltreatment,
interactive,adjective,B2,interaktiv,интерактивный,Involving two-way communication between a user and a computer system.,ˌɪn.təˈɹæk.tɪv,7434,ielts,The teacher used an interactive whiteboard to make the lesson more fun.,O'qituvchi darsni qiziqarliroq qilish uchun interaktiv doskadan foydalandi.,,
separate,adjective,A2,alohida,отдельный,Not connected or joined to anything else.,ˈsɛp.(ə.)ɹət,7436,describing,Please keep your dirty clothes in a separate bag from clean ones.,"Iltimos, kir kiyimlaringizni toza kiyimlardan alohida xaltaga soling.",apart distinct,united
quarter,noun,A2,chorak,четверть,One of four equal parts of something.,ˈk(w)ɔː.tə,7438,time,We still have a quarter of the cake left for tomorrow morning.,Ertangi tong uchun tortning hali chorak qismi qoldi.,fourth,
leadership,noun,B2,rahbarlik yetakchilik,руководство,The ability to guide or direct other people in a group or organization.,ˈlidɚʃɪp,7440,ielts,Strong leadership is essential for the success of any large business project.,Har qanday yirik biznes loyihasi muvaffaqiyati uchun kuchli yetakchilik muhimdir.,management direction,
religious,adjective,B1,diniy,религиозный,Relating to or believing in a particular religion or god.,ɹɪˈlɪd͡ʒ.əs,7442,ielts,The city has many beautiful religious buildings that date back centuries.,Shaharda asrlar oldin qurilgan ko'plab go'zal diniy binolar mavjud.,spiritual,secular
kong,noun,C2,to'rtlik,конг,A set of four matching tiles in the game of Mahjong.,kɒŋ,7444,ielts,She declared a kong to gain an advantage in the mahjong game.,U majong o'yinida ustunlikka erishish uchun to'rtlik e'lon qildi.,quad four-of-a-kind,
column,noun,B1,ustun,колонка,A vertical line of numbers or words on a page or table.,ˈkɒləm,7446,work,Please write your answers in the second column of the table provided.,"Iltimos, javoblaringizni taqdim etilgan jadvalning ikkinchi ustuniga yozing.",pillar vertical,
faith,noun,B2,ishonch e'tiqod,вера,A strong belief or trust in someone or something without needing proof.,feɪθ,7448,ielts,I have full faith that he will complete the task on time.,U topshiriqni o'z vaqtida bajarishiga to'liq ishonchim komil.,belief trust,
chain,noun,A2,zanjir,цепь,A series of connected metal rings used for fastening or supporting things.,ˈt͡ʃeɪn,7450,home,He fastened his bicycle to the pole with a heavy metal chain.,U velosipedini og'ir metall zanjir bilan ustunga bog'lab qo'ydi.,link series,
developer,noun,B2,ishlab chiquvchi,разработчик,"A person or company that creates new products, software, or buildings.",dɪˈvɛləpə(ɹ),7452,work,The software developer fixed the bugs in the new mobile application update.,Dasturiy ta'minot ishlab chiquvchisi yangi mobil ilova yangilanishidagi xatolarni tuzatdi.,creator programmer,
avenue,noun,B2,prospekt xiyobon,проспект,"A wide, straight road in a city, often with trees along the sides.",ˈæv.əˌnjuː,7454,places,We took a long walk down the main avenue during the afternoon.,Biz tushdan keyin asosiy prospekt bo'ylab uzoq sayr qildik.,boulevard street,
approximately,adverb,B1,taxminan chamasi,приблизительно,"Close to a particular number or time, but not exactly that number or time.",əˈpɹɑk.sɪ.mət.li,7456,describing,The meeting will take approximately one hour to finish this afternoon.,Uchrashuv bugun tushdan keyin taxminan bir soat davom etadi.,about around,accurately
sitemap,noun,B2,sayt xaritasi,карта сайта,A list of all the pages that make up a website for navigation.,ˈsaɪtˌmæp,7458,work,You can find all the pages by looking at the website sitemap.,Veb-sayt xaritasiga qarab barcha sahifalarni topishingiz mumkin.,,
recommendations,noun,B1,tavsiyalar,рекомендации,Suggestions about the best way to do something or which choice to make.,ˌɹɛkəmɛnˈdeɪʃənz,7460,ielts,The teacher gave us many useful recommendations for our final project.,O'qituvchi yakuniy loyihamiz uchun bizga ko'plab foydali tavsiyalar berdi.,suggestions advice,
reach,verb,A2,yetib bormoq uzatmoq,достигать,To stretch out your arm in order to touch or take something.,ɹiːt͡ʃ,7462,actions,Could you please reach me that book from the high shelf?,"Iltimos, baland javondan o'sha kitobni menga uzatib yubora olasizmi?",stretch extend,
mental,adjective,B1,aqliy ruhiy,умственный,Relating to the health or state of the human mind.,ˈmɛn.təl,7464,body-health,It is important to look after your mental health every single day.,Har kuni ruhiy sog'lig'ingizga e'tibor berish juda muhimdir.,intellectual psychological,physical
inch,noun,B1,dyuym,дюйм,A unit of measurement equal to about 2.54 centimeters.,ɪnt͡ʃ,7466,describing,The water level rose by every inch during the heavy rainstorm.,Kuchli yomg'ir paytida suv sathi har bir dyuymga ko'tarildi.,,
attack,verb,B1,hujum qilmoq tashlanmoq,атаковать,To try to hurt or damage someone or something with force.,əˈtæk,7468,actions,This species of snake will only attack humans if it feels threatened.,Ilanning bu turi faqat o'zini xavf ostida his qilsagina odamlarga hujum qiladi.,savage,
sorry,adjective,A1,afsusda uzr so'raydigan,простите,Feeling sad or regretful because you did something wrong.,ˈsɒɹi,7470,feelings,I am sorry I stepped on your toes. It was an accident.,Oyoq bosganim uchun uzr so'rayman. Bu tasodif edi.,apologetic,
lab,noun,B1,laboratoriya,лаборатория,A room or building used for scientific tests and experiments.,læb,7472,school,"I dropped my mixture while doing my lab, so I had to start over.",Laboratoriya ishini bajarayotganimda aralashmamni to'kib yubordim va boshidan boshlashga to'g'ri keldi.,,
reserve,verb,B2,band qilmoq saqlab qo'ymoq,резервировать,To keep something for a special use or for a specific person.,ɹɪˈzɝv,7474,actions,Please reserve me a parking space if you can.,Iltimos iloji bo'lsa men uchun avtoturargohdan joy band qilib qo'ying.,hold save,
gamma,noun,C1,gamma,гамма,The third letter of the Greek alphabet or a type of powerful ray.,ˈɡæ.mə,7476,ielts,Gamma rays are often used in medical treatments to fight disease.,Gamma nurlari ko'pincha kasalliklarni davolash uchun tibbiyotda ishlatiladi.,,
plastic,noun,A2,plastmassa plastik,пластик пластмасса,A light artificial material used to make many everyday objects.,ˈplæstɪk,7478,describing,Most water bottles are made of cheap plastic these days.,Hozirgi kunda ko'pchilik suv idishlari arzon plastmassadan yasaladi.,malleable flexible,elastic
produce,verb,B2,ishlab chiqarmoq yaratmoq,производить,"To make, create, or manufacture something, usually in large quantities.",pɹəˈd͡ʒuːs,7480,work,This factory will produce enough cars to meet the rising demand.,Ushbu zavod oshayotgan talabni qondirish uchun yetarlicha mashina ishlab chiqaradi.,make generate,destroy
truth,noun,A2,haqiqat rost,правда,The quality of being in accordance with fact or reality.,tɹuːθ,7482,describing,You should tell the truth about what happened yesterday at school.,Sen kecha maktabda nima bo‘lgani haqida rostini aytishing kerak.,reality fact,lie
counter,noun,B1,peshtaxta hisoblagich,прилавок,A long flat surface in a shop where customers are served.,ˈkaʊn.tə,7484,home,The cashier placed the items on the wooden counter for me.,Kassir buyumlarni mening oldimdagi yog‘och peshtaxtaga qo‘ydi.,surface desk,
failure,noun,B2,muvaffaqiyatsizlik omadsizlik,неудача,A situation where something does not succeed or ends badly.,ˈfeɪ.ljə,7486,ielts,His failure to complete the project resulted in a lower grade.,Loyiha yakunlanmagani bois uning bahosi pasayib ketdi.,defeat loss,success
weekend,noun,A1,dam olish kunlari,выходные,"Saturday and Sunday, the two days of the week when people usually do not work.",wiːˈkɛnd,7488,time,I usually visit my grandparents at the weekend with my parents.,Men odatda dam olish kunlari ota-onam bilan bobomnikiga boraman.,,
dollar,noun,A1,dollar,доллар,"The main unit of money in the USA, Canada, and several other countries.",ˈdɒl.ə,7490,basics,The book costs only five dollars at the local airport bookstore.,Bu kitob mahalliy aeroport do‘konida atigi besh dollar turadi.,buck,
automatically,adverb,B2,avtomatik tarzda,автоматически,Happening without the need for human control or manual effort.,ˈɔːtəʊˌmæt.ɪ.k(ə.)li,7492,actions,The door opens automatically when you walk toward the main entrance.,"Asosiy eshikka qarab yursangiz, u avtomatik tarzda ochiladi.",mechanically,
native,adjective,B2,mahalliy tug'ma,родной,Connected with the place where you were born or have lived since birth.,ˈneɪtɪv,7496,describing,"English is not my native language, but I speak it quite well.","Ingliz tili mening ona tilim emas, lekin men uni juda yaxshi bilaman.",local indigenous,foreign
fill,verb,A2,to'ldirmoq,наполнять,To make a container or space become completely full of something.,fɪl,7498,actions,Please fill the bucket with water before you start cleaning the floor.,Iltimos polni tozalashni boshlashdan oldin chelakni suv bilan to'ldiring.,load pack,empty
movement,noun,B1,harakat,движение,The act of changing position or moving from one place to another.,ˈmuːv.mənt,7500,actions,I saw a sudden movement in the grass near the old tree.,Men eski daraxt yaqinidagi o'tlar orasida to'satdan harakatni ko'rib qoldim.,motion,stasis
baseball,noun,B1,beysbol,бейсбол,A ball game played between two teams who hit a ball and run around bases.,ˈbeɪs.bɔːl,7502,travel,My brother loves to play baseball with his friends on the weekend.,Akam dam olish kunlari do'stlari bilan beysbol o'ynashni yaxshi ko'radi.,,
owned,adjective,B1,egalik qilinadigan,владеемый,Having an owner or belonging to a specific person or organization.,əʊnd,7504,ielts,This is a family-owned business that has been running for many years.,Bu ko'p yillardan beri faoliyat yuritib kelayotgan oilaviy biznes.,possessed held,
approval,noun,B2,tasdiq ma'qullash,одобрение,The feeling that something or someone is good or acceptable.,əˈpɹuːvəl,7506,ielts,We are still waiting for official approval from the city council manager.,Biz hali ham shahar kengashi rahbaridan rasmiy tasdiq kutmoqdamiz.,consent agreement,disapproval
draft,verb,B2,qoralama yozmoq,черновик,To write the first version of a document or plan.,dɹɑːft,7508,work,I need to draft a report before the meeting starts tomorrow morning.,Ertaga ertalab majlis boshlanishidan oldin hisobotning qoralama nusxasini yozishim kerak.,outline prepare,
chart,noun,B1,grafik jadval,график,A drawing that shows information using lines or boxes in a clear way.,t͡ʃɑɹt,7510,work,The sales team created a new chart to show our monthly profit.,Sotuv guruhi bizning oylik foydamizni ko'rsatish uchun yangi grafik yaratdi.,graph diagram,
equal,adjective,A2,teng barobar,равный,"Being the same in size, amount, degree, or value as something else.",ˈiːkwəl,7512,describing,She believes that all people should have equal rights in our society.,U jamiyatimizda barcha insonlar teng huquqlarga ega bo'lishi kerak deb hisoblaydi.,equivalent same,unequal
adventure,noun,A2,sarguzasht,приключение,An exciting or unusual experience that involves some risk or danger.,ədˈvɛn.t͡ʃə,7514,travel,Traveling across the mountains was a real adventure for our small team.,Tog'lar bo'ylab sayohat qilish kichik jamoamiz uchun haqiqiy sarguzasht bo'ldi.,journey expedition,
profit,noun,B1,foyda daromad,прибыль,The money earned from a business after all costs are paid.,ˈpɹɒfɪt,7516,work,The small company made a huge profit after selling their new software.,Kichik kompaniya o'zining yangi dasturiy ta'minotini sotgandan so'ng katta foyda ko'rdi.,gain benefit,loss
institutions,noun,B2,muassasalar tashkilotlar,учреждения,"Large organizations, such as universities or banks, that have a specific purpose.",ˌɪn.stɪˈtjuː.ʃənz,7518,ielts,Educational institutions play a very important role in developing our local community.,Ta'lim muassasalari mahalliy hamjamiyatimizni rivojlantirishda juda muhim rol o'ynaydi.,organizations establishments,
assistant,noun,A2,yordamchi assistent,помощник,A person who helps someone else with their work.,əˈsɪstənt,7520,work,My assistant helps me organize all the files for the meeting.,Yordamchim yig'ilish uchun barcha hujjatlarni tartibga solishga yordam beradi.,helper aide,manager
variable,adjective,B2,o'zgaruvchan beqaror,переменный,Likely to change often or be different in amount or type.,[ˈvɛə.ɹi.ə.bl̩],7522,ielts,The weather in this region is very variable throughout the year.,Bu mintaqada ob-havo yil davomida juda o'zgaruvchan.,changeable unstable,constant
advertisement,noun,A2,reklama e'lon,реклама,"A picture, short film, or text used to persuade people to buy products.",ədˈvɜːtɪsmənt,7524,work,I saw an advertisement for a new car in the magazine.,Men jurnalda yangi mashina uchun reklama ko'rdim.,ad commercial,
wholesale,noun,B2,ulgurji,оптовая торговля,The business of selling goods in large quantities to shops for resale.,ˈhoʊlseɪl,7526,work,They buy furniture at wholesale prices and sell them to customers.,"Ular mebelni ulgurji narxlarda sotib olib, xaridorlarga sotishadi.",bulk,retail
workshop,noun,B1,seminar mahorat darsi,семинар,A meeting where people discuss or learn about a subject through practical work.,ˈwɜːk.ʃɒp,7528,school,We attended a creative writing workshop to improve our storytelling skills.,Biz hikoya qilish qobiliyatimizni oshirish uchun ijodiy yozish seminari-da qatnashdik.,seminar training,
extension,noun,B2,kengaytirish uzaytirish,расширение,"The act of making something longer, larger, or adding a new part to it.",ɪkˈstɛnʃən,7530,ielts,We are planning an extension to our house to get more space.,Ko'proq joy olish uchun uyimizga qo'shimcha bino qurishni rejalashtiryapmiz.,expansion enlargement,reduction
seattle,noun,B1,Sietl,Сиэтл,A large city in the northwest of the United States known for its rainy weather.,siˈætəl,7532,places,Many famous technology companies have their main offices in Seattle.,Ko'plab mashhur texnologiya kompaniyalarining asosiy ofislari Sietlda joylashgan.,,
golden,adjective,A2,tilla oltin,золотой,Made of gold or having the bright yellow color of gold.,ˈɡəʊl.dən,7534,describing,The sunset gave the mountains a beautiful golden glow.,Quyosh botishi tog'larga chiroyli tillarang nurlar bag'ishladi.,gilded,
completely,adverb,A2,butunlay tamoman,совершенно,In every way or as much as possible; totally.,kəmˈpliːtli,7536,describing,I completely forgot that we had a meeting this morning.,Bu ertalab yig'ilishimiz borligini butunlay esdan chiqaribman.,totally entirely,partially
fort,noun,B2,qal'a istehkom,форт,A strong building or group of buildings used by soldiers for defense.,fɔɹt,7538,places,The soldiers stood guard outside the walls of the old fort.,Askarlar eski qal'a devorlari tashqarisida navbatchilik qilishdi.,fortress stronghold,
senate,noun,C1,senat,сенат,The upper house of the government in some countries that helps make laws.,ˈsɛnɪt,7540,ielts,The Senate voted to approve the new economic law yesterday.,Senat kecha yangi iqtisodiy qonunni tasdiqlash uchun ovoz berdi.,legislature parliament,
funny,adjective,A1,kulgili hazilkash,смешной,Something that makes you smile or laugh because it is humorous.,ˈfʌn.i,7542,feelings,He told a very funny story that made everyone laugh out loud.,U hamma qah-qah urib kuladigan juda kulgili hikoya aytib berdi.,amusing humorous,serious
portable,adjective,B1,ko'chma yengil,портативный,Light and small enough to be carried or moved easily.,ˈpɔː(ɹ)təbəl,7544,describing,This portable radio is perfect for taking on camping trips.,Bu ko'chma radio lagerga sayohat qilish uchun juda mos keladi.,transportable movable,
tried,verb,A2,harakat qildi urindi,попытался,Made an attempt to do something difficult or to achieve a goal.,tɹaɪd,7546,actions,"I tried to open the window, but it was stuck shut.","Men derazani ochishga harakat qildim, lekin u qotib qolgandi.",attempted,
electrical,adjective,B1,elektr,электрический,Connected with or using electricity.,ɪˈlɛktɹɪkəl,7548,describing,You need an electrical expert to fix the broken wall socket.,Buzilgan rozetkani tuzatish uchun sizga elektr ustasi kerak.,,nonelectrical
disc,noun,B2,disk,диск,"A thin, flat, round object.",dɪsk,7550,describing,"The music was stored on a small, shiny plastic disc.","Musiqa kichik, yaltiroq plastik diskda saqlangan edi.",,
pattern,noun,B1,naqsh shakl,узор,A repeated decorative design or a regular way something happens.,ˈpæ̞t(ə)n,7552,describing,The carpet has a beautiful blue and white flower pattern.,Gilamda chiroyli ko'k va oq gulli naqsh bor.,design model,
theatre,noun,A2,teatr,театр,A building where plays or movies are shown to an audience.,ˈθɪətə,7554,places,We are going to the theatre to see a new play.,Biz yangi spektakl ko'rish uchun teatrga boryapmiz.,,
laser,noun,B2,lazer,лазер,"A device that creates a very strong, narrow beam of light.",ˈleɪz.ə(ɹ),7556,ielts,The surgeon used a laser to perform the delicate eye operation.,Jarroh nozik ko'z operatsiyasini bajarish uchun lazerdan foydalandi.,,
earlier,adjective,A2,oldinroq,раньше,Happening before the present time or before a specific event.,ˈɝliɚ,7558,time,I finished my work much earlier than I expected today.,Bugun ishimni kutganimdan ancha oldinroq tugatdim.,sooner,later
sponsor,noun,B2,homiy,спонсор,A person or company that gives money to support an activity or event.,ˈspɒn.səː,7560,work,The sports event has a major sponsor from the clothing industry.,Sport tadbirining kiyim-kechak sanoatidan yirik homiysi bor.,patron underwriter,
classical,adjective,B2,klassik,классический,Relating to music or art that has traditional value and has been popular for a long time.,ˈklæs.ɪ.k(ə)l,7562,ielts,She enjoys listening to classical music while she studies in the library.,U kutubxonada dars qilayotganda klassik musiqani tinglashni yoqtiradi.,traditional conventional,modern
icon,noun,B2,timsol ramz,икона,A famous person or thing that is considered a very good example of something.,ˈaɪ.kɒn,7564,ielts,He is a global icon in the world of modern fashion design.,U zamonaviy moda olamidagi jahon miqyosidagi timsoldir.,archetype,
warranty,noun,B2,kafolat,гарантия,A written promise to repair or replace a product if it stops working correctly.,ˈwɔɹ.ən.ti,7566,work,Make sure the warranty covers the cost of parts and labor for repairs.,Kafolat ta’mirlash uchun ehtiyot qismlar va ish haqini qoplashiga ishonch hosil qiling.,guarantee,
direction,noun,A2,yo'nalish tomon,направление,The path or way along which something moves or points.,dɪˈɹɛk.ʃən,7568,places,Please tell me which direction I should take to reach the train station.,"Iltimos, temir yo'l stansiyasiga borish uchun qaysi yo'nalishdan ketishim kerakligini ayting.",,
harry,verb,C2,bezovta qilmoq qiynamoq,изматывать,To keep attacking someone or creating problems for them continuously.,ˈhæɹi,7570,actions,The attackers continued to harry the village until the soldiers arrived for help.,Hujumchilar askarlar yordamga kelguniga qadar qishloqni bezovta qilishda davom etishdi.,harass,
basketball,noun,A1,basketbol,баскетбол,A game where two teams try to put a ball through a high hoop.,ˈbɑːs.kɪt.bɔːl,7572,basics,My brother plays basketball with his friends at the park every Sunday.,Akam har yakshanba parkda do'stlari bilan basketbol o'ynaydi.,,
delete,verb,A2,o'chirmoq,удалять,To remove information or data from a computer or piece of paper.,dɪˈliːt,7574,work,You should delete the old files to make space on your hard drive.,Qattiq diskda joy bo'shatish uchun eski fayllarni o'chirib tashlashingiz kerak.,erase clear,insert
assembly,noun,B2,yig'ilish majlis,собрание,A group of people gathered together in one place for a specific purpose.,əˈsɛmb.lɪ,7576,ielts,The whole school met in the hall for a morning assembly.,Butun maktab ertalabki yig'ilish uchun zalda to'plandi.,gathering,
nuclear,adjective,B2,yadroviy,ядерный,Relating to energy produced by splitting the center of an atom.,ˈn(j)u.kli.ɚ,7578,ielts,Many countries are looking for alternatives to nuclear power energy.,Ko'pgina davlatlar yadroviy energiya manbalariga muqobillar qidirmoqda.,,
signal,noun,B1,signal ishora,сигнал,A sound or action that sends a message or information to someone.,ˈsɪɡnəl,7580,basics,He gave a signal with his hand to stop the traffic.,U transportni to'xtatish uchun qo'li bilan ishora qildi.,sign gesture,
criminal,noun,B1,jinoyatchi,преступник,A person who has broken the law or committed a crime.,ˈkɹɪm.ɪ.nəl,7582,ielts,The police finally caught the dangerous criminal after a long search.,Politsiya uzoq qidiruvdan so'ng nihoyat xavfli jinoyatchini qo'lga oldi.,offender lawbreaker,
brain,noun,A2,miya,мозг,The organ inside your head that controls your body and thinking.,ˈbɹeɪ̯n,7584,body-health,The human brain is a very complex and amazing organ.,Inson miyasi juda murakkab va ajoyib a'zodir.,,
sexual,adjective,B2,jinsiy,сексуальный,Relating to the biological differences between males and females.,sɛk.ʃuː.əl,7586,body-health,The program aims to provide better sexual education to teenagers.,Dastur o'smirlarga yaxshiroq jinsiy ta'lim berishni maqsad qilgan.,,asexual
powerful,adjective,A2,kuchli qudratli,мощный,"Having a lot of strength, influence, or control over something.",ˈpaʊəfl̩,7588,describing,The engine of this new car is very powerful and fast.,Bu yangi mashinaning dvigateli juda kuchli va tez.,strong,weak
dream,noun,A2,tush orzu,мечта,A series of images and thoughts that happen in your mind while you are sleeping.,dɹiːm,7590,feelings,I had a strange dream about flying over the ocean last night.,O'tgan tuni dengiz ustidan uchayotganim haqida g'alati tush ko'rdim.,vision,
false,adjective,B1,noto'g'ri yolg'on,ложный,Not true or correct.,fɔːls,7592,describing,The witness gave false information to the police during the investigation.,Guvoh tergov davomida politsiyaga yolg'on ma'lumot berdi.,erroneous incorrect,true
cast,verb,B2,yubormoq tashlamoq,бросать,To throw something in a specific direction.,kɑːst,7594,actions,She cast a quick look at the clock before leaving the room.,U xonadan chiqishdan oldin soatga bir zum ko'z tashladi.,throw toss,
personnel,noun,B2,xodimlar personal,персонал,The people who work for an organization or company.,pɝ.səˈnɛl,7596,work,The company needs to hire more personnel to manage the new project.,Kompaniyaga yangi loyihani boshqarish uchun ko'proq xodimlar yollash kerak.,staff employees,
supplied,verb,B1,ta'minlangan yetkazib berilgan,поставленный,Provided or given something that is needed.,səˈplaɪd,7598,ielts,The local farm supplied fresh vegetables to the school kitchen every week.,Mahalliy ferma har hafta maktab oshxonasini yangi sabzavotlar bilan ta'minladi.,provided delivered,
identified,verb,B2,aniqlangan belgilangan,опознанный,Recognized or proven who or what someone or something is.,aɪˈdɛn.tɪ.faɪd,7600,ielts,The researchers identified the cause of the disease after many years of study.,Tadqiqotchilar ko'p yillik izlanishlardan so'ng kasallik sababini aniqladilar.,recognized detected,
soul,noun,B2,ruh jon,душа,"The spiritual part of a person, believed to exist after the body dies.",səʊl,7602,ielts,They believe that the soul lives on forever after the body dies.,Ular tana o'lgandan keyin ruh abadiy yashashiga ishonishadi.,spirit essence,
Hawaii,noun,A1,Gavayi,Гавайи,A group of islands in the Pacific Ocean that is a state of the USA.,həˈwaɪiː,7604,travel,We are planning to spend our summer vacation in beautiful Hawaii.,Biz yozgi ta'tilimizni go'zal Gavayi orollarida o'tkazishni rejalashtiryapmiz.,,
flag,noun,A2,bayroq tug,флаг,A piece of cloth with a design used as a symbol for a country.,ˈflæɡ,7606,places,The flag of France has three vertical stripes.,Fransiya bayrog'i uchta vertikal chiziqdan iborat.,banner ensign,
advantage,noun,B1,afzallik ustunlik,преимущество,A condition that helps you to be more successful than others.,ədˈvɑːn.tɪd͡ʒ,7608,ielts,The enemy had the advantage of a more elevated position.,Dushman balandroq joylashuv afzalligiga ega edi.,edge benefit,disadvantage
hello,interjection,A1,salom assalomu-alaykum,привет,A word that you say when you meet someone or answer the phone.,hɛˈloʊ,7610,basics,"Hello, everyone. I am happy to see you all today.",Salom hammaga. Bugun barchangizni ko'rganimdan xursandman.,hi greetings,goodbye
tourism,noun,B1,turizm sayyohlik,туризм,The business of organizing travel and visits to interesting places for holidays.,ˈtɔːɹɪzəm,7612,travel,Tourism brings a lot of tax revenue to the area.,Turizm hududga ko'plab soliq daromadlarini olib keladi.,travel sightseeing,
clips,noun,B1,klip lavha,клипы,Short parts of a film or a television program.,klɪps,7614,actions,I watched several short clips from the new action movie.,Men yangi jangari filmdan bir nechta qisqa lavhalarni tomosha qildim.,segments footage,
savings,noun,B1,jamg'arma tejov,сбережения,The money that you have kept in a bank account over time.,ˈseɪvɪŋz,7616,work,She used her life savings to buy a small house.,U o'zining umr bo'yi yig'gan jamg'armasini kichik uy sotib olish uchun ishlatdi.,funds reserves,debt
graphic,adjective,B2,grafik tasviriy,графический,"Connected with drawings, pictures, or computers designs.",ˈɡɹæfɪk,7618,ielts,The design team has created a new graphic for the website.,Dizayn jamoasi veb-sayt uchun yangi grafik yaratdi.,pictorial visual,
atom,noun,B2,atom,атом,The smallest unit of matter that makes up a chemical element.,ˈætəm,7620,ielts,Every object in the universe is made up of tiny atoms.,Koinotdagi har bir narsa kichik atomlardan tashkil topgan.,particle,
binding,adjective,B2,majburiy bog'liq,обязывающий,An agreement that must be followed and cannot be changed or broken.,ˈbaɪndɪŋ,7622,ielts,This contract is a legally binding agreement for all the parties involved.,Ushbu shartnoma barcha ishtirokchi tomonlar uchun qonuniy majburiy bitimdir.,obligatory compulsory,optional
brief,adjective,B1,qisqa muxtasar,краткий,Lasting only for a short time or using few words.,bɹiːf,7624,describing,The manager gave a brief explanation of the new company policy today.,Menejer bugun yangi kompaniya siyosati haqida qisqacha tushuntirish berdi.,short quick,long
winning,adjective,A2,yutgan g'olib,выигрышный,Having achieved first place or success in a game or competition.,ˈwɪnɪŋ,7626,actions,She scored the winning goal in the final minute of the match.,U o'yinning so'nggi daqiqasida g'alaba golini kiritdi.,victorious successful,losing
iron,noun,A2,temir,железо,"A hard, common metal that is used to make steel and other things.",ˈaɪən,7628,basics,The bridge is built primarily of strong iron and concrete parts.,Ko'prik asosan mustahkam temir va beton qismlardan qurilgan.,,
straight,adjective,A2,to'g'ri tik,прямой,Not curved or bent; following a line that does not change direction.,stɹeɪt,7630,describing,Draw a straight line across the paper using your ruler.,Chizg'ichingizdan foydalanib qog'oz bo'ylab to'g'ri chiziq chizing.,direct even,curved
script,noun,B2,stsenariy yozuv,сценарий,"The written words for a movie, play, or broadcast.",skɹɪpt,7632,work,The actors spent several weeks memorizing the lines in the script.,Aktyorlar stsenariydagi matnlarni yodlash uchun bir necha hafta vaqt sarflashdi.,manuscript screenplay,
miscellaneous,adjective,C1,turlicha har xil,разнообразный,Consisting of many different kinds of things that do not fit into a category.,ˌmɪsəˈleɪnɪəs,7634,ielts,The box contained a miscellaneous collection of old photographs and papers.,Qutida eski fotosuratlar va qog'ozlarning turlicha to'plami bor edi.,assorted various,
void,noun,C1,bo'shliq,пустота,A completely empty space or a feeling of deep sadness from loss.,vɔɪd,7636,ielts,She felt a great void in her life after her friend moved away.,Do'sti ko'chib ketganidan keyin u hayotida katta bo'shliqni his qildi.,vacuum emptiness,
dining,noun,B1,ovqatlanish ziyofat,прием пищи,"The act of eating a meal, often in a formal or social way.",ˈdaɪnɪŋ(ɡ),7638,food-drink,The hotel offers fine dining for guests in the main restaurant.,Mehmonxona mehmonlar uchun asosiy restoranda yuqori darajadagi ovqatlanishni taklif etadi.,eating,
alert,adjective,B2,hushyor sergak,бдительный,Quick to notice any unusual and potentially dangerous circumstances.,əˈlɜːt,7640,describing,The guard remained alert throughout the long night shift at work.,Qo‘riqchi ishdagi uzun tungi smena davomida hushyor qoldi.,wakeful attentive,unaware
integration,noun,C1,integratsiya birlashish,интеграция,The process of combining two or more things to form a whole.,ˌɪn.tɪˈɡɹeɪ.ʃən,7642,ielts,The successful integration of new technology improved our company's overall productivity.,Yangi texnologiyaning muvaffaqiyatli integratsiyasi kompaniyamizning umumiy samaradorligini oshirdi.,combination union,separation
tag,noun,B1,belgi yorliq,этикетка,A small label attached to something to identify or give information.,ˈtæɡ,7644,basics,Please check the price tag before you buy the winter jacket.,Qishki kurtkani sotib olishdan oldin narx yorlig‘ini tekshirib ko‘ring.,label,
mix,verb,A2,aralashtirmoq qorishtirmoq,смешивать,To combine two or more substances together.,ˈmɪks,7646,actions,Mix the flour and water together to make a simple dough.,Oddiy xamir qilish uchun un va suvni aralashtiring.,blend combine,separate
disk,noun,B1,disk,диск,"A thin, flat, circular object.",dɪsk,7648,home,The computer requires a new disk to store all these files.,Kompyuterga barcha bu fayllarni saqlash uchun yangi disk kerak.,disc,
clearly,adverb,A2,aniq ravshan,ясно,"In a way that is easy to see, hear, or understand without doubt.",ˈklɪɚli,7650,describing,You must speak clearly so that everyone in the room understands you.,Xonadagi hamma tushunishi uchun aniq gapirishingiz kerak.,plainly obviously,vaguely
fix,verb,A2,tuzatmoq ta'mirlamoq,чинить,To repair something that is broken or not working properly.,ˈfɪks,7652,actions,I need to call a mechanic to fix my car engine tomorrow.,Ertaga mashinam dvigatelini tuzatish uchun mexanikni chaqirishim kerak.,repair mend,break
handle,verb,B1,boshqarmoq uddalamoq,справляться,"To deal with, manage, or take responsibility for a person, situation, or thing.",ˈhæn.d(ə)l,7654,work,She knows how to handle difficult customers with patience and kindness.,U qiyin mijozlar bilan sabr va mehribonlik bilan ishlashni biladi.,manage deal,
sweet,adjective,A1,shirin,сладкий,Having a taste like sugar or honey.,swiːt,7656,food-drink,I prefer to eat a sweet apple for my afternoon snack today.,Bugun tushdan keyingi tamaddi uchun shirin olma yeyishni afzal ko'raman.,sugary,bitter
vice,noun,C1,yomon odat tubanlik,порок,An immoral or wicked habit that can harm yourself or others.,vaɪs,7658,ielts,"Pride is often considered a vice, rather than a positive character trait.","Mag'rurlik ko'pincha ijobiy xislat emas, balki yomon odat deb hisoblanadi.",immorality corruption,virtue
associate,noun,B2,hamkasb sherik,партнёр,A person you work with or are connected with in business.,əˈsəʊʃi.ət,7660,work,"Allow me to introduce my business associate, who manages our international team.",Xalqaro jamoamizni boshqaradigan biznes hamkasbimni tanishtirishga ruxsat bering.,colleague partner,
truck,noun,A2,yuk mashinasi,грузовик,A large road vehicle used for carrying heavy goods from place to place.,tɹʌk,7662,travel,The driver loaded all the furniture into the back of the truck.,Haydovchi barcha jihozlarni yuk mashinasining orqa qismiga ortdi.,lorry van,
behavior,noun,B1,xulq-atvor,поведение,The way in which a person or animal acts towards others.,bɪˈheɪ.vjə(ɹ),7664,describing,The teacher praised the students for their excellent behavior during the trip.,O'qituvchi o'quvchilarni sayohat davomidagi a'lo darajadagi xulq-atvori uchun maqtadi.,conduct manner,
enlarge,verb,B2,kattalashtirmoq kengaytirmoq,увеличивать,To make something become bigger in size or capacity.,ɪnˈlɑːd͡ʒ,7666,actions,We need to enlarge the living room to make space for our guests.,Mehmonlarimiz uchun joy ochish maqsadida mehmonxonani kengaytirishimiz kerak.,expand increase,
ray,noun,B1,nur,луч,"A thin, straight line of light coming from a bright source.",ɹeɪ,7668,nature,A single ray of sunlight shone through the dusty windowpane.,Changli derazadan quyoshning yagona nuri tushib turardi.,beam shaft,
measure,verb,B1,o'lchamoq,измерять,"To find the size, weight, or amount of something using a standard tool.",ˈmɛʒ.ə,7670,actions,We measured the temperature with a digital thermometer in the room.,Biz xonadagi haroratni raqamli termometr bilan o'lchadik.,take,
duty,noun,B2,burch vazifa,долг,Something that you must do because it is part of your job or right.,ˈdjuː.ti,7672,ielts,It is our duty to protect the environment for future generations.,Kelajak avlod uchun atrof-muhitni asrash bizning burchimizdir.,responsibility obligation,
gain,verb,B2,erishmoq qo'lga kiritmoq,получать,"To get something useful or positive, often after a lot of effort.",ɡeɪn,7674,ielts,You will gain a lot of valuable experience by working here.,Bu yerda ishlash orqali siz ko'plab qimmatli tajriba orttirasiz.,acquire obtain,lose
lack,verb,B1,yetishmaslik kam bo'lmoq,испытывать недостаток,To not have enough of something that is needed or wanted.,læk,7676,describing,The team failed because they lacked enough practice before the game.,Jamoa o'yinga qadar yetarlicha mashq qilmagani sababli mag'lub bo'ldi.,need want,have
depth,noun,B2,chuqurlik,глубина,The distance from the top of something to the bottom.,dɛpθ,7678,nature,The divers checked the depth of the ocean before jumping in.,G'avvoslar suvga sakrashdan oldin okean chuqurligini tekshirishdi.,deepness,
whatever,determiner,B1,har qanday nima bo'lsa ham,какой бы то ни было,Used to emphasize that it does not matter what or which thing happens.,ʍɒtˈɛv.ə,7680,describing,"Whatever happens, we must stay calm and keep working together.","Nima bo'lsa ham, biz xotirjam bo'lishimiz va birga ishlashimiz kerak.",,
laptop,noun,A2,noutbuk,ноутбук,A small computer that you can carry easily and use on your lap.,ˈlæp.tɒp,7682,home,He was playing a video game on his laptop during the flight.,U parvoz paytida noutbukida video o‘yin o‘ynayotgan edi.,,
vintage,adjective,B2,eski klassik,марочный,Describes something from the past that is high quality or has special appeal.,ˈvɪn.tɪd͡ʒ,7684,describing,She loves wearing vintage clothes that she found at the local market.,U mahalliy bozordan topgan vintage kiyimlarini kiyishni yaxshi ko‘radi.,classic old,modern
exactly,adverb,A2,aniq aynan,именно,"In a very accurate way, or used to show you completely agree with someone.",ɪɡˈzæk(t).li,7686,describing,The two items are exactly the same size and should fit perfectly.,Ikkala buyum aynan bir xil o‘lchamda va mukammal mos kelishi kerak.,precisely accurately,approximately
dry,adjective,A2,quruq,сухой,Not wet or not containing any liquid or water.,ˈdɹaɪ̯,7688,describing,Make sure your hair is completely dry before you go outside today.,Tashqariga chiqishdan oldin sochingiz butunlay quruq ekanligiga ishonch hosil qiling.,arid dehydrated,wet
explore,verb,B1,o‘rganmoq tekshirmoq,исследовать,To travel around a new place or study a subject to learn about it.,ɪkˈsplɔː,7690,ielts,We plan to explore the city center during our trip next weekend.,Biz keyingi dam olish kunlari safarimiz davomida shahar markazini o‘rganishni rejalashtiryapmiz.,investigate examine,
spa,noun,B1,spa sog‘lomlashtirish markazi,спа,A place where people go to relax and improve their health using water treatments.,ˈspɑː,7692,body-health,They decided to spend their weekend relaxing at a luxury spa resort.,Ular dam olish kunlarini hashamatli spa dam olish maskanida o‘tkazishga qaror qilishdi.,resort,
nearly,adverb,A2,deyarli qariyb,почти,Almost; not completely or not exactly.,ˈnɪəli,7694,describing,"It is nearly time for the meeting, so please take your seats.","Uchrashuv vaqti deyarli bo‘lib qoldi, shuning uchun iltimos, joylaringizni egallang.",almost,
checkout,noun,B1,kassa tolov joyi,касса,The place in a store where you pay for the things you bought.,ˈt͡ʃɛkˌaʊt,7696,travel,Please go to the main checkout to pay for your groceries today.,Iltimos bugun oziq-ovqat mahsulotlari uchun tolov qilish uchun asosiy kassaga boring.,counter till,
reality,noun,B2,haqiqat reallik,реальность,The actual state of things as they exist in the world.,ɹiːˈælɪti,7698,ielts,The reality of the situation is much harder than we had expected.,Vaziyatning haqiqati biz kutganimizdan ancha qiyinroq.,truth fact,illusion
forgot,verb,A2,unutdi esdan chiqardi,забыл,Failed to remember or keep something in your mind.,fəˈɡɒt,7700,actions,He forgot to bring his umbrella when he left for work today.,U ishga ketayotganda soyabonini olishni unutib qoydi.,omitted missed,remembered
origin,noun,B2,kelib chiqish manba,происхождение,The point where something begins or comes from.,ˈɒɹ.ɪ.d͡ʒɪn,7702,ielts,Scientists are trying to find the origin of this mysterious ancient language.,Olimlar ushbu sirli qadimiy tilning kelib chiqishini topishga harakat qilmoqdalar.,source beginning,
billion,noun,A2,milliard,миллиард,The number one followed by nine zeros.,ˈbɪljən,7704,basics,The world population has reached over eight billion people in recent years.,So'nggi yillarda dunyo aholisi sakkiz milliarddan oshdi.,,
Scotland,noun,A1,Shotlandiya,Шотландия,A country that is part of the United Kingdom.,ˈskɒtlənd,7706,places,We are planning to travel to Scotland for our summer holiday vacation.,Biz yozgi ta'tilimiz uchun Shotlandiyaga sayohat qilishni rejalashtirmoqdamiz.,,
faster,adverb,A2,tezroq,быстрее,Moving or doing something with more speed than before.,ˈfæstɚ,7708,describing,"If you walk faster, we might arrive before the train leaves us.","Agar tezroq yursangiz, poyezd ketmasidan oldin yetib olishimiz mumkin.",quicker rapidly,slower
intelligence,noun,C1,intellekt aql-zakovat,интеллект,"The ability to learn, understand, and think about things logically.",ɪnˈtɛl.ɪ.d͡ʒəns,7710,ielts,The job requires high intelligence and the ability to solve complex problems.,Ish yuqori intellekt va murakkab muammolarni hal qilish qobiliyatini talab qiladi.,intellect brainpower,stupidity
bought,verb,A1,sotib oldi,купил,"The past tense and past participle of buy, meaning to get something by paying money.",ˈbɔːt,7712,actions,She bought an expensive new bag at the store last week.,U o'tgan hafta do'kondan qimmat yangi sumka sotib oldi.,,
route,noun,A2,yo'nalish marshrut,маршрут,A way or path taken to get from one place to another place.,ɹuːt,7716,travel,Our bus route goes through the city center every single morning.,Bizning avtobus yo'nalishimiz har kuni ertalab shahar markazidan o'tadi.,path way,
specifications,noun,B2,texnik shartlar tavsiflar,технические условия,Detailed documents that describe how something should be made or perform.,ˌspesɪfɪˈkeɪʃnz,7718,ielts,The engineer checked the technical specifications before starting the complex project.,Muhandis murakkab loyihani boshlashdan oldin texnik shartlarni tekshirib chiqdi.,specs requirements,
broken,adjective,A1,singan buzilgan,сломанный,Not working properly or having been damaged into separate pieces.,ˈbɹəʊ.kn̩,7720,describing,I cannot use my phone because the screen is completely broken.,"Men telefonimdan foydalana olmayapman, chunki ekrani butunlay singan.",damaged faulty,fixed
frank,adjective,C1,ochiq ko‘ngil samimiy,откровенный,"Honest and direct in what you say, even if it is unpleasant.",ˈfɹæŋk,7722,ielts,"To be perfectly frank, I do not like the new project plan.","Ochiqchasiga aytganda, menga yangi loyiha rejasi yoqmayapti.",candid direct,dishonest
zoom,verb,B1,tez harakatlanmoq,мчаться,"To move or travel very quickly, often with a humming sound.",zuːm,7724,actions,We watched the sports car zoom down the long empty highway.,Biz sport mashinasining uzun bo‘sh yo‘lda shiddat bilan o‘tib ketganini kuzatdik.,race speed,
blow,verb,A2,esmoq puflamoq,дуть,When the wind moves or when you send air out of your mouth.,bləʊ,7726,nature,The cold wind began to blow across the open mountain field.,Ochiq tog‘ dalasi bo‘ylab sovuq shamol esishni boshladi.,gust puff,
battle,noun,B2,jang kurash,битва,"A fight between two people or groups, or a difficult long struggle.",ˈbætl̩,7728,ielts,They won the long battle against poverty and built a new life.,Ular qashshoqlikka qarshi uzoq kurashda g‘olib chiqishdi va yangi hayot qurishdi.,fight struggle,
residential,adjective,B2,turar joy,жилой,Relating to areas where people live rather than work or shop.,ˌrɛzɪˈdɛnʃəl,7730,home,The school is located in a quiet residential area of town.,Maktab shaharning sokin turar joy hududida joylashgan.,inhabited domestic,
anime,noun,B1,anime,аниме,A popular style of animated films and television programs that originated in Japan.,ˈæn.ɪ.meɪ,7732,ielts,My little brother loves watching Japanese anime after finishing his homework.,Kichkina ukam uy vazifasini bajargandan so‘ng yapon animesini ko‘rishni yaxshi ko‘radi.,animation cartoon,
industries,noun,B2,sanoatlar tarmoqlar,отрасли промышленности,The organizations and activities involved in the production of goods or services.,ˈɪndəstɹiz,7734,work,Modern industries use advanced technology to increase their production capacity.,Zamonaviy sanoatlar ishlab chiqarish quvvatini oshirish uchun ilg‘or texnologiyalardan foydalanadi.,sectors businesses,
protocol,noun,C1,bayonnoma protokol,протокол,A formal set of rules that explain how to behave or conduct a process officially.,ˈpɹəʊtəˌkɒl,7736,ielts,The diplomat followed strict protocol during the meeting with the foreign leader.,Diplomat xorijiy yetakchi bilan uchrashuvda qat'iy protokolga rioya qildi.,code rules,
query,noun,B2,so'rov savol,запрос,A question you ask when you want to get information about something.,ˈkwɪə.ɹi,7738,work,Please direct any query you have to our customer support team members.,Iltimos har qanday savolingizni mijozlarni qo'llab-quvvatlash jamoamiz a'zolariga yo'llang.,question inquiry,
clip,verb,B1,qirqish qisqich bilan mahkamlash,стричь,To cut something with scissors or to fasten two things together using a device.,klɪp,7740,actions,You should clip the coupon out of the newspaper before you shop.,Do'konga borishdan oldin kuponni gazetadan qirqib olishingiz kerak.,cut trim,
partnership,noun,B2,hamkorlik sheriklik,партнерство,A relationship between two or more people or organizations that work together.,ˈpɑːtnəʃɪp,7742,work,The two companies formed a strong partnership to develop new technology together.,Ikki kompaniya yangi texnologiyani birgalikda ishlab chiqish uchun kuchli hamkorlik o'rnatdi.,collaboration alliance,
editorial,noun,B2,tahririyat maqolasi,редакционная статья,A newspaper or magazine article that expresses the opinion of the editor.,ˌɛdɪˈtɔːɹɪəl,7744,ielts,The editorial argued that the city needs to improve its public transport.,Tahririyat maqolasida shahar jamoat transportini yaxshilashi kerakligi ta'kidlandi.,article commentary,
expression,noun,B1,ifoda ibora,выражение,A common word or phrase that people use to say what they think or feel.,əkˈspɹɛʃ.n̩,7746,describing,It is a common English expression to say that time flies very fast.,Vaqt juda tez o'tadi deyish keng tarqalgan inglizcha iboradir.,phrase idiom,
speech,noun,A2,nutq gapirish,речь,A formal talk given to a group of people about a specific topic.,spiːt͡ʃ,7748,school,The president gave a moving speech at the ceremony last night.,Prezident kecha marosimda ta'sirli nutq so'zladi.,address talk,
wire,noun,B1,sim simyog'och,провод,"A thin, flexible metal thread used to carry electricity or fasten things.",waɪə(ɹ),7750,home,Make sure you connect the red wire to the power source carefully.,Qizil simni quvvat manbaiga ehtiyotkorlik bilan ulaganingizga ishonch hosil qiling.,cable lead,
suggestions,noun,A2,takliflar maslahatlar,предложения,Ideas or plans that someone puts forward for others to consider.,səˈd͡ʒɛstjənz,7752,work,Do you have any suggestions for how we can improve our project?,Loyamizni qanday yaxshilashimiz haqida biror taklifingiz bormi?,proposals tips,
replacement,noun,B1,almashtirish o'rinbosar,замена,A person or thing that takes the place of another one.,ɹɪˈpleɪsmənt,7754,work,We need to find a suitable replacement for our missing team member.,Biz jamoamizdan ketgan a'zo uchun munosib o'rinbosar topishimiz kerak.,substitute,
tape,noun,A2,skotch lenta,скотч,"A long, thin piece of sticky material used to join things together.",teɪ̯p,7756,home,I sealed the cardboard box with clear packing tape for shipping.,Yukni jo'natish uchun qutini shaffof yopishqoq lenta bilan mahkamladim.,,
strategic,adjective,C1,strategik,стратегический,Carefully planned to achieve a specific long-term goal or result.,stɹəˈti.dʒɪk,7758,ielts,The company made a strategic decision to enter the international market.,Kompaniya xalqaro bozorga kirish bo'yicha strategik qaror qabul qildi.,calculated,
judge,noun,B1,sudya hakam,судья,A person who decides cases in a law court or controls a competition.,d͡ʒʌd͡ʒ,7760,people-family,The judge listened to both sides of the argument before deciding.,Sudya qaror qabul qilishdan oldin bahsning har ikki tomonini ham eshitdi.,justice referee,
economics,noun,B2,iqtisodiyot,экономика,"The study of how money, goods, and services are produced and used.",ˌiːkəˈnɒmɪks,7762,ielts,She decided to study economics to understand how global markets work.,U global bozorlar qanday ishlashini tushunish uchun iqtisodiyotni o'rganishga qaror qildi.,,
acid,adjective,B2,nordon kislotali,кислый,"Having a sharp, sour taste like that of a lemon.",ˈæsɪd,7764,food-drink,"The soil in this area is quite acid, which affects the plants.","Bu hududdagi tuproq ancha kislotali bo'lib, bu o'simliklarga ta'sir qiladi.",sour,alkaline
bytes,noun,B2,baytlar,байты,Units of digital information used in computer memory and storage.,baɪts,7766,work,This small image file takes up only a few thousand bytes.,Bu kichik rasm fayli atigi bir necha ming bayt joy egallaydi.,,
cent,noun,A2,sent,цент,"A small unit of money, equal to one-hundredth of a dollar or euro.",sɛnt,7768,basics,He blew every last cent on a new toy for his brother.,U oxirgi sentigacha pulini ukasiga o'yinchoq olishga sarfladi.,,
fight,verb,A2,urishmoq kurashmoq,драться,To use physical force or struggle against someone or something.,faɪt,7770,actions,The government pledged to fight corruption in the whole country.,Hukumat butun mamlakatda korrupsiyaga qarshi kurashishga va'da berdi.,struggle combat,
height,noun,A2,bo'y balandlik,высота,The measurement of how tall a person or object is from bottom to top.,haɪt,7772,describing,We flew at a height of 15 000 meters above the sea.,Biz dengiz sathidan 15 000 metr balandlikda uchdik.,stature altitude,depth
null,adjective,C1,bekor o'z kuchini yo'qotgan,недействительный,Having no legal force or significance; empty or non-existent.,nʌl,7774,ielts,The agreement was declared null and void after the contract expired.,"Shartnoma muddati tugagach, kelishuv bekor qilindi.",invalid void,
zero,noun,A1,nol,ноль,"The number before one, representing nothing or an empty amount.",ˈzɪəɹəʊ,7776,basics,He knows zero about how to fix a broken car engine.,U buzilgan avtomobil dvigatelini tuzatish haqida mutlaqo hech narsa bilmaydi.,,
speaker,noun,A2,notiq karnay,спикер,A person who talks to an audience or a device that produces sound.,ˈspikɚ,7778,people-family,She lost her hearing after standing too close to the loud speaker.,U baland ovozli karnayga juda yaqin turgani uchun eshitish qobiliyatini yo'qotdi.,,
recreation,noun,B2,dam olish hordiq,отдых,Activity done for enjoyment when one is not working.,ɹɛkɹiˈeɪʃən,7780,ielts,Swimming is a popular form of recreation for people of all ages.,Suzish barcha yoshdagi odamlar uchun mashhur dam olish shakli hisoblanadi.,leisure relaxation,
designer,noun,B1,dizayner loyihachi,дизайнер,A person whose job is to create plans or patterns for how something should look.,dɪˈzaɪnɚ,7782,work,The fashion designer created a beautiful dress for the special event tonight.,Moda dizayneri bugungi maxsus tadbir uchun chiroyli ko'ylak yaratdi.,creator stylist,
remain,verb,B1,qolmoq,оставаться,To continue to be in the same state or to stay in the same place.,ɹɪˈmeɪn,7784,actions,"After the long meeting, only two people remained in the office to work.",Uzoq majlisdan so'ng ofisda ishlash uchun faqat ikki kishi qoldi.,stay continue,leave
failed,adjective,B1,muvaffaqiyatsiz omadsiz,неудачный,Not successful in achieving what was intended or required.,feɪld,7786,describing,They decided to close the failed business after losing money for one year.,"Bir yil davomida zarar ko'rgach, ular muvaffaqiyatsiz biznesni yopishga qaror qilishdi.",unsuccessful defeated,successful
marriage,noun,A2,nikoh oila qurish,брак,The legal or formal relationship between two people who are husband and wife.,ˈmæɹɪd͡ʒ,7788,people-family,They have been in a happy marriage for over twenty years now.,Ular yigirma yildan ortiq vaqt mobaynida baxtli nikohda yashab kelmoqdalar.,wedlock,
roll,verb,A2,dumalatmoq o'ramoq,катить,To move something by turning it over and over on a flat surface.,ɹəʊl,7790,actions,The children like to roll a large ball across the grassy park field.,Bolalar o'tloq bog' bo'ylab katta to'pni dumalatishni yaxshi ko'radilar.,turn rotate,
participants,noun,B2,ishtirokchilar qatnashchilar,участники,People who take part in or become involved in a particular activity.,pɑːˈtɪsɪpənts,7794,ielts,All participants in the study were asked to complete a short online survey.,Tadqiqotdagi barcha ishtirokchilardan qisqa onlayn so'rovnomani to'ldirish so'raldi.,competitors members,
secret,noun,A2,sir maxfiy,тайна,Information that you do not tell other people because it should stay hidden.,ˈsiː.kɹɪt,7796,feelings,It is often difficult to keep a secret when you have many friends.,"Do'stlaringiz ko'p bo'lsa, sirni saqlash ko'pincha qiyin bo'ladi.",mystery confidence,
bath,noun,A1,vanna hammom,ванна,A large container that you fill with water to wash your whole body.,bɑːθ,7798,home,I like to take a warm bath after a long hard day.,Men uzoq og'ir kundan keyin issiq vannada yotishni yaxshi ko'raman.,tub,
negative,adjective,B1,salbiy manfiy,отрицательный,Not good or showing bad qualities that make someone feel unhappy or worried.,ˈnɛɡ.ə.tɪv,7800,describing,The team received negative feedback about their project from the boss.,Jamoa o'z loyihasi haqida boshliqdan salbiy fikrlar oldi.,bad pessimistic,positive
theater,noun,A2,teatr,театр,A building where you go to watch plays and live performances by actors.,ˈθi(ə)tɚ,7802,places,We bought tickets to see a famous play at the city theater.,Biz shahar teatrida mashhur spektaklni ko'rish uchun chiptalar sotib oldik.,playhouse,
perform,verb,B1,bajarmoq ijro etmoq,выполнять,"To carry out an action or task, or to entertain an audience.",pəˈfɔːm,7804,actions,The students will perform a short play for their parents today.,O'quvchilar bugun ota-onalari uchun qisqa spektakl ijro etishadi.,execute achieve,
translation,noun,B1,tarjima o'girish,перевод,The act or process of changing words from one language into another.,tɹæns-,7806,school,The English translation of this book is much better than the original.,Ushbu kitobning inglizcha tarjimasi asl nusxasidan ancha yaxshi.,interpretation version,
font,noun,B2,shrift,шрифт,"A specific design, size, and style of letters used in printing or on computers.",fɒnt,7808,work,You should choose a professional font for your formal business report.,Rasmiy hisobotingiz uchun professional shrift tanlashingiz kerak.,typeface style,
injury,noun,B1,jarohat shikastlanish,травма,Physical harm or damage caused to the human body.,ˈɪn.dʒə.ɹi,7810,body-health,He had to stop playing football because of a serious knee injury.,U jiddiy tizza jarohati tufayli futbol o'ynashni to'xtatishga majbur bo'ldi.,wound hurt,recovery
ministry,noun,B2,vazirlik,министерство,A government department responsible for a specific area of public policy.,ˈmɪnɪstɹi,7812,ielts,She works at the ministry of education to improve school standards.,U maktab standartlarini yaxshilash uchun ta'lim vazirligida ishlaydi.,department office,
lawyer,noun,B1,huquqshunos advokat,юрист,A person trained to give legal advice and represent people in court.,ˈlɔːjə(ɹ),7814,work,I need to talk to my lawyer before signing any important documents.,Muhim hujjatlarni imzolashdan oldin advokatim bilan gaplashib olishim kerak.,attorney advocate,
married,adjective,A2,uylangan turmush qurgan,женатый замужняя,Having a husband or a wife.,ˈmæɹ.ɪd,7816,people-family,Are you married to your partner or are you still single?,Siz turmush qurganmisiz yoki hali yolg'izmisiz?,wed wedded,single
proposal,noun,B2,taklif loyiha,предложение,A formal plan or suggestion put forward for others to think about.,pɹəˈpoʊzəl,7818,ielts,The committee is currently reviewing the proposal for the new building project.,Qo'mita hozirda yangi bino loyihasi uchun taklifni ko'rib chiqmoqda.,suggestion offer,
portal,noun,B2,portal kirish,портал,A website or page that serves as an entry point to other information.,ˈpɔːtl̩,7820,places,Students must log into the university portal to check their exam results.,Talabalar imtihon natijalarini tekshirish uchun universitet portaliga kirishlari kerak.,gateway entrance,
beta,adjective,B2,sinovdagi beta,бета,An incomplete version of a product released for testing before the final version.,ˈbiːtə,7822,work,We are testing a beta version of the software before the official launch.,Rasmiy ishga tushirishdan oldin biz dasturning beta versiyasini sinovdan o'tkazmoqdamiz.,experimental test,
fail,verb,A2,muvaffaqiyatsizlikka uchramoq uddalay olmaslik,не удаваться провалить,To not succeed in what you are trying to do.,feɪl,7824,actions,He did not study enough and was afraid that he might fail.,U yetarli darajada o'qimadi va muvaffaqiyatsizlikka uchrashidan qo'rqdi.,lose miscarry,succeed
gratis,adjective,C1,bepul tekin,бесплатно,Given or provided without any cost or payment.,ˈɡɹɑː.tɪs,7826,describing,The hotel offers gratis breakfast to all guests during their weekend stay.,Mehmonxona dam olish kunlari barcha mehmonlar uchun bepul nonushta taklif qiladi.,free costless,
toward,preposition,A2,tomonga qarshi,в направлении,In the direction of a specific person or place.,təˈwɔːd,7828,describing,She walked slowly toward the park to meet her best friend.,U eng yaqin do'sti bilan ko'rishish uchun bog' tomon sekin yurdi.,to,
slightly,adverb,B1,salgina bir oz,слегка,To a small amount or degree.,ˈslaɪtli,7832,describing,The price of the phone is slightly higher than I expected.,Telefon narxi men kutganimdan salgina qimmatroq ekan.,a little,very
contained,verb,B2,o'z ichiga olgan,содержал,To have something inside or be part of a whole.,kənˈteɪnd,7834,ielts,This small wooden box contained many old letters from his family.,Bu kichik yog'och quti uning oilasidan kelgan ko'plab eski xatlarni o'z ichiga olgan.,included,
lingerie,noun,C1,ayollar ichki kiyimi,дамское белье,Special or attractive underwear or nightclothes for women.,ˈlɒndʒəɹi,7836,clothes,She decided to buy some luxury lingerie for her special weekend.,U o'zining maxsus dam olish kunlari uchun hashamatli ichki kiyim sotib olishga qaror qildi.,underwear,
jazz,noun,B2,jazz,джаз,A type of modern music with strong rhythms and many improvised parts.,d͡ʒæz,7838,ielts,They spent the whole evening listening to classic jazz in the cafe.,Ular butun oqshomni kafeda klassik jazz tinglab o'tkazishdi.,,
Miami,noun,B1,Mayami,Майами,A large coastal city in the southeastern United States.,maɪˈæmi,7840,places,We are planning a trip to Miami to enjoy the sunny beaches.,Biz quyoshli sohillardan bahramand bo'lish uchun Mayamiga sayohat rejalashtiryapmiz.,,
comics,noun,A2,komikslar,комиксы,Magazines or books that tell a story through pictures and short text.,ˈkɑmɪks,7842,school,My little brother loves reading colorful comics every Saturday morning.,Kichkina ukam har shanba tongida rang-barang komikslar o'qishni yaxshi ko'radi.,,
postal,adjective,B2,pochta,почтовый,Related to the business of sending and delivering mail.,[ˈpoʊstl̩],7846,work,We sell stamps and stationery for all your postal needs.,Biz barcha pochta ehtiyojlaringiz uchun markalar va qog'ozlar sotamiz.,,
combined,adjective,B2,qo'shma birlashtirilgan,объединённый,Formed by joining two or more things together.,kəmˈbaɪnd,7848,ielts,The combined efforts of the team led to our big success.,Jamoaning qo'shma sa'y-harakatlari bizning katta muvaffaqiyatimizga olib keldi.,united joint,separate
representative,adjective,C1,vakillik qiluvchi namunaviy,представительный,"Typical of a group, class, or type of person or thing.",ˌɹɛpɹɪˈzɛnt(ət)ɪv,7850,ielts,Are you sure this small sample is representative of the whole group?,Ushbu kichik namuna butun guruhga xos ekanligiga ishonchingiz komilmi?,typical characteristic,
frequency,noun,B2,chastota takrorlanish,частота,The number of times that something happens within a particular period.,ˈfɹiːkwənsi,7852,ielts,The frequency of bus service has been improved to every 12 minutes.,Avtobus qatnovi chastotasi har 12 daqiqagacha yaxshilandi.,rate regularity,
introduced,adjective,B2,kiritilgan keltirilgan,завезённый,Brought from another place to an area where it was not originally found.,ˌɪntɹəˈduːst,7854,nature,The prickly pear cactus is an introduced species in Australia.,Tikanli nok Avstraliyaga chetdan keltirilgan tur hisoblanadi.,imported foreign,native
minor,adjective,B1,kichik ahamiyatsiz,незначительный,"Not very important, serious, or big compared to other things.",ˈmaɪ.nəɹ,7856,describing,There were only some minor problems with the final project report.,Yakuniy loyiha hisobotida faqat bir nechta kichik muammolar bor edi.,small secondary,major
residents,noun,B2,yashovchilar aholi,жители,People who live in a specific place or house.,ˈɹɛzədɪnts,7858,places,Local residents complained about the noise from the new construction site.,Mahalliy aholi yangi qurilish maydonchasidan chiqayotgan shovqindan shikoyat qildi.,inhabitants dwellers,
mom,noun,A1,ona aya,мама,A woman who is a mother.,mɒm,7860,people-family,I am going to visit my mom this weekend in the city.,Men dam olish kunlari shaharda turadigan onamni ko'rishga bormoqchiman.,mother mum,
physics,noun,B2,fizika,физика,"The scientific study of matter, energy, and how they interact with each other.",ˈfɪz.ɪks,7862,school,He finds physics very interesting because it explains how the universe works.,"U fizika fanini juda qiziqarli deb hisoblaydi, chunki u koinot qanday ishlashini tushuntiradi.",,
spent,verb,A2,sarfladi o'tkazdi,потратил провел,To have given money for something or passed time doing an activity.,spɛnt,7864,actions,She spent all her money on new books for the school year.,U barcha pulini o'quv yili uchun yangi kitoblarga sarfladi.,used consumed,
extreme,adjective,B2,o'ta haddan tashqari,крайний экстремальный,Very great or intense in degree.,ɪkˈstɹiːm,7866,ielts,The team faced extreme weather conditions during their hike up the mountain.,Jamoa tog'ga ko'tarilish vaqtida o'ta og'ir ob-havo sharoitlariga duch keldi.,intense severe,moderate
row,noun,A2,qator saf,ряд,A line of objects or people arranged one after another.,ˈɹəʊ,7868,basics,We sat in the front row to see the concert clearly.,Konsertni aniq ko'rish uchun biz oldingi qatorga o'tirdik.,line series,column
administrator,noun,B2,ma'mur boshqaruvchi,администратор,A person responsible for organizing and managing the work of a company or organization.,ədˈmɪn.ɪ.stɹeɪ.tə,7870,work,The office administrator manages all the paperwork and daily scheduling.,Ofis ma'muri barcha hujjatlar va kundalik rejalashtirish ishlarini boshqaradi.,manager supervisor,
contain,verb,B1,o'z ichiga olmoq sig'dirmoq,содержать,To have something inside or as part of a whole.,kənˈteɪn,7872,actions,This small wooden box contains all of my old photographs.,Bu kichik yog'och quti mening barcha eski fotosuratlarimni o'z ichiga oladi.,include hold,
accuracy,noun,B2,aniqlik to'g'rilik,точность,The quality of being correct and free from any mistakes.,ˈak.jʊ.ɹə.si,7874,ielts,The scientist checked the accuracy of his data several times.,Olim o'z ma'lumotlarining aniqligini bir necha bor tekshirib chiqdi.,precision correctness,inaccuracy
dual,adjective,C1,ikki tomonlama qo'sh,двойной,"Having two parts or aspects, or used for two purposes.",ˈd͡ʒuː.əl,7876,ielts,She holds dual citizenship in both Canada and France.,U ham Kanada ham Fransiya fuqaroligiga ega.,double twin,
rise,verb,A2,ko'tarilmoq o'smoq,подниматься,"To move upwards or to increase in amount, number, or strength.",ɹaɪz,7878,actions,We watched the sun rise slowly over the distant mountains.,Biz quyoshning uzoq tog'lar uzra sekin ko'tarilishini kuzatdik.,ascend grow,fall
brazil,noun,A2,Braziliya,Бразилия,"A large country located in South America, known for its vast rainforests.",bɹəˈzɪl,7882,travel,Many people dream of traveling to Brazil for the carnival.,Ko'pchilik karnaval uchun Braziliyaga borishni orzu qiladi.,,
creation,noun,B2,ijod mahsuli yaratish,творение,Something that has been made or invented by a person.,kɹiˈeɪʃən,7884,ielts,The artist was very proud of her latest beautiful artistic creation.,Rassom o‘zining so‘nggi go‘zal ijod mahsulidan juda faxrlanardi.,work invention,
static,adjective,C1,o‘zgarmas statik,статичный,"Not moving, changing, or developing at all.",ˈstæt.ɪk,7886,describing,The number of new customers has remained static for several months.,Yangi mijozlar soni bir necha oy davomida o‘zgarmas qoldi.,stable constant,dynamic
scene,noun,A2,sahna joy,сцена,"The place where an event, like a crime or accident, happened.",siːn,7888,places,Police arrived at the scene of the accident within five minutes.,Politsiya hodisa joyiga besh daqiqa ichida yetib keldi.,location site,
hunter,noun,B1,ovchi,охотник,A person or animal that kills wild animals for food or sport.,ˈhʌntə,7890,animals,The ancient hunter used a bow and arrow to catch his prey.,Qadimiy ovchi o‘ljasini tutish uchun kamon va o‘qdan foydalangan.,trapper,
lady,noun,A2,xonim ayol,дама,A polite or formal way of referring to a woman.,ˈleɪ.di,7892,people-family,There is a lady at the door who wants to see you.,Eshik oldida sizni ko‘rmoqchi bo‘lgan bir xonim turibdi.,woman,
crystal,noun,B2,billur kristall,кристалл,"A clear, transparent mineral or a very high-quality type of glass.",ˈkɹɪstəl,7894,nature,She drank water from an expensive crystal glass at the party.,U ziyofatda qimmatbaho billur stakandan suv ichdi.,gem,glass
writer,noun,A1,yozuvchi adib,писатель,"A person whose job is writing books, articles, or stories.",ˈɹaɪ.tə(ɹ),7896,work,My brother is a famous writer who lives in a small village.,Akam kichik qishloqda yashovchi mashhur yozuvchidir.,author novelist,
chairman,noun,B2,rais rahbar,председатель,The person in charge of a meeting or an organization.,ˈtʃɛːmən,7898,work,The chairman opened the meeting by welcoming all the new members.,Rais barcha yangi a’zolarni qutlash bilan majlisni ochib berdi.,head director,
violence,noun,B2,zo'ravonlik tajovuz,насилие,"Physical action that is intended to hurt, damage, or kill someone or something.",ˈvaɪ.(ə.)ləns,7900,ielts,We try to avoid violence when we are resolving our conflicts.,Biz nizolarni hal qilishda zo'ravonlikdan qochishga harakat qilamiz.,aggression brutality,peace
academy,noun,B2,akademiya bilim yurti,академия,A school or an organization that teaches special skills or arts.,əˈkæd.ə.mi,7902,school,He studied music at a famous academy in the capital city.,U poytaxtdagi mashhur akademiyada musiqa o'rgandi.,institute school,
gender,noun,B2,jins,пол,"The social or cultural categories of being a man, a woman, or other identities.",ˈd͡ʒɛndə,7904,ielts,The report analyzes how gender affects career choices in modern society.,Hisobot zamonaviy jamiyatda jins mansubligi martaba tanlashga qanday ta'sir qilishini tahlil qiladi.,sex,
permanent,adjective,B1,doimiy abadiy,постоянный,Lasting for a long time or forever; not changing.,ˈpɜː.mə.nənt,7906,describing,They are looking for a permanent home to stay in for years.,Ular yillar davomida yashash uchun doimiy uy qidirmoqdalar.,enduring lasting,temporary
portfolio,noun,B2,portfel jamlanma,портфолио,A collection of a person's best work or documents for professional review.,pɔːtˈfəʊ.liˌəʊ,7908,work,The artist showed his portfolio to the design agency manager today.,Rassom bugun dizayn agentligi menejeriga o'z portfelini ko'rsatdi.,collection folder,
practical,adjective,B1,amaliy qo'l keladigan,практичный,Relating to real situations rather than ideas or theory.,ˈpɹæk.tɪ.kəl,7910,describing,We need a practical solution that we can actually use now.,Bizga hozir haqiqatan ham foydalanishimiz mumkin bo'lgan amaliy yechim kerak.,useful functional,theoretical
delivered,verb,A2,yetkazib berildi yetkazilgan,доставленный,Taken or brought goods or letters to a person or a place.,dɪˈlɪv.əd,7912,actions,The courier delivered the package to my office early this morning.,Kuryer jo‘natmani bugun erta tongda ofisimga yetkazib berdi.,sent transported,kept
collectibles,noun,B2,kolleksiya buyumlari kolleksiyalanadigan narsalar,предметы коллекционирования,"Objects that are worth collecting because they are rare, beautiful, or interesting.",kəˈlek.tə.bəlz,7914,describing,He spends a lot of money buying rare vintage collectibles online.,U onlayn tarzda nodir qadimiy kolleksiya buyumlarini sotib olishga ko‘p pul sarflaydi.,antiques treasures,
exclusive,adjective,B2,eksklyuziv maxsus,эксклюзивный,Limited to only one person or group and not shared with others.,ɪkˈsklu.sɪv,7916,ielts,This hotel offers exclusive access to a private sandy beach for guests.,Bu mehmonxona mehmonlar uchun xususiy qumli sohilda dam olish imkoniyatini taqdim etadi.,sole private,public
seat,noun,A1,o‘rindiq joy,сиденье,A piece of furniture designed for one person to sit upon.,siːt,7918,basics,Please take a seat and wait until the doctor is ready.,"Iltimos, o‘rindiqqa o‘tiring va shifokor tayyor bo‘lguncha kuting.",chair bench,
concerns,noun,B1,tashvishlar xavotirlar,беспокойства,Things that cause you to worry or feel anxious.,kənˈsɝnz,7920,feelings,The manager addressed all the staff concerns during the weekly meeting.,Menejer haftalik yig‘ilishda xodimlarning barcha tashvishlari bo‘yicha gapirdi.,worries anxieties,calm
vendor,noun,B1,sotuvchi savdogar,продавец,A person or company that sells goods or services to the public.,ˈvɛn.də,7922,work,We bought fresh fruit from a local vendor at the market.,Biz bozordagi mahalliy sotuvchidan yangi mevalar sotib oldik.,seller merchant,customer
originally,adverb,B1,dastlab avval boshida,первоначально,At the beginning or before any changes were made.,əˈɹɪd͡ʒ.ɪ.nə.li,7924,time,The house was originally built as a small school in the sixties.,Bu uy dastlab oltmishinchi yillarda kichik maktab sifatida qurilgan edi.,initially firstly,
intel,noun,C1,razvedka ma'lumotlari maxfiy axborot,разведывательная информация,"Secret information, usually related to military or police work.",ˈɪn.tɛl,7926,ielts,The agents gathered crucial intel about the enemy's next move.,Agentlar dushmanning navbatdagi harakati haqida muhim razvedka ma'lumotlarini to‘plashdi.,intelligence information,
philosophy,noun,B2,falsafa,философия,"The study of the fundamental nature of knowledge, reality, and existence.",fɪˈlɒs.ə.fi,7928,ielts,Her philosophy of life is to treat everyone with kindness and respect.,Uning hayot falsafasi hamma bilan mehr va hurmat bilan munosabatda bo'lishdir.,worldview ethos,
regulation,noun,B2,qoida tartib,регламент,An official rule made by a government or organization to control how something works.,ˌɹɛɡjʊˈleɪʃən,7930,ielts,The new government regulation requires all businesses to follow safety standards strictly.,Yangi hukumat qoidasi barcha korxonalardan xavfsizlik standartlariga qat'iy rioya qilishni talab qiladi.,rule law,
reduction,noun,B1,kamaytirish qisqartirish,уменьшение,"The act of making something smaller in size, amount, or price.",ɹɪˈdʌk.ʃən,7932,work,The company announced a significant reduction in the prices of their products.,Kompaniya o'z mahsulotlari narxlarida sezilarli darajada qisqartirish bo'lganini e'lon qildi.,decrease cut,increase
aim,noun,B1,maqsad niyat,цель,A goal or a purpose that you want to achieve.,eɪm,7934,ielts,My main aim is to improve my English speaking skills this year.,Mening asosiy maqsadim bu yil ingliz tilida gaplashish ko'nikmalarimni yaxshilashdir.,goal purpose,
junior,adjective,B1,kichik o'smir,младший,Having a low rank or being younger in age compared to someone else.,ˈd͡ʒuːniə,7936,people-family,He started his career as a junior assistant in a small law firm.,U o'z faoliyatini kichik yuridik firmada yordamchi sifatida boshladi.,younger subordinate,senior
toll,noun,B2,to'lov badal,потери,"A fee that you must pay to use a road, bridge, or tunnel.",təʊl,7938,travel,Drivers have to pay a toll to cross the long bridge every day.,Haydovchilar har kuni uzun ko'prikdan o'tish uchun to'lov to'lashlari kerak.,fee charge,
cape,noun,B2,plash yelka yopinchiq,накидка,A sleeveless piece of clothing that hangs from the shoulders over the back.,keɪp,7940,clothes,The hero wore a long red cape that flew in the wind.,Qahramon shamolda hilpiraydigan uzun qizil plash kiygan edi.,cloak,
tip,noun,A2,uch uchki,кончик,The pointed or thin end of something.,tɪp,7942,describing,I burnt the tip of my finger on the hot stove.,Issiq plitaga barmog'imning uchini kuydirib oldim.,extremity end,
secondary,adjective,B2,ikkilamchi ikkinchi darajali,вторичный,Less important than something else or coming after the first thing.,ˈsɛkənd(ə)ɹɪ,7944,ielts,This is a secondary issue that we can discuss later today.,Bu bugun keyinroq muhokama qilishimiz mumkin bo'lgan ikkilamchi masala.,minor subordinate,primary
wonderful,adjective,A2,ajoyib juda yaxshi,замечательный,"Very good, pleasant, or enjoyable.",ˈwʌn.də.fl̩,7946,feelings,We had a wonderful time at the party last night.,Kecha kechqurun ziyofatda juda ajoyib vaqt o'tkazdik.,amazing fantastic,terrible
ladies,noun,A2,xonimlar ayollar,дамы,A polite or formal way to refer to women.,ˈleɪ.diz,7948,people-family,The ladies were invited to join the meeting in the hall.,Xonimlar zaldagi majlisga taklif qilindilar.,women,
guess,verb,A2,taxmin qilmoq chamalamoq,угадывать,To give an answer or opinion without having all the facts.,ɡɛs,7950,actions,"If you do not know the answer, just take a guess.","Agar javobni bilmasangiz, shunchaki taxmin qilib ko'ring.",estimate speculate,
prevention,noun,B2,oldini olish,предотвращение,The act of stopping something from happening.,pɹɪˈvɛnʃən,7952,ielts,Eating healthy food is an important part of disease prevention.,Sog'lom ovqatlanish kasalliklarning oldini olishning muhim qismidir.,,
ski,verb,A2,chang'ida uchmoq,кататься на лыжах,"To move over snow wearing long, flat pieces of wood or plastic on your feet.",skiː,7954,travel,We spent our winter holidays learning how to ski in the mountains.,Biz qishki ta'tilimizni tog'larda chang'ida uchishni o'rganish bilan o'tkazdik.,,
soccer,noun,A1,futbol,футбол,A game where two teams kick a ball into a goal.,ˈsɒk.ə,7956,basics,My brother plays soccer for his school team every Saturday.,Akam har shanba kuni maktab jamoasi uchun futbol o'ynaydi.,football,
math,noun,A1,matematika,математика,"The study of numbers, shapes, and measurements.",mæθ,7958,school,I find math to be the most difficult subject at school.,Men maktabdagi eng qiyin fan matematika deb hisoblayman.,,
import,verb,B2,import qilmoq chet eldan keltirmoq,импортировать,To bring goods or services into a country from abroad to sell.,ˈɪm.pɔːt,7960,work,Many countries import oil to help their local industries grow.,Ko'pgina mamlakatlar mahalliy sanoatini rivojlantirish uchun neft import qiladi.,,export
presence,noun,B2,mavjudlik ishtirok,присутствие,The fact of being in a particular place at a specific time.,ˈpɹɛzn̩s,7962,ielts,The doctor's presence in the room made the patient feel safer.,Shifokorning xonada mavjudligi bemorning o'zini xavfsizroq his qilishiga yordam berdi.,,
instant,noun,B1,lahza on,мгновение,A very short period of time.,ˈɪnstənt,7964,time,"For an instant, he forgot where he had left his keys.",Bir lahzaga u kalitlarini qayerga qo'yganini unutib qo'ydi.,moment,
automatic,adjective,B2,avtomatik avtomatlashtirilgan,автоматический,Working by itself without needing people to control it all the time.,ˌɔː.təˈmæt.ɪk,7966,describing,The automatic doors opened as soon as we walked towards the store.,Avtomatik eshiklar biz do'kon tomon yurishimiz bilanoq ochildi.,self-operating,manual
healthcare,noun,B2,sog'liqni saqlash tibbiy xizmat,здравоохранение,The service of providing medical care to a population.,ˈhɛlθkɛɚ,7968,body-health,The government is working to improve the quality of national healthcare services.,Hukumat milliy sog'liqni saqlash xizmatlari sifatini oshirish ustida ishlamoqda.,,
majority,noun,B2,ko'pchilik aksariyat,большинство,More than half of a group of people or things.,məˈd͡ʒɒ.ɹɪti,7970,ielts,The majority of students passed the exam with very high grades.,Talabalarning aksariyati imtihondan juda yuqori baholar bilan o'tdilar.,,minority
ahead,adverb,B1,oldinga oldinda,впереди,Further forward in space or time than someone or something else.,əˈhɛd,7972,describing,The car ahead of us stopped suddenly because of the red light.,Bizning oldimizdagi mashina qizil chiroq tufayli to'satdan to'xtadi.,,
participation,noun,C1,ishtirok qatnashish,участие,The act of taking part in an activity or event.,pɑːˌtɪs.ɪˈpeɪ.ʃən,7974,ielts,Active participation in class is expected from all the students today.,Bugun barcha talabalardan darsda faol ishtirok etish kutilmoqda.,involvement engagement,
preview,noun,B2,oldindan ko'rish,предварительный просмотр,A chance to see something before it is officially released or finished.,ˈpɹiːvjuː,7976,ielts,I watched a short movie preview before the main feature began today.,Asosiy film boshlanishidan oldin men qisqacha treylerni tomosha qildim.,foretaste teaser,
fly,verb,A1,uchmoq,летать,To move through the air using wings or an aircraft.,ˈflaɪ̯,7978,actions,Birds fly south every winter to find warmer weather for survival.,Qushlar qishda issiqroq havo izlab janubga uchib ketishadi.,soar,
manner,noun,B1,uslub odob-axloq,манера,The way in which something is done or how a person behaves.,ˈmænə,7980,describing,He spoke in a very calm manner during the difficult team meeting.,U qiyin jamoa yig'ilishi davomida juda xotirjam ohangda gapirdi.,method style,
matrix,noun,C1,matritsa muhit,матрица,A complex structure or situation where something originates or develops.,ˈmeɪ.tɹɪks,7982,ielts,The scientific study examines the complex matrix of social relationships in cities.,Ilmiy tadqiqot shaharlardagi ijtimoiy munosabatlarning murakkab tizimini o'rganadi.,framework,
combination,noun,B1,birikma uyg'unlik,соединение,The act of joining two or more things together to form one.,ˌkɒmbɪˈneɪʃən,7984,ielts,This delicious cake is a perfect combination of chocolate and fresh berries.,Bu mazali tort shokolad va yangi uzilgan rezavorlarning mukammal uyg'unligidir.,mixture blend,
amendment,noun,C1,o'zgartirish tuzatish,поправка,A small change or addition made to a law or a formal document.,əˈmɛndmənt,7986,ielts,The government proposed an important amendment to the country's main trade law.,Hukumat mamlakatning asosiy savdo qonuniga muhim o'zgartirish kiritishni taklif qildi.,improvement correction,
despite,preposition,B2,qaramay,несмотря на,Used to say that something happens even though something else might prevent it.,dɪˈspaɪt,7988,ielts,We enjoyed the picnic despite the cold wind blowing all day long.,Kun bo'yi sovuq shamol esishiga qaramay piknikdan zavq oldik.,although notwithstanding,
strength,noun,B1,kuch quvvat,сила,The physical power and energy that someone or something has.,ˈstɹɛŋθ,7990,body-health,It requires great physical strength to lift these very heavy boxes.,Bu juda og'ir qutilarni ko'tarish uchun katta jismoniy kuch talab qilinadi.,power might,weakness
turkey,noun,A2,kurka,индейка,A large bird kept on farms for its meat.,ˈtɜːki,7992,food-drink,We usually eat roasted turkey for dinner during the holiday season.,Biz bayram kunlari kechki ovqatga odatda qovurilgan kurka yeymiz.,,
libraries,noun,A1,kutubxonalar,библиотеки,Buildings where collections of books are kept for people to read or borrow.,ˈlaɪbɹəriz,7994,school,Public libraries are important places for students to study quietly together.,Jamoat kutubxonalari talabalar uchun tinch muhitda birga o'qish uchun muhim joylardir.,,
proper,adjective,B1,mos to'g'ri,правильный,"Correct, suitable, or according to social rules.",ˈpɹɒpə,7996,describing,You should wear proper clothes when you go to a job interview.,Ishga kirish uchun suhbatga borganingizda mos kiyim kiyishingiz kerak.,suitable appropriate,improper
singapore,noun,A2,Singapur,Сингапур,A modern island city-state located in Southeast Asia.,ˌsɪŋəˈpɔː,7998,travel,Many international business people travel to Singapore every single year.,Ko'plab xalqaro ishbilarmonlar har yili Singapurga sayohat qilishadi.,,
delta,noun,B2,delta,дельта,An area of land at the end of a river where it meets the sea.,ˈdɛltə,8000,nature,The Nile Delta is a very fertile region for growing many crops.,Nil deltasi ko'plab ekinlar yetishtirish uchun juda unumdor hudud hisoblanadi.,,
fear,noun,A2,qo'rquv,страх,An unpleasant emotion caused by danger or feeling threatened.,ˈfɪə,8002,feelings,She felt a deep fear when she heard the loud scary noise.,U baland va qo'rqinchli shovqinni eshitganida chuqur qo'rquvni his qildi.,dread terror,courage
phoenix,noun,C1,feniks,феникс,A mythical bird that dies in fire and is born again from its ashes.,ˈfiːnɪks,8004,ielts,The company rose like a phoenix after its recent financial collapse.,Kompaniya yaqindagi moliyaviy inqirozidan so'ng qayta tirildi.,,
convention,noun,B2,anjuman qurultoy,собрание,A large meeting of people who share the same interest or job.,kənˈvɛn.ʃən,8006,ielts,The annual science convention was held in Geneva this year.,Yillik fan anjumani bu yil Jenevada o'tkazildi.,conference gathering,
comfort,noun,A2,qulaylik shinamlik,комфорт,A state of feeling relaxed and free from pain or worry.,ˈkʌm.fət,8008,home,You can sleep in complete comfort with our soft new mattress.,Bizning yumshoq yangi matrasimiz bilan siz to'liq qulaylikda uxlay olasiz.,ease relaxation,austerity
cisco,noun,C2,sig balig'i,сиг,A type of small freshwater fish found in cold North American lakes.,ˈsɪskəʊ,8010,nature,The local fishermen caught a cisco in the deep cold lake.,Mahalliy baliqchilar chuqur sovuq ko'lda sig baliqlarini tutishdi.,,
alpha,noun,B2,alfa birinchi,альфа,"The first letter of the Greek alphabet, often representing the start of something.",ˈælfə,8012,ielts,"In many scientific studies, the alpha version is the very first one.",Ko'pgina ilmiy tadqiqotlarda alfa versiya eng birinchisi hisoblanadi.,beginning,omega
cruise,noun,B1,kema sayohati,круиз,A holiday trip taken on a large ship visiting several different places.,kɹuːz,8014,travel,My parents are going on a Mediterranean cruise for their anniversary.,Ota-onam yubileyi uchun O'rta yer dengizi bo'ylab kema sayohatiga ketishyapti.,voyage,
bonus,noun,B1,mukofot qo'shimcha,бонус,An extra amount of money or reward given to someone for good work.,ˈbəʊ.nəs,8016,work,The company gave every employee a small bonus for Christmas this year.,Kompaniya bu yil Rojdestvo uchun har bir xodimga kichik mukofot puli berdi.,reward premium,
certification,noun,B2,sertifikatlash guvohnoma,сертификация,An official document proving that you have completed a course or skill.,ˌsɜːtɪfɪˈkeɪʃən,8018,ielts,You need professional certification before you can work as a teacher.,O'qituvchi bo'lib ishlashdan oldin sizga kasbiy sertifikat kerak bo'ladi.,accreditation,
previously,adverb,B1,ilgari oldin,ранее,At a time before now or before a particular event.,ˈpɹiːvi.əsli,8020,time,I had previously lived in London before moving to this small city.,Ushbu kichik shaharga ko'chib o'tishdan oldin men Londonda yashaganman.,formerly earlier,
hey,interjection,A1,ey hey,эй,A word used to get someone's attention or express surprise.,heɪ,8022,basics,"Hey, could you please tell me where the nearest station is?","Hey, iltimos ayta olasizmi eng yaqin bekat qayerda?",,
bookmark,noun,B1,xatcho'p,закладка,A small strip used to mark your place in a book.,ˈbʊkmɑɹk,8024,home,I use a paper bookmark to remember which page I reached.,Men qaysi sahifaga yetganimni eslab qolish uchun qog'oz xatcho'pdan foydalanaman.,marker,
beat,verb,A2,urmoq kaltaklamoq,бить,To hit a person or thing several times.,biːt,8026,actions,The player did not mean to beat the ball so hard.,O'yinchi to'pni bunchalik qattiq urmoqchi emas edi.,strike hit,
household,noun,B1,xo'jalik oila,домохозяйство,All the people who live together in one house.,ˈhaʊshəʊld,8030,people-family,Every member of the household helps with the cleaning on weekends.,Dam olish kunlari uy xo'jaligining har bir a'zosi tozalash ishlariga yordam beradi.,family home,
batteries,noun,A2,batareyalar,батарейки,"Small devices that provide electricity for toys, clocks, or remote controls.",ˈbæt(ə)ɹiz,8032,home,The toy stopped working because the batteries are empty.,"O'yinchoq ishlashdan to'xtadi, chunki batareyalar tugab qolgan.",,
adobe,noun,C1,saman xom g'isht,саман,A type of brick made from sun-dried earth or clay.,əˈdəʊ.bi,8034,ielts,The old house was built using adobe bricks dried in the sun.,Qadimgi uy quyoshda quritilgan saman g'ishtlaridan qurilgan edi.,mudbrick,
smoking,noun,A2,tamaki chekish,курение,The habit of breathing in smoke from cigarettes or cigars.,ˈsməʊkɪŋ,8036,body-health,Public smoking is banned in many places to protect people's health.,Insonlar sog'ligini himoya qilish uchun ko'p joylarda tamaki chekish taqiqlangan.,,
subscription,noun,B2,obuna abonentlik,подписка,An agreement to pay money to receive a service or product regularly.,səbˈskɹɪpʃən,8038,work,I decided to cancel my magazine subscription because I never read it.,Jurnalga obunani bekor qilishga qaror qildim chunki uni hech o'qimayman.,membership,
dealer,noun,B2,diler savdogar,дилер,A person or company that buys and sells a particular type of product.,ˈdiːlə(ɹ),8040,work,The local car dealer offered us a very good price on the SUV.,Mahalliy avtomobil dileri bizga yo'ltanlamas uchun juda yaxshi narx taklif qildi.,trader merchant,
nearby,adjective,A2,yaqin atrofdagi,близлежащий,Not far away in distance.,ˌnɪə(ɹ)ˈbaɪ,8042,places,We stopped at a nearby restaurant to have lunch after the long walk.,Uzoq piyoda yurishdan keyin tushlik qilish uchun yaqin atrofdagi restoranida to'xtadik.,close neighboring,distant
happen,verb,A2,yuz bermoq sodir bo'lmoq,случаться,"To take place or occur, often without being planned.",ˈhæpən,8046,actions,Let me tell you how the accident happened on the street.,"Keling, ko'chada baxtsiz hodisa qanday yuz berganini aytib beray.",occur arise,
exposure,noun,B2,ta'sir qilish ta'sirlanish,подверженность,The state of being put in a situation where you are not protected from something.,ɪkˈspəʊ.ʒə(ɹ),8048,ielts,You should limit your exposure to the hot sun during midday.,Siz tush paytida quyosh nuri ta'siriga tushishni cheklashingiz kerak.,vulnerability risk,protection
hide,verb,A2,yashirmoq berkitmoq,прятать,To put something in a place where others cannot see or find it.,haɪd,8052,actions,Children like to hide their toys under the bed before sleeping.,Bolalar uyqudan oldin o'yinchoqlarini karavot ostiga yashirishni yaxshi ko'rishadi.,conceal cover,expose
signature,noun,B1,imzo,подпись,"The way a person signs their name, often to show they agree to something.",ˈsɪɡ.nə.t͡ʃə,8056,work,Please write your signature at the bottom of this official document.,"Iltimos, ushbu rasmiy hujjatning pastiga o'z imzoingizni qo'ying.",sign autograph,
gambling,noun,B2,qimor qimorbozlik,азартные игры,"Playing games of chance with money, where you can win or lose money.",ˈɡæm.bl̩.ɪŋ,8058,ielts,He lost a lot of money because of his gambling habit.,U qimorbozlik odati tufayli juda ko'p pul yo'qotdi.,betting wagering,
refer,verb,B2,yo'llamoq tavsiya qilmoq,направлять,To send someone to a person or place for help or information.,ɹɪˈfɜː,8060,ielts,The shop assistant referred me to the help desk on ground floor.,Do'kon sotuvchisi meni birinchi qavatdagi yordam stoliga yo'lladi.,send,
miller,noun,B2,tegirmonchi,мельник,A person who owns or operates a mill to grind grain into flour.,ˈmɪləː,8062,people-family,The old miller worked long hours to grind the wheat every day.,Keksa tegirmonchi har kuni bug'doyni yanchish uchun ko'p ishladi.,,
luxury,noun,B2,hashamat dabdaba,роскошь,Great comfort and wealth that is very expensive and pleasant to enjoy.,ˈlʌk.ʃə.ɹi,8064,describing,They live in luxury in a large villa by the seaside.,Ular dengiz bo'yidagi katta villada hashamat ichida yashaydilar.,splendor grandeur,necessity
babes,noun,C1,azizim erkatoy,малыш,An informal term of affection used to address a loved one.,beɪbz,8066,feelings,"Are you all right, babes? We should go home together now.","Yaxshimisan, azizim? Biz hozir birga uyga ketishimiz kerak.",,
certainly,adverb,B1,albatta shubhasiz,конечно,Used to express that you are completely sure about something.,ˈsɜː.tn̩.li,8068,basics,The accident was certainly caused by a simple human error today.,Baxtsiz hodisa bugun albatta oddiy inson xatosi tufayli yuz berdi.,surely definitely,
indeed,adverb,B2,haqiqatan ham rostini aytsam,действительно,Used to emphasize a statement or confirm that something is true.,ɪnˈdiːd,8070,ielts,The situation is serious indeed and requires our urgent attention now.,Vaziyat haqiqatan ham jiddiy va hozir bizdan zudlik bilan e'tibor talab qiladi.,actually truly,
newspaper,noun,A2,gazeta,газета,A set of large printed sheets of paper containing news and articles.,ˈnjuːsˌpeɪpə,8072,basics,I like to read the morning newspaper while having my coffee.,Men kofe ichayotganda tonggi gazetani o'qishni yoqtiraman.,paper,
toy,noun,A1,o'yinchoq,игрушка,An object for a child to play with.,tɔɪ,8074,basics,The young child left his favorite toy on the living room floor.,Yosh bola o'zining sevimli o'yinchog'ini mehmonxona polida qoldirdi.,,
circuit,noun,B2,elektr zanjiri aylana,электрическая цепь,"A path that an electric current travels around, or a journey around an area.",ˈsɜː.kɪt,8076,work,The electrician checked the electrical circuit to find the faulty wire.,Elektrchi nosoz simni topish uchun elektr zanjirini tekshirdi.,loop path,
layer,noun,B1,qavat qatlam,слой,A single amount of a material that covers a surface or lies between other things.,lɛə,8078,describing,We painted another layer of white paint over the old wall.,Biz eski devor ustiga yana bir qat oq bo'yoq surdik.,coating level,
removal,noun,B2,olib tashlash ko'chirish,удаление,The act of taking something or someone away from a place.,ɹɪˈmuː.vəl,8080,ielts,The removal of the old furniture made the room feel much larger.,Eski mebellarning olib tashlanishi xonani ancha kengaytirib ko'rsatdi.,extraction disposal,installation
easier,adjective,A1,osonroq,легче,More simple to do or understand than something else.,ˈiː.zi.ə,8082,describing,It is much easier to learn English when you practice every day.,"Har kuni shug'ullansangiz, ingliz tilini o'rganish ancha osonroq bo'ladi.",simpler,harder
liability,noun,C1,javobgarlik majburiyat,ответственность,"Legal responsibility for something, or a person or thing that causes problems.",laɪəˈbɪlɪti,8084,ielts,The company accepted liability for the damage caused by the accident.,Kompaniya baxtsiz hodisa keltirib chiqargan zarar uchun javobgarlikni tan oldi.,responsibility debt,asset
trademark,noun,B2,savdo belgisi firma belgisi,товарный знак,A name or symbol that a company uses to show its products are original.,ˈtɹeɪdmɑːk,8086,work,That famous logo is a registered trademark of a major sports brand.,Ushbu mashhur logotip yirik sport brendining ro'yxatdan o'tgan savdo belgisidir.,brand logo,generic name
hip,noun,A2,son,бедро,The part of the body between the top of the leg and the waist.,hɪp,8088,body-health,She fell down and hurt her left hip while running outside.,"Tashqarida yugurayotganda u yiqilib, chap sonini shikastlab oldi.",,
faqs,noun,B1,tez-tez so'raladigan savollar,часто задаваемые вопросы,A list of questions and answers about a particular subject on a website.,fæks,8090,basics,You can find all the delivery details in the FAQs section online.,Yetkazib berish bo'yicha barcha ma'lumotlarni internetdagi savollar bo'limidan topishingiz mumkin.,,
mostly,adverb,B1,asosan ko'pincha,по большей части,Mainly or for the most part; generally or usually.,ˈməʊstli,8092,describing,"My friends are mostly from university, but we do not see them often.","Do'stlarim asosan universitetdan, lekin biz ular bilan tez-tez ko'rishmaymiz.",mainly generally,
spot,verb,B2,topmoq aniqlamoq,заметить,"To see or notice something, especially when it is difficult to find.",spɒt,8094,actions,I tried to spot my brother in the middle of the large crowd.,Men katta olomon orasidan akamni topishga harakat qildim.,notice identify,
spend,verb,A1,sarflamoq xarajat qilmoq,тратить,"To give money to pay for goods, services, or other things.",spɛnd,8096,work,I try not to spend too much money when I go to shops.,Do'konlarga borganimda ko'p pul sarflamaslikka harakat qilaman.,pay waste,save
interior,noun,B2,ichki qism interyer,внутренность,"The inside part of a building, room, or vehicle.",ɪnˈtɪə.ɹɪ.ə,8098,home,The interior of the old house was beautifully painted by local artists.,Eski uyning ichki qismi mahalliy rassomlar tomonidan go'zal bo'yalgan edi.,inside indoor,exterior
grow,verb,A2,o'smoq rivojlanmoq,расти,"To increase in size, height, or amount over a period of time.",ˈɡɹəʊ,8100,basics,Plants need plenty of water if they are going to grow.,O'simliklar o'sishi uchun ko'p suv kerak.,,
optical,adjective,B2,optik ko'rishga oid,оптический,Relating to sight or the equipment used to help you see better.,ˈɒptɪkəl,8102,ielts,The telescope is a complex optical device used by many astronomers.,Teleskop ko'plab astronomlar foydalanadigan murakkab optik qurilmadir.,,
promotion,noun,B1,lavozim oshishi targ'ibot,продвижение по службе,Moving to a higher position or rank at work.,pɹəˈməʊʃn̩,8104,work,She was happy to receive a promotion after her hard work.,U mehnatsevarligi uchun lavozim ko'tarilganidan xursand edi.,,demotion
relative,noun,A2,qarindosh yaqin kishi,родственник,A member of your family.,ˈɹɛl.ə.tɪv,8106,people-family,I am visiting a relative who lives in the city center.,Men shahar markazida yashovchi qarindoshimni ko'rgani boryapman.,,
amazing,adjective,A2,ajoyib hayratlanarli,изумительный,Very surprising or very good.,əˈmeɪzɪŋ,8108,describing,We had an amazing time at the beach during our holiday.,Ta'tilimiz davomida dengiz bo'yida ajoyib vaqt o'tkazdik.,wonderful great,
dot,noun,B1,nuqta,точка,"A very small, round mark.",dɒt,8110,basics,Put a small dot at the end of every sentence you write.,Yozgan har bir gapingiz oxiriga kichik nuqta qo'ying.,speck spot,
conversion,noun,C1,o'zgartirish aylantirish,преобразование,The process of changing something from one form to another.,kənˈvɜːʃ(ə)n,8114,ielts,The conversion of the old factory into luxury apartments was successful.,Eski zavodning hashamatli kvartiralarga aylantirilishi muvaffaqiyatli o'tdi.,transformation change,
hidden,adjective,A2,yashirin maxfiy,скрытый,Not easy to see or find; placed where people cannot look.,ˈhɪd.(ə)n,8116,describing,The cat found a hidden spot to sleep behind the big sofa.,Mushuk katta divan ortidan uxlash uchun yashirin joy topdi.,concealed secret,visible
reasonable,adjective,B1,oqilona maqbul,разумный,Fair and sensible; not too expensive or too much.,ˈɹiː.zə.nə.bəl,8118,ielts,The hotel price was very reasonable for such a nice room.,Bunday ajoyib xona uchun mehmonxona narxi juda maqbul edi.,fair sensible,unreasonable
serial,adjective,B2,ketma-ket seriyali,серийный,Happening in a series or occurring one after another.,ˈsɪə.ɹɪ.əl,8122,ielts,He is a serial entrepreneur who starts many different new businesses.,U ko'plab turli yangi bizneslarni boshlaydigan seriyali tadbirkordir.,sequential successive,
relief,noun,B1,yengillik taskin,облегчение,A feeling of happiness because something difficult or painful has ended.,ɹɪˈliːf,8124,feelings,I felt a great sense of relief when I finished my exam.,Imtihonimni tugatganimda juda katta yengillik his qildim.,comfort ease,
revision,noun,B2,qayta ko'rib chiqish tahrir,переработка,The act of changing something to make it better or more accurate.,ɹɪˈvɪʒ.ən,8126,ielts,The final report needs a quick revision before we print it.,Yakuniy hisobotni chop etishdan oldin uni tezda qayta ko'rib chiqish kerak.,amendment correction,
broadband,noun,B1,yuqori tezlikdagi internet,широкополосный интернет,A system that allows you to connect to the internet very quickly.,ˈbɹɔːdbænd,8128,work,We installed high-speed broadband at home for faster video calls.,Video qo'ng'iroqlarni tezlashtirish uchun uyga yuqori tezlikdagi internet o'rnatdik.,internet connection,
ratio,noun,B2,nisbat,соотношение,The relationship between two amounts showing how much bigger one is.,ˈɹeɪ.ʃi.əʊ,8130,ielts,The ratio of boys to girls in the class is two to one.,Sinfdagi o'g'il bolalarning qiz bolalarga nisbati ikkiga bir.,proportion scale,
importance,noun,B1,muhimlik ahamiyat,важность,The quality of being very significant or having a great effect.,ɪmˈpɔːtəns,8132,ielts,The teacher explained the importance of reading books every single day.,O'qituvchi har kuni kitob o'qishning muhimligini tushuntirib berdi.,significance value,unimportance
webmaster,noun,B2,veb-ustoz sayt boshqaruvchisi,веб-мастер,"A person who creates, manages, and updates a website on the internet.",ˈwɛbmæstɚ,8134,work,You should contact the webmaster if the website is not working correctly.,"Agar veb-sayt to'g'ri ishlamayotgan bo'lsa, veb-ustoz bilan bog'lanishingiz kerak.",admin developer,
copies,noun,A2,nusxalar,копии,Things that are made to look exactly like the original item.,ˈkɑpiz,8136,school,The teacher asked the students to make copies of their homework assignments.,O'qituvchi o'quvchilardan uy vazifalarining nusxalarini ko'paytirishni so'radi.,duplicates replicas,
permit,verb,B1,ruxsat bermoq,позволять,To allow someone to do something or to let something happen.,pɚˈmɪt,8138,actions,The rules do not permit students to use phones during the exam.,Qoidalar imtihon vaqtida o'quvchilarga telefondan foydalanishga ruxsat bermaydi.,allow let,forbid
proof,noun,B2,dalil isbot,доказательство,A fact or piece of information that shows something is true.,pɹuːf,8140,ielts,We need more proof to believe that this information is correct.,Bu ma'lumot to'g'riligiga ishonishimiz uchun bizga ko'proq dalil kerak.,evidence confirmation,disproof
diff,noun,C1,farq tafovut,разница,An informal way to talk about the difference between two things.,dɪf,8144,actions,"If you compare these two files, what is the main diff here?","Agar bu ikki faylni solishtirsangiz, asosiy farq nimada?",difference discrepancy,
tennis,noun,A2,tennis,теннис,A game where two or four people use rackets to hit a ball over a net.,ˈtɛnɪs,8146,basics,I play tennis with my friends at the park every Sunday morning.,Men har yakshanba tongida do‘stlarim bilan tennis o‘ynayman.,,
prescription,noun,B2,retsept shifokor tavsiyasi,рецепт,A paper from a doctor that lets you get medicine from a pharmacy.,pɹəˈskɹɪp.ʃən,8148,body-health,You need a doctor's prescription to buy this strong medicine at the pharmacy.,Ushbu kuchli dorini dorixonadan sotib olish uchun sizga shifokor retsepti kerak.,scrip Rx,
hole,noun,A1,teshik kovak,дыра,An empty space or opening in something solid.,həʊl,8150,basics,There is a large hole in the ground where they planted the tree.,Ular daraxt ekkan joyda yerda katta teshik bor.,opening gap,
ride,verb,A2,haydash minish,ехать,"To travel by sitting on a bicycle, horse, or in a vehicle.",ɹaɪd,8152,travel,I love to ride my bicycle to work when the weather is nice.,Havo yaxshi bo‘lganda velosipedda ishga borishni yoqtiraman.,travel drive,
specifically,adverb,B2,aniq maxsus,конкретно,Used to point to one particular thing or person and no others.,spɪˈsɪf.ɪ.kli,8154,ielts,This program was specifically designed to help students improve their English language skills.,Ushbu dastur talabalarga ingliz tili ko‘nikmalarini oshirishga yordam berish uchun maxsus ishlab chiqilgan.,explicitly exactly,generally
bureau,noun,B2,byuro idora,бюро,"An office or department of a large organization, especially a government one.",ˈbjʊ.ɹəʊ,8156,work,The travel bureau helped us book all our flights and hotels.,Sayohat byurosi bizga barcha parvozlar va mehmonxonalarni band qilishga yordam berdi.,office agency,
represent,verb,B2,ifodalash anglatmoq,представлять,"To act, speak, or be present officially for another person or group.",ˌɹɛp.ɹɪˈzɛnt,8158,ielts,Our lawyer will represent us in court during the legal case.,Advokatimiz sud jarayonida bizni himoya qiladi.,portray symbolize,
ideal,adjective,B1,ideal mukammal,идеальный,Perfect or most suitable for a specific purpose or situation.,aɪˈdɪəl,8160,describing,This sunny weather is ideal for a picnic in the park.,Bu quyoshli ob-havo bog'da piknik qilish uchun juda mos.,perfect optimal,flawed
specs,noun,B2,ko'zoynak xususiyatlar,очки технические характеристики,A short form of specifications which describe the requirements of a design.,spɛks,8162,work,You need to check the technical specs before buying the computer.,Kompyuter sotib olishdan oldin texnik xususiyatlarini tekshirishingiz kerak.,details requirements,
stress,noun,B1,stress ruhiy zo'riqish,стресс,A state of mental or emotional strain resulting from difficult circumstances.,ˈstɹɛs,8166,feelings,I try to exercise every day to reduce my daily stress levels.,Men kundalik stress darajasini kamaytirish uchun har kuni mashq qilaman.,tension pressure,relaxation
cream,noun,A2,qaymoq krem,сливки,The thick white or yellowish part of milk that contains fat.,kɹiːm,8168,food-drink,She added a little bit of fresh cream to her morning coffee.,U ertalabki qahvasiga ozgina yangi qaymoq qo'shdi.,,
yeah,interjection,A1,ha xo'p,ага,An informal way to say yes.,jɛ(ə),8170,basics,"Yeah, I will be at the party later this evening, see you.","Ha, men bugun kechqurun ziyofatda bo'laman, ko'rishguncha.",yes yep,
fourth,adjective,A2,to'rtinchi,четвёртый,Coming after the third position in a sequence.,fɔːθ,8172,time,Our classroom is located on the fourth floor of the new building.,Bizning sinf xonamiz yangi binoning to'rtinchi qavatida joylashgan.,,
advisor,noun,B2,maslahatchi maslahatgo'y,советник,A person who provides expert advice in a particular area.,ædˈvaɪ.zə(ɹ),8174,work,My academic advisor helped me choose the right subjects for this year.,Akademik maslahatchim bu yil uchun to'g'ri fanlarni tanlashimga yordam berdi.,consultant counselor,
marketplace,noun,B2,bozor savdo maydoni,рынок,The economic area where companies buy and sell products to people.,ˈmɑːkɪtpleɪs,8176,ielts,Many companies are competing to gain customers in the digital global marketplace.,Koplab kompaniyalar raqamli global bozorda mijozlarni jalb qilish uchun raqobatlashmoqda.,emporium,
evil,adjective,B1,yovuz yomon,злой,Extremely bad and intending to cause harm to other people.,ˈiːvəl,8178,feelings,The story tells of a brave hero fighting against an evil villain.,Hikoya yovuz yovuzgarchilikka qarshi kurashayotgan jasur qahramon haqida.,wicked cruel,good
aware,adjective,B1,xabardor ogoh,осведомленный,Knowing that something exists or understanding a situation.,əˈwɛə(ɹ),8180,describing,I was not aware that the meeting had been moved to tomorrow.,Uchrashuv ertangi kunga ko'chirilganidan xabarim yo'q edi.,conscious informed,unaware
shape,noun,A2,shakl ko'rinish,форма,The physical form or outer edge of an object.,ʃeɪp,8182,describing,Can you draw a circle or another shape on this piece of paper?,Siz ushbu qog'ozga aylana yoki boshqa shakl chizib bera olasizmi?,form figure,
evolution,noun,B2,evolyutsiya rivojlanish,эволюция,The gradual process of change and development over a long time.,ˌiːvəˈluːʃ(ə)n,8184,ielts,The rapid evolution of technology has changed the way we communicate daily.,Texnologiyaning tezkor evolyutsiyasi kundalik muloqot qilish tarzimizni o'zgartirdi.,development growth,
concerned,adjective,B1,tashvishlangan xavotirlangan,обеспокоенный,Feeling worried or troubled about a situation or person.,kənˈsɝnd,8188,feelings,The teacher felt concerned about the student's lack of progress.,O'qituvchi o'quvchining o'zlashtirish darajasi pastligidan xavotirda edi.,solicitous,
euro,noun,A2,yevro,евро,The official money used in many countries of the European Union.,ˈjʊəɹəʊ,8190,travel,I exchanged my dollars for euro at the airport bank.,Men aeroport bankida dollarlarimni yevroga almashtirdim.,EUR,
operator,noun,B1,operator boshqaruvchi,оператор,A person whose job is to use and control a machine or system.,ˈɒpəˌɹeɪtə,8192,work,The machine operator checked the settings before starting the production line.,Mashina operatori ishlab chiqarish liniyasini ishga tushirishdan oldin sozlamalarni tekshirdi.,,
generic,adjective,B2,umumiy turdagi,немарочный,Shared by or typical of a whole group rather than one specific thing.,dʒᵻˈnɛ.ɹɪk,8194,ielts,The company uses a generic brand name for all its low-cost products.,Kompaniya barcha arzon mahsulotlari uchun umumiy brend nomidan foydalanadi.,,specific
encyclopedia,noun,B1,ensiklopediya,энциклопедия,A book or website containing information on many different subjects.,ɪnˌsaɪkləˈpiːdi.ə,8196,school,I found the historical facts in an old printed encyclopedia.,Men tarixiy ma'lumotlarni eski bosma ensiklopediyadan topdim.,,
usage,noun,B2,ishlatilish foydalanish,использование,The way in which something is used or the act of using it.,ˈjuːsɪd͡ʒ,8198,ielts,Water usage has increased significantly during the hot summer months.,Issiq yoz oylarida suvdan foydalanish sezilarli darajada oshdi.,,
ink,noun,A2,siyoh,чернила,A colored liquid used for writing or printing on paper.,ˈɪŋk,8200,school,This official form should be filled out in black ink.,Bu rasmiy shaklni qora siyoh bilan to'ldirish kerak.,,
interracial,adjective,B2,turli irqlar o'rtasidagi,межрасовый,Involving people who belong to different racial groups.,ˌɪntəˈɹeɪʃəl,8202,ielts,They work to promote understanding in our interracial community.,Ular bizning turli irqlar yashaydigan jamoamizda hamjihatlikni rivojlantirish ustida ishlaydilar.,,
peak,noun,B1,cho'qqi eng yuqori nuqta,пик,The highest point of a mountain or a level of success.,piːk,8204,nature,They reached the mountain peak after eight hours of hard climbing.,Ular sakkiz soatlik qiyin chiqishdan so'ng tog' cho'qqisiga yetib borishdi.,summit top,
competitive,adjective,B1,raqobatbardosh musobaqaviy,конкурентный,Wanting to win or to be more successful than other people.,kəmˈpɛtɪtɪv,8206,ielts,She has a very competitive nature and always wants to win.,U juda raqobatbardosh tabiatga ega va doimo g'alaba qozonishni istaydi.,,cooperative
exist,verb,A2,mavjud bo'lmoq yashamoq,существовать,To be real or to be present in the world.,ɛɡˈzɪst,8208,actions,Do you believe that life can exist on other planets?,Boshqa sayyoralarda hayot mavjud bo'lishi mumkinligiga ishonasizmi?,,
wheel,noun,A1,g'ildirak charx,колесо,A circular object that rotates on an axis to help things move.,wiːl,8210,basics,The car stopped because it had a flat wheel.,"Mashina to'xtadi, chunki uning g'ildiragi yorilib ketgan edi.",,
suppliers,noun,B2,yetkazib beruvchilar ta'minotchilar,поставщики,Companies or people that provide goods to others to sell or use.,səˈplaɪərz,8212,work,We are looking for new suppliers to lower our production costs.,Biz ishlab chiqarish xarajatlarini kamaytirish uchun yangi yetkazib beruvchilarni qidirmoqdamiz.,vendors,
compact,adjective,B2,ixcham zich,компактный,Small and using very little space.,ˈkɒmˌpækt,8214,describing,I bought a compact camera that fits easily into my pocket.,Men cho'ntagimga bemalol sig'adigan ixcham kamera sotib oldim.,dense small,
poetry,noun,B2,she'riyat nazm,поэзия,Writing that uses creative words and patterns to express deep feelings or artistic ideas.,ˈpəʊ.ɪ.tɹi,8216,ielts,She enjoys reading classic poetry in the park on sunny summer afternoons.,U yozgi quyoshli kunlarda parkda klassik she'riyat o'qishni yoqtiradi.,poesy verse,prose
angel,noun,B1,farishta,ангел,A spiritual being in religious stories that serves God and helps people on earth.,ˈeɪ̯n.d͡ʒəl,8218,people-family,The child looked like an innocent angel sleeping peacefully in her little bed.,Bola o'zining kichkina karavotida tinch uxlab yotgan begunoh farishtadek ko'rinardi.,,
preparation,noun,B1,tayyorgarlik hozirlik,подготовка,The process of making something ready or getting ready for a future event.,pɹɛpəˈɹeɪʃən,8220,actions,We spent hours in careful preparation for the big surprise birthday party tonight.,Biz bugungi kutilmagan tug'ilgan kun kechasi uchun puxta tayyorgarlik ko'rishga soatlab vaqt sarfladik.,readiness,
accordance,noun,C1,muvofiqlik moslik,соответствие,A state of following rules or being in agreement with a specific plan.,ə.ˈkɔɹd.əns,8222,ielts,The project was completed in accordance with all the safety rules and regulations.,Loyiha barcha xavfsizlik qoidalari va nizomlariga muvofiq ravishda yakunlandi.,conformity compliance,
width,noun,A2,kenglik en,ширина,The distance of an object measured from one side to the other.,ˈwɪdθ,8224,describing,Please measure the exact width of the table before we buy the cloth.,Dasturxon sotib olishimizdan oldin stolning aniq kengligini o'lchab ko'ring.,,
noise,noun,A2,shovqin,шум,"A sound that is often loud, unpleasant, or disturbs you when you want silence.",nɔɪz,8226,describing,The loud noise from the construction site kept everyone awake all night long.,Qurilish maydonchasidan chiqqan baland shovqin barchani tun bo'yi uyg'oq tutdi.,,
pin,noun,A2,igna to'g'nog'ich,булавка,"A small, thin piece of metal used for holding things together.",ˈpɪn,8230,basics,Use a sharp pin to hold the pieces of fabric together tightly.,Mato bo'laklarini mahkam ushlab turish uchun o'tkir ignadan foydalaning.,needle fastener,
alcohol,noun,B1,spirt alkogol,алкоголь,"Drinks like beer, wine, or whiskey that can make you feel intoxicated.",ˈæl.kə.hɒl,8234,food-drink,The doctor advised him to stop drinking alcohol for his health.,Shifokor unga sog'lig'i uchun alkogol ichishni to'xtatishni maslahat berdi.,booze drink,
greek,noun,B2,yunoncha yunon tili,греческий,The language spoken by the people who live in Greece.,ɡɹiːk,8236,ielts,It is quite difficult for me to understand ancient Greek literature correctly.,Qadimgi yunon adabiyotini to'g'ri tushunish men uchun ancha qiyin.,,
annotation,noun,C1,izoh sharh,примечание,A short note or explanation added to a piece of written text.,ˌænəˈteɪʃən,8238,school,She added a helpful annotation in the margin to clarify the meaning.,U ma'noni aniqlashtirish uchun chetiga foydali izoh qo'shib qo'ydi.,note comment,
raw,adjective,B1,hom pishirilmagan,сырой,Food that has not been cooked by heat.,ɹɔː,8240,food-drink,"Some people enjoy eating raw fish, but I prefer it cooked well.","Ba'zi odamlar xom baliq yeyishni yoqtiradi, lekin men uni yaxshi pishirilganini afzal ko'raman.",unprocessed natural,cooked
smaller,adjective,A1,kichikroq,меньший,Having a size that is less than something else being compared.,ˈsmɔː.lə,8242,basics,Can you bring me a smaller box because this one is too big?,"Menga kichikroq quti olib kela olasizmi, chunki bunisi juda katta?",tiny little,bigger
newest,adjective,A1,eng yangi,новейший,The most recent version or the one that has existed for the shortest time.,ˈnjuːɪst,8244,basics,This is the newest model of the phone available in the shop.,Bu do'konda mavjud bo'lgan telefonning eng yangi modeli.,latest,oldest
extent,noun,B2,ko'lami darajasi,степень,"The size, area, or level of something.",ɪkˈstɛnt,8248,ielts,The full extent of the damage was not clear until the morning.,Zararning to'liq ko'lami tonggacha aniq emas edi.,range scope,
sharp,adjective,A2,o'tkir,острый,Having a thin edge or point that can cut something easily.,ʃɑːp,8250,describing,Be careful with that knife because it is extremely sharp.,"U pichoq bilan ehtiyot bo'ling, chunki u juda o'tkir.",pointed keen,blunt
lane,noun,A2,yo'lak tor ko'cha,переулок,A narrow road in the countryside or between buildings in a city.,leɪn,8252,places,They walked slowly down the quiet leafy lane towards the house.,Ular uy tomon sokin daraxtzor yo'lak bo'ylab sekin yurishdi.,path alley,
paragraph,noun,A2,xatboshi abzas,абзац,A short part of a text that starts on a new line.,ˈpæɹəɡɹɑːf,8254,school,Please read the first paragraph of the article carefully before answering.,Javob berishdan oldin maqolaning birinchi xatboshisini diqqat bilan o'qing.,section,
kill,verb,A2,o'ldirmoq halok qilmoq,убивать,"To cause a person, animal, or plant to die.",ˈkɪl,8256,actions,Smoking kills more people each year than alcohol and hard drugs combined.,Chekish har yili alkogol va kuchli giyohvand moddalardan ko'ra ko'proq odamni o'ldiradi.,slay murder,save
mathematics,noun,B1,matematika,математика,"The study of numbers, shapes, and the relationship between them.",mæθ(.ə)ˈmæt.ɪks,8258,school,I find that mathematics is a very challenging subject for many students.,"Menimcha, matematika ko'plab o'quvchilar uchun juda murakkab fan.",math,
compensation,noun,C1,tovon to'lash kompensatsiya,компенсация,"Money given to someone because they have suffered harm, loss, or injury.",ˌkɒm.pənˈseɪ.ʃən,8260,ielts,The company paid me compensation after the accident at the factory.,Zavoddagi baxtsiz hodisadan so'ng kompaniya menga kompensatsiya to'ladi.,restitution repayment,
export,verb,B2,eksport qilmoq chet elga sotmoq,экспортировать,To sell and send goods or services to another country.,ˈɛks.pɔːt,8262,work,Japan exports electronic goods to many different countries around the world.,Yaponiya butun dunyo bo'ylab ko'plab turli mamlakatlarga elektron tovarlarni eksport qiladi.,ship,import
aircraft,noun,B2,havo kemasi uchish apparati,воздушное судно,"A vehicle that can fly, such as an airplane or helicopter.",ˈɛə.kɹɑːft,8264,travel,"The airline decided to update its fleet with newer, safer aircraft models.",Aviakompaniya o'z flotini yangiroq va xavfsizroq havo kemalari bilan yangilashga qaror qildi.,plane airplane,
employer,noun,B1,ish beruvchi,работодатель,A person or organization that pays people to work for them.,ɪmˈplɔɪə,8266,work,My employer provides health insurance for all members of the staff.,Mening ish beruvchim barcha xodimlar uchun tibbiy sug'urta taqdim etadi.,boss,employee
percentage,noun,B1,foiz,процент,"The amount or rate of something, expressed as a number out of one hundred.",pə(ɹ)ˈsɛntɪd͡ʒ,8268,ielts,A high percentage of students choose to study at the local university.,Talabalarning yuqori foizi mahalliy universitetda o'qishni tanlaydi.,proportion,
concern,noun,B2,tashvish xavotir,забота,A feeling of worry about a situation or something that is important to you.,kənˈsɝn,8270,feelings,The safety of the students is our main concern during this trip.,Ushbu safar davomida o'quvchilar xavfsizligi bizning asosiy tashvishimizdir.,interest anxiety,unconcern
backup,noun,B2,zaxira nusxa,резерв,A copy of data or an extra person or thing kept in case needed.,ˈbækˌʌp,8272,work,Always keep a digital backup of your important documents on the cloud.,Muhim hujjatlaringizning raqamli zaxira nusxasini har doim bulutli xotirada saqlang.,reserve,
immediate,adjective,B2,zudlik bilan bajariladigan darhol,немедленный,Happening or done without any delay.,ɪˈmiː.dɪət,8274,describing,The government took immediate action to help the people after the flood.,Hukumat suv toshqinidan keyin odamlarga yordam berish uchun zudlik bilan chora ko'rdi.,instant,
trouble,noun,A2,muammo qiyinchilik,проблема,"A problem, difficulty, or situation that causes you to feel unhappy or worried.",ˈtɹʌb.əl,8276,feelings,I had a little trouble finding your house because of the rain.,Yomg'ir tufayli uyingizni topishda biroz qiynaldim.,difficulty problem,
spread,verb,B1,yoymoq tarqatmoq,распространять,To open or stretch something out so it covers a larger area.,spɹɛd,8278,actions,He spread his newspaper on the table to read the news.,U yangiliklarni o‘qish uchun gazetasini stol ustiga yoydi.,extend scatter,
coach,noun,A2,murabbiy,тренер,A person who trains or teaches a person or a team in a sport.,kəʊtʃ,8280,people-family,The football coach helped the players improve their skills every day.,Futbol murabbiyi har kuni o‘yinchilarga mahoratini oshirishga yordam berdi.,trainer instructor,
agricultural,adjective,B2,qishloq xo‘jaligiga oid,сельскохозяйственный,Related to farming or the growing of crops and raising of animals.,ˌæɡ.ɹɪˈkʌl.tjʊə.ɹəl,8282,ielts,New agricultural machines have made farming much more efficient for workers.,Yangi qishloq xo‘jaligi texnikalari fermerlar uchun ishni ancha samarali qildi.,farming agrarian,
audience,noun,A2,tomoshabinlar tinglovchilar,аудитория,"A group of people who watch or listen to a play, concert, or speech.",ˈɔː.di.əns,8284,places,The audience clapped loudly at the end of the beautiful concert.,Tomoshabinlar go‘zal konsert oxirida baland ovozda qarsak chalishdi.,spectators viewers,
plug,noun,B1,shtepsel vilka,штепсель,A small plastic object at the end of a wire for connecting to electricity.,plʌɡ,8286,home,I pushed the plug into the socket and the lamp turned on.,Men vilkani rozetkaga tiqdim va chiroq yondi.,connector stopper,
specialist,noun,B2,mutaxassis,специалист,Someone who has a lot of knowledge and skill in a specific area.,ˈspɛʃəlɪst,8288,work,We need to talk to a heart specialist about your health concerns.,Sog‘ligingiz bilan bog‘liq muammolar bo‘yicha yurak mutaxassisi bilan gaplashishimiz kerak.,expert professional,amateur
affect,verb,B2,ta'sir qilmoq,влиять,To make a change to someone or something.,əˈfɛkt,8290,ielts,The bad weather will affect our plans for the picnic tomorrow.,Yomon ob-havo ertangi sayr rejalarimizga ta'sir qiladi.,influence alter,
virgin,adjective,B2,bokira tegilmagan,девственный,In a natural state that has not been changed or used by anyone.,ˈvɜːd͡ʒɪn,8292,describing,The forest was full of virgin trees that had never been cut.,O'rmon hech qachon kesilmagan bokira daraxtlarga to'la edi.,untouched pristine,
investigation,noun,B2,tekshiruv surishtiruv,расследование,The act of looking for information about a crime or a problem.,ɪnˌvɛs.tɪˈɡeɪ.ʃən,8294,ielts,The police began an investigation into the cause of the fire.,Politsiya yong'in sababini aniqlash bo'yicha surishtiruvni boshladi.,inquiry research,
institution,noun,B2,muassasa tashkilot,учреждение,"A large organization that has a special purpose, such as a school or bank.",ˌɪn.stɪˈtʃuː.ʃən,8296,ielts,He works at a large financial institution in the capital city.,U poytaxtdagi yirik moliyaviy muassasada ishlaydi.,organization establishment,
bike,noun,A1,velosiped,велосипед,A vehicle with two wheels that you ride by pushing pedals with your feet.,baɪk,8298,travel,I ride my bike to school every single morning.,Men har kuni ertalab maktabga velosipedda boraman.,bicycle,
totally,adverb,B1,butunlay tamoman,полностью,To the complete or full degree; in every way.,ˈtəʊ.tə.li,8300,describing,I totally forgot to call my friend about the birthday party.,Do'stimga tug'ilgan kun haqida qo'ng'iroq qilish butunlay esimdan chiqib ketdi.,completely entirely,
expenses,noun,B2,xarajatlar sarf-xarajatlar,расходы,Money that you spend on things that you need.,ɪkˈspɛnsɪz,8302,work,My company pays for all my travel expenses during the trip.,Kompaniyam safar davomidagi barcha yo'l xarajatlarimni to'lab beradi.,costs,
blonde,adjective,B1,sariqsoch och rangli,светловолосый,Having light-colored or golden hair.,blɒnd,8304,describing,She has long blonde hair and blue eyes.,Uning uzun sariq sochlari va ko'k ko'zlari bor.,fair light,dark
proceedings,noun,C1,sud jarayoni yig'ilish bayoni,судебное разбирательство,The official record of things said and done at a meeting or court.,pɹəˈsiːd.ɪŋz,8306,ielts,The legal proceedings against the company lasted for over three years.,Kompaniyaga qarshi sud jarayoni uch yildan ortiq davom etdi.,transactions,
transmission,noun,B2,uzatish tarqatish,передача,"The process of sending signals, data, or energy from one place to another.",tɹænsˈmɪʃən,8308,ielts,Radio transmission is essential for communication in remote mountain areas.,Radio uzatish tog'li hududlarda aloqa uchun juda muhim hisoblanadi.,broadcast delivery,
characteristics,noun,B2,xususiyatlar sifatlar,характеристики,"Typical qualities or features of a person, place, or thing.",ˌkæɹəktəˈɹɪstɪks,8310,ielts,One of the key characteristics of this material is its extreme durability.,Ushbu materialning asosiy xususiyatlaridan biri uning o'ta mustahkamligidir.,features qualities,
lose,verb,A2,yo'qotmoq mag'lub bo'lmoq,терять,To be unable to find something or to be defeated in a game.,luːz,8312,actions,I did not want to lose my wallet while at the park.,Parkda bo'lganimda hamyonimni yo'qotib qo'yishni istamasdim.,misplace fail,win
organic,adjective,B2,organik tabiiy,органический,Produced without using artificial chemicals or relating to living things.,ɔːˈɡænɪk,8314,nature,Eating organic vegetables is better for your long-term health and wellness.,Organik sabzavotlar iste'mol qilish uzoq muddatli salomatligingiz uchun yaxshiroqdir.,natural biological,artificial
extremely,adverb,B1,juda nihoyatda,чрезвычайно,To a very high degree or extent.,ɪksˈtɹimli,8316,describing,It was extremely cold outside so I wore my thick winter coat.,Tashqarida juda sovuq edi shuning uchun qalin qishki palto kiyib oldim.,very highly,
chemistry,noun,B1,kimyo,химия,The scientific study of the basic elements of matter and how they interact.,ˈkɛm.ɪ.stɹi,8318,school,She decided to study chemistry because she wants to be a scientist.,U olim bo'lishni xohlagani uchun kimyo fanini o'qishga qaror qildi.,,
tony,adjective,C1,hashamatli dabdabali,модный,"Fashionable, expensive, and representing high social status.",ˈtəʊni,8320,ielts,They met at a tony restaurant in the center of the city.,Ular shaharning markazidagi hashamatli restoranda uchrashishdi.,swank stylish,
neighborhood,noun,A2,qo'shnichilik mahalla,окрестности,The area where people live near their own house or apartment.,ˈneɪbə.hʊd,8322,places,We have just moved to a very quiet and pleasant neighborhood.,Biz juda tinch va yoqimli mahallaga ko'chib o'tdik.,vicinity area,
agenda,noun,B2,kun tartibi reja,повестка,A list of topics or tasks that need to be discussed or done.,əˈd͡ʒɛn.də,8328,work,The manager prepared a long agenda for the team meeting today.,Menejer bugungi jamoa yig'ilishi uchun uzun kun tartibini tayyorladi.,docket schedule,
anyway,adverb,A2,baribir har holda,в любом случае,Used to mean that something is true or will happen regardless of other factors.,ˈɛniweɪ,8330,describing,"I was very tired, but I finished the homework anyway.","Men juda charchagan edim, lekin baribir uy vazifasini tugatdim.",anyhow regardless,
advisory,noun,C1,ogohlantirish maslahat,предупреждение,An official announcement or warning about potential danger or a future event.,ədˈvaɪzəɹi,8332,ielts,The government issued a weather advisory for the upcoming heavy storm.,Hukumat kelayotgan kuchli bo'ron uchun ob-havo ogohlantirishini chiqardi.,warning bulletin,
logic,noun,B2,mantiq,логика,The science of thinking about things in a sensible and reasonable way.,ˈlɒd͡ʒ.ɪk,8336,ielts,There is no clear logic behind the decision he just made.,U endigina qabul qilgan qarorning ortida hech qanday aniq mantiq yo'q.,reasoning rationale,
template,noun,B2,shablon qolip,шаблон,A model or pattern used as a guide to create other similar things.,ˈtɛm.plɪt,8338,work,I used a professional template to design my new resume document.,Yangi rezyume hujjatimni loyihalash uchun professional shablondan foydalandim.,model pattern,
prince,noun,A2,shahzoda,принц,The son of a king or queen; a royal male member of a family.,pɹɪns,8340,people-family,The prince waved to the crowds from the balcony of the palace.,Shahzoda saroy balkonidan olomonga qo'l siltadi.,,
circle,noun,A1,doira aylana,круг,A round shape where all points are at the same distance from the center.,ˈsɜɹkəl,8342,basics,Children held hands and formed a large circle on the playground.,Bolalar qo'l ushlashib o'yin maydonchasida katta doira hosil qilishdi.,round ring,
soil,noun,B1,tuproq yer,почва,The top layer of the earth in which plants grow.,sɔɪl,8344,nature,The soil in this garden is very rich and good for flowers.,Bu bog'dagi tuproq juda unumdor va gullar uchun yaxshi.,earth dirt,
anywhere,adverb,A2,qayerda bo'lsa ham qayergadir,где-нибудь,In or to any place at all.,ˈɛnɪwɛə,8346,basics,I looked for my keys anywhere but I could not find them.,"Men kalitlarimni qayerda bo'lsa ham qidirdim, lekin topa olmadim.",,somewhere
psychology,noun,B2,psixologiya,психология,The scientific study of the human mind and how it influences behavior.,saɪˈkɒl.ə.d͡ʒɪ,8348,ielts,She is studying psychology to better understand how people make decisions.,U odamlar qanday qaror qabul qilishini yaxshiroq tushunish uchun psixologiyani o'rganmoqda.,,
atlantic,adjective,B1,atlantika,атлантический,"Relating to the ocean between Europe, Africa, and the Americas.",ətˈlæn.tɪk,8350,travel,We took a ship to cross the wide Atlantic ocean last summer.,O'tgan yili biz keng Atlantika okeanini kesib o'tish uchun kema bilan bordik.,,
wet,adjective,A1,xo'l nam,мокрый,"Covered in liquid or water, rather than being dry.",ˈwɛt,8352,basics,You should dry your umbrella because it is very wet outside now.,"Soyaboningizni quritishingiz kerak, chunki hozir tashqarida juda nam.",damp soaked,dry
investor,noun,B2,investor sarmoyador,инвестор,A person who puts money into a business or project to get more money back.,ɪnˈvɛs.tə(ɹ),8354,work,The young investor decided to fund the new technology startup company today.,Yosh investor bugun yangi texnologik startap kompaniyasini moliyalashtirishga qaror qildi.,financier backer,
identification,noun,B2,shaxsni tasdiqlash identifikatsiya,идентификация,The process of proving who a person is or what something is.,aɪˌdɛntɪfɪˈkeɪʃn̩,8356,ielts,The security guard asked for proper identification before letting us inside the building.,Bino ichkarisiga kiritishdan oldin qo‘riqchi tegishli shaxsni tasdiqlovchi hujjatni so‘radi.,recognition,
elementary,adjective,A2,boshlang‘ich oddiy,начальный,Relating to the most basic or simplest level of something.,ˌɛlɪˈmɛntəɹi,8362,school,Learning the alphabet is an elementary step in studying a new language.,Alifboni o‘rganish yangi tilni o‘rganishdagi boshlang‘ich qadamdir.,basic fundamental,advanced
unlimited,adjective,B1,cheksiz chegaralanmagan,неограниченный,Not limited by any restrictions or having no maximum amount.,ʌnˈlɪm.ɪ.tɪd,8364,describing,The ticket provides unlimited travel across the city on all public transport.,Chipta shahar bo‘ylab barcha jamoat transportida cheksiz sayohat qilish imkonini beradi.,endless infinite,limited
plain,adjective,B1,oddiy silliq,простой,Simple or basic in style without any extra decorations.,pleɪn,8366,describing,He wore a plain white shirt to the meeting instead of a formal one.,U majlisga rasmiy ko‘ylak o‘rniga oddiy oq ko‘ylak kiyib keldi.,simple basic,fancy
exit,noun,A2,chiqish,выход,A door or gate that you use to leave a room or building.,ˈɛksɪt,8368,places,You should follow the signs to find the nearest emergency exit.,Eng yaqin shoshilinch chiqish joyini topish uchun belgilarga amal qilishingiz kerak.,door wayout,entrance
launch,verb,B2,boshlamoq ishga tushirmoq,запускать,To start an activity or to put a new product onto the market.,lɔːnt͡ʃ,8370,work,The company decided to launch their new website early next month.,Kompaniya o'zining yangi veb-saytini kelasi oyning boshida ishga tushirishga qaror qildi.,start initiate,
wave,verb,A2,qo'l siltamoq to'lqinlanmoq,махать,To move your hand from side to side to say hello or goodbye.,weɪv,8372,actions,I turned to wave goodbye as the train pulled out of sight.,Poyezd ko'zdan g'oyib bo'layotganda men xayrlashib qo'l siltadim.,signal beckon,
printable,adjective,B1,chop etiladigan bosma,пригодный для печати,Something that is suitable for printing on paper using a printer.,ˈprɪntəbl,8374,work,The teacher provided a printable version of the test for all students.,O'qituvchi barcha o'quvchilar uchun testning chop etiladigan versiyasini taqdim etdi.,,
holy,adjective,B1,muqaddas,святой,Connected with God or religion; deserving respect because of being holy.,ˈhəʊli,8376,ielts,Many people travel to visit the holy sites in the ancient city.,Ko'p odamlar qadimiy shahardagi muqaddas joylarni ziyorat qilish uchun sayohat qiladilar.,sacred godly,profane
guidance,noun,B2,yönalish maslahat,руководство,Help or advice given to someone to solve a problem or make a decision.,ˈɡaɪdəns,8378,ielts,We are seeking guidance from our teacher to finish the difficult project.,Qiyin loyihani tugatish uchun o‘qituvchimizdan maslahat so‘ramoqdamiz.,advice direction,
mesh,noun,B2,to‘r setka,се́тка,A net made of wires or threads with spaces between them.,mɛʃ,8380,describing,The insects cannot enter the room because of the fine wire mesh.,Mayda sim to‘r tufayli hasharotlar xonaga kira olmaydi.,net lattice,
trail,noun,B1,so‘qmoq iz,тропа,A narrow path through the countryside or a series of marks left behind.,tɹeɪl,8382,nature,We followed a beautiful forest trail that led us to the lake.,Bizni ko‘lga olib boradigan chiroyli o‘rmon so‘qmog‘idan yurdik.,path track,
enforcement,noun,C1,ijro etish bajarish,принужде́ние,The act of making sure that people obey laws or rules.,ɪnˈfɔːsm(ə)nt,8384,ielts,Strict law enforcement is necessary to keep the city streets safe today.,Bugungi kunda shahar ko‘chalarini xavfsiz saqlash uchun qonun ijrosini qat’iy ta’minlash zarur.,application implementation,
crafts,noun,B1,hunarmandchilik hunar,ремесла,Activities or hobbies that involve making things by hand in a skillful way.,krɑːfts,8386,work,The children enjoyed making colorful paper crafts during their art class session.,Bolalar san’at darsida rang-barang qog‘oz buyumlar yasashdan zavq olishdi.,handiwork skills,
highway,noun,A2,shosse magistral,шоссе,"A wide, main public road that connects large towns or cities.",ˈhaɪweɪ,8388,travel,We drove for six hours on the highway to reach the capital.,Poytaxtga yetib borish uchun shosse bo‘ylab olti soat mashina haydadik.,motorway road,
buddy,noun,B1,o‘rtoq do‘st,приятель,A good friend or a person you spend time with.,ˈbʌd.i,8390,people-family,My best buddy and I have been friends since our childhood years.,Eng yaqin do‘stim bilan bolalik yillarimizdan beri og‘aynimiz.,mate friend,
hardcover,noun,B1,qattiq muqovali kitob,книга в твердом переплете,"A book that has a stiff, protective outer cover.",ˈhɑːdˌkʌvə,8392,school,I prefer to buy the hardcover edition to keep the book for years.,Kitobni yillar davomida saqlash uchun qattiq muqovali nashrini sotib olishni afzal ko‘raman.,hardback,paperback
observed,verb,B2,kuzatilgan payqalgan,наблюдаемый,"To have seen, noticed, or watched something carefully for a particular purpose.",əbˈzɝvd,8394,ielts,The scientist observed unusual behavior in the animals during the experiment.,Olim tajriba davomida hayvonlarda g'ayritabiiy xatti-harakatni kuzatdi.,watched noticed,ignored
dean,noun,C1,dekan fakultet rahbari,декан,An official in a university who is in charge of a specific faculty or department.,diːn,8396,school,The dean of the faculty announced the new academic rules today.,Fakultet dekani bugun yangi akademik qoidalarni e'lon qildi.,,
setup,noun,B2,tuzilish qurilma,установка,The way in which things are organized or the equipment used for a specific task.,ˈsɛtʌp,8398,work,The office setup is designed to help everyone work more efficiently.,Ofis tuzilishi barchaga yanada samarali ishlashga yordam berish uchun mo'ljallangan.,arrangement organization,
poll,noun,B2,so'rovnoma ovoz berish,опрос,A study where people are asked questions to find out public opinion about a subject.,pɔl,8400,ielts,The latest opinion poll shows that most people want changes to the law.,"So'nggi jamoatchilik so'rovi shuni ko'rsatadiki, ko'pchilik qonunga o'zgartirish kiritishni xohlaydi.",survey vote,
glossary,noun,B2,lug'at atamalar izohi,глоссарий,"An alphabetical list of technical words with their meanings, usually found at the back of books.",ˈɡlɒs.ə.ɹi,8402,school,You can check the glossary if you do not understand the technical terms.,"Agar texnik atamalarni tushunmasangiz, lug'atga murojaat qilishingiz mumkin.",dictionary vocabulary,
celebrity,noun,A2,mashhur inson yulduz,знаменитость,"A person who is famous, especially in entertainment, sports, or politics.",sɪˈlɛb.ɹɪ.ti,8404,describing,The celebrity walked down the red carpet to meet her many fans.,Mashhur inson o'zining ko'plab muxlislari bilan uchrashish uchun qizil gilamdan o'tdi.,star idol,
appendix,noun,B2,ilova,приложение,A section at the end of a book or report that contains extra information.,əˈpɛn.dɪks,8406,ielts,You can find the list of names in the appendix of this report.,Ismlar ro'yxatini ushbu hisobotning ilovasida topishingiz mumkin.,supplement addendum,
notify,verb,B2,xabardor qilmoq ogohlantirmoq,уведомлять,To formally tell someone about something important that has happened.,ˈnoʊtɪfaɪ,8408,work,Please notify the office if you cannot attend the meeting tomorrow morning.,"Iltimos, agar ertaga ertalabki yig'ilishga kela olmasangiz, ofisni xabardor qiling.",inform,
chocolate,noun,A1,shokolad,шоколад,"A sweet brown food made from cocoa beans, often eaten as a treat.",ˈt͡ʃɒk.(ə.)lɪt,8410,food-drink,I usually eat a small piece of dark chocolate after my dinner.,Men odatda kechki ovqatdan keyin ozgina qora shokolad yeyman.,,
pub,noun,B1,bar pub,бар,A place where people buy and drink alcohol and sometimes eat food.,pʌb,8412,places,They met at the local pub to watch the football match together.,Ular futbol o'yinini birga tomosha qilish uchun mahalliy barda uchrashishdi.,bar,
portion,noun,B1,porsiya ulush,порция,An amount of food or other thing served or given to one person.,ˈpoɹʃən,8414,food-drink,The restaurant serves a very large portion of meat with every meal.,Restoran har bir taom bilan juda katta porsiya go'sht beradi.,part share,
supplier,noun,B2,ta'minotchi yetkazib beruvchi,поставщик,A person or company that sells goods or services to other businesses.,səˈplaɪə,8416,work,We need to find a new supplier for our raw materials next week.,Biz kelasi hafta xomashyomiz uchun yangi yetkazib beruvchi topishimiz kerak.,provider vendor,
cotton,noun,A2,paxta,хлопок,"A soft white substance from a plant, used to make cloth.",ˈkɒt.n̩,8418,clothes,This shirt is made of pure cotton and is very comfortable today.,Bu ko'ylak sof paxtadan tayyorlangan va bugun juda qulay.,,
controlled,verb,B2,boshqariladigan nazorat qilinadigan,контролируемый,To have power over someone or something and influence how they behave.,kənˈtɹəʊld,8420,actions,"With a simple remote, he could control the toy truck.",Oddiy pult yordamida u o'yinchoq yuk mashinasini boshqara olardi.,manage,
requirement,noun,B2,talab shart,требование,Something that is necessary or that you must do because of a rule.,ɹɪˈkwʌɪəm(ə)nt,8422,ielts,Good English skills are a common requirement for many university courses.,Yaxshi ingliz tili bilimi ko'plab universitet kurslari uchun umumiy talabdir.,prerequisite,
authorities,noun,B2,hokimiyat organlar,власти,People or organizations that have the power to make decisions and enforce laws.,ɔːˈθɒr.ə.tiz,8424,ielts,The local authorities decided to close the road for urgent repairs.,Mahalliy hokimiyat organlari yo'lni shoshilinch ta'mirlash uchun yopishga qaror qildi.,officials,
biology,noun,B1,biologiya,биология,The scientific study of living things like plants and animals.,baɪˈɒl.ə.d͡ʒɪ,8426,school,Students in the biology class are studying the behavior of whales.,Biologiya sinfidagi o'quvchilar kitlarning xulq-atvorini o'rganmoqdalar.,life science,
dental,adjective,B2,tishga oid stomatologik,зубной,Relating to teeth or the medical care of teeth.,ˈdɛn.təl,8428,body-health,You should visit the clinic for your regular dental check-up.,Siz muntazam tish tekshiruvi uchun klinikaga borishingiz kerak.,toothly,
border,noun,A2,chegara,граница,The official line that separates two countries or regions.,ˈbɔə.də,8430,travel,The border between the two countries is very strictly guarded.,Ikki mamlakat o'rtasidagi chegara juda qattiq qo'riqlanadi.,frontier,
pregnancy,noun,B2,homiladorlik,беременность,The period when a woman carries a developing baby inside her body.,ˈpɹɛɡnənsi,8432,body-health,Healthy eating is very important during the time of pregnancy.,Homiladorlik davrida sog'lom ovqatlanish juda muhimdir.,,
biography,noun,B2,tarjimai hol,биография,A written account of a person's life produced by someone else.,baɪˈɒɡɹəfi,8434,ielts,I am currently reading an interesting biography of Steve Jobs.,Men hozirda Stiv Jobsning qiziqarli tarjimai holini o'qiyapman.,life story,
leisure,noun,B1,bo'sh vaqt,досуг,Time when you are not working or busy and can relax.,ˈlɛʒə(ɹ),8436,time,Reading books is one of my favorite leisure activities at home.,Kitob o'qish uyda bo'sh vaqtimdagi eng sevimli mashg'ulotlarimdan biridir.,free time,
notebook,noun,A1,daftar,ноутбук,A small book with empty pages for writing notes in.,ˈnəʊtˌbʊk,8438,school,Please write down these important dates in your notebook today.,Iltimos bugun ushbu muhim sanalarni daftaringizga yozib oling.,notepad,
explorer,noun,B1,tadqiqotchi sayyoh,исследователь,A person who travels to places where nobody has been before.,ɛkˈsplɔːɹə(ɹ),8440,travel,The famous explorer discovered new lands during his long voyage.,Mashhur sayyoh uzoq safar davomida yangi yerlarni kashf etdi.,traveller,
historic,adjective,B2,tarixiy muhim,исторический,Important in history or likely to be remembered for a long time.,hɪˈstɒɹɪk,8442,ielts,The two countries signed a historic agreement yesterday in the capital.,Ikki mamlakat kecha poytaxtda tarixiy kelishuvni imzoladi.,important significant,
attached,adjective,B1,ilova qilingan biriktirilgan,прикрепленный,Joined to something or included with an electronic message.,əˈtæt͡ʃt,8444,work,I have attached the required documents to this email for you.,Siz uchun kerakli hujjatlarni ushbu xatga ilova qildim.,connected joined,
disabled,adjective,B2,nogiron imkoniyati cheklangan,инвалид,Having a physical or mental condition that limits a person's movements or senses.,[dɪsˈeɪbəɫd],8446,body-health,The city improved public transport to better help disabled citizens.,Shahar nogiron fuqarolarga yaxshiroq yordam berish uchun jamoat transportini yaxshiladi.,handicapped,
authorized,adjective,B2,vakolatli ruxsat etilgan,авторизованный,Officially allowed or approved to do something.,ˈɔθəɹaɪzd,8448,work,Only authorized staff members can enter this secure office building.,Faqat vakolatli xodimlar ushbu xavfsiz ofis binosiga kira oladi.,official allowed,unauthorized
crazy,adjective,A2,aqldan ozgan jinni,сумасшедший,Someone who is mentally ill or behaves in a very strange and wild way.,ˈkɹeɪ.zi,8450,describing,His ideas were both frightening and crazy to the whole group.,Uning g'oyalari butun guruh uchun ham qo'rqinchli ham aqldan ozgandek edi.,mad insane,sane
upcoming,adjective,B2,bo'lajak yaqinlashib kelayotgan,предстоящий,Happening or appearing in the near future.,ʌpˈkʌmɪŋ,8452,time,We are busy preparing for the upcoming school trip next week.,Biz kelasi hafta bo'ladigan maktab sayohatiga tayyorgarlik ko'rish bilan bandmiz.,forthcoming approaching,
Britain,noun,A1,Britaniya,Британия,"A country in Europe that includes England, Scotland, Wales and Northern Ireland.",ˈbrɪtən,8454,places,Many students move to Britain to improve their English language skills.,Ko'plab talabalar ingliz tili mahoratlarini oshirish uchun Britaniyaga ko'chib o'tishadi.,UK,
concert,noun,A1,konsert,концерт,A public performance of music by one or more musicians.,kənˈsɜːt,8456,actions,We bought tickets for the rock concert at the city stadium.,Biz shahar stadionidagi rok konsertiga chipta sotib oldik.,show performance,
retirement,noun,B1,nafaqa pensiya,выход на пенсию,The period of life after you have stopped working because of your age.,ɹəˈtaɪə(ɹ).mənt,8458,work,My grandfather is enjoying his retirement by traveling around the world.,Bobom butun dunyo bo'ylab sayohat qilib o'z nafaqasidan zavqlanmoqda.,pension,
efficiency,noun,B2,samaradorlik,эффективность,"The ability to do something well without wasting time, money, or energy.",ɪˈfɪʃ.ən.si,8460,ielts,Improving the efficiency of our office will save us a lot money.,Ofisimizning samaradorligini oshirish bizga ko'p pulni tejashga yordam beradi.,productivity,inefficiency
comedy,noun,A2,komediya,комедия,"A funny play, movie, or TV show intended to make people laugh.",ˈkɒm.ə.di,8462,actions,We watched a romantic comedy movie after dinner last night.,Biz kecha kechki ovqatdan keyin romantik komediya filmini tomosha qildik.,humor,tragedy
adopted,verb,B1,asrab olingan,усыновленный,To legally take someone else's child as your own child.,əˈdɑptɪd,8464,people-family,The couple adopted a young boy from the local orphanage last year.,Er-xotin o'tgan yili mahalliy mehribonlik uyidan kichik o'g'il bolani asrab olishdi.,taken in,
weblog,noun,B2,blog internet-kundaligi,веб-лог,"A website where an individual records personal opinions, news, or experiences regularly.",ˈwɛb.lɒɡ,8466,work,She keeps a popular weblog about her travels around the world.,U dunyo bo'ylab sayohatlari haqida mashhur veb-blog yuritadi.,blog,
linear,adjective,C1,chiziqli to'g'ri,линейный,"Following a direct, step-by-step path or having the form of a straight line.",ˈlɪn.i.ə,8468,ielts,The story follows a linear path from the beginning to the end.,Hikoya boshidan oxirigacha chiziqli yo'ldan boradi.,straight sequential,nonlinear
specialty,noun,B2,ixtisoslik mutaxassislik,специальность,A particular subject or activity that someone knows a lot about or excels in.,ˈspɛʃ.əl.ti,8470,work,Internal medicine is his chosen specialty in his medical career.,Ichki kasalliklar uning tibbiy faoliyatidagi tanlagan ixtisosligidir.,specialism expertise,
jean,noun,A2,jinsi denim,джинсовая ткань,"A strong, durable cotton fabric used to make pants and jackets.",d͡ʒiːn,8472,clothes,She wore a blue jean jacket to the party last night.,U kecha kechqurun ziyofatga ko'k jinsi kurtka kiyib bordi.,denim,
hop,verb,B1,sakrash sakrab o'tish,прыгать,To move by jumping quickly on one or both feet.,hɒp,8474,actions,The little rabbit likes to hop across the green grass.,Kichkina quyon yashil o't ustidan sakrab o'tishni yaxshi ko'radi.,jump leap,
carrier,noun,B2,tashuvchi yetkazib beruvchi,носитель,A person or company that carries or moves goods or people from one place.,ˈkæɹi.ə,8476,travel,The airline is a major carrier for international flights in this region.,Ushbu aviakompaniya mintaqadagi xalqaro reyslar uchun asosiy tashuvchi hisoblanadi.,bearer,
visa,noun,A2,viza,виза,An official document allowing you to enter and stay in a foreign country.,ˈviːzə,8478,travel,I need to apply for a visa before I travel to Japan.,Yaponiyaga borishdan oldin viza olish uchun ariza topshirishim kerak.,permit,
jewish,adjective,B1,yahudiy,еврейский,"Relating to the Jewish people, their religion, or their culture.",ˈdʒuːɪʃ,8480,people-family,They celebrated the traditional Jewish festival with their family and friends.,Ular an'anaviy yahudiy bayramini oilasi va do'stlari bilan birga nishonlashdi.,,
meter,noun,A2,o'lchov asbobi hisoblagich,счетчик,A machine or instrument that measures and shows the amount of something being used.,ˈmitəɹ,8482,home,Check the gas meter to see how much fuel we have used.,Qancha yoqilg'i ishlatganimizni bilish uchun gaz hisoblagichini tekshiring.,gauge,
gun,noun,A2,to'pponcha miltiq,пистолет,A weapon that shoots metal bullets or other objects using explosive force.,ˈɡʌn,8486,actions,Police officers are trained to handle a gun safely in emergencies.,Politsiya xodimlari favqulodda vaziyatlarda qurolni xavfsiz ishlatishga o'rgatilgan.,firearm weapon,
pure,adjective,B1,sof toza,чистый,Not mixed with anything else and containing no dirt or bad things.,ˈpjʊə(ɹ),8488,describing,We drank pure water from the spring after a long mountain walk.,Uzoq tog' sayohatidan so'ng buloqdan sof suv ichdik.,clean clear,dirty
deliver,verb,A2,yetkazib bermoq eltib bermoq,доставлять,"To take goods, letters, or packages to a specific person or place.",dɪˈlɪv.ə(ɹ),8490,actions,The driver will deliver the package to your house tomorrow morning.,Haydovchi posilkani erta-indin uyingizga yetkazib beradi.,bring transport,
wonder,verb,A2,o'ylamoq qiziqmoq,интересоваться,To think about something because you want to know more about it.,ˈwʌndə,8492,feelings,I often wonder what it would be like to travel to space.,Men tez-tez koinotga sayohat qilish qanday bo'lishi haqida o'ylayman.,ponder ask,
qualified,adjective,B2,malakali tajribali,квалифицированный,"Having the right skills, knowledge, or certificates to do a specific job.",ˈkwɒl.ɪ.faɪd,8494,work,She is the most qualified person for this position in our company.,U bizning kompaniyada ushbu lavozim uchun eng malakali mutaxassisdir.,skilled capable,unqualified
lens,noun,B2,linza obyektiv,линза,A curved piece of glass used to make things look larger or clearer.,lɛnz,8496,school,I need to clean the camera lens before taking any more photos.,Yana rasmga tushirishdan oldin kamera obyektivini tozalab olishim kerak.,glass optic,
treated,verb,B1,davolangan muomala qilingan,"лечился, обращаться",To behave towards someone in a specific way or provide medical care.,ˈtɹiːtɪd,8498,body-health,The doctor treated the patient with great care and professional skill.,Shifokor bemorni katta ehtiyotkorlik va kasbiy mahorat bilan davoladi.,healed handled,
discovery,noun,B1,kashfiyot topilma,открытие,The process of finding something or learning about something for the first time.,dɪsˈkʌv.ɹi,8500,ielts,This new scientific discovery will change how we understand the world.,Bu yangi ilmiy kashfiyot dunyoni qanday tushunishimizni o‘zgartiradi.,finding revelation,
draw,verb,A2,chizmoq tortmoq,"рисовать, тянуть","To make a picture using a pen, pencil, or to pull something closer.",dɹɑ,8502,actions,It is fun to draw beautiful pictures of nature in your notebook.,Daftaringizda tabiatning chiroyli rasmlarini chizish qiziqarli.,sketch pull,
classified,adjective,B2,tasniflangan maxfiy,"классифицированный, засекреченный",Information that is kept secret for official or security reasons.,ˈklæsəfaɪd,8504,work,The government refused to release the classified documents to the public.,Hukumat maxfiy hujjatlarni omma e’tiboriga taqdim etishdan bosh tortdi.,secret restricted,public
relating,verb,B2,bog'liq bo'lish aloqadorlik,"относящийся, касающийся",To show or find a connection between two or more things.,ɹɪˈleɪtɪŋ,8506,ielts,The new laws are directly relating to the protection of our environment.,Yangi qonunlar bevosita atrof-muhitni muhofaza qilish bilan bog‘liqdir.,connecting linking,
confidence,noun,B1,ishonch,уверенность,The feeling that you are able to do things well or succeed.,ˈkɒn.fɪ.dəns,8508,feelings,She spoke with great confidence during her presentation in front of everyone.,U hamma oldida qilgan taqdimoti davomida katta ishonch bilan gapirdi.,assurance belief,doubt
alliance,noun,B2,ittifoq,"союз, альянс",A formal agreement between groups or countries to work together for a goal.,əˈlaɪ.əns,8510,ielts,The two companies formed a strong alliance to improve their market reach.,Ikki kompaniya bozor qamrovini yaxshilash uchun kuchli ittifoq tuzdi.,union coalition,
offline,adjective,B1,offlayn internetga ulanmagan,офлайн,Not connected to the internet or a computer network.,ɒfˈlaɪn,8512,describing,He only had the option to play offline games because there was no Wi-Fi.,Wi-Fi bo'lmagani uchun u faqat oflayn o'yinlarni o'ynash imkoniyatiga ega edi.,disconnected,online
lifestyle,noun,B1,turmush tarzi hayot tarzi,стиль жизни,The way in which a person or group of people lives.,ˈlaɪfˌstaɪl,8514,describing,A healthy lifestyle can help you feel better and live much longer.,Sog'lom turmush tarzi o'zingizni yaxshiroq his qilishingizga va uzoqroq yashashingizga yordam beradi.,way of life,
replace,verb,A2,o'rnini bosmoq almashtirmoq,заменять,To take the place of something or someone else.,ɹɪˈpleɪs,8516,actions,The batteries were dead so I replaced them with new ones.,"Batareyalar tugab qolgan edi, shuning uchun men ularni yangisiga almashtirdim.",substitute exchange,
clearance,noun,B2,oraliq masofa bo'sh joy,зазор,The distance or empty space between two objects.,ˈklɪə̯.ɹəns,8518,ielts,The truck was too high to pass through the bridge clearance.,Yuk mashinasi ko'prik ostidagi bo'sh joydan o'tish uchun juda baland edi.,gap space,
inventory,noun,B2,tovarlar zaxirasi inventar,инвентарь,A complete list of goods or equipment that a business has available.,ˈɪn.vən.tɹi,8520,work,The manager spent the whole morning checking the store inventory.,Menejer butun ertalabni do'kon zaxiralarini tekshirish bilan o'tkazdi.,stock supplies,
converter,noun,B2,o'zgartirgich konverter,конвертер,A device or program that changes something into a different form.,kənˈvɜːtə,8522,ielts,You need a currency converter to check the exchange rate today.,Bugungi valyuta kursini tekshirish uchun sizga valyuta konverteri kerak.,transformer adapter,
organisation,noun,B1,tashkilot,организация,A group of people working together for a specific purpose or goal.,ˈɔː.ɡə.naɪˌzeɪ.ʃən,8524,work,She works for a large international organisation based in the capital city.,U poytaxtda joylashgan yirik xalqaro tashkilotda ishlaydi.,company agency,
babe,noun,B2,jonim azizim,милашка красотка,An affectionate name used to call a romantic partner or loved one.,beɪb,8526,feelings,"Hey babe, are you coming to the party with me tonight?","Jonim, bugun kechqurun men bilan ziyofatga borasanmi?",darling honey,
safari,noun,B2,safari,сафари,A journey to see or take photos of wild animals in their natural home.,səˈfɑːɹ.i,8528,travel,We saw many wild lions during our safari trip in Africa.,Afrikadagi safari sayohatimiz davomida biz ko'plab yovvoyi arslonlarni ko'rdik.,expedition trip,
crew,noun,B1,guruh jamoa,экипаж команда,"A group of people who work together on a ship, plane, or project.",kɹuː,8530,work,The flight crew made sure all passengers were safe during the journey.,Parvoz ekipaji safar davomida barcha yo'lovchilarning xavfsizligini ta'minladi.,team staff,
stick,noun,A2,tayoq cho'p,палка,A thin piece of wood that has fallen from a tree or branch.,stɪk,8532,nature,The dog was happy to run around with a stick in its mouth.,It og'zida tayoq bilan yugurib yurganidan juda xursand edi.,branch twig,
securities,noun,C1,qimmatli qog'ozlar,ценные бумаги,Financial documents that represent ownership or a debt that can be sold for money.,sɪˈkjʊə.ɹə.tiz,8534,ielts,The bank invests a large portion of its money in government securities.,Bank o'z mablag'ining katta qismini davlat qimmatli qog'ozlariga yo'naltiradi.,bonds shares,
relation,noun,B2,aloqa munosabat,отношение,The way in which two or more things or people are connected to each other.,ɹɪˈleɪʃ(ə)n,8536,ielts,The relation between diet and health is a very complex topic today.,Parrhez va salomatlik o'rtasidagi bog'liqlik bugungi kunda juda murakkab mavzu.,connection link,
slide,verb,A2,sirpanmoq siljimoq,скользить,To move smoothly along a surface while keeping continuous contact with it.,slaɪd,8538,actions,The children love to slide down the playground equipment during the break.,Bolalar tanaffus paytida o'yin maydonchasidagi arg'imchoqdan sirpanib tushishni yaxshi ko'radilar.,glide slip,
volunteer,noun,B1,ko'ngilli ixtiyoriy,доброволец,A person who does work without being paid because they want to help others.,ˌvɒl(ə)nˈtɪə,8540,people-family,The volunteers helped clean up the park after the local music festival.,Ko'ngillilar mahalliy musiqa festivalidan so'ng bog'ni tozalashga yordam berishdi.,,
rear,verb,C1,tarbiyalamoq o'stirmoq,воспитывать,To care for young children or animals until they are fully grown.,ɹɪɹ,8542,people-family,The family has been rearing cattle on their farm for many years.,Bu oila ko'p yillardan buyon o'z fermasida qoramol boqib keladi.,raise breed,
democratic,adjective,B2,demokratik,демократический,Based on the principle that all people have equal rights and can choose their leaders.,ˌdɛm.əˈkɹæt.ɪk,8544,ielts,They believe that every democratic country should protect the rights of its citizens.,Ular har bir demokratik davlat o'z fuqarolarining huquqlarini himoya qilishi kerak deb hisoblaydilar.,egalitarian,undemocratic
exact,adjective,B1,aniq,точный,Completely correct and without any mistakes.,ɪɡˈzækt,8546,describing,Please tell me the exact time the meeting will start today.,Iltimos menga yig'ilish aynan qachon boshlanishini ayting.,precise accurate,inaccurate
bound,adjective,B2,majbur ketayotgan,обязанный направляющийся,Moving towards a specific place or having a duty to do something.,ˈbaʊ̯nd,8548,travel,They are homeward bound after a long day at the office.,Ular ofisdagi uzun kundan keyin uyga qaytishmoqda.,destined,
adapter,noun,B2,adapter moslama,адаптер,A tool that allows two different pieces of electronic equipment to work together.,əˈdæptə(ɹ),8550,work,I need an adapter to plug my laptop into this wall socket.,Noutbukimni devordagi rozetkaga ulash uchun menga adapter kerak.,connector,
processor,noun,B2,protsessor,процессор,The part of a computer that controls all the other parts and operations.,ˈpɹəʊˌsɛsə(ɹ),8552,work,This new computer has a very fast processor for gaming.,Bu yangi kompyuter o'yinlar uchun juda tezkor protsessorga ega.,CPU,
node,noun,C1,tugun bo'g'in,узел,"A point where lines or pathways meet, especially in a network or plant.",nəʊd,8554,ielts,The server acts as a central node in the communication network.,Server aloqa tarmog'idagi markaziy tugun vazifasini bajaradi.,junction intersection,
formal,adjective,B1,rasmiy,официальный,"Following strict rules or traditional expectations, often for serious situations.",ˈfɔɹməl,8556,ielts,You should wear formal clothes to the job interview tomorrow.,Ertangi ish suhbatiga rasmiy kiyim kiyib borishingiz kerak.,official,informal
lock,verb,A2,qulflamoq,запирать,To fasten something so it cannot be opened without a key.,lɒk,8558,actions,Did you remember to lock the front door before leaving home?,Uydan chiqishdan oldin old eshikni qulflaganingiz esingizdami?,fasten,unlock
hockey,noun,B1,xokkey,хоккей,A team sport played on ice or grass where players hit a puck.,ˈhɒ.ki,8560,basics,My brother plays ice hockey for the local university team.,Akam mahalliy universitet jamoasi safida xokkey o'ynaydi.,,
micro,adjective,B2,juda kichik,микро-,Very small in scale or scope.,ˈmaɪ.kɹəʊ,8562,describing,"At the micro level, he was a very detail-oriented and good manager.",Mikro darajada u juda diqqatli va yaxshi menejer edi.,,macro
mile,noun,A2,milya,миля,A unit of distance equal to about 1.6 kilometers.,maɪ̯l,8564,travel,You need to go about three miles down the road to arrive.,Manzilga yetib borish uchun yo'l bo'ylab taxminan uch milya yurishingiz kerak.,,
bowl,noun,A1,kosa,миска,"A deep, round container used for holding food or soup.",bəʊl,8566,food-drink,She served hot chicken soup in a large ceramic bowl for dinner.,U kechki ovqat uchun katta sopol kosada issiq tovuq sho'rvasini tortdi.,bowlful,
supreme,adjective,C1,oliy eng yuqori,верховный,Having the highest power or status; of the best quality.,ˌs(j)uːˈpɹiːm,8568,ielts,The team showed supreme courage while fighting against their difficult opponents.,Jamoa qiyin raqiblarga qarshi kurashda oliy jasorat ko'rsatdi.,predominant,
recognition,noun,B2,tan olish tanish,признание,The act of knowing someone or something because you have seen them before.,ˌɹɛkəɡˈnɪʃ(ə)n,8570,ielts,He looked at her for ten minutes before recognition finally dawned on him.,U ayolga o'n daqiqa qaradi va nihoyat uni tanidi.,,
tank,noun,B1,bak sisterna,бак,A large container used for holding liquid or gas.,ˈtæŋk,8574,home,The water tank was completely empty after the long hot summer days.,Uzoq issiq yoz kunlaridan keyin suv baki butunlay bo'shab qoldi.,,
submission,noun,C1,topshirish topshiriq,подача,The act of sending a document or piece of work for approval.,səbˈmɪʃən,8576,work,Any submission received after Friday will have points deducted for being late.,Juma kunidan keyin qabul qilingan har qanday topshiriq kechikkanligi uchun ballar kamaytiriladi.,,
dolls,noun,A1,qo'g'irchoqlar,куклы,"Small toys that look like a person, often used by children for playing.",dɒlz,8578,basics,The young girl has many beautiful dolls in her bedroom to play with.,Yosh qizning yotoqxonasida o'ynash uchun ko'plab chiroyli qo'g'irchoqlari bor.,,
navy,noun,B2,harbiy dengiz floti,военно-морской флот,The part of a country's military that fights using ships at sea.,ˈneɪvi,8580,work,He decided to join the navy after finishing his studies at university.,U universitetdagi o'qishini tugatgandan so'ng harbiy dengiz flotiga qo'shilishga qaror qildi.,,
kid,noun,A2,bola,ребенок,An informal word for a young person or child.,kɪd,8582,people-family,"When I was a kid, I spent all my time playing outside.","Men bola bo'lganimda, butun vaqtimni tashqarida o'ynab o'tkazardim.",child,
regulatory,adjective,C1,tartibga soluvchi,регулирующий,Related to rules or laws that control how something is done.,ˈɹɛɡ.jʊ.lə.t(ɔː.)ɹi,8584,ielts,The government is implementing new regulatory measures to protect the environment effectively.,Hukumat atrof-muhitni samarali himoya qilish uchun yangi tartibga soluvchi choralarni amalga oshirmoqda.,,
inspection,noun,B2,tekshiruv nazorat,инспекция,The act of looking at something closely to check its condition or quality.,ɪnˈspɛkʃən,8586,work,The factory passed the safety inspection with no major issues found.,Zavod xavfsizlik tekshiruvidan hech qanday jiddiy muammolarsiz o'tdi.,examination check,
territory,noun,B2,hudud,территория,A large area of land that belongs to a specific country or group.,ˈtɛɹɪˌtɔɹi,8588,ielts,The animals fought to defend their territory from other groups of predators.,Hayvonlar o'z hududini boshqa yirtqich guruhlardan himoya qilish uchun kurashdilar.,area region,
manchester,noun,C1,uy anjomlari,домашний текстиль,"Household items like bed sheets, towels, and curtains used in a home.",ˈmænt͡ʃɛstɚ,8590,home,We went shopping to buy some new manchester for the guest bedroom.,Biz mehmonlar xonasi uchun yangi uy anjomlarini sotib olishga ketdik.,linen,
weapons,noun,B1,qurollar,оружие,Objects used for attacking or defending during a fight or war.,ˈwɛpənz,8592,ielts,The police were searching for weapons hidden inside the old abandoned building.,Politsiya tashlandiq eski bino ichiga yashirilgan qurollarni qidirayotgan edi.,arms,
paint,verb,A2,bo'yamoq surtmoq,красить,"To cover a surface, wall, or object with a liquid that dries to form a color.",peɪnt,8594,home,I want to paint my bedroom walls a bright shade of blue today.,Men bugun yotoqxona devorlarini yorqin ko'k rangga bo'yamoqchiman.,coat color,
pilot,adjective,B2,sinov tajriba,экспериментальный,Relating to a small-scale test done before introducing something on a larger scale.,ˈpaɪ̯.lət,8596,ielts,The government started a pilot program to test the new education system.,Hukumat yangi ta'lim tizimini sinash uchun tajriba dasturini boshladi.,experimental trial,
outlet,noun,B2,imkoniyat vosita,отдушина,A way of expressing or releasing strong feelings or energy.,ˈaʊtlɛt,8598,feelings,Sports are a great outlet for students to release their daily stress.,Sport o'quvchilar uchun kundalik stressdan xalos bo'lishning ajoyib vositasidir.,release vent,
contributions,noun,B2,hissalar yordamlar,вклады,"Money, time, or work given to help something or someone succeed.",ˌkɑntɹɪˈbjuʃənz,8600,ielts,His contributions to scientific research have changed how we see the world.,Uning ilmiy tadqiqotlarga qo'shgan hissalari dunyoga qarashimizni o'zgartirdi.,donations input,
continuous,adjective,B2,uzluksiz tinimsiz,непрерывный,Happening or existing for a long time without any pauses or breaks.,kənˈtɪn.juː.əs,8602,describing,There has been continuous rain in the region for over three days now.,Mintaqada uch kundan buyon uzluksiz yomg'ir yog'moqda.,constant ongoing,broken
novel,noun,B1,roman,роман,A long written story about imaginary people and events.,ˈnɒvəl,8604,school,She spent her entire weekend reading a classic mystery novel at home.,U butun dam olish kunini uyda klassik detektiv roman o'qish bilan o'tkazdi.,book fiction,
pan,noun,A2,tova,сковорода,A flat metal container used for cooking food on top of a stove.,pæn,8606,home,She heated some oil in a pan to fry the fresh fish.,U yangi baliqni qovurish uchun tovada biroz yog' qizdirdi.,,
execution,noun,C1,bajarilish ijro,исполнение,The process of completing a task or carrying out a plan effectively.,ˌɛk.sɪˈkjuː.ʃən,8608,ielts,The project failed because the execution of the plan was very poor.,"Loyiha muvaffaqiyatsiz bo'ldi, chunki rejani amalga oshirish juda yomon edi.",implementation performance,
disability,noun,B2,nogironlik,инвалидность,A physical or mental condition that makes it hard for someone to do certain activities.,dɪsəˈbɪlɪti,8610,body-health,The school provides extra support for students with a learning disability.,Maktab o'qishda nogironligi bo'lgan o'quvchilar uchun qo'shimcha yordam beradi.,handicap,ability
ultra,adjective,C1,o'ta haddan tashqari,ультра,Being extremely different from the usual or traditional way of doing things.,ˈʌltɹə,8612,ielts,He adopted an ultra modern approach to manage his new business company.,U yangi biznes kompaniyasini boshqarish uchun o'ta zamonaviy yondashuvni tanladi.,extreme radical,
winner,noun,A2,g'olib yutug'i bor odam,победитель,"A person, team, or thing that comes first in a race or competition.",ˈwɪnə,8614,actions,The winner of the race received a beautiful gold medal today.,Poyga g'olibi bugun chiroyli oltin medalni qo'lga kiritdi.,champion victor,loser
contractor,noun,B2,pudratchi,подрядчик,A person or company hired to do work such as building or repairing houses.,ˈkɒnˌtɹæk.tə(ɹ),8616,work,We hired a local contractor to renovate our old kitchen last month.,Biz o'tgan oyda eski oshxonamizni ta'mirlash uchun mahalliy pudratchini yolladik.,builder,
episode,noun,B1,qism epizod,эпизод,One part of a story that is shown in several separate television programs.,ˈɛp.ɪ.səʊd,8618,describing,I missed the last episode of my favorite television series yesterday.,Men kecha sevimli serialimning oxirgi qismini o'tkazib yubordim.,installment incident,
examination,noun,B1,imtihon sinov,экзамен,A formal test of a person's knowledge or skill in a particular subject.,ɪɡˌzæmɪˈneɪʃən,8620,school,She spent all night studying for her final history examination.,U tun bo'yi tarixdan yakuniy imtihonga tayyorlandi.,test assessment,
potter,noun,B2,kulol,гончар,"A person who makes pots, dishes, or other objects out of clay.",ˈpɒtə,8622,work,The local potter created a beautiful vase from wet clay.,Mahalliy kulol loydan chiroyli vaza yasadi.,ceramicist,
dish,noun,A1,tovoq taom,блюдо,A shallow container used for holding or serving food.,dɪʃ,8624,food-drink,Please put the main dish on the center of the table.,Iltimos asosiy taomni stolning o'rtasiga qo'ying.,plate container,
bulletin,noun,B2,byulleten axborotnoma,бюллетень,A short official news report given to the public.,ˈbʊlətɪn,8626,ielts,The news bulletin reported that the weather will be very cold.,Yangiliklar byulletenida ob-havo juda sovuq bo'lishi haqida aytildi.,report update,
truly,adverb,B2,haqiqatan chindan,по-настоящему,In a sincere and honest way; really.,ˈtɹuːli,8630,describing,It was a truly amazing experience to travel across the country.,Mamlakat bo'ylab sayohat qilish haqiqatan ham ajoyib tajriba edi.,really honestly,falsely
extensive,adjective,B2,keng miqyosli keng,обширный,"Large in amount, size, or scope.",ɪkˈstɛn.sɪv,8632,ielts,The professor conducted extensive research on the history of ancient empires.,Professor qadimgi imperiyalar tarixi bo'yicha keng miqyosli tadqiqot olib bordi.,vast wide,limited
affordable,adjective,B1,hamyonbop arzon,доступный,Not too expensive; cheap enough for most people to buy.,əˈfɔː(ɹ).də.bəl,8634,describing,We are looking for an affordable house in a quiet neighborhood.,Biz tinch hududdan hamyonbop uy qidirmoqdamiz.,inexpensive reasonable,expensive
universe,noun,B1,koinot olam,вселенная,"Everything that exists, including all stars, planets, and space.",ˈjuːnɪˌvɜːs,8636,nature,Scientists are still learning new things about our vast universe.,Olimlar hali ham ulkan koinotimiz haqida yangi narsalarni o'rganishmoqda.,cosmos space,
candidate,noun,B2,nomzod,кандидат,A person who is trying to get a job or be elected.,ˈkæn.dɪdət,8638,work,Each candidate must complete the application form before the deadline.,Har bir nomzod muddat tugaguncha ariza shaklini to'ldirishi kerak.,applicant contestant,
slot,noun,B2,vaqt oralig'i joy,слот,A specific time or place arranged for an activity in a schedule.,slɒt,8640,time,I managed to book a meeting slot for Tuesday morning.,Men seshanba tongiga uchrashuv uchun vaqt belgilashga muvaffaq bo'ldim.,opening space,
outstanding,adjective,B2,ajoyib ko'zga ko'ringan,выдающийся,Extremely good and much better than others.,ˌaʊtˈstæn.dɪŋ,8642,ielts,She received an award for her outstanding contribution to the company.,U kompaniyaga qo'shgan ajoyib hissasi uchun mukofot oldi.,excellent brilliant,mediocre
planned,adjective,A2,rejalashtirilgan mo'ljallangan,плановый,Decided or arranged in advance.,plænd,8644,actions,The planned trip was cancelled due to bad weather conditions.,Rejalashtirilgan sayohat yomon ob-havo sharoiti tufayli bekor qilindi.,organized prepared,
lodge,noun,B2,tog' uychasi kulba,домик турбаза,A small house in the mountains or countryside for visitors.,lɒd͡ʒ,8646,actions,We stayed in a warm mountain lodge during the ski trip.,Chang'i safarida issiqqina tog' uychasida turdik.,stick embed,dislodge
messenger,noun,B1,xabarchi yuboruvchi,посланник,A person or system that carries and delivers messages to someone else.,ˈmɛs.ən.d͡ʒɚ,8648,people-family,The messenger arrived at the house to deliver an urgent letter.,Xabarchi shoshilinch xatni yetkazish uchun uyga yetib keldi.,courier carrier,
consideration,noun,B2,mulohaza e'tibor,рассмотрение,The act of thinking carefully about something before making a final decision.,kənˌsɪd.əˈɹeɪ.ʃən,8650,ielts,"After much consideration, I have decided to accept the new job offer.",Ko'p mulohazadan so'ng men yangi ish taklifini qabul qilishga qaror qildim.,deliberation thought,
