headword,pos,cefr_level,translation_uz,translation_ru,definition_en,ipa,frequency_rank,category,example_en,example_uz,synonyms,antonyms
god,noun,A2,xudo iloh,бог,A supreme being who is believed to have created and controls the world.,ɡɒd,20000,ielts,The most frequently used name for the Islamic god is Allah.,Islom dinida Xudoning eng ko'p ishlatiladigan nomi Allohdir.,deity,
hell,noun,B1,do'zax jahannam,ад,A place of suffering where evil people go after they die.,hɛl,20002,ielts,My new boss is making my job a living hell.,Yangi boshlig'im ishimni haqiqiy azobga aylantirib qo'ydi.,inferno,heaven
whoa,interjection,B1,to'xta hayronlik,ого,An expression used to show surprise or to tell someone to stop.,wəʊ,20012,feelings,"Whoa, are you really planning to travel across the country alone?","Oho, haqiqatan ham butun mamlakat bo'ylab yolg'iz sayohat qilmoqchimisan?",stop wait,
sighs,verb,B1,xo'rsinmoq oh tortmoq,вздыхать,"To breathe out loudly to express sadness, tiredness, or relief.",saɪz,20014,actions,She sighs deeply when she looks at all the unfinished work.,U tugallanmagan ishlarga qarab chuqur xo'rsinib qo'ydi.,gasp pant,
alright,adjective,A2,ma'qul yetarli,приемлемый,Satisfactory or in an acceptable condition.,ɔːlˈɹaɪt,20016,describing,It is alright if you finish the homework tomorrow instead of today.,Uyga vazifani bugun emas ertaga tugatsang ham mayli.,acceptable fine,bad
cannot,verb,A1,qila olmaslik bajara olmaslik,не мочь,To be unable to do something.,ˈkænɒt,20020,actions,I cannot open this heavy box because it is locked tight.,"Bu og'ir qutini ocha olmayapman, chunki u mahkam qulflangan.",can't,can
chuckles,noun,B1,qitiqlab kulish mayda kulgi,смешки,The sound of someone laughing quietly to themselves.,ˈtʃʌkəlz,20026,feelings,I could hear soft chuckles coming from the back of the room.,Xonaning orqa tomonidan mayin kulgi ovozlarini eshitdim.,giggle,
gentlemen,noun,B1,janoblar erkaklar,господа,A polite and formal way to refer to a group of men.,ˈd͡ʒɛn.təl.mɪn,20032,people-family,The gentlemen waited patiently for the meeting to start on time.,Janoblar yig'ilish o'z vaqtida boshlanishini sabr bilan kutishdi.,men,
darling,noun,B1,jonim azizim,дорогой,"A person whom you love very much, often used to address them.",ˈdɑːlɪŋ,20034,people-family,"Please pass me the salt, darling, it is right next to you.","Jonim, iltimos, tuzni uzatib yuboring, u aynan yoningizda.",babe sweetheart,
goodbye,interjection,A1,xayr xayr-xo'sh,до свидания,A word you say to someone when you are leaving or they are leaving.,ɡʊdˈbaɪ,20036,basics,"It is time for me to go now, goodbye everyone, see you.","Endi ketishim kerak, xayr hammaga, ko'rishguncha.",,hello
kidding,verb,B1,hazillashish,шутить,Saying something that is not true as a joke to be funny.,ˈkɪdɪŋ,20038,actions,I was only kidding when I said I would quit my job.,Ishdan bo'shayman deganimda shunchaki hazillashgan edim.,joking,
marry,verb,A2,uylanish turmushga chiqish,жениться,To become the husband or wife of someone in a legal ceremony.,ˈmæɹi,20040,people-family,They decided to marry after knowing each other for five years.,Ular besh yil tanish bo'lganlaridan so'ng turmush qurishga qaror qilishdi.,wed,divorce
swear,verb,B2,qasam ichmoq ont ichmoq,клясться,To make a very serious promise that you are telling the truth.,ˈswɛə(ɹ),20042,actions,The knight swore not to return until he had found the treasure.,Ritsar xazinani topmagunicha qaytmaslikka qasam ichdi.,pledge vow,
idiot,noun,B1,ahmoq nodon,идиот,A person who behaves in a very stupid way.,ˈɪdiət,20044,people-family,Only an idiot would fail to check the answers on this exam.,Faqat ahmoq odamgina imtihondagi javoblarni tekshirmaydi.,imbecile moron,
bastard,noun,C1,rasvo iflos,негодяй,"A very unpleasant, unkind, or rude person.",ˈbɑːs.təd,20046,people-family,Some bastard stole my bike while I was inside the shop.,Men do'konda bo'lganimda bir iflos velosipedimni o'g'irlab ketibdi.,asshole jerk,
screaming,adjective,B1,qichqirayotgan jarangdor,кричащий,"Making a very loud, sharp, and high noise.",ˈskɹiːmɪŋ,20048,describing,The children were screaming with excitement at the birthday party.,Tug'ilgan kun bazmida bolalar quvonchdan qichqirib yuborishdi.,shouting yelling,
mum,noun,A1,ona oyijon,мама,A child's word for their mother.,mʌm,20050,people-family,I am going to visit my mum this weekend for dinner.,Bu hafta oxiri kechki ovqatga onamnikiga boraman.,mother mommy,
mama,noun,A1,ona oyijon,мама,A way for young children to say mother.,məˈmɑː,20052,people-family,The baby reached out his small hands for his mama.,Chaqaloq kichkina qo'llarini onasiga uzatdi.,mom mommy,
lieutenant,noun,C2,leytenant yordamchi,лейтенант,A low-ranking officer in the army or a helpful assistant to someone.,lɛfˈtɛn.ənt,20054,work,The lieutenant followed the general's orders during the difficult mission.,Leytenant qiyin topshiriq vaqtida generalning buyruqlarini bajardi.,officer deputy,
bloody,adjective,B2,qonli qonga belangan,окровавленный,Covered with or full of blood.,ˈblʌ.diː,20056,body-health,He had a bloody nose after falling down in the street.,Ko'chada yiqilib tushgandan keyin burni qonab qoldi.,gory bloodied,
boyfriend,noun,A2,yigit sevgan yigit,парень,A male romantic partner whom you are dating.,ˈbɔɪˌfɹɛnd,20058,people-family,I was playing the drums and my boyfriend was playing the guitar.,"Men barabanda chalar edim, yigitim esa gitara chalardi.",,
laughter,noun,B1,kulgi,смех,The sound or act of laughing because something is funny.,ˈlɑːftə,20060,feelings,Their loud laughter betrayed their presence in the quiet room.,Ularning baland kulgisi sokin xonada borligini fosh qildi.,,
madam,noun,B1,xonim,мадам,A polite way to address a woman in a formal setting.,ˈmæd.əm,20064,people-family,Would madam like to order some tea and cake now?,"Xonim, hozir choy va tortga buyurtma berasizmi?",lady,
grunts,verb,B2,ingrash gʻingshirash,ворчать,"To make a short, low sound in the throat, often when annoyed.",ɡɹʌnts,20066,actions,He grunts when he has to lift the heavy boxes.,Og'ir qutilarni ko'tarishi kerak bo'lganda u g'ingshirab qo'yadi.,,
colonel,noun,B2,polkovnik,полковник,A high-ranking officer in the army or air force.,ˈkɜː.nl̩,20068,work,The colonel led his soldiers into the training base this morning.,Polkovnik bugun ertalab askarlarini mashg'ulot bazasiga olib kirdi.,,
owe,verb,A2,qarzdor bo'lmoq majbur bo'lmoq,быть должным,To have to pay someone back or do something for someone.,əʊ,20070,actions,I owe Kevin five dollars which he lent me last week.,Men o'tgan hafta Kevin qarzga bergan besh dollarni qaytarishim kerak.,,
aunt,noun,A1,xola ammaviy,тётя,The sister of your father or mother.,ɑːnt,20072,people-family,My aunt is coming to visit us for the weekend.,Xolam dam olish kunlari biznikiga mehmon bo'lib kelyapti.,,
gasps,verb,B1,nafasini yutmoq hansiramoq,ахать,"To take a quick, sudden breath because of surprise, shock, or pain.",ɡɑːsps,20076,body-health,She gasps in surprise when she sees the gift on the table.,"Stoldagi sovg‘ani ko‘rgach, u hayratdan nafasini yutib yubordi.",pants breathes,
crap,noun,B2,keraksiz narsa savsata,чепуха,Something that is of very bad quality or that is not true.,kɹæp,20082,describing,I do not want to watch this movie because it is complete crap.,"Bu kinoni ko‘rishni xohlamayman, chunki u butunlay savsata.",junk rubbish,
narrator,noun,B2,hikoyachi so‘zlovchi,рассказчик,"A person who tells a story, often in a book, movie, or documentary.",nəˈɹeɪtə,20084,ielts,The narrator of the documentary has a very deep and calm voice.,Hujjatli filmning hikoyachisi juda yo‘g‘on va xotirjam ovozga ega.,storyteller,
grunting,verb,B2,ingillash guldurash,хрюканье,To make a short low sound in the throat due to effort or pain.,ˈɡɹʌntɪŋ,20086,actions,The player kept grunting while he was lifting the heavy metal weights.,O‘yinchi og‘ir temir toshlarni ko‘tarayotganda tinmay ingillardi.,groaning snorting,
upstairs,adverb,A2,yuqori qavatga tepaga,наверху,To or on a higher floor of a building.,ˌʌpˈstɛɹz,20088,home,I am going upstairs to get some sleep after this long day.,Uzoq kundan keyin uxlab dam olish uchun yuqori qavatga chiqyapman.,above,downstairs
sergeant,noun,B2,serjant,сержант,A non-commissioned military officer of a rank above corporal.,ˈsɑː.d͡ʒənt,20090,work,The sergeant gave clear instructions to all the soldiers in the unit.,Serjant bo‘linmadagi barcha askarlarga aniq ko‘rsatmalar berdi.,sarge,
applause,noun,B2,qarsaklar olqish,аплодисменты,The sound of people clapping their hands to show they enjoyed something.,əˈplɔːz,20092,ielts,The audience gave a loud applause after the beautiful piano performance ended.,Chiroyli pianino ijrosi tugagach tomoshabinlar qattiq qarsak chalishdi.,acclaim approval,
stole,verb,A2,o‘g‘irladi,украл,The past tense of steal; to take something that is not yours.,stəʊl,20094,actions,Someone stole my bicycle while I was inside the shop buying food.,Men do‘konda oziq-ovqat sotib olayotganimda kimdir velosipedimni o‘g‘irlab ketdi.,robbed,
groans,verb,B2,ingrash oh tortish,стоны,"To make a long, low sound because of pain, sadness, or unhappiness.",ɡɹoʊnz,20096,body-health,The old man groans every time he tries to stand up from sitting.,Chol har safar o‘rnidan turishga uringanda ingrab qo‘yadi.,moans,
mommy,noun,A1,ona oyijon,мамочка,"A word for mother, used especially by young children.",ˈmɒm.i,20098,people-family,The little girl ran to her mommy to show her new doll.,Qizaloq yangi qo‘g‘irchog‘ini ko‘rsatish uchun oyijonisining oldiga yugurdi.,mama mom,
ridiculous,adjective,B2,kulgili bema’ni,нелепый,Very silly or unreasonable; something that makes you want to laugh.,ɹɪˈdɪk.jʊ.ləs,20100,describing,It is ridiculous to expect everyone to finish this huge task today.,Hamma odam bu ulkan ishni bugun tugatishini kutish juda bema’nilik.,silly absurd,serious
majesty,noun,C1,ulug'vorlik shavkat,величество,"The quality of being very impressive, grand, or powerful.",ˈmæd͡ʒ.əs.ti,20102,ielts,We were all amazed by the majesty of the snowy mountain peaks.,Biz qorli tog' cho'qqilarining ulug'vorligidan hayratda qoldik.,grandeur dignity,
asleep,adjective,A1,uxlayotgan,спящий,In the state of sleeping.,əˈsliːp,20104,basics,Please be quiet because the baby is finally asleep in the room.,"Iltimos, shovqin qilmang, chunki chaqaloq nihoyat xonada uxlayapti.",sleeping,awake
goddamn,interjection,C2,lanyat bo'lsin la'nati,чёрт возьми,A vulgar expression used to show strong anger or extreme frustration.,ˌɡɒdˈdæm,20106,feelings,Goddamn! I forgot my keys inside the locked house again.,La'nat! Kalitlarimni qulflangan uy ichida qoldirib ketibman.,,
sweetheart,noun,B1,azizam mehribon,душка,A person who is very kind or someone you love very much.,ˈswiːtˌhɑːt,20108,people-family,She is such a sweetheart for helping me carry these heavy bags.,Bu og'ir sumkalarni ko'tarishga yordam bergani uchun u juda mehribon inson.,darling,
asshole,noun,C2,yaramas badfe'l,жопа,"A rude, mean, or very unpleasant person.",æshoʊl,20110,feelings,He acted like such an asshole by laughing at his friend's failure.,"U do'stining muvaffaqiyatsizligidan kulib, juda yaramas ish qildi.",jerk,
beg,verb,B2,yalinmoq tilanmoq,просить,To ask someone for something in an urgent or very humble way.,ˈbɛɡ,20112,actions,The child had to beg his parents to let him go outside.,Bola ota-onasidan tashqariga chiqishga ruxsat berishlarini yalinib so'radi.,plead implore,
cheering,noun,B1,olqish,овации,Loud happy shouts showing support or enjoyment of an event.,ˈt͡ʃɪɹɪŋ,20114,actions,The crowd started cheering loudly when their team scored a goal.,Jamoa gol urganida tomoshabinlar qattiq olqishlay boshlashdi.,applause,
whoever,pronoun,B2,kim bo'lsa ham,кто бы ни,Any person at all; it does not matter who the person is.,huˈɛvɚ,20116,ielts,Whoever wants to join the trip must sign the list today.,Sayohatga qo'shilmoqchi bo'lgan har kim bugun ro'yxatga imzo cheksin.,anyone,
bullshit,noun,C1,safsata bema'ni gap,чушь,"Ideas, statements, or beliefs that you think are completely false or silly.",ˈbʊlʃɪt,20120,ielts,I do not believe his story; it is total bullshit.,Uning gaplariga ishonmayman; bu shunchaki safsata.,nonsense,
grandma,noun,A1,buvi buvijon,бабушка,The mother of your mother or father.,ˈɡɹænmɑː,20122,people-family,My grandma makes the best apple pie in the whole world.,Buvim dunyodagi eng mazali olma pirogini pishiradi.,grandmother,
shouting,noun,A2,baqiriq shovqin,крик,Speaking very loudly because of anger or excitement.,ˈʃaʊtɪŋ,20124,actions,I could hear the shouting coming from the next room.,Keyingi xonadan kelayotgan baqiriqlarni eshitdim.,yelling,
pardon,verb,B2,afv etmoq kechirmoq,прощать,To forgive someone for something they have done wrong.,ˈpɑːdn̩,20126,ielts,The governor decided to pardon the prisoner after ten years.,Gubernator o'n yildan so'ng mahbusni afv etishga qaror qildi.,forgive,
breathe,verb,A2,nafas olmoq,дышать,To take air into your lungs and let it out again.,bɹiːð,20128,body-health,It is difficult to breathe when the air is very dusty.,Havo juda chang bo‘lganda nafas olish qiyinlashadi.,inhale respire,
nonsense,noun,B1,ahmoqlik bema’ni gap,вздор,"Ideas, statements, or beliefs that are not true or have no meaning.",ˈnɒn.səns,20130,ielts,Stop talking such nonsense and tell me what really happened.,Bunaqa bema’ni gaplarni yig‘ishtirib nima bo‘lganini rostini ayt.,rubbish absurdity,sense
grandpa,noun,A1,buva bobo,дедушка,The father of your mother or your father.,ˈɡɹæm.pɑː,20132,people-family,My grandpa tells the best stories about his life long ago.,Bobom yoshligi haqida juda qiziq hikoyalar aytib beradi.,grandfather,
honestly,adverb,B1,rostini aytsam chin dildan,честно,Used to say what you really think or to tell the truth.,ˈɒn.ɪst.li,20134,describing,"Honestly, I think you should take a break from working today.",Rostini aytsam bugun ishlashdan biroz dam olishing kerak deb o‘ylayman.,frankly truthfully,dishonestly
bro,noun,B1,o‘rtoq birodar,братан,An informal way to address a male friend or acquaintance.,bɹoʊ,20136,people-family,"Hey bro, do you want to come over and play games?",Ey o‘rtoq uyga o‘tib o‘yin o‘ynaymizmi?,mate friend,
sweetie,noun,A2,jonim azizim,милочка,A kind and affectionate way of addressing someone you love.,ˈswiːti,20138,people-family,"Don't cry, my sweetie, everything is going to be just fine.",Yig‘lama jonim hammasi yaxshi bo‘ladi.,honey darling,
whoo,interjection,B1,ura yo,уху,"An exclamation used to express great excitement, joy, or enthusiasm.",wuː,20140,feelings,Whoo! We finally finished all our exams and can relax now.,"Ura! Nihoyat barcha imtihonlarni topshirib oldik, endi dam olsak bo‘ladi.",yippee hurrah,
papa,noun,A1,dada ota,папа,A familiar or informal word for a father.,pəˈpɑː,20142,people-family,"When I was a little child, my papa read me stories.",Men kichkinaligimda dadam menga ertaklar o‘qib berardilar.,dad daddy,
threw,verb,A2,otdi uloqtirdi,бросил,"The past tense of throw, meaning to send something through the air by hand.",θɹuː,20146,actions,He threw the ball across the field to his best friend.,U to‘pni maydonning narigi tomonidagi eng yaqin do‘stiga otdi.,tossed hurled,caught
mister,noun,A2,janob,мистер,A polite way of addressing a man when you do not use his name.,ˈmɪstə,20148,people-family,"Excuse me, mister, you dropped your wallet on the sidewalk today.","Kechirasiz, janob, siz hamyoningizni yo‘lakka tushirib yubordingiz.",sir gentleman,
indistinct,adjective,C1,noaniq xira,нечеткий,"Not clear or easily seen, heard, or understood.",ˌɪndɪsˈtɪŋkt,20150,ielts,I could only hear an indistinct voice coming from the next room.,Yon xonadan kelayotgan noaniq ovozni zo‘rg‘a eshitdim.,hazy vague,clear
disappeared,verb,A2,goyib bo'ldi yo'qoldi,исчез,To stop being visible or cease to exist suddenly.,dɪsəˈpɪəd,20152,actions,The sun disappeared behind the thick clouds late this afternoon.,Quyosh tushdan keyin qalin bulutlar ortiga yashirindi.,vanished lost,appeared
handsome,adjective,B1,kelishgan chiroyli,красивый,"Having an attractive and pleasing appearance, usually used to describe a man.",ˈhæn.səm,20154,describing,He is a very handsome man with a kind smile.,U samimiy tabassumli juda kelishgan yigit.,attractive good-looking,ugly
slept,verb,A1,uxladi,спал,"The past tense of sleep, resting your body and mind with eyes closed.",slɛpt,20156,basics,I slept for eight hours and feel very refreshed today.,Men sakkiz soat uxladim va bugun o'zimni juda tetik his qilyapman.,rested,
insane,adjective,B2,aqldan ozgan jinni,сумасшедший,"Showing a serious mental illness or acting in a wild, unreasonable way.",ɪnˈseɪn,20158,body-health,It would be absolutely insane to drive during this heavy storm.,Bu kuchli bo'ronda mashina haydash mutlaqo aqlsizlik bo'lar edi.,mad crazy,sane
nope,interjection,A2,yo'q,не-а,An informal way of saying no.,nəʊp,20160,basics,"Are you going to the party? Nope, I am staying home.","Kechaga borasanmi? Yo'q, uyda qolaman.",no,yep
gosh,interjection,B1,ey xudo voy,Боже!,A mild way to express surprise or excitement without using strong language.,ɡɒʃ,20164,feelings,"Gosh, I did not realize that I caused so much trouble today.","Voy, buncha muammo keltirib qo‘yganimni bilmay qolibman.",wow,
ruined,adjective,B2,vayron bo‘lgan buzilgan,разрушенный,"Something that is completely damaged, destroyed, or no longer in a good condition.",ˈruː.ɪnd,20166,describing,We visited the ruined castle on the hill during our weekend trip.,Dam olish kunlari tepalikdagi vayron bo‘lgan qasrni borib ko‘rdik.,destroyed damaged,intact
outta,preposition,B1,ichidan tashqariga,из,"A casual way of saying out of, often used in spoken English.",ˈaʊtə,20168,actions,I am outta here because I have finished all my work early.,"Men ketdim, chunki hamma ishimni erta tugatib qo‘ydim.",,
sooner,adverb,B1,oldinroq tezroq,скорее,Used to describe something that happens before another time or as a preference.,ˈsuːnə,20170,time,"The sooner we start this project, the faster we will finish it.","Loyiha ishini qancha tez boshlasak, shuncha tez tugatamiz.",earlier,later
regret,verb,B2,afsuslanmoq pushaymon bo‘lmoq,сожалеть,To feel sad or sorry about something that you did or failed to do.,ɹiˈɡɹɛt,20172,feelings,I really regret not taking that job opportunity when it was offered.,O‘sha ish taklif qilinganda qabul qilmaganimdan juda afsusdaman.,lament,
beeping,verb,B1,signal bermoq hushtak chalmoq,сигналить,"To make a short, high sound, usually from a car horn or electronic device.",ˈbiːpɪŋ,20174,actions,The taxi driver kept beeping his horn because of the heavy traffic.,Yo‘l tirband bo‘lgani uchun taksi haydovchisi tinimsiz signal berdi.,honking,
yelling,verb,A2,baqirmoq qichqirmoq,кричать,"To shout very loudly, usually because you are angry, excited, or need attention.",ˈjelɪŋ,20176,actions,Please stop yelling at me; I can hear you perfectly well now.,"Iltimos, menga baqirishni bas qil, seni yaxshi eshityapman.",shouting screaming,whispering
murderer,noun,B2,qotil,убийца,A person who has illegally and intentionally killed another human being.,ˈmɜːdəɹə,20178,ielts,The police finally caught the murderer after a very long investigation process.,Uzoq davom etgan tergov jarayonidan so‘ng politsiya qotilni qo‘lga oldi.,killer,
goodness,noun,B1,ezgulik yaxshilik,доброта,"The quality of being kind, honest, and morally right.",ˈɡʊdnəs,20180,describing,She is known for her goodness and helping people in need.,U o'zining ezguligi va muhtojlarga yordam berishi bilan tanilgan.,kindness virtue,wickedness
ruin,verb,B1,barbod qilmoq buzmoq,разрушать,To spoil something completely so that it cannot be used or enjoyed.,ˈɹuː.ɪn,20182,actions,The heavy rain will ruin our plans for the picnic today.,Kuchli yomg'ir bugungi piknik rejamizni barbod qiladi.,destroy spoil,build
liar,noun,A2,yolg'onchi,лжец,A person who says things that are not true.,ˈlaɪ.ə,20184,people-family,"Nobody trusts a liar, so you must always tell the truth.","Hech kim yolg'onchiga ishonmaydi, shuning uchun doim rostini gapirishing kerak.",deceiver,
thief,noun,A2,o'g'ri,вор,A person who steals things that belong to other people.,θiːf,20186,people-family,The thief took his phone while he was waiting for the bus.,O'g'ri avtobus kutib turganida uning telefonini o'g'irlab ketdi.,robber,
bleep,verb,B2,o'chirib tashlamoq,запикивать,To replace a rude word in a recording with a high-pitched sound.,ˈbliːp,20188,actions,The television station had to bleep all the bad words during filming.,Telekanal suratga olish vaqtida hamma yomon so'zlarni o'chirib tashlashi kerak edi.,censor,
groaning,adjective,C1,to'lib-toshib yotgan,ломящийся,"Heavily filled with something, making it look as if it might break.",ˈɡɹoʊnɪŋ,20190,describing,We sat down to a groaning table full of traditional delicious food.,Biz an'anaviy mazali taomlarga to'lib-toshib yotgan dasturxon atrofida o'tirdik.,laden overloaded,
madame,noun,B1,xonim,мадам,"A polite way of addressing a woman, especially a married one.",məˈdæm,20192,people-family,"Excuse me, madame, have you forgotten your umbrella at the counter?","Kechirasiz xonim, soyaboningizni peshtaxtada qoldirib ketmadingizmi?",lady,
downstairs,adverb,A2,pastki qavatga pastga,внизу,To or on a floor of a building that is lower than where you are now.,daʊnˈstɛɹz,20194,home,I need to go downstairs to get some water from the kitchen.,Oshxonadan suv olish uchun pastki qavatga tushishim kerak.,,upstairs
scare,verb,A2,qo'rqitmoq vahimaga solmoq,пугать,To make someone feel suddenly afraid or worried.,skɛə,20196,feelings,The loud noise of the thunder began to scare the little child.,Momaqaldiroqning baland ovozi yosh bolani qo'rqitib yubordi.,frighten terrify,reassure
pity,noun,B1,achinish rahm,жалость,A feeling of sadness because you feel sorry for someone else's bad situation.,ˈpɪt.i,20198,feelings,I felt great pity for the stray dog wandering in the rain.,Yomg'irda daydib yurgan daydi itga juda rahmim keldi.,mercy compassion,
ashamed,adjective,B1,uyalgan xijolat,пристыженный,Feeling guilty or embarrassed because you did something wrong.,əˈʃeɪmd,20200,feelings,He felt ashamed of his behavior during the argument last night.,U kechagi janjaldagi qiliqlaridan uyaldi.,guilty embarrassed,proud
useless,adjective,B1,keraksiz foydasiz,бесполезный,Not working properly or not achieving any helpful results.,ˈjuːs.ləs,20202,describing,This old map is useless because all the roads have been changed.,"Bu eski xarita foydasiz, chunki barcha yo'llar o'zgarib ketgan.",worthless pointless,useful
panting,verb,B2,hansirash,одышка,"To breathe quickly and loudly through the mouth, usually after heavy exercise.",ˈpæntɪŋ,20206,body-health,The dog was panting after running fast in the park.,"It parkda yugurib kelgach, hansirab turgan edi.",gasping puffing,
clever,adjective,A2,aqlli ziyrak,умный,Good at learning and understanding things quickly and easily.,ˈklɛv.ə,20208,describing,He came up with a clever solution to the difficult problem.,U murakkab muammoga juda aqlli yechim topdi.,smart intelligent,stupid
butt,verb,B2,surtilmoq to'qnashmoq,бодать,To hit someone or something hard with your head.,bʌt,20210,actions,The angry goat tried to butt the fence with its horns.,Jahl chiqqan echki shoxlari bilan panjarani urib to‘qnashmoqchi bo‘ldi.,strike ram,
yourselves,pronoun,A2,o'zlaringizni o'zingiz,сами себя,Used when the people you are talking to are both the subject and the object.,jəˈsɛlvz,20212,basics,You should not blame yourselves for what happened yesterday.,Kecha sodir bo‘lgan ish uchun o‘zlaringizni ayblamasligingiz kerak.,,
disgusting,adjective,B1,juda jirkanch yoqimsiz,отвратительный,Something that is extremely unpleasant and makes you feel sick.,dɪsˈɡʌstɪŋ,20214,describing,The kitchen was disgusting because it had not been cleaned for weeks.,Oshxona bir necha hafta tozalanmagani uchun juda jirkanch holatda edi.,distasteful,pleasant
piss,verb,B2,peshob qilmoq siymoq,писать,To empty liquid waste from your body.,pɪs,20216,body-health,I need to find a restroom to piss before the long drive.,Uzoq yo‘lga chiqishdan oldin hojatxonaga kirib olishim kerak.,urinate,
jerk,noun,B2,yomon odam nodon,негодяй,A person who behaves in a mean or unpleasant way towards others.,ˈd͡ʒɜːk,20218,people-family,Stop being such a jerk and help me with these heavy bags.,Bunchalik yomon odam bo‘laverma va og‘ir sumkalarni ko‘tarishga yordamlash.,asshole,
freak,verb,B2,vahimaga tushmoq sarosimaga tushmoq,беситься,"To react in an extreme way, usually because of worry or surprise.",fɹiːk,20220,feelings,I started to freak out when I realized I lost my passport.,"Pasportimni yo‘qotib qo‘yganimni bilgach, qattiq sarosimaga tushdim.",panic,
awake,adjective,A2,uyg‘oq,бодрствующий,Not sleeping; conscious and aware of what is happening around you.,əˈweɪk,20222,actions,"Even though it was late, I stayed awake to finish my book.","Kech bo‘lishiga qaramay, kitobimni tugatish uchun uyg‘oq qoldim.",conscious,asleep
honour,noun,B2,sharaf nomus,честь,High moral standards and being worthy of great respect.,ˈɒnə(ɹ),20228,ielts,It was a great honour to meet the president in person.,Prezident bilan shaxsan uchrashish men uchun katta sharaf edi.,prestige respect,dishonour
claire,noun,C2,ustixona hovuzi,устричный пруд,A small pond used for keeping and growing oysters.,kleə,20230,nature,The oysters are moved to the claire to develop better flavor.,Ustritsalar mazaliroq bo'lishi uchun maxsus hovuzga ko'chiriladi.,,
disappear,verb,A2,yo'qolmoq ko'zdan g'oyib bo'lmoq,исчезать,To stop being visible or to go somewhere that is unknown.,dɪsəˈpɪə,20232,actions,The magician made the rabbit disappear right in front of us.,Sehrgar quyonni ko'z o'ngimizda g'oyib qilib yubordi.,vanish,appear
chatter,verb,B2,tishlari taqirlamoq uzluksiz gapirmoq,болтать,To click your teeth together because you are very cold.,ˈtʃætə,20234,body-health,It was so cold outside that my teeth began to chatter.,"Tashqarida shunchalik sovuq ediki, tishlarim taqir-taqir qila boshladi.",clatter,
scream,verb,A2,baqirmoq qichqirmoq,кричать,"To make a loud, high sound because you are hurt or scared.",skɹiːm,20236,actions,She started to scream when she saw a spider on the wall.,"Devorda o'rgimchakni ko'rgach, u qichqirib yubordi.",cry yell,
unbelievable,adjective,B1,ishonib bo'lmaydigan aqlbovar qilmas,невероятный,"Extremely good, bad, or surprising; difficult to accept as true.",ˌʌnbɪˈliːvəbl̩,20238,describing,The view from the top of the mountain was absolutely unbelievable.,Tog' cho'qqisidan ko'rinadigan manzara shunchaki aqlbovar qilmas edi.,incredible,believable
scoffs,verb,C1,mazax qilmoq kamsitib qaramoq,насмехаться,To show that you think something is silly or unworthy of serious attention.,skɒfs,20240,feelings,He scoffs at the idea that climate change is a serious threat.,U iqlim o'zgarishi jiddiy tahdid ekanligi haqidagi g'oyani masxara qiladi.,mock ridicule,praise
woke,adjective,C1,ijtimoiy adolatga sezgir,социально сознательный,Well-informed about and sensitive to social justice issues and racial inequality.,wəʊk,20242,ielts,They are trying to be more woke regarding modern social issues.,Ular zamonaviy ijtimoiy masalalarga nisbatan hushyorroq bo'lishga harakat qilmoqdalar.,aware alert,unwoke
announcer,noun,B1,diktor suxandon,диктор,A person who introduces programs or gives information on radio or television.,əˈnaʊnsə,20244,work,The radio announcer introduced the guest speaker to the listening audience.,Radio diktori mehmon ma'ruzachini tinglovchilarga tanishtirdi.,presenter broadcaster,
someday,adverb,A2,bir kun kelib qachondir,когда-нибудь,At some unknown time in the future.,ˈsʌmdeɪ,20246,time,I hope to visit the ancient cities of Uzbekistan someday soon.,"Umid qilamanki, bir kun kelib O'zbekistonning qadimiy shaharlariga boraman.",eventually sometime,
monsieur,noun,B1,janob,месье,"A title used for a French-speaking man, equivalent to Mister.",məˈsjʊə(ɹ),20248,people-family,"Good morning, Monsieur, how can I help you today?","Xayrli tong, janob, bugun sizga qanday yordam bera olaman?",sir,
toast,noun,A2,qotirilgan non,поджаренный хлеб,Slices of bread that have been heated until they are brown and crunchy.,təʊst,20250,food-drink,I usually have a piece of warm toast with butter for breakfast.,Nonushtaga odatda sariyog‘ surilgan qotirilgan non yeyman.,,
hank,noun,C1,chirmova kalava,моток,"A thick coil or loop of rope, yarn, or wire held together by a tie.",ˈhæŋk,20252,home,She bought a large hank of wool to knit a warm sweater.,U issiq sviter to‘qish uchun bir kalava jun xarid qildi.,coil loop,
blew,verb,A2,esdi pufladi,дул,"The past tense of blow, meaning to move air or be moved by air.",bl(j)uː,20254,actions,The strong wind blew all the autumn leaves off the trees.,Kuchli shamol daraxtlardagi barcha kuzgi barglarni uchirib ketdi.,,
eaten,verb,A1,yegan yeb qo‘yilgan,съеденный,"The past participle form of eat, meaning to have consumed food.",ˈiː.tn̩,20256,food-drink,"I have already eaten dinner, so I am not hungry right now.","Men kechki ovqatni yeb bo‘lganman, shuning uchun hozir qornim och emas.",consumed devoured,
ambulance,noun,A2,tez yordam mashinasi,автомобиль скорой помощи,A special vehicle used to take sick or injured people quickly to a hospital.,ˈæm.bjə.ləns,20258,body-health,"When he had an accident, we immediately called for an ambulance.","U baxtsiz hodisaga uchraganda, biz darhol tez yordam mashinasini chaqirdik.",,
joey,noun,B2,kanguru bolasi,детёныш кенгуру,"The young baby of a marsupial animal, especially a kangaroo.",ˈd͡ʒoʊ.i,20260,animals,The little joey jumped back into its mother's pouch for safety.,Kichkina kanguru bolasi xavfsizlik uchun onasining xaltasiga sakrab kirdi.,,
trapped,adjective,B1,qamalib qolgan tuzoqqa tushgan,пойманный,Unable to escape from a place or a difficult situation.,træpt,20262,describing,The miners were trapped underground after the tunnel collapse occurred yesterday.,Konchilar tunnel qulab tushganidan keyin yer ostida qamalib qolishdi.,snared caught,free
rude,adjective,A2,qo'pol odobsiz,грубый,Speaking or acting in a way that is not polite to others.,ɹuːd,20264,describing,It is rude to talk while someone else is speaking to you.,Birov sizga gapirayotganda gapini bo'lish — odobsizlik.,impolite discourteous,polite
clue,noun,B1,ishora darak,подсказка,A sign or piece of information that helps you solve a problem.,kluː,20266,ielts,The detective found a vital clue at the scene of the crime.,Detektiv jinoyat joyidan muhim ishora topdi.,hint lead,
amen,interjection,B2,omin,аминь,A word said at the end of a prayer to show agreement.,(ˌ)ɑːˈmɛn,20268,actions,Everyone in the church bowed their heads and said amen together.,Cherkvadagi hamma boshini egib birgalikda omin dedi.,,
lily,noun,B1,nilufar,лилия,A type of beautiful flower that grows from a bulb.,ˈlɪli,20270,nature,She placed a white lily in a vase on the table.,U stol ustidagi vazaga oq nilufar guli qo'ydi.,,
elevator,noun,A2,lift,лифт,A machine that moves people or goods up and down inside a building.,ˈɛləˌveɪtə,20272,home,We took the elevator to the tenth floor of the building.,Binoning o'ninchi qavatiga liftda chiqdik.,lift,
highness,noun,B2,oliy hazratlari,высочество,A special title used when talking to or about a prince or princess.,ˈhaɪnəs,20274,people-family,The people bowed when his highness entered the grand room.,Oliy hazratlari katta xonaga kirganda odamlar ta'zim qilishdi.,,
sometime,adverb,B1,qachondir,когда-нибудь,At a time in the future or past that is not exactly known.,ˈsʌmˌtaɪm,20276,time,I hope we can visit that beautiful city sometime next year.,"Umid qilamanki, kelasi yili qachondir o'sha go'zal shaharga boramiz.",,
gasping,adjective,B2,chanqagan,задыхающийся,Feeling very strong thirst and wanting a drink immediately.,ˈɡɑːspɪŋ,20278,body-health,I was gasping for a cold drink after running the race.,"Poygadan keyin chanqoqdan o'layozib, sovuq ichimlik ichgim keldi.",thirsty,
curse,noun,B2,la'nat qarg'ish,проклятие,A powerful wish or spell that is intended to cause harm to someone.,kɜːs,20280,ielts,The old legend says the hidden treasure carries a terrible family curse.,"Eski rivoyatlarga ko'ra, bu yashirin xazina yomon bir qarg'ishga ega.",hex jinx,blessing
gunshot,noun,B2,o'q ovozi o'q uzish,выстрел,The sound or act of firing a bullet from a gun.,ˈɡʌn.ʃɒt,20282,actions,We all jumped in fear when we heard a sudden loud gunshot.,"To'satdan quloqqa chalingan o'q ovozini eshitib, hammamiz seskanib ketdik.",shot blast,
hug,verb,A1,quchoqlash,обнимать,To hold someone tightly in your arms to show love or affection.,hʌɡ,20284,actions,She ran to the door to give her father a big hug.,U otasini quchoqlash uchun eshik tomon yugurib ketdi.,embrace cuddle,
loser,noun,B1,yutqazgan odam omadsiz,неудачник,A person who is not successful in life or at a specific task.,luːzə(ɹ),20286,people-family,"He never gives up easily, even though he feels like a loser.","O'zini omadsiz deb hisoblasa ham, u hech qachon taslim bo'lmaydi.",failure underdog,winner
sobbing,adjective,B2,yig'layotgan xo'rsinayotgan,всхлипывающий,"Crying noisily while taking short, sudden breaths.",ˈsɒbɪŋ,20288,feelings,The sobbing child finally calmed down after her mother arrived home.,"Onasi uyga kelgach, yig'layotgan bola nihoyat tinchlandi.",crying weeping,
bravo,interjection,B1,barakalla ofarin,браво,A word used to show approval or praise for a great performance.,ˈbɹɑvoʊ,20290,feelings,"Bravo, you have done a brilliant job on this difficult project!","Ofarin, sen bu qiyin ishni juda yaxshi uddalading!",bravissimo bully,
rape,verb,C1,nomusiga tegmoq zo'rlamoq,насиловать,To force a person to have sex against their will.,ˈɹeɪ̯p,20292,ielts,The law takes strict measures against those who commit such crimes.,Qonun bunday jinoyatlarni sodir etganlarga nisbatan qat'iy choralar ko'radi.,violate ravish,
growling,adjective,B2,g'iringlayotgan vaximali,рычащий,"Making a low, rough sound in the throat, usually indicating anger or hunger.",ˈɡraʊlɪŋ,20294,animals,"The growling dog stood in front of the house, blocking our path.","G'iringlayotgan it uy oldida turib, yo'limizni to'sib qo'ydi.",grumbling snarling,
exhales,verb,B2,nafas chiqarmoq,выдыхает,To breathe air out from your lungs.,eksˈheɪlz,20296,body-health,He slowly exhales as he finishes his yoga exercise to relax.,"U tinchlanish uchun yoga mashqini tugatib, sekin nafas chiqaradi.",breathes out,inhales
beloved,adjective,B2,sevimli ardoqli,любимый,Loved very much by someone.,bɪˈlʌvd,20298,feelings,She returned to her beloved hometown after living abroad for many years.,U ko'p yillar chet elda yashaganidan so'ng o'zining sevimli shahriga qaytdi.,dear cherished,hated
mummy,noun,A1,ona oyijon,мама,A word used by young children to refer to their mother.,ˈmʌm.i,20300,people-family,I told my mummy that I wanted a new toy today.,Bugun o‘yinchoq xohlayotganimni oyijonimga aytdim.,mom mother,
fellas,noun,B1,yigitlar do‘stlar,ребята,An informal way to refer to a group of men or friends.,ˈfel.əz,20302,people-family,The fellas are going to play football in the park tonight.,Yigitlar bugun kechqurun parkda futbol o‘ynamoqchi.,guys boys,
whispering,verb,B1,pichirlash shivirlash,шептать,Speaking very quietly using your breath rather than your throat.,ˈ(h)wɪspəɹɪŋ,20304,actions,She was whispering secrets to her best friend in the corner.,U burchakda dugonasiga sirli gaplarni pichirlab aytayotgan edi.,muttering murmuring,
barking,noun,A2,vovullash hurish,лай,"The loud, harsh sound made by a dog.",ˈbɑɹkɪŋ,20308,animals,The loud barking of the dog woke me up quite early.,Itning qattiq hurishi meni erta uyg‘otib yubordi.,baying yelping,
maid,noun,B1,uy bekasi farrosh,горничная,A person employed to perform cleaning and household chores in a home.,meɪd,20310,work,The maid comes to clean our hotel room every morning.,Farrosh har kuni ertalab mehmonxona xonamizni tozalashga keladi.,servant cleaner,
embarrassing,adjective,B1,noqulay uyaltiruvchi,смущающий,Causing a feeling of uncomfortable shame or making you feel silly in public.,ɪmˈbæɹ.ə.sɪŋ,20312,feelings,It was very embarrassing when I forgot my friend's name in class.,Darsda do'stimning ismini esdan chiqarib qo'yganim juda noqulay holat bo'ldi.,awkward humiliating,
demon,noun,C1,yovuz ruh jin,демон,An evil spirit or creature from mythology or religion that is thought to be dangerous.,ˈdiː.mən,20314,ielts,In the old story the hero fights a powerful demon in the cave.,Qadimgi ertakda qahramon g'orda kuchli jin bilan jang qiladi.,devil monster,angel
coincidence,noun,B2,tasodif,совпадение,"When two or more events happen at the same time by chance, not on purpose.",kəʊˈɪnsɪdəns,20316,ielts,It is a strange coincidence that we are staying at the same hotel.,Bizning bir xil mehmonxonada turishimiz g'alati tasodif.,accident chance,
terrific,adjective,B1,juda ajoyib,потрясающий,Extremely good or impressive.,təˈɹɪfɪk,20318,describing,She did a terrific job on her final project for the school.,U maktabdagi yakuniy loyihasi uchun juda ajoyib ish qildi.,excellent amazing,awful
quietly,adverb,A2,tinchgina sekin,тихо,Doing something without making much noise.,ˈkwaɪ.ɪt.li,20320,actions,The cat walked quietly across the floor so it would not wake me.,Mushuk meni uyg'otmaslik uchun pol bo'ylab tinchgina yurib o'tdi.,silently softly,loudly
whistle,noun,A2,hushtak,свисток,A small object that makes a high-pitched sound when you blow air through it.,ˈwɪs(ə)l,20322,actions,The referee blew his whistle to stop the football match.,Hakam futbol o'yinini to'xtatish uchun hushtagini chaldi.,pipe,
subtitles,noun,A2,titrlar subtitrlar,субтитры,Words shown at the bottom of a screen to translate what characters are saying.,ˈsʌbtaɪtlz,20324,home,I always watch foreign movies with English subtitles to improve my language.,Til o‘rganish uchun xorijiy filmlarni doim inglizcha subtitrlar bilan tomosha qilaman.,,
cruel,adjective,B1,shafqatsiz zolim,жестокий,Willing to cause pain or suffering to other people or animals.,ˈkɹuːəl,20326,describing,It is cruel to keep a bird in a very small cage.,Qushni juda kichkina katakda saqlash shafqatsizlikdir.,inhuman sadistic,merciful
bury,verb,A2,ko‘mmoq dafn etmoq,закапывать,To put a dead body into the ground.,ˈbɛɹi,20328,actions,The dog ran into the garden to bury his favorite old bone.,It o‘zining sevimli suyaklarini ko‘mish uchun bog‘ga yugurib ketdi.,inter hide,unearth
pathetic,adjective,B2,achinarli ayanchli,жалостный,Something so weak or bad that it makes people feel pity or contempt.,pəˈθɛtɪk,20330,ielts,His performance was pathetic; he did not even try to finish it.,Uning ishi juda achinarli edi; u buni tugatishga harakat ham qilmadi.,pitiful wretched,
guts,noun,B2,jasorat botir,смелость,The quality of being brave and determined in a difficult or scary situation.,ɡʌts,20334,ielts,It must have taken some real guts to speak in front of everyone.,Hamma oldida gapirish uchun haqiqiy jasorat kerak bo'lgan bo'lsa kerak.,courage bravery,cowardice
fella,noun,B2,yigit odam,парень,An informal way to refer to a man or a boy.,fɛ.lə,20336,people-family,He is a nice fella who always helps his neighbors when needed.,U qo'shnilariga har doim yordam beradigan yaxshi yigit.,guy fellow,
couch,noun,A2,divan,диван,A long piece of furniture for several people to sit on comfortably.,ˈkaʊ̯t͡ʃ,20338,home,We sat on the couch and watched a movie for two hours.,Biz divanda o'tirib ikki soat davomida kino ko'rdik.,sofa,
cheer,noun,B1,olqish hayqiriq,одобрительный возглас,"A loud shout of joy, approval, or support for someone or something.",t͡ʃɪə̯,20340,actions,A loud cheer rose from the crowd when their team scored again.,Jamoasi yana gol urganida olomondan baland hayqiriq eshitildi.,applause acclaim,boo
shy,adjective,A2,uyatchan tortinchoq,застенчивый,Feeling nervous or uncomfortable when meeting or talking to other people.,ʃaɪ,20342,describing,She was very shy as a child but became more confident later.,"U bolaligida juda uyatchan edi, lekin keyinchalik o'ziga ishongan bo'lib qoldi.",timid reserved,bold
closet,noun,A2,kiyim javoni,шкаф,A small room or cupboard used for storing clothes or household supplies.,ˈklɒzɪt,20344,home,I hung my coat in the closet near the front door.,Men paltomni kirish eshigi yonidagi kiyim javoniga osib qo'ydim.,cupboard wardrobe,
coward,noun,B1,qo'rqoq,трус,A person who is not brave and avoids doing things that are dangerous or difficult.,ˈkaʊəd,20346,describing,Only a coward would run away instead of facing the problem directly.,Muammoni yuzma-yuz hal qilish o'rniga qochib ketadigan odam faqat qo'rqoqdir.,wimp,hero
siren,noun,B2,sirena,сирена,"A piece of equipment that makes a loud, high-pitched warning sound.",ˈsaɪəɹən,20348,travel,We heard the loud siren of an ambulance rushing to the hospital.,Biz shifoxonaga shoshilayotgan tez yordam mashinasining baland sirena ovozini eshitdik.,alarm,
confess,verb,B2,tan olmoq iqror bo'lmoq,признаться,To say that you have done something wrong or illegal.,kənˈfɛs,20350,ielts,He had to confess to breaking the window during the ball game.,U to'p o'yini paytida derazani sindirganini tan olishiga to'g'ri keldi.,admit acknowledge,deny
suspicious,adjective,B2,shubhali gumonli,подозрительный,Feeling that someone is behaving in a dishonest or wrong way.,səˈspɪʃ.əs,20352,describing,The police were suspicious of his story about where he was.,Politsiya uning qayerda bo'lgani haqidagi hikoyasiga shubha bilan qaradi.,questionable doubtful,unsuspecting
frightened,adjective,A2,qo'rqqan cho'chigan,испуганный,Feeling fear or worry about something dangerous.,ˈfɹaɪtn̩d,20354,feelings,The little child was very frightened by the loud thunder last night.,Kecha tunda kichkina bola kuchli momaqaldiroqdan juda qo'rqib ketdi.,scared afraid,brave
miserable,adjective,B1,baxtsiz mahzun,несчастный,Very unhappy and uncomfortable.,ˈmɪz(ə)ɹəbəl,20356,feelings,I felt miserable because I was sick and stayed home all day.,Kasal bo'lib butun kun uyda qolganim uchun o'zimni baxtsiz his qildim.,unhappy sad,happy
terribly,adverb,B1,juda dahshatli,ужасно,Very much or to a great degree.,ˈtɛɹ.ɪ.bli,20358,describing,I am terribly sorry for being so late to our important meeting.,Muhim yig'ilishimizga bunchalik kechikkanim uchun judayam uzr so'rayman.,extremely badly,
kidnapped,verb,B2,o'g'irlab ketilgan,похищенный,"To take someone away by force, usually to ask for money.",ˈkɪdnæpt,20362,ielts,The famous business leader was kidnapped on his way to work.,Mashhur biznes rahbari ishga ketayotganda o'g'irlab ketildi.,abducted,
shout,verb,A2,baqirmoq qichqirmoq,кричать,To speak or call out in a very loud voice.,ʃaʊt,20364,actions,Please do not shout at me because I can hear you.,"Iltimos, menga baqirma, chunki seni eshitib turibman.",yell scream,whisper
favour,noun,B1,yaxshilik iltifot,одолжение,An act of kindness that you do for someone to help them.,ˈfeɪ.və,20366,ielts,Could you do me a small favour and open the window?,Menga kichik bir yaxshilik qilib derazani ochib yuborolasizmi?,kindness assistance,
bud,noun,B2,g'uncha kurtak,бутон,A small part of a plant that develops into a flower or leaf.,bʌd,20368,nature,The cherry tree is covered in pink buds ready to open.,Olcha daraxti ochilishga tayyor pushti g'unchalar bilan qoplangan.,shoot sprout,
aboard,preposition,B1,ichida bortida,на борту,"On or inside a ship, plane, or other vehicle.",əˈbɔːd,20370,travel,Welcome aboard the flight from London to Tashkent this morning.,Bugun ertalab Londondan Toshkentga uchadigan reysimizga xush kelibsiz.,onboard,
sweat,noun,B1,ter,пот,The salty liquid that comes through your skin when you are hot.,swɛt,20372,body-health,He wiped the sweat from his forehead after the long run.,U uzoq yugurishdan keyin peshonasidagi terni artib tashladi.,perspiration,
bust,verb,B2,buzmoq sindirmoq,сломать,To break something by hitting it or using too much force.,bʌst,20374,actions,I busted my laptop screen while I was cleaning my desk yesterday.,Kecha stolimni tozalayotganda noutbukimning ekranini sindirib qo‘ydim.,break destroy,fix
surrender,verb,B2,taslim bo‘lmoq yon bermoq,сдаваться,To stop fighting or resisting and admit that you have been defeated.,səˈɹɛndə(ɹ),20376,ielts,The soldiers had no choice but to surrender to the enemy troops.,Askarlarning dushmanga taslim bo‘lishdan boshqa chorasi qolmagandi.,submit yield,resist
crush,verb,B1,ezmoq bosib maydalamoq,раздавливать,To press something so hard that it is damaged or loses its shape.,kɹʌʃ,20378,actions,You need to crush the garlic cloves before adding them to food.,Sarimsoqni taomga qo‘shishdan oldin uni ezib maydalashingiz kerak.,squeeze press,
comrade,noun,C1,safdosh o‘rtoq,товарищ,"A friend, especially someone you work or fight with in a group.",ˈkɒmɹeɪd,20382,people-family,The soldiers shared their food and supplies with every fellow comrade.,Askarlar oziq-ovqat va anjomlarini barcha safdoshlari bilan bo‘lishishdi.,ally companion,
insist,verb,B2,turib olmoq qat'iy talab qilmoq,настаивать,To demand that something happen or be done and refuse to change your mind.,ɪnˈsɪst,20384,ielts,He insisted that we stay for dinner despite our busy schedule today.,Ishlarimiz ko'pligiga qaramay u bizni kechki ovqatga qolishimizga turib oldi.,demand persist,
selfish,adjective,B1,xudbin manfaatparast,эгоистичный,Thinking only about yourself and not caring about the needs of other people.,ˈsɛlf.ɪʃ,20386,describing,It is selfish of him to take the last piece of cake.,Tortning oxirgi bo'lagini olishi uning xudbinligidan dalolat.,egoistic self-centered,altruistic
skull,noun,B2,kalla suyagi,череп,The bone structure that forms the head and protects the brain.,ˈskʌl,20388,body-health,He suffered a fracture to his skull after the bad fall.,Qattiq yiqilganidan keyin uning kalla suyagi yorildi.,,
betrayed,verb,B2,sotqinlik qilgan xiyonat qilgan,предавший,To break a promise or be disloyal to someone who trusted you.,bɪˈtɹeɪd,20390,feelings,She felt betrayed when her best friend told everyone her secret.,Eng yaqin do'sti sirini hammaga aytib qo'yganida u o'zini xiyonat qilingandek his qildi.,deceived cheated,
servant,noun,B2,xizmatkor,слуга,A person hired to perform household duties or help another person with their work.,ˈsɜːvənt,20392,work,The household employed a servant to keep the large property clean daily.,Katta xonadonni toza saqlash uchun ular xizmatkor yollashgan.,domestic,
practically,adverb,B2,deyarli amalda,практически,Almost completely or in a way that is true even if not officially stated.,ˈpɹæktɪk(ə)li,20394,ielts,The project is practically finished and ready for the final inspection now.,Loyiha deyarli tugagan va hozir yakuniy tekshiruvga tayyor.,nearly virtually,
wipe,verb,A2,artmoq surtmoq,вытирать,To clean or dry something by moving a cloth or your hand across it.,waɪp,20396,actions,Please wipe the kitchen table after you finish eating your lunch today.,Tushlik qilib bo'lganingdan keyin oshxona stolini artib qo'y.,clean rub,
beaten,adjective,B1,yengilgan mag'lub,побежденный,Having been defeated in a contest or having lost a fight or game.,ˈbiː.tən,20398,describing,The beaten team walked off the field with their heads held low.,Yengilgan jamoa boshlarini quyi solib maydonni tark etdi.,overcome worsted,
heck,interjection,B1,jin ursin ishqilib,черт возьми,A mild expression used to show annoyance or surprise instead of saying a swear word.,hɛk,20400,feelings,"Heck, I forgot to bring my keys when I left the house.","Jin ursin, uydan chiqayotib kalitlarimni olishni unutibman.",,
realise,verb,B2,anglamoq tushunib yetmoq,понимать,To suddenly understand or become aware of a fact or situation.,ˈrɪəlaɪz,20402,ielts,I did not realise how important this meeting was for the company.,Bu uchrashuv kompaniya uchun qanchalik muhimligini tushunib yetmagan ekanman.,understand recognize,
footsteps,noun,B1,qadam tovushi,шаги,The sound made by someone walking on the ground.,ˈfʊtstɛps,20404,actions,I heard heavy footsteps coming towards my room in the middle night.,Tunda xonam tomonga yaqinlashayotgan og‘ir qadam tovushlarini eshitdim.,footfalls,
goodnight,interjection,A1,hayrli tun,спокойной ночи,A polite phrase used when saying goodbye in the evening or before going to sleep.,ˌɡʊdˈnaɪt,20406,basics,"It is getting very late now, so I will say goodnight to you.","Vaqt juda kech bo‘lib qoldi, shuning uchun sizga xayrli tun tilayman.",,goodmorning
lad,noun,B2,yigit bola,парень,A friendly way to refer to a boy or a young man.,læd,20408,people-family,"Come here, lad, and help me move these heavy boxes to the truck.","Beri kel, yigit, yuk mashinasiga mana bu og‘ir qutilarni ko‘tarishga yordamlashib yubor.",boy fellow,
wore,verb,A2,kiygandi kiygan edi,носил,"Past simple tense of wear, meaning to have clothes on your body.",wɔː,20410,clothes,He wore a blue suit during his important meeting with the director.,U direktor bilan muhim uchrashuvda ko‘k rangli kostyum kiygandi.,,
begging,verb,B2,tilanchilik qilish yalinish,просить,To ask someone for something in a very desperate or sincere way.,ˈbɛɡɪŋ,20412,actions,She is begging him to stay for one more day of the holiday.,U yigitdan ta’tilning yana bir kuniga qolishini o‘tinib so‘ramoqda.,pleading imploring,
confession,noun,B2,tan olish iqror,признание,A statement where someone admits that they have done something wrong or illegal.,kənˈfɛʃən,20414,ielts,"Without the real murderer's confession, an innocent person could be jailed.",Haqiqiy qotil aybiga iqror bo'lmaguncha aybsiz odam qamalib qolishi mumkin edi.,admission,denial
frankly,adverb,B2,ochig'ini aytganda rostini aytsam,честно говоря,Used when saying what you really think about a situation in an honest way.,ˈfɹæŋkli,20416,ielts,"Most of what they said was, frankly, a pack of lies.","Ularning aytganlari, rostini aytsam, shunchaki yolg'on gaplar edi.",candidly honestly,
underneath,preposition,B1,tagida ostida,под,Directly below or covered by something else.,ˌʌndəˈniːθ,20418,places,I found the old key hidden underneath the rug in the hall.,Eski kalitni kor ostidan topib oldim.,below beneath,above
reckon,verb,B2,o'ylamoq hisoblamoq,считать,"To believe, think, or have an opinion about something.",ˈɹɛkən,20420,ielts,I reckon we should start the meeting without waiting for him.,"Menimcha, uni kutmasdan yig'ilishni boshlayverishimiz kerak.",think suppose,
incredibly,adverb,B2,nihoyatda juda,невероятно,To a very great degree or intensity.,ɪŋˈkɹɛdɪbli,20422,describing,It was an incredibly busy day at the office yesterday.,Kecha idorada nihoyatda gavjum kun bo'ldi.,extremely very,
chill,noun,B1,sovuqlik sarmo,холод,A feeling of coldness that causes your body to shake slightly.,tʃɪl,20424,body-health,Close the window because I can feel a chill in the room.,"Derazani yopib qo'y, xonada sovuq sezilyapti.",coldness shiver,warmth
spit,verb,B2,tupurmoq,плевать,To force liquid out from your mouth.,spɪt,20426,actions,It is considered very rude to spit on the street.,Ko'chada tupurish juda odobsizlik hisoblanadi.,expectorate,
doorbell,noun,A1,eshik qo'ng'irog'i,дверной звонок,A button outside a house that makes a sound when pressed.,ˈdɔː.bɛl,20428,home,"Someone is pressing the doorbell, could you go and check?","Kimdir eshik qo'ng'irog'ini chalyapti, borib qarangchi?",,
worries,noun,A2,tashvishlar xavotirlar,беспокойства,Things that make you feel anxious or unhappy about your life or future.,ˈwʌɹ.iz,20430,feelings,You need to leave all your daily worries behind while on vacation.,Ta'tilda bo'lganingizda kundalik barcha tashvishlarni unutishingiz kerak.,anxieties concerns,
nephew,noun,A1,jiyan (aka-uka yoki opa-singilning o'g'li),племянник,The son of your brother or your sister.,ˈnɛf.ju,20432,people-family,My nephew is coming to visit us for the summer holidays.,Jiyanim yozgi ta'tilda biznikiga mehmonga kelyapti.,,
traitor,noun,C1,xoin sotqin,предатель,A person who betrays someone or their country.,ˈtɹeɪtə(ɹ),20434,ielts,He was considered a traitor for sharing military secrets with the enemy.,U harbiy sirlarni dushmanga oshkor qilgani uchun xoin deb hisoblandi.,betrayer turncoat,patriot
outfit,noun,B1,kiyim kiyim-kechak,костюм,A set of clothes that you wear together.,ˈaʊtfɪt,20436,clothes,She wore a very elegant outfit to her sister's wedding party.,U opasining to'yida juda chiroyli kiyim kiyib chiqdi.,ensemble,
bail,noun,C1,garov,залог,Money paid to a court to allow a prisoner to be released until trial.,beɪl,20438,ielts,The judge granted bail to the suspect after hearing the evidence.,"Sudya dalillarni eshitgach, gumonlanuvchini garov evaziga ozod qildi.",,
patience,noun,B1,sabrlilik sabr,терпение,The ability to stay calm and not get annoyed while waiting for something.,ˈpeɪ̯.ʃəns,20440,feelings,Learning a new language requires a great deal of patience and effort.,Yangi tilni o'rganish juda katta sabr va mehnat talab qiladi.,forbearance restraint,impatience
foolish,adjective,B1,ahmoqona o'ylamasdan qilingan,глупый,Showing a lack of good judgment; unwise or silly.,ˈfuː.lɪʃ,20442,describing,It was foolish of him to leave his keys in the car.,Mashinada kalitni qoldirib ketishi ahmoqona ish bo'ldi.,silly unwise,wise
awkward,adjective,B1,noqulay noqulaylik,неловкий,Causing embarrassment or making you feel uncomfortable and self-conscious.,ˈɔːk.wəd,20444,feelings,An awkward silence had fallen when we started talking about money.,Pul haqida gapira boshlaganimizda noqulay sukunat cho'kdi.,clumsy embarrassing,dexterous
filthy,adjective,B2,juda iflos kir,грязный,Extremely or very dirty.,ˈfɪlθi,20446,describing,The floor was absolutely filthy after the children played in the mud.,Bolalar loyda o'ynaganidan keyin pol juda iflos bo'lib ketdi.,dirty muddy,clean
someplace,adverb,B1,biror joy qayerdir,где-то,At or to an unspecified location.,ˈsʌmˌpleɪs,20448,places,I must have left my keys someplace in the living room.,Kalitlarimni mehmonxonaning biror joyida qoldirgan bo'lsam kerak.,somewhere,
interrupt,verb,B2,gapini bo'lmoq xalaqit bermoq,прерывать,To stop someone while they are talking or doing something.,ˌɪntəˈɹʌpt,20450,actions,Please do not interrupt me while I am finishing my report.,Hisobotimni tugatib olayotganimda iltimos gapimni bo'lmang.,disturb stop,
beep,verb,B1,signal bermoq hushtak chalmoq,сигналить,"To make a short, loud sound, especially using a car horn.",biːp,20452,travel,The driver started to beep his horn because of the traffic.,Tirbandlik sababli haydovchi signal bera boshladi.,honk toot,
starving,adjective,B1,juda och,очень голодный,Feeling extremely hungry because you have not eaten for a long time.,ˈstɑɹvɪŋ,20454,feelings,"I haven't eaten all day, I am absolutely starving right now.","Kun bo'yi hech narsa yemadim, hozir juda ochman.",ravenous,
fetch,verb,B2,olib kelmoq,приносить,To go to a place and bring back something or someone.,fɛt͡ʃ,20456,actions,Could you please fetch me a glass of water from the kitchen?,"Iltimos, oshxonadan bir stakan suv olib kela olasizmi?",retrieve,
guilt,noun,B2,aybdorlik pushaymonlik,вина,An unhappy feeling caused by knowing that you have done something wrong.,ɡɪlt,20458,ielts,He felt a deep sense of guilt for hurting his friend's feelings.,U do'stining ko'nglini og'ritib qo'ygani uchun chuqur vijdon azobini his qildi.,remorse,innocence
conscience,noun,C1,vijdon,совесть,The part of your mind that tells you what is morally right or wrong.,ˈkɒn.ʃəns,20462,ielts,It is important to always act according to your own clear conscience.,Har doim o'z vijdoningiz oldida toza bo'lib ish tutish muhimdir.,,
blown,adjective,B2,hansiragan nafas qisgan,запыхавшийся,Feeling very tired and having difficulty breathing after physical exercise.,bləʊn,20464,body-health,"After running for a mile, he was completely blown and needed rest.",Bir mil yugurganidan keyin u butunlay hansirab qoldi va dam olishi kerak edi.,exhausted,
hail,verb,B2,chaqirmoq to'xtatmoq,окликать,To wave your hand to attract the attention of a taxi or person.,heɪl,20466,travel,"It was raining hard, so I tried to hail a passing taxi.","Qattiq yomg'ir yog'ayotgan edi, shuning uchun o'tib ketayotgan taksini to'xtatishga urindim.",signal summon,
unhappy,adjective,A1,baxtsiz xafa,несчастный,Not feeling happy; feeling sad or not satisfied with a situation.,ʌnˈhæpi,20468,feelings,The child was unhappy because he could not find his favorite toy.,Bola sevimli o'yinchog'ini topa olmagani uchun xafa edi.,sad,happy
ouch,interjection,A2,voy dod,ой,A word you say when you feel sudden pain.,ˈaʊt͡ʃ,20470,body-health,Ouch! You stepped on my toe! That hurt!,Voy! Oyogimni bosib olding! Og'rib ketdi!,,
apology,noun,B1,uzr so'rash kechirim,извинение,Words said to show that you are sorry for doing something wrong.,əˈpɒl.ə.d͡ʒi,20472,feelings,The CEO made a public apology for the scandal to the staff.,Bosh direktor janjal uchun xodimlardan omma oldida uzr so'radi.,,
favourite,adjective,A1,sevimli yoqtirgan,любимый,The person or thing that you like more than any other.,ˈfeɪv.ɹɪt,20474,basics,"This is my favourite song, I listen to it every day.","Bu mening sevimli qo'shig'im, uni har kuni eshitaman.",,least favorite
loyal,adjective,B2,sodiq vafo,преданный,"Always supporting a person, organization, or country.",ˈlɔɪəl,20476,ielts,"Dogs are very loyal animals, which is why they make wonderful pets.","Itlar juda sodiq jonivor, shuning uchun ular eng yaxshi uy hayvonidir.",faithful,
dropping,noun,B2,ahlat najas,помёт,Waste material produced by an animal or bird.,ˈdɹɒpɪŋ,20478,animals,We found some rabbit dropping near the vegetable patch in the garden.,Bog'dagi sabzavotlar yonida quyonning ahlatini topib oldik.,dung excrement,
rotten,adjective,B1,chirigan sasigan,гнилой,Decayed and no longer good to eat or use because of bacteria.,ˈɹɒtn̩,20480,food-drink,"If you leave fruit out for weeks, it will eventually go rotten.","Agar mevalarni bir necha hafta ochiq qoldirsangiz, ular oxiri chirib ketadi.",spoiled decayed,fresh
meantime,noun,B2,shu vaqtda ayni paytda,тем временем,The period of time between two events happening.,ˈmiːntaɪm,20482,time,"The doctor will see you shortly; in the meantime, please wait here.","Shifokor yaqin daqiqalarda sizni qabul qiladi, shu vaqtda shu yerda kutib turing.",meanwhile interval,
monk,noun,B2,rohib,монах,A man who lives a religious life away from society in a monastery.,mʌŋk,20486,people-family,The monk spent his entire day praying in the quiet mountain temple.,Rohib butun kunini tog'dagi sokin ibodatxonada duo qilib o'tkazdi.,friar hermit,
lousy,adjective,B2,yomon sifatsiz,паршивый,"Very bad, poor quality, or feeling physically unwell.",ˈlaʊ.zi,20488,feelings,I caught a bad cold and have been feeling lousy all week.,Meni shamollash tutdi va butun hafta o'zimni juda yomon his qilyapman.,awful terrible,great
mistaken,adjective,B1,adashgan noto'g'ri,ошибающийся,Having an incorrect belief or idea about something.,mɪˈsteɪkn̩,20492,describing,I think you are mistaken about the time of our meeting.,"O'ylashimcha, siz uchrashuvimiz vaqti borasida adashgansiz.",wrong incorrect,correct
uncomfortable,adjective,A2,noqulay,неудобный,Not feeling relaxed or feeling physical pain or worry.,ʌnˈkʌmf.tə.bl̩,20494,feelings,The hard wooden chair made me feel very uncomfortable during class.,Qattiq yog'och stul dars davomida o'zimni juda noqulay his qilishimga sabab bo'ldi.,uneasy awkward,comfortable
policeman,noun,A2,militsiya xodimi,полицейский,A man who is a member of the police force.,pəˈliːsmən,20496,people-family,The policeman helped the child find his parents in the park.,Militsiya xodimi bolaga bog'da ota-onasini topishga yordam berdi.,officer,
colour,noun,A1,rang,цвет,The property that objects have which you see with your eyes.,ˈkʌl.ə,20498,describing,What is your favourite colour to wear in the summer?,Yozda kiyish uchun eng sevimli rangingiz qaysi?,hue tint,
cried,verb,A1,yig'ladi,плакал,To produce tears because you are sad or hurt.,kɹaɪd,20500,feelings,The little boy cried when he dropped his ice cream cone.,Bolakay muzqaymog'ini tushirib yuborgach yig'lab yubordi.,wept sobbed,laughed
robbed,verb,B1,taladi o'g'irladi,ограбил,To steal money or property from a person or place by force.,ɹɑbd,20502,actions,The criminals robbed the bank during the busy morning hours.,Jinoyatchilar bandlik vaqtida bankni talab ketishdi.,stole looted,
auntie,noun,A1,xola amma,тётушка,A friendly or affectionate word for your aunt.,ˈæn.ti,20504,people-family,My dear auntie brought me a present from her trip.,Mehribon xolajonim safardan menga sovg'a olib keldi.,aunt,
flies,noun,A1,pashshalar,мухи,Small insects with two wings that often live near food.,flaɪz,20506,animals,Please cover the food so the flies cannot land on it.,"Ovqatni yopib qo'ying, pashshalar qo'nmasin.",,
wailing,verb,B2,dod-voy qilib ingrab,рыдающий,To make a long and very loud sound of sadness or pain.,ˈweɪlɪŋ,20510,feelings,The child was wailing loudly because he had lost his mother.,Bola onasini yo'qotib qo'ygani uchun dod solib yig'layotgan edi.,sobbing crying,
yell,verb,A2,baqirdi qichqirdi,кричать,"To shout loudly, often because you are angry or excited.",jɛl,20512,actions,It is rude to yell at your friends when you are angry.,Jahl chiqqanda do'stlaringizga baqirish odobsizlikdir.,shout scream,whisper
homicide,noun,C1,odam o'ldirish qotillik,убийство,The illegal act of killing another person.,ˈhɒm.ɪˌsaɪ̯d,20514,ielts,The detective is investigating a recent homicide in the city center.,Detektiv shahar markazida sodir bo'lgan qotillikni tekshirmoqda.,murder killing,
flew,verb,A1,uchdi,летел,"The past tense form of fly, moving through the air with wings.",fluː,20516,actions,The bird quickly flew away when it saw the hungry cat.,Qush och mushukni ko‘rishi bilan tezda uchib ketdi.,,
slap,verb,B1,shapatilamoq tarsaki tortmoq,шлепать,To hit someone or something quickly with the palm of your open hand.,slæp,20518,actions,She tried to slap the mosquito away from her tired face.,U charchagan yuzidagi chivinni shapatilab tushirmoqchi bo‘ldi.,strike hit,
screeching,verb,B2,qichqiriq jarangdor,визжащий,"Making a very loud and sharp high-pitched sound, often due to pain or fear.",ˈskɹiːt͡ʃɪŋ,20520,feelings,The tires were screeching as the car turned the corner very fast.,Mashina keskin burilishda g‘ildiraklari g‘iyqillab ketdi.,shrieking screaming,
moaning,verb,B2,ingrash,стонущий,"Making a long, low sound of pain, suffering, or deep sadness.",ˈməʊnɪŋ,20522,feelings,The injured man was moaning quietly while waiting for the doctor to arrive.,"Yarador odam shifokor kelishini kutib, past ovozda ingrayotgan edi.",groaning wailing,
farewell,noun,B2,xayrlashuv,прощание,A formal or polite expression of good wishes when someone is leaving.,fɛəˈwɛl,20524,ielts,The entire team gathered to bid a final farewell to their leader.,Butun jamoa o‘z rahbarlari bilan xayrlashish uchun to‘planishdi.,goodbye adieu,
slipped,verb,A2,sirpanib ketmoq,поскользнулся,"The past tense form of slip, meaning to slide accidentally on a smooth surface.",slɪpt,20526,actions,He slipped on the icy sidewalk and fell down during his morning walk.,U ertalabki sayr paytida muzlagan yo‘lakda sirpanib ketib yiqildi.,slid skidded,
clown,noun,A2,masxaraboz,клоун,"A performer who wears bright clothes and makeup to make people laugh, often at a circus.",ˈklaʊ̯n,20528,actions,The clown at the birthday party made all the children laugh loudly.,Tug'ilgan kun bazmidagi masxaraboz barcha bolalarni kuldirib yubordi.,jester fool,
technically,adverb,B2,aslida formal jihatdan,формально,"Based on strict rules or facts, even if it is not how things usually appear.",ˈtɛk.nɪˌkəl.i,20530,ielts,"Technically, the project is finished, but we still have a few details.","Aslida loyiha tugatilgan, lekin hali kichik kamchiliklarimiz bor.",strictly formally,
jeez,interjection,B1,voy daxshat,боже мой,"A word used to show surprise, frustration, or annoyance at something happening.",dʒiːz,20532,feelings,"Jeez, you really scared me when you jumped out from behind that door!","Voy, eshik ortidan chiqib kelib meni juda qo'rqitib yubording!",gosh wow,
stubborn,adjective,B2,o'jar qaysar,упрямый,"Determined not to change your opinion or attitude, even when you should.",ˈstʌbɚn,20534,describing,He is so stubborn that he never listens to anyone else's good advice.,"U shunchalik o'jar-ki, hech kimning yaxshi maslahatiga quloq solmaydi.",obstinate pigheaded,flexible
ripped,adjective,B1,yirtiq chirtilgan,рваный,Having a long cut or a hole in material like cloth or paper.,ɹɪpt,20536,describing,He wore a pair of old ripped jeans to the casual party.,U oddiy bazmga yirtiq jinsida bordi.,torn damaged,intact
whirring,adjective,B2,guldira-guldira aylanadigan,жужжащий,"Making a low, continuous, and soft sound while moving or spinning fast.",ˈwɜːrɪŋ,20538,describing,I could hear the whirring sound of the computer fan inside.,Men kompyuter ventilyatorining guldira-guldira aylanishini eshitib turardim.,buzzing humming,
grabbed,verb,A2,ushlab oldi tutib oldi,схватил,Took hold of something suddenly or with force.,ɡɹæbd,20540,actions,She grabbed her bag and ran out of the house quickly.,"U sumkasini tutib oldi-da, uydan shoshib chiqib ketdi.",seized snatched,dropped
chop,verb,B1,to'g'ramoq maydalamoq,рубить,To cut something into smaller pieces using a knife or an axe.,t͡ʃɒp,20542,food-drink,Please chop the onions into small pieces for the soup tonight.,"Iltimos, bugungi sho'rva uchun piyozni maydalab to'g'rab qo'y.",cut slice,
reverend,noun,C1,ruhoniy din xodimi,преподобный,A title used for a member of the Christian clergy or church minister.,ˈɹɛvɹənd,20544,people-family,The reverend gave a moving speech about kindness during the service.,Ruhoniy marosim paytida ezgulik haqida ta'sirli nutq so'zladi.,minister pastor,
escort,verb,B2,kuzatib qo'ymoq hamrohlik qilmoq,сопровождать,To go with someone to make sure they arrive safely or to leave a place.,ˈɛs.kɔɹt,20546,actions,Security guards had to escort the aggressive visitor out of the building.,Qo'riqchilar tajovuzkor tashrif buyuruvchini binodan tashqariga kuzatib qo'yishga majbur bo'lishdi.,accompany guide,
corpse,noun,B2,jasad murda,труп,The physical body of a person or animal that is dead.,kɔːps,20548,body-health,The police discovered a cold corpse lying on the forest floor today.,Politsiya bugun o'rmon tubida yotgan sovuq jasadni topib oldi.,body carcass,
softly,adverb,A2,sekin past ovozda,тихо,"In a way that is quiet or gentle, not loud or harsh.",ˈsɔftli,20550,describing,The mother sang softly to her baby to help him fall asleep.,Ona bolasi uxlab qolishi uchun unga past ovozda qo'shiq aytdi.,quietly gently,loudly
creepy,adjective,B1,badbashara vahimali,жуткий,Causing a feeling of fear or disgust because of something strange or unnatural.,ˈkɹiːpi,20552,feelings,There was a creepy man standing in the dark corner of the room.,Xonaning qorong'u burchagida vahimali bir odam turgan edi.,scary eerie,
sneak,verb,B1,bildirmay kirmoq o'g'rincha ish qilmoq,красться,To move quietly and secretly to avoid being seen or heard by others.,sniːk,20554,actions,I tried to sneak out of the house without waking my parents up.,Ota-onamni uyg'otmasdan uyga bildirmay kirishga harakat qildim.,skulk slink,
testify,verb,C1,guvohlik bermoq,свидетельствовать,To give a formal statement about what you know in a court of law.,ˈtɛstɪfaɪ,20556,ielts,The witness had to testify in court about what he saw yesterday.,Guvoh kecha nimalarni ko'rgani haqida sudda ko'rsatma berishi kerak edi.,attest declare,
loyalty,noun,B2,sadoqat vafodorlik,верность,"The quality of being faithful to a person, group, or set of beliefs.",ˈlɔɪəlti,20558,ielts,He showed great loyalty to his football club despite their many defeats.,U ko'p mag'lubiyatlarga qaramay o'z futbol klubiga katta sadoqat ko'rsatdi.,allegiance fidelity,treachery
cries,verb,A1,yig'lamoq,плакать,To produce tears from your eyes because you are sad or hurt.,kɹaɪ̯z,20560,feelings,The little child cries whenever his mother leaves the room for work.,Kichkina bola onasi ishga ketganda har doim yig'laydi.,weep sob,
dancer,noun,A2,raqqos raqqosa,танцор,"A person who dances, often as a job or for professional entertainment.",ˈdæns.ə(ɹ),20562,work,The professional dancer performed a beautiful routine on the large stage.,Professional raqqosa katta sahnada juda chiroyli raqs ijro etdi.,performer,
moron,noun,C1,ahmoq nodon,идиот,A very stupid person who behaves in a silly or foolish way.,ˈmɔːɹɒn,20564,describing,Only a complete moron would leave the keys inside the locked car.,Faqat ahmoq odamgina kalitni qulflangan mashina ichida qoldirib ketadi.,idiot fool,genius
toby,noun,B2,shlyapa kiygan odam shaklidagi ko'za,тоби,A type of drinking mug shaped like a person wearing a hat.,ˈtəʊbi,20566,home,Grandfather kept his collection of vintage toby mugs on the shelf.,Bobom o'zining qadimiy ko'za kolleksiyasini javonda saqlardi.,,
dragged,verb,A2,sudrab tortib,тащил,To pull something heavy across the ground with difficulty.,dɹæɡd,20568,actions,He dragged the heavy bag across the floor to the closet.,"U og'ir sumkani polda sudrab, shkafga olib bordi.",pulled hauled,pushed
rubbish,noun,A2,ahlat chiqindi,мусор,Things that are unwanted and thrown away by people.,ˈɹʌbɪʃ,20572,home,Please take the rubbish out to the bin before you go.,"Iltimos, chiqib ketishdan oldin axlatni idishga tashlab yubor.",trash garbage,
bum,noun,B1,dumg'aza orqa,задница,The part of the body that you sit on.,bʌm,20574,body-health,My bum hurts because I have been sitting for six hours.,Olti soat o'tirganim uchun dumg'azam og'riyapti.,bottom backside,
alley,noun,B1,tor ko'cha berk ko'cha,переулок,A narrow road or path between buildings.,ˈæl.i,20576,places,The cat ran quickly down the dark alley behind the restaurant.,Mushuk restoran ortidagi qorong'u tor ko'cha bo'ylab yugurib ketdi.,lane passageway,
supper,noun,B1,kechki ovqat,ужин,A meal eaten in the evening.,ˈsʌpə,20578,food-drink,We usually have supper together as a family every night.,Biz odatda har oqshom oilaviy kechki ovqat qilamiz.,dinner meal,
alibi,noun,C1,alibi aybsizlik dalili,алиби,Evidence proving that a person was elsewhere when a crime was committed.,ˈæl.ə.baɪ,20582,ielts,The suspect provided a strong alibi for the night of the crime.,Gumonlanuvchi jinoyat sodir etilgan kecha uchun kuchli alibi ko'rsatdi.,excuse,
coke,noun,B2,koks,кокс,"A hard grey fuel made by heating coal, used in iron production.",kəʊk,20584,ielts,Industrial steel production often requires the use of high-quality coke.,Sanoatda po'lat ishlab chiqarish ko'pincha sifatli koks ishlatishni talab qiladi.,,
liquor,noun,B2,sho'rva suvi bulyon,отвар,The liquid in which meat or vegetables have been boiled.,ˈlɪk.ə(ɹ),20586,food-drink,She added the meat liquor to the pot to enhance the flavor.,Ta'mini yaxshilash uchun u qozonga go'sht qaynatilgan suvni qo'shdi.,stock broth,
widow,noun,B1,beva,вдова,A woman whose husband has died and who has not remarried.,ˈwɪd.əʊ,20588,people-family,The widow lived alone in the cottage after her husband passed away.,"Eri vafot etgach, beva ayol uyda yolg'iz yashadi.",,
grief,noun,B2,qayg'u hasrat,горе,Deep sadness that you feel when someone you love dies or leaves.,ɡɹiːf,20590,feelings,He was overwhelmed with grief after hearing the sad news.,"Mash'um xabarni eshitgach, u qattiq qayg'uga botdi.",sorrow anguish,joy
headache,noun,A2,bosh og'rig'i,головная боль,A pain or uncomfortable feeling in your head.,ˈhɛdeɪk,20592,body-health,I have a splitting headache after that party last night.,Kechagi bazmdan keyin boshim yorilgudek og'riyapti.,,
humming,adjective,B1,g'o'ng'irlayotgan,гудящий,"Making a low, continuous sound with your mouth closed.",ˈhʌmɪŋ,20594,describing,The bees were humming softly in the garden this morning.,Bugun ertalab bog'da asalarilar mayin g'o'ng'illardi.,buzzing,
thieves,noun,A2,o'g'rilar,воры,People who steal things from other people.,θiːvz,20596,basics,The police caught the thieves trying to break into the bank.,Politsiya bankka kirmoqchi bo'lgan o'g'rilarni ushladi.,robbers,
objection,noun,B2,e'tiroz,возражение,A reason or expression of disagreement against something.,əbˈd͡ʒɛkʃən,20598,ielts,Does anyone have an objection to starting the meeting now?,Yig'ilishni hozir boshlashimizga kimningdir e'tirozi bormi?,complaint protest,agreement
whiskey,noun,B1,viski,виски,A strong alcoholic drink made from grain such as barley.,ˈwɪski,20600,food-drink,He poured a glass of whiskey and sat by the fire.,"U bir stakan viski quyib, olov yoniga o'tirdi.",,
stabbed,verb,B1,pichoqlangan sanchilgan,заколотый,To have pushed a pointed weapon like a knife into someone or something.,stæbd,20602,actions,The victim was stabbed during the fight and taken to the hospital.,"Janjal paytida jabrlanuvchi pichoqlanib, kasalxonaga yotqizildi.",pierced wounded,
locker,noun,A2,shkafcha seyf,шкафчик,A cupboard that can be locked to keep your personal items safe at school or gym.,ˈlɒk.ə(ɹ),20604,school,I left my heavy books inside my school locker after the final class.,"Darslar tugagach, og‘ir kitoblarimni maktabdagi shkafchamga qoldirdim.",cupboard compartment,
prick,verb,B2,sanchmoq nishlamoq,укалывать,To make a tiny hole in something using a sharp point.,pɹɪk,20606,body-health,The nurse asked me to relax so she could prick my finger for blood.,Hamshira qon tahlili uchun barmog‘imni sanchishidan oldin bo‘shashishimni so‘radi.,pierce puncture,
nicely,adverb,A2,yaxshi chiroyli,хорошо,"In a pleasant, kind, or very satisfactory way.",ˈnʌɪsli,20608,describing,The living room was decorated very nicely with bright flowers and new curtains.,Mehmonxona yorqin gullar va yangi pardalar bilan juda chiroyli bezatilgan edi.,well pleasantly,badly
admiral,noun,B2,admiral,адмирал,A high-ranking officer in charge of a country's navy.,ˈædməɹəl,20610,work,The admiral ordered the fleet to return to the base due to the storm.,Admiral bo‘ron tufayli flotga bazaga qaytishni buyurdi.,commander,
sang,verb,A1,qo'shiq aytdi kuyladi,пел,"The past tense of sing, meaning to make musical sounds with your voice.",ˈsæŋ,20612,actions,She sang a beautiful song during the school concert last night.,U kecha maktab konsertida juda chiroyli qo'shiq aytdi.,chanted,
gimme,verb,B1,ber menga,дай мне,An informal way of saying give me.,ˈɡɪmiː,20614,actions,Gimme the ball so I can start the game with everyone.,"To'pni ber, o'yinni boshlaylik.",,
burnt,adjective,A2,kuygan,обгоревший,Something that has been damaged or made black by too much heat or fire.,bɜːnt,20616,describing,The toast was too burnt to eat for my breakfast this morning.,Non juda qattiq kuyib ketgani uchun nonushtaga yeb bo'lmasdi.,charred,
hostage,noun,C1,garovdagi shaxs,заложник,A person held by someone to force others to do what they want.,ˈhɒs.tɪd͡ʒ,20618,ielts,The criminals held the bank employees as hostages for several long hours.,Jinoyatchilar bank xodimlarini bir necha soat davomida garovda ushlab turishdi.,captive,
insult,verb,B2,haqorat qilmoq kamsitmoq,оскорблять,To say or do something that is rude and offends another person.,ɪnˈsʌlt,20622,ielts,It is never acceptable to insult someone just because they disagree publicly.,Kimnidir shunchaki fikriga qo'shilmaganing uchun haqorat qilish mutlaqo noto'g'ri.,disrespect affront,compliment
heal,verb,B2,tuzalmoq bitmoq,"заживать, лечить",To become healthy again after an injury or illness.,ˈhiːl,20624,body-health,The cut on his hand will take a few days to heal.,Qo'lidagi kesilgan joyi bir necha kunda bitib ketadi.,recover cure,injure
honeymoon,noun,B2,asal oyi,медовый месяц,A holiday taken by a couple who have just got married.,ˈhʌn.iˌmuːn,20626,people-family,They went to the Maldives for their honeymoon last summer.,Ular o'tgan yili asal oyini o'tkazish uchun Maldiv orollariga borishdi.,,
crane,noun,B2,kran yuk ko'tarish mashinasi,кран,A tall machine used for moving heavy objects on construction sites.,kɹeɪn,20628,work,The crane lifted the heavy metal beams to the top floor.,Kran og'ir metall to'sinlarni yuqori qavatga ko'tarib qo'ydi.,,
growls,verb,B2,vovullamoq gulduramoq,рычать,"To make a low, angry sound in the throat, usually by an animal.",ɡɹaʊlz,20630,animals,The angry dog growls whenever anyone approaches the front gate.,"Darvozaga kimdir yaqinlashsa, jahldor it vovullaydi.",snarl,
happily,adverb,A2,xursandchilik bilan mamnuniyat bilan,"счастливо, радостно",In a cheerful and willing way.,ˈhæp.ɪ.li,20632,feelings,I will happily help you finish the project this evening.,Loyihani yakunlashga bu oqshom bajonidil yordam beraman.,cheerfully gladly,sadly
bout,noun,C1,davr xuruj,"приступ, период",A short period of time during which someone suffers from an illness.,ˈbaʊt,20634,ielts,He missed several days of work due to a bout of flu.,U gripp xuruji tufayli bir necha kun ishga chiqa olmadi.,attack,
tense,adjective,B2,tarang asabiy,напряженный,Feeling nervous and unable to relax because of worry or stress.,tɛns,20636,feelings,The atmosphere in the meeting room was very tense and quiet.,Majlis xonasidagi muhit juda tarang va sokin edi.,stressed nervous,relaxed
pile,noun,A2,uyum toʻda,куча,A large amount of things gathered together in one place.,paɪl,20638,home,She left a large pile of books on the kitchen table.,U oshxona stolining ustiga katta kitoblar toʻdasini tashlab ketdi.,heap mound,
soda,noun,B1,ishqor soda,сода,A white powder used in cooking to help dough rise or for cleaning.,ˈsəʊdə,20640,food-drink,I always use baking soda when I make my favorite cake.,Men sevimli tortimni pishirganimda har doim isteʼmol sodasidan foydalanaman.,baking-soda bicarbonate,
awfully,adverb,B2,juda nihoyatda,очень,"Used to emphasize a quality, meaning very or extremely.",ˈɔː.fʊ.li,20642,describing,The weather was awfully cold when we arrived in the city.,Shaharga yetib borganimizda havo nihoyatda sovuq edi.,extremely very,
stepped,verb,A2,qadam tashladi qadam bosdi,шагнул,To move by lifting your foot and putting it down in a new place.,stɛpt,20644,actions,He stepped outside to get some fresh air in the morning.,U ertalab toza havodan nafas olish uchun tashqariga chiqdi.,walked moved,
steak,noun,A2,steyk goʻsht boʻlagi,стейк,"A thick, high-quality slice of meat, usually beef, cooked by grilling or frying.",steɪk,20646,food-drink,Would you prefer to eat a chicken or a beef steak?,Tovuq goʻshti yoki mol goʻshti steykini yeyishni xohlaysizmi?,fillet chop,
throne,noun,B2,taxt,трон,The special chair used by a king or queen during important official events.,θɹəʊn,20648,ielts,The young prince will finally sit on the throne next week.,Yosh shahzoda kelasi hafta nihoyat taxtga o‘tiradi.,,
depressed,adjective,B1,tushkun xafa,в состоянии депрессии,Feeling very unhappy and without hope for a long period of time.,dɪˈpɹɛst,20650,feelings,She felt very depressed after losing her job last month.,"O‘tgan oy ishdan bo‘shatilgach, u o‘zini juda tushkun his qildi.",miserable sorrowful,cheerful
goddess,noun,B2,iloha,богиня,A female spirit or being that is believed to have magical powers.,ˈɡɒdɛs,20652,ielts,Ancient stories describe a goddess who controlled the sea and storms.,Qadimiy afsonalarda dengiz va bo‘ronlarni boshqaradigan iloha haqida hikoya qilinadi.,,
chin,noun,A2,iyak,подбородок,The bottom part of your face below your mouth.,ˈt͡ʃɪn,20654,body-health,He has a small cut on his chin from shaving today.,Bugun soqol olayotganda iyagiga biroz tig‘ tegib ketdi.,,
paperwork,noun,B1,hujjatbozlik qogʻozbozlik,канцелярская работа,Routine tasks that involve dealing with official documents and forms.,ˈpeɪ.pɚˌwɝk,20656,work,I hate spending all my time at the office doing boring paperwork.,Ofisda zerikarli qogʻozbozlik bilan shugʻullanib vaqt oʻtkazishni yoqtirmayman.,bureaucracy,
obsessed,adjective,B2,berilib ketgan mukkasidan ketgan,одержимый,Thinking about someone or something all the time in a very strong way.,əbˈsɛst,20658,feelings,He has been completely obsessed with computer games for the last month.,U oʻtgan oydan beri kompyuter oʻyinlariga butunlay mukkasidan ketgan.,fixated addicted,
squeeze,verb,A2,siqmoq ezmoq,сжимать,To press something firmly with your hands or fingers.,skwiːz,20660,actions,Please do not squeeze the toothpaste tube from the very middle.,Iltimos tish pastasi tubigini qoq oʻrtasidan siqmang.,crush press,
rumbling,noun,C1,guldurash gumburlash,грохот,"A continuous low, deep sound, like thunder or a distant engine.",ˈrʌm.blɪŋ,20662,nature,The low rumbling of distant thunder echoed through the dark valley.,Uzoqdagi momaqaldiroqning guldurashi qorongʻu vodiy boʻylab aks sado berdi.,roar thunder,
fond,adjective,B1,yaxshi koʻradigan mehrli,любящий,Feeling love or affection for someone or liking something very much.,fɒnd,20664,feelings,I am very fond of my grandmother because she tells great stories.,Buvimni juda yaxshi koʻraman chunki u juda qiziqarli hikoyalar aytib beradi.,attached keen,
halfway,adverb,A2,yoʻlning yarmida oʻrtasida,на полпути,At or to a point equally distant between the beginning and the end.,ˌhæfˈweɪ,20666,travel,I was already halfway home when I realized I forgot my keys.,Kalitlarimni unutganimni bilganimda uy yoʻlining yarmiga yetib qolgandim.,midway,
rifle,verb,C1,titkilamoq kovlamoq,шарить,To search through something quickly and messily to find or steal something.,ˈɹaɪfəl,20668,actions,He started to rifle through the drawers looking for his missing passport.,U yoʻqolgan pasportini izlab tortmalarni titkilay boshladi.,ransack search,
statue,noun,A2,haykal,статуя,"A figure of a person or animal made from stone, metal, or wood.",ˈstæt͡ʃ.uː,20670,places,They built a tall bronze statue to honor the country's national hero.,Ular mamlakat milliy qahramoni sharafiga baland bronza haykal oʻrnatdilar.,sculpture monument,
rub,verb,B1,ishqalamoq surtmoq,тереть,To move your hand or an object back and forth against a surface with pressure.,ɹʌb,20672,actions,I rubbed some cream onto my dry skin to make it soft.,Quruq terim yumshoq bo'lishi uchun ozgina krem surtdim.,massage scrub,
bucket,noun,A2,chelak,ведро,A round open container with a handle used for carrying liquids or solids.,ˈbʌkɪt,20674,home,He filled the bucket with water to clean the dirty floor.,U kir yerni tozalash uchun chelakka suv to'ldirdi.,pail,
indistinctly,adverb,B2,noaniq tushunarsiz,нечетко,In a way that is not clear or easy to see or hear.,ˌɪndɪˈstɪŋktli,20676,describing,The old man spoke indistinctly and I could not understand him.,Keksaygan odam juda noaniq gapirdi va men uni tushunmadim.,vaguely unclearly,clearly
waiter,noun,A1,ofitsiant,официант,A person whose job is to serve food and drinks to customers in restaurants.,ˈweɪ̯təː,20678,work,I asked the waiter for the menu so we could order dinner.,Kechki ovqatga buyurtma berish uchun ofitsiantdan menyuni so'radim.,server,
unfortunate,adjective,B1,omadsiz afsuslanarli,несчастный,Having bad luck or resulting in a sad or unpleasant situation.,ʌnˈfɔː.t͡ʃə.nɪt,20680,ielts,It was an unfortunate event that caused everyone to feel very sad.,Bu hamma xafa bo'lishiga sabab bo'lgan afsuslanarli hodisa edi.,unlucky regrettable,fortunate
giggles,noun,B1,qiqirlash kulgi,хихиканье,A state of laughing in a nervous or silly way that is hard to stop.,ˈɡɪɡəlz,20682,feelings,We had a bad case of the giggles during the quiet meeting.,Tinch majlis paytida birdan qiqirlab kulib yubordik.,laughter,
leak,noun,B2,sizib chiqish yoriq,течь,An opening that allows liquid or gas to escape where it should not.,liːk,20684,home,We called a plumber to fix the leak in the kitchen sink.,Oshxonadagi jo'mrakdan suv sizib chiqayotgani uchun santexnik chaqirdik.,hole opening,
sighing,verb,B2,xo'rsinish uv tortish,вздыхание,"To let out a long, deep breath because of tiredness, sadness, or relief.",ˈsaɪ̯.ɪŋ,20686,actions,She was sighing with relief after finishing all her difficult exams.,Barcha qiyin imtihonlarni topshirgach u yengil tortib xo'rsindi.,gasp,
torn,adjective,B2,ikkilanish sarosima,разрывающийся,Being unable to choose between two different actions or possibilities.,tɔːn,20688,ielts,I am torn between taking the new job or staying in school.,Men yangi ishga kirish yoki o'qishni davom ettirish o'rtasida ikkilanib turibman.,undecided uncertain,decided
betray,verb,B2,sotqinlik qilmoq aldamoq,предавать,To be dishonest to someone who trusts you or to reveal a secret.,bɪˈtɹeɪ,20690,actions,He felt that his best friend had betrayed his deepest trust.,U eng yaqin do'sti ishonchini suiiste'mol qilgan deb o'yladi.,deceive mislead,protect
prosecutor,noun,C1,prokuror ayblovchi,прокурор,A lawyer who works for the government to prove someone is guilty in court.,ˈpɹɑ.səˌkjuːˌtəɹ,20692,ielts,The prosecutor asked the witness many questions about the night of the crime.,Prokuror guvohga jinoyat sodir bo'lgan kecha haqida ko'p savollar berdi.,attorney solicitor,
sack,noun,B1,qop xalta,мешок,A large bag made of strong paper or cloth used for carrying goods.,sæk,20694,home,We bought a large sack of potatoes at the local market today.,Bugun mahalliy bozordan bir qop kartoshka sotib oldik.,bag pouch,
dope,verb,C1,dori bermoq narkotik berish,давать наркотики,To secretly give drugs to a person or animal to change their behavior.,[dəʊp],20696,body-health,The athlete was disqualified because someone tried to dope him before racing.,Sportchi musobaqa oldidan dori berilgani uchun diskvalifikatsiya qilindi.,drug sedate,
booze,noun,C1,spirtli ichimlik,выпивка,A word for any type of alcohol or drink containing alcohol.,buːz,20700,food-drink,We bought some booze to celebrate the successful end of the project.,Loyiha muvaffaqiyatli yakunlangani uchun biz bir oz spirtli ichimlik sotib oldik.,liquor alcohol,
vodka,noun,B1,aroq,водка,"A very strong, clear alcoholic drink made from grain or potatoes.",ˈvɒdkə,20702,food-drink,He ordered a glass of vodka with lemon at the bar.,U barda bir stakan limonli aroq buyurtma qildi.,,
terrified,adjective,B1,juda qo'rqqan vahimaga tushgan,в ужасе,Feeling extremely afraid of someone or something.,ˈtɛɹɪfaɪd,20704,feelings,The young girl was terrified of the thunder during the storm.,Qizaloq momaqaldiroq paytida qattiq qo'rqib ketdi.,scared frightened,brave
suitcase,noun,A2,chamadon,чемодан,A large rectangular bag used for carrying clothes and belongings when traveling.,ˈs(j)uːtkeɪs,20706,travel,I need to pack my suitcase before leaving for the airport.,Aeroportga jo'nashdan oldin chamadonimni yig'ishim kerak.,bag luggage,
chirping,verb,B2,chirillash sayrash,чириканье,"Making short, high-pitched sounds, especially the sound made by birds or insects.",ˈtʃɜːpɪŋ,20708,nature,I woke up early to the sound of birds chirping outside.,Tashqarida qushlarning sayrashidan erta uyg'onib ketdim.,singing,
prom,noun,B2,bitiruv kechasi,выпускной вечер,A formal dance party for high school or college students at the end of year.,pɹɑm,20710,school,Would you like to be my date for the senior prom?,Bitiruv kechasiga men bilan birga borishni xohlaysanmi?,,
lame,adjective,B2,ishonarsiz bachkana,неубедительный,"Not good, unconvincing, or unlikely to be true.",leɪm,20712,describing,He had a really lame excuse for missing the party.,Kechaning qoldirilishi uchun u juda ishonarsiz bahona aytdi.,weak,convincing
whip,verb,B2,savilash qamchilash,хлестать,To hit a person or animal with a long piece of leather or rope.,ˈwɪp,20714,actions,The rider had to whip the horse to make it run faster.,Chavandoz otni tezroq yugurishi uchun qamchilashga majbur bo'ldi.,,
temper,noun,B2,jahldorlik asab,вспыльчивость,The tendency to become angry very quickly.,ˈtɛmpə,20716,feelings,He has a bad temper when he is under a lot of stress.,U stress holatida bo'lganda juda jahldor bo'lib qoladi.,,
undercover,adjective,C1,yashirin maxfiy,тайный,Working secretly to discover information or catch criminals.,ˌʌndə(ɹ)ˈkʌvə(ɹ),20718,ielts,The undercover agent spent months working inside the criminal gang.,Yashirin agent jinoyatchilar to'dasi ichida oylar davomida ishladi.,secret,
smash,verb,B2,chilparchin qilmoq sindirmoq,разбивать,To break something violently into many pieces.,smæʃ,20720,actions,The falling rock managed to smash the window into pieces.,Tushayotgan tosh derazani chilparchin qilib sindirdi.,break destroy,
tragic,adjective,B2,fojiali mudhish,трагический,Causing great sadness or involving a very bad and painful event.,ˈtɹæd͡ʒɪk,20722,ielts,The young athlete's early death was a truly tragic accident.,Yosh sportchining erta vafot etishi juda fojiali voqea bo'ldi.,sad awful,
sober,adjective,B2,sog'lom hushyor,трезвый,Not affected by alcohol and therefore able to think clearly.,ˈsəʊ.bə(ɹ),20724,body-health,You must be completely sober if you are planning to drive home.,"Agar mashina haydab ketmoqchi bo'lsangiz, butunlay hushyor bo'lishingiz kerak.",temperate clearheaded,drunk
sis,noun,A1,singil opa,сестренка,An informal way to refer to your sister.,sɪs,20726,people-family,I am going to the cinema with my little sis today.,Bugun singlim bilan kinoga boryapman.,sister,
niece,noun,A2,jiyan,племянница,The daughter of your brother or your sister.,niːs,20728,people-family,My niece just celebrated her fifteenth birthday with a big party.,Jiyanim yaqinda o'zining o'n besh yoshini katta ziyofat bilan nishonladi.,,
delicate,adjective,B2,nozik,хрупкий,Easily broken or damaged and needing to be treated with great care.,ˈdɛlɪkət,20730,describing,The negotiations were very delicate and required a calm approach from everyone.,Muzokaralar juda nozik edi va barchadan xotirjam yondashuvni talab qildi.,fragile sensitive,strong
grandson,noun,A1,nabira,внук,The son of your son or daughter.,ˈɡɹæn(d)sʌn,20732,people-family,The old man was very proud of his youngest grandson.,Keksa odam eng kichik nabirasi bilan juda faxrlanardi.,,grandfather
weakness,noun,B1,zaiflik kamchilik,слабость,A negative quality or a lack of strength in a person or thing.,ˈwiːk.nəs,20734,ielts,His inability to speak in front of an audience was his biggest weakness.,Ommaviy chiqishlarda gapira olmaslik uning eng katta kamchiligi edi.,fault flaw,strength
towel,noun,A1,sochiq,полотенце,A piece of soft cloth used for drying yourself or an object.,ˈtaʊ̯əl,20736,home,He needed a soft towel for drying his face after the shower.,Dushdan keyin yuzini artish uchun unga yumshoq sochiq kerak bo'ldi.,,
nowadays,adverb,B1,hozirgi kunda bugungi kunda,в наши дни,"At the present time, in contrast with the past.",ˈnaʊ.ə.deɪz,20738,time,Cars nowadays are more efficient than those built twenty years ago.,Hozirgi kunda mashinalar yigirma yil avvalgiga qaraganda tejamkorroq.,currently today,
cellphone,noun,A1,mobil telefon uyali telefon,мобильный телефон,A small telephone that you can carry with you everywhere.,ˈsɛlfəʊn,20740,basics,I left my cellphone on the table in the kitchen earlier.,Men mobil telefonimni oshxonadagi stol ustiga qoldirib ketibman.,mobile smartphone,
gunfire,noun,B2,o'q ovozi o'q otish,стрельба,The sound or act of shooting one or more guns.,ˈɡʌnfʌɪə,20742,ielts,We heard heavy gunfire coming from the forest late last night.,Kechasi o'rmon tomondan qattiq o'q ovozlari eshitildi.,shooting,
backwards,adverb,A2,ortga teskari,назад,Towards the direction that is behind you.,ˈbækwɜːdz,20744,describing,He took a few steps backwards to avoid hitting the wall.,Devorga urilib ketmaslik uchun u bir necha qadam ortga chekindi.,backward,forwards
baron,noun,C1,baron nufuzli shaxs,барон,A person who has a lot of power or influence in a particular industry.,ˈbæɹən,20746,ielts,The media baron decided which stories would appear in the newspaper.,Ommaviy axborot vositalari magnati qaysi maqolalar gazetada chiqishini hal qildi.,magnate tycoon,
kidnapping,noun,B2,odam o'g'irlash,похищение,The illegal act of taking a person away by force.,ˈkɪdnæpɪŋ,20748,ielts,The police are investigating the kidnapping of a famous local businessman.,Politsiya mahalliy taniqli ishbilarmonning o'g'irlab ketilishini tekshirmoqda.,abduction,
marshal,verb,C2,tartibga solish to'plash,выстраивать,To gather and organize facts or people in a clear and effective way.,ˈmɑːʃəl,20750,ielts,She had to marshal all her arguments before the important debate.,Muhim bahs-munozaradan oldin u barcha dalillarini tartibga solib olishi kerak edi.,organize arrange,
petty,adjective,B2,arzimas mayda-chuyda,мелкий,Not important and often concerned with small details that do not matter.,ˈpɛt.i,20752,feelings,They spent hours arguing over petty issues instead of the main project.,Ular asosiy loyiha o'rniga arzimas muammolar ustida soatlab bahslashishdi.,trivial minor,significant
audition,noun,B2,ko'rik sinov,прослушивание,A short performance by an actor or musician to show they are good for a job.,ɑˈdɪʃən,20754,work,I have a big audition for a new movie role tomorrow morning.,Ertaga yangi filmdagi rol uchun katta ko'rik sinovim bor.,,
forgiveness,noun,B2,kechirim,прощение,The act of deciding to stop feeling angry at someone who did something wrong.,fəˈɡɪvnəs,20756,feelings,He asked for her forgiveness after he broke her favorite glass vase.,U sevimli vazasini sindirib qo'yganidan so'ng undan kechirim so'radi.,mercy,
dammit,interjection,B2,la'nat,чёрт возьми,A rude way to express that you are very angry or upset about something.,ˈdæmɪt,20758,feelings,"Dammit, I forgot to bring the keys to the house again today.","La'nat, bugun ham uyning kalitlarini olishni unutib qo'yibman.",,
superman,noun,C1,sverxodam,сверхчеловек,An imaginary person with special physical powers who is much better than a normal human.,ˈs(j)uːpəmæn,20760,ielts,He thinks he is a superman who can handle all these problems alone.,U barcha muammolarni yolg'iz o'zi hal qila oladigan sverxodamman deb o'ylaydi.,,
unfair,adjective,B1,adolatsiz nohaq,несправедливый,Not treating people in an equal or honest way.,ʌnˈfɛə(ɹ),20762,describing,It is unfair that he got the prize instead of you.,Mukofotni sen emas u olgani adolatsizlik.,unjust biased,fair
ancestors,noun,B2,ajdodlar ota-bobolar,предки,The people in your family who lived a long time before you were born.,ˈæn.sɛs.təz,20764,people-family,My ancestors came from a small village in the mountains.,Mening ajdodlarim tog‘dagi kichik bir qishloqdan kelishgan.,forefathers,descendants
swallow,verb,A2,yutmoq,глотать,To push food or drink down your throat into your stomach.,ˈswɒl.əʊ,20766,actions,It is difficult to swallow when your throat is very sore.,Tomog‘ingiz qizarib og‘riganda yutinish qiyin bo‘ladi.,consume gulp,
fried,adjective,A2,qovurilgan,жареный,Cooked in hot oil or fat.,fɹaɪd,20768,food-drink,"For breakfast, I usually eat fried eggs with a piece of toast.",Nonushtaga odatda qovurilgan tuxum va bir bo‘lak non yeyman.,,
absurd,adjective,C1,absurd noo‘rin,абсурдный,Completely stupid or unreasonable; making no sense at all.,əbˈsɜːd,20770,ielts,It seems absurd to spend so much money on such a small thing.,Shunchalik kichik narsaga buncha ko‘p pul sarflash juda bema‘ni ko‘rinadi.,ridiculous nonsensical,sensible
bonnie,adjective,B2,chiroyli yoqimli,красивый,Attractive and healthy looking.,ˈbɒn.i,20772,describing,She was such a bonnie child with bright eyes and rosy cheeks.,U porloq ko‘zlari va qip-qizil yonoqlari bilan juda yoqimli qizaloq edi.,beautiful pretty,
ashes,noun,B1,kul,пепел,The soft grey powder that remains after something has been completely burned by fire.,ˈæʃ.ɪz,20774,nature,We sat by the fire and watched the logs turn into ashes.,"Olov yonida o‘tirib, o‘tinlarning kulga aylanishini kuzatib o‘tirdik.",embers dust,
misunderstanding,noun,B2,tushunmovchilik anglashilmovchilik,недоразумение,A situation where someone does not understand the correct meaning of something or someone else.,ˌmɪsʌndəˈstændɪŋ,20776,ielts,There was a slight misunderstanding about the time of our meeting today.,Bugungi uchrashuvimiz vaqti borasida ozgina tushunmovchilik bo‘ldi.,confusion disagreement,understanding
immunity,noun,C1,immunitet himoya,иммунитет,The body's ability to resist a particular infection or illness through natural or medical means.,ɪˈmjuːnəti,20778,body-health,Eating healthy food helps your body develop strong immunity against common colds.,Sog‘lom ovqatlanish tanangizda shamollashga qarshi kuchli immunitet hosil qilishga yordam beradi.,resistance protection,susceptibility
happier,adjective,A1,baxtliroq,счастливее,Feeling more joy or pleasure than before.,ˈhæpi.ə,20780,feelings,I feel much happier since I started my new morning exercise routine.,Ertalabki mashqlarni boshlaganimdan beri o'zimni ancha baxtliroq his qilyapman.,joyful cheerful,sadder
khan,noun,B2,xon,хан,A traditional title for a ruler or noble in some Central Asian countries.,kɑːn,20782,ielts,The local khan built a large trading post for travelers on horses.,Mahalliy xon otliq yo'lovchilar uchun katta savdo bekati qurdirgan.,ruler lord,
sore,adjective,B1,og'riqli achishgan,больной,Painful and uncomfortable because of injury or infection.,sɔː,20784,body-health,My legs are very sore after running a long marathon yesterday morning.,Kecha ertalab marafon yugurganimdan keyin oyoqlarim juda og'riyapti.,aching painful,painless
unconscious,adjective,B2,hushsiz,бессознательный,In a state where you are not awake and cannot see or hear.,ˌʌnˈkɒnʃəs,20786,body-health,The doctor found the patient lying unconscious on the cold hospital floor.,Shifokor bemorni shifoxona sovuq polida hushsiz yotgan holda topdi.,insentient insensible,conscious
recognise,verb,B1,tanimoq bilmoq,узнавать,To know someone or something because you have seen or heard them before.,ˈɹɛkənaɪz,20788,actions,I did not recognise him because he had grown a beard.,Soqol qo'yib olgani uchun uni darrov tanimadim.,identify know,forget
wade,verb,C1,kechib o'tmoq suzib o'tmoq,брести,To walk through deep water or thick mud with difficulty.,weɪd,20790,nature,We had to wade across the shallow stream to reach the village.,Qishloqqa yetib olish uchun biz sayoz ariqni kechib o'tishimiz kerak edi.,trudge walk,
bloke,noun,B2,erkak yigit,парень,"A word used to refer to a man, especially an ordinary man.",bləʊk,20792,people-family,He seems like a nice bloke who enjoys talking to everyone.,U hamma bilan gaplashishni yoqtiradigan yaxshi yigitga o'xshaydi.,man guy,
explode,verb,B2,portlamoq yorilib ketmoq,взрываться,To burst apart suddenly and violently with a loud noise.,ɪkˈspləʊd,20794,actions,The old engine began to shake and then it suddenly exploded.,Eski dvigatel qaltiray boshladi va birdaniga portlab ketdi.,detonate burst,
nanny,noun,B1,enaga enaga ayol,няня,A person whose job is to look after children in their own home.,ˈnæni,20796,people-family,The children love their new nanny because she plays games with them.,Bolalar yangi enagasini yaxshi ko'rishadi chunki u ular bilan o'yin o'ynaydi.,,
gut,noun,B2,qorin qorin bo'shlig'i,живот,The stomach or the area of the body around the stomach.,ɡʌt,20798,body-health,He has been eating too much lately and developed a big gut.,U oxirgi paytlari juda ko'p ovqat yedi va qorni chiqib ketdi.,stomach abdomen,
splendid,adjective,B2,muhtasham ajoyib,великолепный,"Very impressive, beautiful, or of excellent quality.",ˈsplɛndɪd,20800,describing,We had a splendid view of the mountains from our hotel room.,Mehmonxona xonamizdan tog'larning ajoyib manzarasi ko'rinib turardi.,magnificent excellent,
dismissed,verb,B2,ishdan bo'shatilgan rad etilgan,уволенный,To remove someone from their job or to decide something is unimportant.,dɪsˈmɪst,20802,work,The manager dismissed the employee for being late every single day.,Menejer xodimni har kuni kechikkani uchun ishdan bo'shatib yubordi.,fired rejected,employed
drawer,noun,A2,tortma,выдвижной ящик,A box-shaped container that slides into a piece of furniture for holding things.,dɹɔː(ɹ),20804,home,I keep my socks and t-shirts in the bottom drawer of desk.,Paypoq va futbolkalarimni stolning pastki tortmasida saqlayman.,,
nap,noun,B1,murgak uyqu,дремота,"A short period of sleep, often taken during the day.",næp,20806,time,I always feel much better after a quick afternoon nap.,Tushdan keyin qisqa muddat uxlab olsam o‘zimni ancha tetik his qilaman.,snooze rest,
muffled,adjective,B2,past eshitiladigan bo‘g‘iq,приглушенный,A sound that is quiet or not clear because it is covered up.,ˈmʌfl̩d,20808,describing,I could hear the muffled sound of music coming from next door.,Qo‘shni xonadan musiqa ovozi bo‘g‘iq eshitilardi.,,
groom,noun,B1,kuyov,жених,A man who is getting married at his wedding.,ˈɡɹuːm,20810,people-family,The groom looked very nervous while waiting for his bride to arrive.,Kuyov kelinni kutayotgan paytda juda hayajonda edi.,bridegroom,
buddies,noun,A2,o‘rtoqlar do‘stlar,друзья,A group of close friends who spend time together.,ˈbʌdiz,20812,people-family,My old buddies and I go to the cinema every Friday night.,Eski do‘stlarim bilan har juma oqshom kinoga boramiz.,friends,
drown,verb,B2,cho'kib ketmoq suvga g'arq bo'lmoq,тонуть,To die by being underwater for too long and unable to breathe.,dɹaʊn,20814,actions,"When I was a baby, I nearly drowned in the bathtub.",Men yoshligimda vannada deyarli cho'kib ketayozganman.,,
excellency,noun,C1,yuksaklik fazilat,превосходство,The state or quality of being extremely good or high in standard.,ˈɛk.sə.lən.si,20816,ielts,She was chosen for the award because of the excellency of her work.,U o'z ishining yuksak sifati tufayli mukofotga loyiq ko'rildi.,excellence,
burger,noun,A1,burger,бургер,A round flat piece of cooked meat served inside a soft bread roll.,ˈbɜː.ɡə(ɹ),20818,food-drink,She was planning to have a burger for dinner this evening.,U kechki ovqat uchun burger yemoqchi edi.,,
dough,noun,B1,xamir,тесто,A thick mixture of flour and water that is baked to make food.,dəʊ,20820,food-drink,Pizza dough is very stretchy when you prepare it for baking.,Pitsa xamiri pishirishga tayyorlaganda juda cho'ziluvchan bo'ladi.,,
wreck,verb,B2,buzib tashlamoq vayron qilmoq,разрушать,To destroy something violently so that it cannot be used anymore.,ˈɹɛk,20822,actions,The storm caused the wind to wreck several houses in the village.,Bo'ron qishloqdagi bir nechta uyni vayron qildi.,destroy ruin,build
sire,noun,C2,nasl beruvchi naslchi,производитель,"The male parent of an animal, especially a horse or cattle.",saɪə(ɹ),20824,animals,The stallion was a champion sire for many years on the farm.,Bu aygʻir fermada koʻp yillar davomida chempion naslchi boʻlib keldi.,father parent,
roaring,adjective,B2,juda muvaffaqiyatli gulkullagan,очень успешный,"Very successful, busy, or active.",ˈɹɔːɹɪŋ,20826,ielts,The new cafe is a roaring success in the busy city center.,Yangi kafe gavjum shahar markazida juda muvaffaqiyatli ishlamoqda.,thriving prosperous,
stab,verb,B1,pichoq urmoq sanchmoq,"ударить, уколоть",To push a sharp or pointed object into someone or something.,stæb,20828,actions,He had to stab the steak with his knife to cut it.,U bifshternsni kesish uchun pichoq bilan sanchishi kerak edi.,jab pierce,
whimpering,noun,B2,ingrash vizillash,"скулеж, хныканье","A soft, high-pitched sound made when a person or animal is crying or afraid.",ˈwɪmpərɪŋ,20830,feelings,I could hear the soft whimpering of the puppy under the bed.,Krovat tagidan kuchukchaning past ovozda ingrashini eshitdim.,whining sobbing,
scandal,noun,B2,janjal sharmandalik,скандал,An event that causes public outrage because it offends moral or ethical standards.,ˈskændəl,20832,ielts,The political scandal made headlines in all the newspapers yesterday.,Siyosiy janjal kecha barcha gazetalarning sarlavhasiga aylandi.,disgrace shame,
stink,verb,B1,badboʻy hid taratmoq sassiq boʻlmoq,вонять,To have a very strong and unpleasant smell.,stɪŋk,20834,describing,The old trash in the kitchen began to stink after a day.,Oshxonadagi eski axlat bir kundan keyin badboʻy hid tarata boshladi.,smell reek,
homer,noun,B2,"xomer, goumr",хоумран,A home run in the sport of baseball.,ˈhəʊmə,20836,ielts,The crowd cheered wildly when the player hit his second homer.,Oʻyinchi ikkinchi marta xomer urganida tomoshabinlar juda xursand boʻlishdi.,home run,
tara,interjection,B1,xayr koʻrishguncha,пока,An informal way to say goodbye to someone.,tæˈɹɑː,20838,basics,"Tara for now, I will see you on Monday morning!","Xayr hozircha, dushanba kuni ertalab koʻrishamiz!",bye goodbye,
shooter,noun,B2,o'q uzuvchi mergan,стрелок,"A person who fires a gun or other weapon, especially in a crime or sport.",ˈʃuːtəː,20840,actions,The police were looking for the shooter who escaped from the scene.,Politsiya voqea joyidan qochib ketgan o'q uzuvchini qidirmoqda edi.,gunner marksman,
rehearsal,noun,B2,mashq repetitsiya,репетиция,A practice or trial of a performance before it is presented to an audience.,ɹɪˈhɝsl̩,20842,work,We have a final rehearsal before the concert starts this evening.,Konsert boshlanishidan oldin bizda yakuniy mashq bor.,practice trial,
bait,noun,B2,o'lja yem,приманка,Food or a fake item used to attract fish or animals into a trap.,beɪt,20844,nature,The fisherman carefully put the bait on the hook before casting out.,Baliqchi qarmoqni suvga tashlashdan oldin ehtiyotkorlik bilan yemni ilib qo'ydi.,lure decoy,
dignity,noun,C1,qadr-qimmat viqor,достоинство,"The quality of being worthy of respect and acting in a calm, serious way.",ˈdɪɡnɪti,20846,ielts,She faced her difficult problems with great dignity and strength of character.,U o'zining qiyin muammolarini yuksak qadr-qimmat va matonat bilan qarshi oldi.,self-respect pride,humiliation
heroin,noun,C1,geroin,героин,A very addictive and illegal drug that is made from opium.,ˈhɛɹoʊ.ɪn,20848,body-health,Addiction to heroin ruins lives and affects the safety of our communities.,Geroinga qaramlik inson hayotini barbod qiladi va jamiyatimiz xavfsizligiga ta'sir ko'rsatadi.,smack,
humble,adjective,B2,kamtar sodda,скромный,Not proud; showing that you do not think you are better than other people.,ˈhʌmbəl,20850,describing,"Despite his great success, he remains a humble and kind person.",Katta yutuqlarga erishganiga qaramay u hamon kamtar va mehribon inson.,modest unpretentious,arrogant
impress,verb,B1,hayratlantirmoq taassurot qoldirmoq,впечатлять,To cause someone to admire or respect you because of your skills or qualities.,ɪmˈpɹɛs,20852,actions,Your ability to speak three languages really impressed the interview team.,Uchta tilda gapira olish qobiliyatingiz suhbat hay'atini haqiqatan ham hayratlantirdi.,,
threaten,verb,B2,tahdid qilmoq qo'rqitmoq,угрожать,To say that you will hurt or punish someone if they do not do something.,ˈθɹɛt.n̩,20854,actions,The criminals tried to threaten the shopkeeper to get his money.,Jinoyatchilar do'kondorning pulini olish uchun uni qo'rqitishga harakat qilishdi.,menace,
bump,verb,B1,to'qnashmoq urilib ketmoq,сталкиваться,To hit something by accident while you are moving.,bʌmp,20856,actions,I was walking in the dark and bumped into the closed door.,"Qorong'uda yurib, yopiq eshikka urilib ketdim.",collide knock,
mankind,noun,C1,insoniyat,человечество,All human beings considered as a single group.,mænˈkaɪnd,20858,ielts,The discovery of fire changed the entire course of history for mankind.,Olovning kashf etilishi insoniyat tarixini butunlay o'zgartirib yubordi.,humanity,
stare,verb,B1,tikilib qaramoq termulmoq,пристально смотреть,To look at someone or something for a long time without looking away.,stɛɚ,20860,actions,It is rude to stare at people when you are in public.,Jamoat joylarida odamlarga tikilib qarash odobsizlik hisoblanadi.,gaze glare,glance
hut,noun,B1,kulba,хижина,"A small, simple house made of wood, mud, or other natural materials.",hʌt,20862,home,The fishermen lived in a small wooden hut near the sea.,Baliqchilar dengiz bo'yidagi kichik yog'och kulbada yashashardi.,shack shed,
coma,noun,C1,koma,кома,A deep state of unconsciousness from which a person cannot be woken up.,ˈkəʊmə,20864,body-health,The patient has been in a coma since the serious car accident.,Bemor jiddiy avtohalokatdan beri komada yotibdi.,unconsciousness,
coffin,noun,B2,tobut,гроб,A wooden or metal box used to bury a dead person's body.,ˈkɒfɪn,20866,ielts,The family followed the coffin as it was carried to the grave.,Oila a'zolari tobutni qabrga olib ketilayotganda ortidan ergashdilar.,casket,
cocaine,noun,B2,kokain,кокаин,A powerful and illegal drug that makes people feel energetic and very excited.,kə(ʊ)ˈkeɪn,20868,ielts,The police seized a large amount of cocaine during the raid yesterday.,Kecha reyd davomida politsiya katta miqdordagi kokainni musodara qildi.,,
louder,adjective,A2,balandroq,громче,Having more sound or volume than before.,ˈlaʊdə,20870,describing,Please speak a little louder so everyone can hear you clearly.,"Iltimos, hamma eshitishi uchun biroz balandroq gapiring.",,quieter
oath,noun,C1,qasam,клятва,A very serious and formal promise to tell the truth or be loyal.,ˈəʊθ,20872,ielts,The new president took an oath to serve the people faithfully.,Yangi prezident xalqqa sadoqat bilan xizmat qilishga qasam ichdi.,pledge vow,
mob,noun,C1,olomon,толпа,A large and noisy crowd of people who may be behaving in a violent way.,mɒb,20874,ielts,An angry mob gathered in the street to protest the new law.,Ko‘chada yangi qonunga qarshi namoyish o‘tkazish uchun g‘azablangan olomon yig‘ildi.,crowd,
autopsy,noun,C2,o‘likni yorib ko‘rish,вскрытие,A medical examination of a dead body to discover the cause of death.,ˈɔː.tɒp.si,20876,body-health,The autopsy revealed that the victim had died of natural causes.,Tibbiy ekspertiza marhumning tabiiy sabablarga ko‘ra vafot etganini aniqladi.,postmortem,
skinny,adjective,B1,oriq,худой,"Very thin, often in a way that is not healthy or attractive.",ˈskɪni,20878,body-health,He has been very skinny since he started working long hours.,U ko‘p ishlay boshlaganidan beri juda ozib ketdi.,thin,fat
relieved,adjective,B1,yengil tortgan,облегченный,Feeling happy because something unpleasant has stopped or did not happen.,ɹɪˈliːvd,20880,feelings,She felt relieved when the doctor said her test results were fine.,"Shifokor tahlil natijalari yaxshi ekanini aytganida, uning ko‘ngli ko‘tarildi.",,worried
adorable,adjective,B1,yaxshi ko‘rarli yoqimtoy,прелестный,Very cute and easy to like or love.,əˈdɔːɹəbəl,20882,feelings,That is an adorable little puppy you have in your arms.,Qo‘lingizdagi kuchukcha juda yoqimtoy ekan.,cute lovely,
apologies,noun,A2,uzrlar,извинения,Words used to say that you are sorry for something you did wrong.,əˈpɒləd͡ʒiːz,20884,actions,Please accept my apologies for being late to our meeting today.,Bugungi uchrashuvga kechikkanim uchun uzrimni qabul qiling.,,
counselor,noun,B2,maslahatchi maslahatchi,консультант,A professional person who provides guidance and support for personal or emotional problems.,ˈkaʊnsələ(ɹ),20886,work,The school counselor helped the student choose the right university subjects.,Maktab maslahatchisi o'quvchiga to'g'ri fanlarni tanlashda yordam berdi.,advisor mentor,
spotted,adjective,B1,dog'li xol-xolli,пятнистый,Covered with small round marks of a different color than the background surface.,[ˈspɒtɪ̈d],20888,describing,The spotted leopard was hiding behind the trees in the jungle.,Dog'li qoplon o'rmondagi daraxtlar ortida yashiringan edi.,dappled speckled,plain
shave,verb,A2,soqol olmoq qirqmoq,брить,To remove hair from the face or body using a razor.,ʃeɪv,20890,body-health,Most men shave their faces every morning before going to work.,Ko'pchilik erkaklar ishga borishdan oldin har kuni ertalab soqol oladi.,trim cut,
toss,verb,B1,irgitmoq uloqtirmoq,бросать,To throw something lightly or casually in a particular direction.,tɒs,20892,actions,Toss it over here so I can see what you have.,Menga nima olib kelganingni ko'rishim uchun uni bu yoqqa irgitib yubor.,chuck fling,catch
scum,noun,C1,ko'pik kir,пена,A layer of dirty or unpleasant material that forms on the surface of a liquid.,skʌm,20894,nature,"During smelting, scum rises to the surface and is then removed by the smelter.",Eritish jarayonida ko'pik yuzaga chiqadi va u keyin ishchi tomonidan tozalanadi.,dross impurity,
giggling,noun,A2,qiqirlash,хихиканье,"The act of laughing in a silly, high-pitched, or nervous way.",ˈɡɪɡlɪŋ,20896,feelings,The children were giggling during the lesson when the teacher walked in.,O'qituvchi kirib kelganda bolalar dars paytida qiqirlab o'tirishardi.,chuckle titter,
geez,interjection,B2,voy daxshat,боже,"A word used to show surprise, frustration, or annoyance.",d͡ʒiːz,20898,feelings,"Geez, that was one heck of a long week at work.","Voy, ishda haftam juda og'ir o'tdi.",sheesh gosh,
misery,noun,B2,baxtsizlik iztirob,несчастье,"A state of feeling very unhappy, distressed, or full of pain.",ˈmɪz(ə)ɹɪ,20900,feelings,Ever since his wife left him you can see the misery on his face.,Xotini tashlab ketganidan beri uning yuzida iztirobni ko'rish mumkin.,dejection sorrow,happiness
faithful,adjective,B2,sadoqatli vafodor,верный преданный,Staying loyal to a person or idea and supporting them over a long time.,ˈfeɪθ.fl̩,20902,describing,My dog is very faithful; he stays by my side every day.,Itim juda vafodor; u har kuni yonginamdan ketmaydi.,loyal devoted,disloyal
hector,verb,C2,dag'dag'a qilmoq qo'rqitmoq,запугивать терроризировать,To speak to someone in a threatening or bossy way to make them do something.,ˈhɛktə,20904,ielts,The manager should not hector his employees during the morning team meeting.,Menejer ertalabki yig'ilishda xodimlariga dag'dag'a qilmasligi kerak.,bully intimidate,
emotion,noun,B1,hissiyot tuyg'u,эмоция чувство,"A strong feeling such as happiness, love, fear, or anger.",ɪˈməʊ.ʃən,20906,feelings,She found it hard to control her emotion during the sad movie.,G'amgin kinoni ko'rayotganda u o'z hislarini jilovlashga qiynaldi.,feeling sentiment,
chap,noun,B2,yigit odam,парень,An informal way to refer to a man.,t͡ʃæp,20908,people-family,Who is that friendly chap standing near the door over there?,Eshik yonida turgan u xushmuomala yigit kim?,bloke man,
shitty,adjective,C1,yomon sifatsiz,паршивый,"Very bad, poor quality, or generally unpleasant.",ˈʃɪti,20910,describing,"I had a really shitty day at work yesterday, honestly.","Kecha ishda kunim juda yomon o'tdi, rostini aytsam.",crappy abysmal,
gum,noun,B1,milik,десна,The firm pink flesh inside your mouth that surrounds the teeth.,ɡʌm,20912,body-health,My gum started to hurt after I ate that hard candy.,Qattiq konfetni yeganimdan keyin miligim og'riy boshladi.,,
corporal,adjective,C1,tana bilan bog'liq,телесный,Relating to the physical human body.,ˈkɔːp(ə)ɹəl,20914,ielts,"In the past, corporal punishment was common in many schools.",Ilgari ko'plab maktablarda jismoniy jazo keng tarqalgan edi.,bodily physical,
hopeless,adjective,B1,umidsiz nochor,безнадежный,Feeling that there is no chance that a situation will improve.,ˈhəʊplɪs,20916,feelings,He felt hopeless about finding a new job after months trying.,"Bir necha oy urinib ham yangi ish topa olmagach, u umidsizlikka tushdi.",desperate pessimistic,hopeful
swell,verb,B2,shishmoq ko'paymoq,раздуваться,To become larger in size or volume.,swɛl,20918,body-health,Your ankle will swell up if you do not rest it.,"Agar dam olmasangiz, to'pig'ingiz shishib ketadi.",expand enlarge,shrink
feast,noun,B2,ziyofat bazm,пир,"A very large, special meal prepared to celebrate a particular event.",fiːst,20920,food-drink,We had a grand feast to celebrate the end of the harvest.,Hosil bayrami sharafiga katta ziyofat uyushtirdik.,banquet,
ahem,interjection,B2,xax ax,кхм,"A sound made to clear the throat, used to get someone's attention.",əˈhɛm,20922,actions,Ahem! Could we please get started with the meeting now?,Xax! Majlisni boshlasak bo'ladimi?,,
wolves,noun,A2,bo'rilar,волки,Wild animals that look like large dogs and live in groups.,ˈwʊlvz,20924,animals,The pack of wolves hunted together through the deep forest.,Bo'rilar to'dasi qalin o'rmon ichida birga ov qildi.,,
dunno,verb,B1,bilmayman,не знаю,An informal way to say 'I do not know'.,ˈdʌnəʊ,20926,actions,"Where did he go? I dunno, he left without saying anything.","U qayerga ketdi? Bilmayman, hech narsa demasdan chiqib ketdi.",,
sorrow,noun,C1,g'am qayg'u,горе,"A feeling of deep sadness or unhappiness, often after losing something.",ˈsɒɹəʊ,20928,feelings,She felt great sorrow when she heard the sad news.,"U bu qayg'uli xabarni eshitgach, qattiq g'am chekdi.",grief sadness,joy
scar,noun,B2,chandiq,шрам,A permanent mark left on the skin after a wound has finished healing.,skɑɹ,20930,body-health,He has a small scar on his forehead from a childhood accident.,U bolaligidagi baxtsiz hodisadan keyin peshonasida kichik chandiq qolgan.,mark,
fuss,noun,B2,ovoragarchilik shov-shuv,суета,"Unnecessary excitement or activity, often about something that is not important.",fʌs,20932,actions,The staff made a big fuss about the surprise party arrangements.,Xodimlar syurpriz ziyofatni tashkil etishda juda ko'p shov-shuv ko'tarishdi.,bother ado,
rusty,adjective,B2,zanglagan eskirgan,ржавый,Not as good at a skill as before because you have not practiced recently.,ˈɹʌsti,20934,describing,My French is a bit rusty because I haven't practiced in years.,"Fransuz tilim biroz eskirib qolibdi, chunki yillar davomida shug'ullanmadim.",corroded unpracticed,
psycho,noun,C1,ruhiy kasal jinni,псих,A person who behaves in a very strange or dangerous way.,ˈsaɪ̯.kəʊ̯,20936,ielts,He drives like a total psycho when he is late for work.,Ishga kech qolganda u xuddi jinni kabi haydaydi.,nutcase freak,
smarter,adjective,A1,aqlliroq zukkorroq,умнее,Having more intelligence or being better at learning than someone else.,ˈsmɑːtə(r),20938,describing,"You may be faster than me, but I am smarter than you.","Mendan ko'ra tezroq yugurishing mumkin, lekin men sendan aqlliroqman.",wiser brighter,dumber
shove,verb,B1,itariq siltash,толкать,"To push someone or something with force, often in a rough way.",ʃʌv,20940,actions,The crowd began to shove and push to get out the door.,Eshikdan chiqish uchun olomon bir-birini itara boshladi.,push thrust,
dull,adjective,B1,zerikarli zeriktiradigan,скучный,Not interesting or exciting at all.,dʌl,20944,describing,He sat through the dull lecture and barely stayed awake.,U zerikarli ma'ruzada o'tirib zo'rg'a uyg'oq qoldi.,banal basic,
worthless,adjective,B2,qadrsiz keraksiz,бесполезный,Having no value or use.,ˈwɝθləs,20946,describing,Don’t be a worthless slouch! Go get yourself a job.,Bekorchidan bo'lib yuraverma! Borib o'zingga ish top.,useless,useful
kindness,noun,A2,mehribonlik muruvvat,доброта,"The quality of being generous, helpful, and caring towards other people.",ˈkaɪnd.nəs,20948,feelings,"Jamie's kindness is legendary, so much that people have taken advantage of her.","Jeymining mehribonligi afsonaga aylangan, odamlar hatto undan foydalanib ketishadi.",,
rumor,noun,B2,mish-mish gap-so'z,слух,Information that people are talking about that may not be true.,ˈɹuːmə(ɹ),20950,ielts,There's a rumor going round that he's going to get married.,U uylanmoqchi degan mish-mish tarqaldi.,,
spike,noun,B2,mix shikh,шип,"A long, thin, pointed piece of metal or wood.",spaɪk,20952,home,The trap was lined with spikes.,Qopqonning ichi o'tkir shixlar bilan to'ldirilgan edi.,fang,
ginger,noun,B1,zanjabil,имбирь,A hot-tasting root used as a spice in cooking or drinks.,ˈdʒɪndʒə,20954,food-drink,I always add fresh ginger to my tea when I feel sick.,Shamollab qolganimda choyimga doim yangi zanjabil qo'shaman.,,
kindly,adverb,B2,iltimos,пожалуйста,A polite way to ask someone to do something.,ˈkaɪn(d)li,20956,describing,Could you kindly wait for a few minutes while I finish work?,Ishimni tugatgunimcha iltimos bir necha daqiqa kutib tura olasizmi?,politely please,
envy,verb,B2,havas qilmoq hasad qilmoq,завидовать,To feel unhappy because you want something that someone else has.,ˈɛnvi,20958,feelings,I sometimes envy my sister because she travels to many beautiful countries.,"Ba'zan singlimga havasim keladi, chunki u juda ko'p chiroyli davlatlarga boradi.",jealousy covet,admire
upside,noun,B2,afzallik yutuq,плюс,The positive aspect or advantage of a situation that might otherwise be bad.,ˈʌpˌsaɪd,20960,describing,The upside of moving abroad is that you learn a new language.,"Chet elga ko'chib o'tishning yaxshi tarafi shundaki, siz yangi til o'rganasiz.",benefit advantage,downside
paranoid,adjective,B2,gumonsiraydigan haddan tashqari shubhali,параноидальный,Feeling extremely worried and believing that other people are trying to harm you.,ˈpæɹ.əˌnɔɪd,20962,feelings,He became paranoid that his coworkers were talking about him behind back.,U hamkasblari ortidan g'iybat qilayotganidan haddan tashqari shubhalanadigan bo'lib qoldi.,suspicious distrustful,trusting
faint,adjective,B1,xira nimjon,слабый,"Not clear, bright, or strong; difficult to see, hear, or smell.",feɪnt,20964,describing,We saw a faint light glowing in the distance late at night.,Kechasi uzoqda xira yorug'lik porlayotganini ko'rdik.,dull weak,bright
bleed,verb,B1,qonamoq qon ketmoq,кровоточить,To lose blood from your body because of an injury.,ˈbliːd,20966,body-health,"If you cut your finger, it will probably bleed for a while.","Agar barmog'ingizni kesib olsangiz, bir oz vaqt qon oqishi mumkin.",,
forbid,verb,B2,taqiqlash man qilish,запрещать,To say that something is not allowed or must not be done.,fɚˈbɪd,20968,actions,The rules forbid students from using their mobile phones during the exam.,Qoidalar imtihon paytida talabalarga mobil telefonlardan foydalanishni taqiqlaydi.,prohibit ban,allow
neat,adjective,B1,ozoda tartibli,опрятный,"Tidy, clean, and in good order.",ˈniːt,20970,describing,She keeps her desk very neat and organized at all times.,U o‘z ish stolini doimo ozoda va tartibli saqlaydi.,tidy orderly,messy
psychic,noun,C1,ekstrasens folbin,экстрасенс,A person who claims to have special powers to know things beyond normal human senses.,ˈsaɪkɪk,20972,people-family,Some people believe that a psychic can predict the future with accuracy.,Ba'zi odamlar ekstrasens kelajakni aniq bashorat qila oladi deb ishonishadi.,clairvoyant medium,
goose,noun,B1,g'oz,гусь,A large water bird with a long neck that is bigger than a duck.,ɡuːs,20974,animals,There is a flock of geese swimming on the village pond today.,Bugun qishloq ko‘lida bir to‘da g‘oz suzib yuribdi.,,
accidentally,adverb,B1,tasodifan bilmasdan,случайно,Happening by chance or without being intended.,ˌæk.sɪˈdɛnt(ə)li,20976,actions,I accidentally left my keys inside the house this morning.,Bugun ertalab tasodifan kalitlarimni uyda unutib qoldirdim.,unintentionally unwittingly,deliberately
sweep,verb,A2,supurmoq,подметать,To clean a floor or surface using a broom.,swiːp,20978,home,Could you please sweep the kitchen floor after you finish cooking?,Ovqat pishirib bo‘lganingizdan keyin oshxona polini supurib qo‘ya olasizmi?,brush,
blackmail,verb,C1,tovlamachilik qilmoq shantaj qilmoq,шантажировать,To demand money or favors by threatening to reveal someone's secrets.,ˈblækˌmeɪl,20980,ielts,The criminal tried to blackmail the businessman by using private photos.,"Jinoyatchi shaxsiy suratlardan foydalanib, tadbirkorni shantaj qilishga urindi.",extort coerce,
risky,adjective,B2,xatarli tavakkal,рискованный,Involving the possibility of something bad or dangerous happening.,ˈɹɪski,20982,describing,It is very risky to drive on these icy roads at night.,Kechasi muzlagan yo‘llarda mashina haydash juda xatarli.,hazardous dangerous,safe
glorious,adjective,B2,muhtasham shonli,славный,"Very beautiful, pleasant, or causing great pride and success.",ˈɡlɔː.ɹi.əs,20984,describing,We spent a glorious day walking in the mountains under the sun.,"Quyosh ostida tog‘larda sayr qilib, juda muhtasham kun o‘tkazdik.",fabulous splendid,inglorious
hatred,noun,B2,nafrat adovat,ненависть,A very strong feeling of not liking someone or something at all.,ˈheɪtɹɪd,20986,feelings,There is a lot of hatred between the two groups of people.,Bu ikki guruh odamlari o‘rtasida katta nafrat bor.,hate hostility,love
scotch,verb,C2,barbod qilmoq yo‘qqa chiqarmoq,предотвратить,To stop something from being successful or from happening.,skɒt͡ʃ,20988,actions,The bad weather scotched our plans to go to the beach.,Yomon ob-havo plyajga borish rejalarimizni barbod qildi.,foil thwart,
prey,noun,B2,o‘lja,добыча,An animal that is hunted and killed for food by another animal.,pɹeɪ,20990,animals,The lion waited in the grass to catch its unsuspecting prey.,Sher o‘zining bexabar o‘ljasini tutish uchun o‘tlar orasida poylab yotdi.,victim,
fry,verb,A2,qovurmoq,жарить,To cook food in hot oil or fat.,fɹaɪ,20992,food-drink,I need to fry the onions before adding them to the soup.,Piyozlarni sho‘rvaga qo‘shishdan oldin qovurib olishim kerak.,,
warden,noun,C1,qamoqxona boshlig'i qo'riqchi,начальник тюрьмы,The person who is in charge of a prison.,ˈwɔːdən,20994,work,The prison warden ordered the guards to lock all the heavy doors.,Qamoqxona boshlig'i soqchilarga barcha og'ir eshiklarni qulflashni buyurdi.,governor overseer,prisoner
zombie,noun,B2,zombi tirik murda,зомби,A dead person brought back to life in horror stories who eats people.,ˈzɒmbi,20996,describing,We watched a scary movie about a zombie attack in a big city.,Biz katta shahardagi zombi hujumi haqida qo'rqinchli kino ko'rdik.,undead,
compliment,noun,B1,maqtov iltifot,комплимент,A kind remark that expresses approval or admiration for someone.,ˈkɑmpləmənt,20998,feelings,It is a great compliment when someone tells you that you look good.,"Kimdir sizga chiroyli ekanligingizni aytsa, bu katta maqtovdir.",praise admiration,insult
helpless,adjective,B1,ojiz nochora,беспомощный,Unable to act or protect yourself without the help of other people.,ˈhɛlplɪs,21000,feelings,The tiny kitten felt helpless when it was left in the rain.,Kichkina mushukcha yomgʻirda qolib ketganda oʻzini ojiz his qildi.,powerless vulnerable,strong
appetite,noun,B1,ishtaha ishtiyoq,аппетит,A natural desire or interest to eat food or do something.,ˈæp.ɪ.taɪt,21002,food-drink,A long walk in the fresh air always gives me a good appetite.,Toza havoda uzoq sayr qilish har doim ishtahamni ochadi.,hunger craving,
vain,adjective,B2,besamar bekorchi,тщетный,Unsuccessful or without any value or purpose.,veɪn,21004,ielts,He made a vain attempt to change her mind about the decision.,U qarorini oʻzgartirishga majbur qilish uchun qilgan urinishlari besamar ketdi.,futile useless,successful
retire,verb,B1,nafaqaga chiqmoq,выходить на пенсию,"To stop working, usually because you have reached a particular age.",ɹɪˈtaɪə,21006,work,My grandfather plans to retire from his job next year at sixty.,Bobom kelasi yili oltmish yoshida ishdan nafaqaga chiqmoqchi.,quit resign,
thrilled,adjective,B1,xursand juda mamnun,в восторге,"Feeling extremely happy, excited, and pleased about something.",θɹɪld,21008,feelings,Ben was thrilled to lead the game in front of his fans.,Ben muxlislar qarshisida o'yinni boshqarganidan juda xursand edi.,ecstatic euphoric,
dummy,noun,B2,ahmoq nodon,глупый человек,A person who is not smart and often says or does silly things.,ˈdʌmi,21010,describing,Stop acting like a dummy and listen to the teacher carefully.,Ahmoqqa o'xshab qiliq qilmang va o'qituvchiga diqqat bilan quloq soling.,idiot,
sailor,noun,A2,dengizchi kemachi,моряк,A person who works on ships or is skilled at sailing.,ˈseɪlə,21012,people-family,He is a talented sailor and has spent many years at sea.,U mohir dengizchi va ko'p yillarini dengizda o'tkazgan.,seaman,
hiya,interjection,A1,salom qalay,привет,An informal and friendly way to say hello to someone.,ˈhaɪ(j)ə,21014,basics,"Hiya, how are things going with your new job today?","Salom, yangi ishingdagi ishlar qalay bo'lyapti?",hello hi,
samurai,noun,B2,samuray,самурай,A member of a powerful military class in ancient Japanese society.,ˈsæm(j)ʊɹaɪ,21016,ielts,The samurai were known for their strict code of honor and discipline.,Samuraylar o'zlarining qat'iy sharaf va intizom kodekslari bilan tanilgan.,warrior,
wandering,adjective,B2,kezib yuradigan sayoq,блуждающий,Traveling from place to place without a permanent home.,ˈwɑndəɹɪŋ,21018,describing,The wandering minstrel sang songs of old battles in every village.,Kezib yuruvchi hofiz har bir qishloqda qadimiy janglar haqida qo‘shiq kuylardi.,roaming travelling,settled
butcher,noun,B1,qassob,мясник,A person whose job is to cut and sell raw meat.,ˈbʊt͡ʃə,21020,work,The butcher prepared a fresh cut of beef for the family dinner.,Qassob oilaviy kechki ovqat uchun yangi mol go‘shtini tayyorlab berdi.,,
brandy,noun,B2,brendi konyak,бренди,A strong alcoholic drink made from fermented fruit juice or wine.,ˈbɹændi,21022,food-drink,He enjoyed sipping a glass of brandy by the fireplace at night.,U kechqurun o‘choq yonida bir qadah konyak ichib o‘tirishni yoqtirardi.,,
apologise,verb,A2,uzr so‘ramoq,извиняться,To say that you are sorry for doing something wrong.,əˈpɒləˌd͡ʒaɪz,21024,actions,You should apologise to your friend for being late to the party.,Kechana kechikkaning uchun do‘stingdan uzr so‘rashing kerak.,say sorry,
nazi,noun,B2,natsist,нацист,A member of a fascist political party that controlled Germany during the second world war.,ˈnɑːtsi,21026,ielts,History students often read about the crimes committed by the nazi regime.,Tarix talabalari ko'pincha natsistlar rejimi sodir etgan jinoyatlar haqida o'qishadi.,,
parole,noun,C1,shartli ozodlik,условно-досрочное освобождение,Permission for a prisoner to leave prison early if they behave well.,pəˈɹoʊl,21028,ielts,"After serving ten years, he was finally released on parole.",O'n yil jazoni o'tagach u nihoyat shartli ravishda ozod qilindi.,,
pistol,noun,B2,to'pponcha,пистолет,A small gun that is designed to be held and fired with one hand.,ˈpɪstəl,21030,actions,The police officer pulled out his pistol to stop the suspect.,Politsiyachi gumondorni to'xtatish uchun to'pponchasini chiqardi.,handgun,
fortunately,adverb,B1,xayriyatki baxtiga,к счастью,Happening because of good luck; used to say that something is good.,ˈfɔː.t͡ʃə.nɪt.li,21032,describing,"Fortunately, the rain stopped just before our outdoor wedding ceremony began.",Xayriyatki to'y marosimimiz boshlanishidan oldin yomg'ir to'xtadi.,luckily,unfortunately
gotcha,interjection,B2,tushundim ushlab oldim,попался понял,An informal way to say I understand or I caught you by surprise.,ˈɡɒ.tʃə,21034,actions,Gotcha! I knew you were hiding behind that large oak tree.,Ushlab oldim! Seni o'sha katta eman daraxti orqasida yashiringaningni bilardim.,,
tomb,noun,B2,maqbara qabr,гробница могила,A stone structure or room where a dead person is buried.,tuːm,21036,places,Tourists visited the ancient tomb to see the historic wall paintings.,Sayyohlar qadimiy maqbaradagi tarixiy devoriy suratlarni ko'rish uchun tashrif buyurishdi.,sepulchre grave,
ninja,noun,B2,nindzya,ниндзя,"A person trained in secret fighting methods, often wearing black clothes.",ˈnɪnd͡ʒə,21038,actions,The movie featured a skilled ninja fighting enemies in the night.,Filmda tunda dushmanlar bilan jang qiladigan mohir nindzya tasvirlangan.,,
eternity,noun,C1,abadiyat manguylik,вечность,Time that has no end or a period of time that seems very long.,ɪˈtɜːnɪti,21040,time,They promised to love each other for all of eternity.,Ular bir-birini abadiyatgacha sevishga va'da berishdi.,forever infinity,
crawl,verb,B1,emaklamoq sudralmoq,ползти,To move slowly on your hands and knees or by dragging your body.,kɹɔːl,21042,actions,The baby started to crawl across the floor to reach its toy.,Chaqaloq o‘yinchoqqa yetish uchun polda emaklay boshladi.,creep,
slice,noun,A2,tilim bo‘lak,ломтик,A thin and flat piece of food cut from a larger piece.,slaɪs,21044,food-drink,Would you like another slice of bread with your soup?,Sho‘rvangiz bilan yana bir tilim non xohlaysizmi?,piece portion,
behaviour,noun,B1,xulq-atvor,поведение,The way in which a person or animal acts or behaves.,bɪˈheɪvjə,21046,describing,The teacher praised the children for their good behaviour today.,O‘qituvchi bolalarni bugungi yaxshi xulqi uchun maqtadi.,conduct manner,
stiff,adjective,B2,qattiq egiluvchan bo‘lmagan,жёсткий,Not easily bent or changed in shape; difficult to move.,stɪf,21048,describing,My neck is very stiff after sitting at the computer all day.,Kuni bilan kompyuterda o‘tirganim uchun bo‘ynim qotib qoldi.,rigid firm,flexible
lick,verb,A2,yalamoq,лизать,To move your tongue over the surface of something.,lɪk,21050,body-health,The dog ran up to lick my face in excitement.,It quvonib yuzimni yalash uchun yugurib keldi.,,
allah,noun,A1,Alloh,Аллах,The name of God in the Islamic religion.,ˈælə,21052,ielts,He thanked Allah for the strength to overcome his difficulties.,U qiyinchiliklarni yengish uchun kuch bergani uchun Allohga shukr qildi.,God,
sausage,noun,A1,sosiska kolbasa,сосиска,A tube of ground meat or other ingredients wrapped in a thin skin.,ˈsɒsɪd͡ʒ,21054,food-drink,We grilled some sausages for dinner in the garden yesterday.,Biz kecha bog‘da kechki ovqat uchun sosiska qovurdik.,,
constable,noun,C1,politsiyachi,констебль,A police officer of the lowest rank in certain English-speaking countries.,ˈkʌnstəbəl,21056,work,The local constable patrolled the streets every evening to ensure public safety.,Hududiy politsiyachi jamoat tartibini ta'minlash uchun har oqshom ko'chalarni nazorat qildi.,officer,
spinning,noun,B2,yigirish charxpalak,прядение,The action or process of turning round and round quickly.,ˈspɪnɪŋ,21058,actions,The spinning of the wheels made a loud noise on the road.,G'ildiraklarning tez aylanishi yo'lda baland shovqin chiqardi.,rotation turning,
loudly,adverb,A2,baland ovozda,громко,Making a lot of sound or noise.,ˈlaʊdli,21060,describing,He spoke loudly so that his friend could hear him clearly.,Do'sti uni aniq eshitishi uchun u baland ovozda gapirdi.,loud,quietly
marvelous,adjective,B2,ajoyib ajoyibot,изумительный,Extremely good or enjoyable; causing great wonder.,ˈmɑːvələs,21062,describing,We had a marvelous time at the park during our weekend holiday.,Dam olish kunlari bog'da juda ajoyib vaqt o'tkazdik.,wonderful amazing,
subway,noun,A2,metro,метро,An underground electric railway system used for city transportation.,ˈsʌbˌweɪ,21064,travel,It is much faster to travel by subway during the busy morning.,Tirband tong paytida metroda harakatlanish ancha tezroq.,metro underground,
creep,verb,B2,sekin yurish poylash,красться,To move slowly and quietly to avoid being noticed by other people.,kɹiːp,21066,actions,The thief tried to creep past the guard without making any sound.,O'g'ri hech qanday tovush chiqarmay qo'riqchining yonidan o'tib ketishga urindi.,crawl sneak,
affection,noun,B2,mehr muhabbat,любовь,A feeling of liking or love for someone or something.,əˈfɛk.ʃən,21068,feelings,She showed great affection for her younger brother during the long trip.,U uzoq safar davomida ukasiga nisbatan katta mehr ko'rsatdi.,fondness love,indifference
woody,adjective,B2,o'tinli yog'ochsimon,древесный,Made of wood or having the texture and appearance of wood.,ˈwʊdi,21070,describing,The plant has a thick woody stem that supports its flowers.,O'simlikning gullarini tutib turadigan qalin yog'ochsimon poyasi bor.,ligneous,
drake,noun,C1,o'rdak erkagi,селезень,An adult male duck.,dɹeɪk,21072,animals,The drake has much more colorful feathers than the female duck.,Erkak o'rdak urg'ochisiga qaraganda ancha yorqin patlarga ega.,,
anyhow,adverb,B1,baribir har holda,во всяком случае,Used to finish a previous subject or show that something is true despite other facts.,ˈɛn.i.haʊ,21074,ielts,"I am not sure if he heard me; anyhow, it does not matter.","U meni eshitganmi yo'qmi bilmayman; har holda, buning ahamiyati yo'q.",anyway regardless,
scent,noun,B2,hid ifor,запах,A pleasant or distinctive smell that something gives off.,sɛnt,21076,describing,The garden was filled with the sweet scent of blooming roses.,Bog' ochilib turgan atirgullarning shirin ifori bilan to'lgan edi.,aroma fragrance,
naive,adjective,B2,soddadil tajribasiz,наивный,Lacking experience of life and trusting people too easily.,naɪˈiːv,21078,describing,It was naive of me to believe that everything would go perfectly.,Hamma narsa mukammal bo'lishiga ishonishim soddaligimdan edi.,innocent guileless,cynical
daylight,noun,A2,kunduzgi yorug'lik,дневной свет,The natural light from the sun that we see during the day.,ˈdeɪlaɪt,21080,nature,We should finish the work before daylight starts to fade away.,Ishni kun yorug'i so'nmasdan oldin tugatib olishimiz kerak.,sunlight sunshine,
jolly,adjective,B2,shodon quvnoq,веселый,"Very happy, cheerful, and full of energy.",ˈd͡ʒɒli,21082,feelings,The jolly old man greeted everyone with a big smile.,Quvnoq chol hammaga katta tabassum bilan salom berdi.,cheerful merry,miserable
swore,verb,B1,qasam ichdi ont ichdi,клялся,Past tense of promise in a very serious or formal way.,swɔː,21084,actions,He swore that he had nothing to do with the robbery.,U o‘g‘rilikka aloqasi yo‘qligiga qasam ichdi.,vowed pledged,
blaring,verb,B2,jaranglab turgan qichqirayotgan,громко звучащий,Making a very loud and unpleasant sound.,ˈbleərɪŋ,21086,describing,The radio was blaring music in the middle of the night.,Tun yarmida radio musiqa qichqirib turgandi.,roaring booming,
argh,interjection,B1,voy obbo,аргх,A sound made to express that you are annoyed or frustrated.,ɑː(ɹ)(ɡ),21088,feelings,"Argh! I have lost my keys again, this is so annoying.","Obbo! Yana kalitlarimni yo‘qotib qo‘ydim, rosa asabiy bo‘lyapman.",,
vanished,verb,B2,g‘oyib bo‘ldi yo‘qoldi,исчез,Disappeared suddenly and could not be seen anymore.,ˈvænɪʃt,21090,actions,The magician vanished before our eyes in a cloud of smoke.,Sehrgar tutun ichida ko‘z oldimizda g‘oyib bo‘ldi.,disappeared evaporated,appeared
sniffles,noun,B2,tumov,насморк,A minor illness where your nose is runny and you keep breathing noisily.,ˈsnɪfəlz,21092,body-health,I think I am getting the sniffles after walking in the rain.,"Yomg‘irda yurib, shekilli, tumov bo‘lib qolyapman.",cold,
plague,noun,C1,o‘lat vabo,чума,A dangerous disease that spreads quickly and kills many people.,pleɪɡ,21096,ielts,The plague killed many people in Europe during the Middle Ages.,O‘rta asrlarda Yevropada o‘lat ko‘p odamlarning yostig‘ini quritgan.,epidemic pestilence,
breeze,noun,B1,shabada,ветерок,A very light and gentle wind that feels nice.,bɹiːz,21098,nature,A cool breeze blew across the garden on the hot day.,Issiq kunda bog‘ bo‘ylab salqin shabada esib turardi.,gale,
rascal,noun,B2,sho'x bola qitimir,негодник,"A person, especially a child, who behaves badly in a funny or annoying way.",ˈɹɑːskl̩,21100,people-family,"Stop jumping on the sofa, you little rascal, and sit down now.",Divanda sakrashni bas qil qitimir bola va joyingga o'tir.,scamp rogue,
hush,verb,B2,tinchitmoq sokinlashmoq,замолкать,To make someone quiet or to become silent for a short time.,hʌʃ,21104,actions,The teacher had to hush the class before starting the new lesson.,O'qituvchi yangi darsni boshlashdan oldin sinfni tinchitishi kerak edi.,silence quiet,noise
instinct,noun,B2,instinkt sezgi,инстинкт,A natural way of behaving or feeling without needing to think about it first.,ˈɪn.stɪŋkt,21106,ielts,Most animals follow their instinct to protect their babies from any danger.,Ko'pchilik hayvonlar o'z bolalarini xavfdan asrash uchun instinktga tayanadi.,intuition impulse,
furious,adjective,B2,juda g'azablangan qattiq,яростный,Extremely angry or involving very great energy and violence.,ˈfjʊə.ɹɪəs,21108,feelings,My brother was absolutely furious when I broke his new smartphone screen.,Akam yangi smartfoni ekranini sindirib qo'yganimda juda qattiq g'azablandi.,angry enraged,calm
fled,verb,B2,qochdi qochib ketdi,сбежал,To run away from a place or situation of danger.,ˈflɛd,21110,actions,The villagers fled their homes when the fire started spreading quickly.,Yong'in tez tarqala boshlagach qishloq odamlari uylarini tashlab qochishdi.,escaped ran,remained
suspicion,noun,B2,gumon shubha,подозрение,A feeling that someone has done something wrong or illegal.,səˈspɪʃ.ən,21112,ielts,The police had a strong suspicion that he was involved in the crime.,Politsiyada uning jinoyatga aloqador ekanligi haqida kuchli gumon bor edi.,doubt distrust,trust
secretly,adverb,B1,yashirincha sirli,тайно,Doing something without other people knowing about it.,ˈsiː.kɹɪt.li,21114,actions,She was secretly planning a surprise party for her best friend.,U eng yaqin do'sti uchun yashirincha bayram uyushtirmoqda edi.,covertly privately,openly
tricky,adjective,B2,murakkab chigal,сложный,Something that is difficult to do or deal with.,ˈtɹɪk.i,21116,describing,Learning to speak a new language can be a tricky task.,Yangi tilni o'rganish murakkab vazifa bo'lishi mumkin.,complicated difficult,simple
carriage,noun,B2,fayton arava,карета,A vehicle pulled by horses used to carry people in the past.,ˈkæɹɪd͡ʒ,21118,travel,The royal family arrived at the castle in a golden carriage.,Qirollik oilasi qasrga tilla rangli faytonda yetib keldi.,coach,wagon
cellar,noun,B2,yerto'la podval,подвал,A room or storage space located completely or partly under a building.,ˈsɛlə,21120,home,We keep the jars of preserved vegetables down in the cellar.,Biz konservalangan sabzavotlarni yerto'lada saqlaymiz.,basement,
mortal,adjective,C1,o'luvchi fojiali,смертный,A living being that must eventually die and is not immortal.,ˈmɔː.təl,21122,ielts,All human beings are mortal and will face the end eventually.,Barcha insonlar o'luvchi va oxir-oqibat o'limga yuz tutadi.,human,immortal
honesty,noun,B1,halollik rostgo'ylik,честность,The quality of telling the truth and not stealing or cheating.,ˈɒn.ɪ.sti,21124,feelings,Honesty is the most important quality in a good friendship.,Yaxshi do'stlikda halollik eng muhim fazilat hisoblanadi.,sincerity truthfulness,dishonesty
deed,noun,B2,ish harakat,поступок,A brave or important action that a person does.,diːd,21126,ielts,One small good deed can make a big difference to someone.,Kichik bir yaxshi ish kimdir uchun katta o'zgarish yasashi mumkin.,action act,
pirate,noun,B2,qaroqchi dengiz qaroqchisi,пират,A criminal who steals from ships at sea or copies protected digital work illegally.,ˈpaɪɹət,21128,actions,The authorities are working hard to stop pirates from attacking merchant ships.,Rasmiylar qaroqchilarning savdo kemalariga hujum qilishini to'xtatish uchun astoydil harakat qilmoqda.,corsair,
illusion,noun,B2,aldamchi ko'rinish xayol,иллюзия,Something that seems to be real but is not what it appears to be.,ɪˈl(j)uːʒ(ə)n,21130,ielts,The desert heat created an illusion of water on the distant road.,Sahrodagi issiq olis yo'lda suv bor degan aldamchi tasavvurni uyg'otdi.,mirage delusion,reality
mole,noun,B2,xol,родинка,"A small, dark, or raised spot on a person's skin.",məʊl,21132,body-health,She has a small mole on her left cheek that looks beautiful.,Uning chap yuzida chiroyli ko'rinadigan kichkina xoli bor.,,
rang,verb,A1,qo'ng'iroq qildi,позвонил,Past tense of ring; to make a phone call to someone.,ˈɹæŋ,21134,actions,He rang his mother to tell her he arrived home safely.,U uyiga yetib kelganini aytish uchun onasiga qo'ng'iroq qildi.,called phoned,
heir,noun,B2,merosxo'r,наследник,"A person who will legally receive money, property, or a title from someone.",ˈɛɚ,21136,ielts,The king's eldest son is the official heir to the throne.,Qirolning to'ng'ich o'g'li taxtning rasmiy merosxo'ri hisoblanadi.,inheritor successor,
dentist,noun,A1,stomatolog tish shifokori,стоматолог,A person qualified to treat the diseases and conditions that affect the teeth.,ˈdɛntɪst,21138,body-health,I need to visit the dentist because one of my teeth hurts.,Tishim og'riganligi uchun tish shifokoriga borishim kerak.,,
roast,verb,B1,dimlab pishirmoq qovurmoq,жарить,"To cook food, especially meat, in an oven or over a fire.",ɹoʊst,21140,food-drink,We like to roast a large chicken for our Sunday family dinner.,Biz yakshanba kungi oilaviy kechki ovqat uchun tovuqni pechda pishirishni yoqtiramiz.,bake cook,
mansion,noun,B2,hashamatli uy qasr,особняк,A very large and expensive house where wealthy people live.,ˈmæn.ʃən,21142,home,They live in a beautiful white mansion on the hill outside town.,Ular shahardan tashqaridagi qirlikda joylashgan go‘zal oq qasrda yashashadi.,villa palace,cottage
mademoiselle,noun,B2,mademuazel,мадемуазель,A polite way to address an unmarried French-speaking woman.,ˌmæ.dəm.wəˈzɛl,21144,people-family,"Excuse me mademoiselle, did you drop your umbrella on the sidewalk?","Kechirasiz mademuazel, siz soyaboningizni yo‘lakka tushirib qo‘ymadingizmi?",miss lady,
haunted,adjective,B1,arvohli ruhlar makoni,с привидениями,A place where people believe ghosts or spirits live or appear.,ˈhɔːntɪd,21146,describing,Many people say that the old abandoned house is truly haunted.,Ko‘pchilik bu tashlandiq eski uyda haqiqatan ham arvohlar bor deyishadi.,spooky eerie,
distracted,adjective,B1,chalg‘igan xayoli bo‘lingan,отвлеченный,Unable to pay attention because your mind is thinking about something else.,dɪˈstɹæk.tɪd,21148,feelings,I was so distracted by the noise that I forgot my keys.,"Shovqindan shunchalik chalg‘ib qoldimki, hatto kalitlarimni ham unutibman.",preoccupied absent-minded,focused
champ,noun,B1,chempion g‘olib,чемпион,An informal word for someone who is the best at a sport.,t͡ʃæmp,21150,people-family,"You worked so hard today, you are a real champ my friend.","Bugun juda qattiq ishlading, sen haqiqiy chempionsan do‘stim.",winner hero,loser
shotgun,noun,B2,ov miltig'i,дробовик,A long gun that fires a large number of small metal balls at one time.,ˈʃɒtɡʌn,21152,actions,The hunter carried his shotgun while walking through the thick forest trees.,Ovchi o'rmon ichida yurganida ov miltig'ini o'zi bilan olib yurdi.,scattergun,
dizzy,adjective,B1,boshi aylangan,головокружительный,Feeling as if you are turning around and may fall down.,ˈdɪzi,21154,body-health,I stood up too fast from the chair and felt quite dizzy.,Stuldan juda tez turganim uchun biroz boshim aylanib ketdi.,woozy,
bully,noun,B1,bezori,хулиган,Someone who hurts or frightens people who are weaker than themselves.,ˈbʊli,21156,school,The school bully was finally punished for bothering the smaller children.,Maktab bezorisi oxiri kichik bolalarni bezovta qilgani uchun jazolandi.,thug,
patty,noun,B1,kotlet,котлета,"A round, flat piece of ground meat or vegetables prepared for eating.",ˈpæti,21158,food-drink,"The cook fried the hamburger patty, then put it in a bun.","Oshpaz kotletni qovurib, so‘ng uni bulochkaning ichiga soldi.",,
wealthy,adjective,B2,boy badavlat,богатый,"Having a large amount of money, property, or valuable possessions.",ˈwɛl.θi,21160,ielts,She comes from a wealthy family that owns several large companies.,U bir nechta yirik kompaniyalarga ega bo‘lgan badavlat oiladan chiqqan.,rich affluent,poor
rot,verb,B2,chirish aynish,гнить,To slowly decay or be destroyed by natural processes.,ɹɒt,21162,nature,The apple left in the cupboard all that time had started to rot.,Shkafda qolib ketgan olma chiriy boshlagan edi.,decay decompose,
spill,verb,A2,to‘kish sochish,проливать,To accidentally let a liquid flow over the edge of its container.,spɪl,21164,actions,I accidentally spilled some hot tea on the kitchen floor.,Men beixtiyor oshxona poliga issiq choy to‘kib yubordim.,drop pour,
deceased,adjective,C1,marhum vafot etgan,покойный,Someone who has died and is no longer alive.,dɪˈsiːst,21166,ielts,The deceased person left all of his money to the local hospital.,Marhum bor merosini mahalliy kasalxonaga qoldirdi.,dead,alive
sleepy,adjective,A1,uyqusiragan uyquchi,сонный,Feeling tired and wanting to sleep.,ˈsliːpi,21168,body-health,I feel very sleepy after a long day of working at school.,Maktabda uzoq ishlaganimdan keyin juda uyqum kelyapti.,tired,awake
almighty,adjective,C2,qodir cheksiz,всемогущий,Having complete power over everything.,ɔːlˈmaɪti,21170,ielts,Many people pray to the almighty God for guidance and peace.,Ko‘pchilik hidoyat va tinchlik so‘rab qodir Allohga iltijo qiladi.,omnipotent powerful,
disgrace,noun,B2,sharmandalik uyat,позор,A state of feeling ashamed or causing others to lose respect for you.,dɪsˈɡɹeɪs,21172,feelings,His rude behavior at the dinner party was a complete disgrace.,Tushlikdagi qo‘pol xulqi chinakam sharmandalik bo‘ldi.,dishonor shame,honor
screech,verb,B2,qichqirmoq chirillamoq,визжать,"To make a loud, high, and unpleasant sound.",skɹiːt͡ʃ,21174,actions,The car tires began to screech when he hit the brakes hard.,"U tormozni keskin bosganda, mashina shinalari chirillay boshladi.",shriek scream,
snack,noun,A1,yengil tamaddi,закуска,A small amount of food eaten between main meals.,snæk,21176,food-drink,I usually have a healthy snack like an apple in the afternoon.,Men odatda tushdan keyin olma kabi foydali tamaddi qilaman.,bite,
ding,noun,B2,tirnalish chuqurcha,вмятина,A small mark or shallow dent on the surface of something.,dɪŋ,21178,describing,There is a small ding on the side of my new car.,Yangi mashinamning yon tomonida kichkina tirnalgan joyi bor.,dent chip,
cheek,noun,A2,yuz yonoq,щека,The soft part of the face on either side of the nose.,t͡ʃiːk,21180,body-health,The cold wind made her cheeks turn bright red.,Sovuq shamol yuzlarini qip-qizil qilib qo'ydi.,,
ditch,verb,B2,tashlab ketmoq voz kechmoq,"бросать, избавляться",To get rid of something or stop being with someone.,dɪt͡ʃ,21182,actions,I decided to ditch my old clothes and buy some new ones.,"Eski kiyimlarimdan voz kechib, yangilarini sotib olishga qaror qildim.",abandon discard,
dime,noun,B2,o'n sentli tanga,десятицентовик,A small American or Canadian coin that is worth ten cents.,daɪm,21184,work,He did not have a single dime in his pocket.,Cho'ntagida hatto o'n sent puli ham yo'q edi.,,
chuckle,verb,B2,ichida kulmoq mayda kulmoq,тихо смеяться,"To laugh quietly, often because you are thinking about something funny.",ˈt͡ʃʌkəl,21186,feelings,She chuckled when she saw the puppy playing in the yard.,"Hovlida o'ynayotgan kuchukchani ko'rib, u ichida kulib qo'ydi.",giggle chortle,
ransom,noun,C1,tovon puli,выкуп,Money that is paid to free someone who has been captured.,ˈɹænsəm,21188,ielts,The kidnappers demanded a large ransom for the boy's release.,O'g'rilar bolani qo'yib yuborish uchun katta tovon puli talab qilishdi.,,
bore,verb,B1,zeriktirmoq bezdirmoq,наскучить,To make someone feel uninterested because something is dull or repetitive.,bɔː,21190,feelings,I did not mean to bore you with all these long stories.,Sizni bu uzun hikoyalar bilan zeriktirib qo'ymoqchi emasdim.,annoy tire,entertain
waitress,noun,A1,ofitsantka,официантка,A woman who serves food and drinks to people at tables in a restaurant.,ˈweɪ.tɹɪs,21192,work,The waitress brought us the menu as soon as we sat down.,Biz o'tirishimiz bilan ofitsantka menyuni olib keldi.,server,
spite,noun,C1,adovat g'araz,злость,"A feeling of wanting to hurt, annoy, or upset someone on purpose.",spaɪt,21194,ielts,He did not invite her to the party just out of spite.,"U ataylab, g'araz niyatda uni bazmga taklif qilmadi.",grudge rancor,kindness
fortunate,adjective,B2,omadli baxtli,удачливый,Having good luck or being in a very good situation.,ˈfɔː.t͡ʃə.nɪt,21196,ielts,We were fortunate to find a place to stay during the festival.,Festival paytida boshpana topganimizga ancha omadimiz chopdi.,lucky blessed,unfortunate
disappoint,verb,B1,umidini uzmoq xafa qilmoq,разочаровать,To fail to satisfy someone's hopes or expectations.,dɪsəˈpɔɪnt,21198,feelings,"I am sorry to disappoint you, but the tickets are all sold.","Sizning umidingizni puchga chiqarayotganimdan uzr, lekin barcha chiptalar sotib bo'lingan.",let down,satisfy
gin,noun,B2,jin ichimligi,джин,A strong alcoholic drink made from grain and flavored with juniper berries.,d͡ʒɪn,21200,food-drink,They like to mix gin with tonic water for a refreshing evening drink.,Ular kechqurun tetiklashtiruvchi ichimlik sifatida jinni tonik bilan aralashtirib ichishni yoqtirishadi.,,
psychiatrist,noun,C1,ruhshunos psixiatr,психиатр,A doctor who is trained to treat people with mental or emotional problems.,ˌsaɪˈkaɪ.ə.tɹɪst,21202,body-health,The patient decided to see a psychiatrist to talk about his anxiety.,Bemor o'z xavotirlari haqida gaplashish uchun psixiatrga borishga qaror qildi.,psychiater,
slams,verb,B1,taqillatmoq urmoq,захлопывать,To shut a door or window with a lot of force and loud noise.,slæmz,21204,actions,The wind blows and the door slams shut in the dark.,"Shamol esib, eshik qars etib yopildi.",bang crash,
daphne,noun,C1,dafna,волчеягодник,A type of small shrub with sweet-smelling flowers often planted in gardens.,ˈdæfni,21206,nature,The daphne bush in our garden smells wonderful in early spring.,Bog'imizdagi dafna butasi erta bahorda juda xushbo'y hid taratadi.,,
sigh,verb,B1,tin olmoq xo'rsinmoq,вздыхать,"To breathe out slowly and loudly because you are tired, sad, or relieved.",saɪ,21208,feelings,She sighed with relief when she heard the good news today.,"Yaxshi xabarni eshitgach, u yengil tin oldi.",suspire,
brat,noun,B2,erkatoy qaysar,невоспитанный ребенок,A child who behaves badly and is not disciplined by their parents.,bɹæt,21210,people-family,The spoiled brat screamed until his mother bought him a toy.,Ertakoy bola onasi o'yinchoq olib bermagunicha baqirib yig'ladi.,child kid,
hilarious,adjective,B2,juda kulgili quvnoq,уморительный,Extremely funny and likely to make people laugh a lot.,hɪˈlɛə.ɹi.əs,21212,describing,We watched a hilarious movie that made us laugh all evening.,Biz butun oqshom kulib o'tiradigan juda kulgili kinoni ko'rdik.,funny amusing,
hallway,noun,A2,yo'lak dahliz,коридор,An area or passage inside a building that leads to other rooms.,ˈhɔːlweɪ,21214,home,Please leave your wet umbrella in the hallway before coming inside.,"Iltimos, ichkariga kirishdan oldin ho'l soyaboningizni yo'lakda qoldiring.",corridor,
chimes,noun,B2,qo'ng'iroq tovushi jarang,звон,A series of musical sounds made by bells or a clock.,t͡ʃaɪmz,21216,time,The clock chimes every hour to tell us what time it is.,"Soat har soatda jaranglab, vaqtni xabar beradi.",bells,
greet,verb,A2,salomlashmoq kutib olmoq,приветствовать,To say hello or welcome someone in a polite and friendly way.,ɡɹiːt,21218,actions,The teacher stood at the door to greet every student by name.,O‘qituvchi eshik oldida turib har bir o‘quvchini ismi bilan kutib oldi.,hail,
thud,noun,B2,gursillagan tovush,глухой звук,"A low, dull sound made when something heavy hits a surface.",ˈθʌd,21220,describing,The heavy book fell onto the floor with a loud thud.,Og‘ir kitob polga gurs etib tushdi.,,
dreadful,adjective,B2,juda yomon daxshatli,ужасный,"Extremely bad, unpleasant, or causing great fear and sadness.",ˈdɹɛd.fl̩,21222,describing,The weather was absolutely dreadful during our entire vacation last week.,O‘tgan haftadagi ta’tilimiz davomida ob-havo juda yomon edi.,terrible awful,pleasant
sung,verb,A2,kuylangan aytilgan,спето,"The past participle form of sing, used to describe a performed song.",sʌŋ,21224,actions,The national anthem was sung beautifully by the talented young choir.,Davlat madhiyasi iqtidorli yoshlar xori tomonidan juda chiroyli kuylandi.,,
whimpers,verb,B1,ingrash ingillash,скулить,"To make low, weak crying sounds because of pain or fear.",ˈwɪmpəz,21226,actions,The small dog whimpers whenever he hears loud noises outside the house.,Kichkina it uydan tashqarida baland shovqin eshitganda ingillaydi.,whine cry,
sworn,adjective,C1,qasam ichgan qat'iy,поклявшийся,Committed to something or declared as a fixed state by an oath.,swɔːn,21228,ielts,They have been sworn enemies since they were children at school.,Ular bolaligidan beri ashaddiy dushman hisoblanishadi.,pledged committed,
tasty,adjective,A2,mazali lazzatli,вкусный,Having a very good and pleasant flavor.,ˈteɪsti,21230,food-drink,You could make this tasty meal for breakfast tomorrow morning.,Ertalabki nonushta uchun bu mazali taomni tayyorlashingiz mumkin.,delicious appetizing,tasteless
lust,noun,B2,ehtiros shahvat,похоть,A very strong feeling of sexual desire for someone.,ˈlʌst,21232,feelings,He felt a powerful sense of lust when he saw her.,"Unga qarab, ko'ngli kuchli ehtirosga to'ldi.",passion desire,
ego,noun,C1,menlik o'zini o'zi anglash,эго,A person's sense of self-worth or their own importance.,ˈiɡo,21234,ielts,Winning the competition was a huge boost for his ego.,Musobaqada g'alaba qozonish uning o'ziga bo'lgan ishonchini juda oshirdi.,self-esteem pride,humility
forgiven,verb,B1,kechirilgan,прощенный,To stop feeling angry at someone who did something wrong.,fəˈɡɪv.n̩,21236,feelings,She has finally forgiven him for the mistake he made.,U nihoyat uning qilgan xatosini kechirdi.,pardoned excused,punished
eager,adjective,B1,ishtiyoqmand qiziqqan,рвущийся,Wanting very much to do or have something.,iɡə,21238,feelings,Stacey is very eager to go cycling with us this weekend.,Steysi dam olish kunlari biz bilan velosipedda sayr qilishga juda oshiqmoqda.,keen enthusiastic,indifferent
allergic,adjective,B1,allergiyasi bor,аллергичный,Having a bad physical reaction after touching or eating a specific thing.,əˈlɜː.dʒɪk,21240,body-health,I cannot stay in this house because I am allergic to cats.,Men bu uyda qololmayman chunki mushuklarga allergiyam bor.,hypersensitive,
repay,verb,B2,qaytarmoq to'lamoq,отплатить,To give back money that you have borrowed from someone.,ɹiˈpeɪ,21242,work,I finally repaid my student loans just before starting my new job.,Yangi ishni boshlashimdan biroz oldin talabalik qarzlarimni nihoyat uzdim.,reimburse compensate,
gratitude,noun,B2,minnatdorchilik shukronalik,благодарность,The feeling of being thankful for something that you have received or experienced.,ˈɡɹæ.tɪ.tjuːd,21244,feelings,She showed deep gratitude for the support she received during her illness.,U o'z kasalligi vaqtida ko'rsatilgan yordam uchun chuqur minnatdorchilik bildirdi.,appreciation thankfulness,ingratitude
passionate,adjective,B2,ishtiyoqli shijoatli,страстный,Having or showing very strong feelings or enthusiasm about something or someone.,ˈpæʃənɪt,21246,ielts,He is a passionate supporter of his local football club every season.,U har mavsumda o'z mahalliy futbol klubining ishtiyoqli muxlisidir.,ardent burning,
fries,noun,A1,kartoshka fri,картофель фри,"Long, thin pieces of potato that are cooked in hot oil until they are crispy.",fɹaɪz,21248,food-drink,I ordered a burger and a large portion of fries for lunch.,Men tushlikka burger va katta porsiya kartoshka fri buyurtma qildim.,,
disguise,noun,B2,niqob yashirin kiyim,маскировка,Clothes or makeup used to change how you look to hide who you are.,dɪsˈɡaɪz,21252,ielts,The spy wore a fake beard as a disguise to avoid detection.,Josus tanilib qolmaslik uchun soxta soqoldan niqob sifatida foydalandi.,camouflage mask,
archer,noun,B1,kamonchi mergan,лучник,A person who shoots arrows using a bow for sport or in war.,ˈɑː.t͡ʃəː,21254,actions,The archer aimed carefully at the target before releasing the sharp arrow.,Kamonchi o‘tkir o‘qni otishdan oldin nishonni diqqat bilan mo‘ljalladi.,bowman marksman,
innocence,noun,B2,beguborlik aybsizlik,невинность,The quality of not being guilty of a crime or knowing about evil things.,ˈɪnəsn̩s,21256,feelings,The young boy showed his innocence by smiling at the dangerous stranger.,Yosh bola xavfli odamga qarab kulib o‘zining beguborligini namoyon etdi.,guilelessness naivety,guilt
creaking,noun,B2,g‘ijirlash,скрип,"A long, high sound made when something old moves or is pressed.",ˈkɹiːkɪŋ,21258,home,I heard the loud creaking of the wooden floor in the night.,Tunda yog‘och polning qattiq g‘ijirlaganini eshitdim.,squeaking scraping,
painter,noun,A2,rassom bo‘yoqchi,художник,A person who creates pictures using paint or colors on a surface.,ˈpeɪntə,21260,work,The famous painter spent many years working on this beautiful landscape portrait.,Mashhur rassom ko‘p yillarini ushbu go‘zal manzara suratini chizishga sarfladi.,artist,
allies,noun,B2,ittifoqchilar safdoshlar,союзники,People or countries that help and support each other in a war or struggle.,ˈælaɪz,21262,ielts,The two countries became strong allies during the long and difficult war.,Bu ikki davlat uzoq va qiyin urush davrida mustahkam ittifoqchilarga aylandi.,partners associates,enemy
runway,noun,B2,uchish-qo'nish yo'lagi,взлётно-посадочная полоса,"A long, flat surface at an airport where aircraft take off and land.",ˈɹʌnweɪ,21264,travel,The plane taxied slowly down the long runway before taking off tonight.,Samolyot havoga ko'tarilishdan oldin uzun yo'lak bo'ylab sekin yurdi.,,
sickness,noun,B1,kasallik dard,болезнь,The state of being ill or having a disease in your body.,ˈsɪknɪs,21266,body-health,Many people suffered from sickness after eating the contaminated food at dinner.,Kechki ovqatdan keyin ko'pchilik zaharlanib kasal bo'lib qoldi.,illness disease,health
shrimp,noun,B1,krevetka,креветка,A small sea creature with a shell that is often eaten as food.,ʃɹɪmp,21268,food-drink,We ordered a delicious salad that included fresh shrimp and green vegetables.,Biz yangi krevetka va ko'katlar qo'shilgan mazali salatga buyurtma berdik.,prawn,
tore,verb,A2,yirtdi yirtib tashladi,разорвал,"The past tense of tear, meaning to pull something apart or into pieces.",tɔː(ɹ),21270,actions,He tore his favorite shirt while climbing over the old fence.,"U panjaradan oshib o‘tayotib, sevimli ko‘ylagini yirtib oldi.",ripped,mended
harmless,adjective,B1,zararsiz beziyon,безвредный,Not able or likely to cause any damage or injury to anyone.,ˈhɑːmləs,21272,describing,"That spider looks scary, but it is actually completely harmless to humans.","U o‘rgimchak qo‘rqinchli ko‘rinsa-da, aslida odamlar uchun butunlay zararsiz.",innocuous safe,harmful
vicious,adjective,B2,yovuz vahshiy,злой,"Very cruel, violent, or aggressive in a way that causes real pain.",ˈvɪʃəs,21274,describing,The mailman was frightened by the vicious dog guarding the front gate.,Pochta xodimi darvozani qo‘riqlayotgan yovuz itdan qo‘rqib ketdi.,savage cruel,gentle
glove,noun,A1,qo‘lqop,перчатка,A piece of clothing that covers your hand and has separate parts for fingers.,ɡlʌv,21276,clothes,You should wear a warm glove on each hand during the winter.,Qishda har ikkala qo‘lingizga issiq qo‘lqop kiyib yurishingiz kerak.,mitt,
manny,noun,B2,erkak enaga,мужчина-няня,A man who is employed to look after children in their own home.,ˈmæni,21278,people-family,They hired a manny to help take the children to school daily.,Ular bolalarni har kuni maktabga olib borish uchun erkak enaga yollashdi.,,
begged,verb,B1,iltijo qildi yolvordi,умолял,To ask someone for something in a very serious and emotional way.,bɛɡd,21280,actions,The young boy begged his mother to let him play outside longer.,Yosh bola onasidan tashqarida ko'proq o'ynashga ruxsat berishini iltijo qildi.,pleaded entreated,
greedy,adjective,B2,ochko'z,жадный,"Wanting more food, money, or power than you really need.",ˈɡɹiːdi,21282,describing,The greedy man wanted to own all the land in the village.,Ochko'z odam qishloqdagi barcha yerni o'ziniki qilmoqchi edi.,avaricious selfish,generous
forehead,noun,A2,peshona,лоб,The flat part of your face between your hair and your eyebrows.,ˈfɔːhɛd,21284,body-health,She felt the child's forehead to see if he had a fever.,U bolaning isitmasi bor-yo'qligini bilish uchun uning peshonasini ushlab ko'rdi.,,
peanut,noun,A2,yer yong'oq,арахис,A small nut-like seed that grows underground in a hard shell.,ˈpiːnʌt,21286,food-drink,He always liked eating peanuts along with tea before biscuits appeared.,U pechenyelar paydo bo'lishidan oldin choy bilan yer yong'oq yeyishni yoqtirardi.,,
gamble,verb,B2,qimor o'ynamoq tavakkal qilmoq,рисковать,To risk money or something valuable on the result of a game or event.,ˈɡæm.bəl,21288,ielts,Mark won half a million dollars gambling on horse races last year.,Mark o'tgan yili ot poygalarida qimor o'ynab yarim million dollar yutib oldi.,bet wager,
arrogant,adjective,C1,manman gerdaygan,высокомерный,Behaving as if you are more important than other people.,ˈæɹəɡənt,21290,ielts,He made an arrogant assumption that everyone would agree with his plan.,U hamma uning rejasi bilan rozi bo'ladi degan manmanlik bilan xulosa qildi.,conceited cocky,humble
piper,noun,B2,naychi hushtakchi,дудочник,A musician who plays a simple wind instrument like a pipe or flute.,ˈpaɪ.pə,21292,people-family,The piper played a traditional song during the village festival celebrations.,Qishloq bayramida naychi an'anaviy kuylardan birini ijro etdi.,flautist musician,
gesture,noun,B1,imo-ishora ishora,жест,A movement of the hands or body to express an idea or feeling.,ˈd͡ʒɛs.t͡ʃə,21294,actions,He made a friendly gesture by waving his hand at the crowd.,"U olomonga qo'l silkitib, do'stona imo-ishora qildi.",signal motion,
ticking,noun,B2,tiqillash soat ovozi,тик,"The short, sharp sound made repeatedly by a clock or watch.",ˈtɪkɪŋ,21296,time,The steady ticking of the clock kept me awake all night long.,Soatning bir maromdagi tiqillashi butun tun uxlatmay chiqdi.,clicking sound,
whatsoever,adverb,C1,umuman mutlaqo,вообще,Used after a negative statement to emphasize that something is not true at all.,ˌwɒtsəʊˈɛvə(ɹ),21298,ielts,I have no doubt whatsoever that he is telling the truth.,U rost gapirayotganiga mutlaqo shubham yo'q.,at all whatever,
leap,verb,B1,sakramoq hatlamoq,прыгать,To make a large or sudden jump from one place to another.,ˈliːp,21300,actions,The cat prepared to leap across the fence to catch the bird.,Mushuk qushni tutish uchun devor oshib sakrashga tayyorlandi.,jump spring,
snoring,noun,B1,xurrak xurrak otish,храп,The harsh sound made by breathing loudly through the nose and mouth while sleeping.,ˈsnɔːɹɪŋ,21302,body-health,His snoring was so loud that it kept the whole house awake.,Uning xurrak otishi shunchalik qattiq ediki butun uyni uygʻotib yubordi.,,
ivy,noun,B2,pechak pechakgul,плющ,A climbing plant that grows on walls or trees with evergreen leaves.,ˈaɪvi,21304,nature,The old stone wall was covered in thick green ivy plants.,Eski tosh devor qalin yashil pechak bilan qoplangan edi.,,
kidnap,verb,B2,oʻgʻirlab ketmoq garovga olmoq,похищать,"To take a person away by force, usually to demand money for their release.",ˈkɪdnæp,21306,actions,The criminals planned to kidnap the wealthy man for a large ransom.,Jinoyatchilar boy odamni katta toʻlov evaziga oʻgʻirlab ketmoqchi boʻlishdi.,abduct,
bounce,verb,A2,sakramoq tepmoq,подпрыгивать,To hit a surface and move back quickly in the opposite direction.,baʊns,21308,actions,The tennis ball bounced off the wall during our practice session.,Mashgʻulot paytida tennis toʻpi devorga urilib qaytdi.,rebound,
pony,noun,A2,poni pakana ot,пони,A type of small horse that is shorter than most other horse breeds.,ˈpəʊni,21310,animals,The children enjoyed riding a gentle pony at the local farm.,Bolalar mahalliy fermada yuvosh poniga minib zavqlanishdi.,horseling,
businessman,noun,A2,tadbirkor biznesmen,бизнесмен,A man who works in business or has an important job in a company.,ˈbɪznəsmən,21312,work,The successful businessman travels to many countries for his important meetings.,Muvaffaqiyatli tadbirkor oʻzining muhim uchrashuvlari uchun koʻplab mamlakatlarga sayohat qiladi.,businessperson,
