headword,pos,cefr_level,translation_uz,translation_ru,definition_en,ipa,frequency_rank,category,example_en,example_uz,synonyms,antonyms
rights,noun,B1,huquqlar,права,Legal or social entitlements that allow people to do something or be treated fairly.,ɹaɪts,5000,ielts,Every citizen has the right to live freely in their own country.,Har bir fuqaro o‘z mamlakatida erkin yashash huquqiga ega.,entitlements,
user,noun,A2,foydalanuvchi ishlatuvchi,пользователь,"A person who uses a product, service, or computer system.",ˈjuːzə,5002,school,The website requires every new user to create a personal password today.,Veb-sayt har bir yangi foydalanuvchidan shaxsiy parol yaratishni talab qiladi.,consumer,
said,adjective,B2,yuqorida tilga olingan ko‘rsatilgan,вышеупомянутый,Already mentioned or named previously in a formal document or speech.,sɛd,5004,ielts,The said person was seen leaving the building late last night.,Yuqorida tilga olingan shaxs kecha kechasi binodan chiqib ketayotgani ko‘rildi.,aforesaid mentioned,
set,verb,A2,qo‘ymoq joylashtirmoq,класть,To place something in a particular position or place.,sɛt,5006,actions,Please set the plates on the dining table before we eat dinner.,"Iltimos, kechki ovqatni yeyishimizdan oldin likopchalarni ovqat stoliga qo‘ying.",put lay,pick up
general,adjective,B1,umumiy,общий,"Affecting or concerning all or most people, places, or things.",ˈd͡ʒɛn.(ə.)ɹəl,5008,describing,The general public wants to know more about the new government policy.,Umumiy jamoatchilik yangi hukumat siyosati haqida ko‘proq bilishni istaydi.,common universal,specific
university,noun,A2,universitet,университет,A place of higher education where students study for degrees.,junɪˈvɜːsəti,5010,school,She decided to study medicine at the local university next autumn.,U keyingi kuzda mahalliy universitetda tibbiyot sohasida o‘qishga qaror qildi.,college,
january,noun,A1,yanvar,январь,"The first month of the year, which comes after December.",ˈdʒænjuəri,5012,time,January is usually the coldest month of the year in this region.,Yanvar odatda bu mintaqadagi yilning eng sovuq oyi hisoblanadi.,,
mail,noun,A2,pochta xat,почта,Letters and packages that are sent to people through a public postal service.,meɪl,5014,work,Don't forget to pick up the mail on your way.,Yo'l-yo'lakay pochtangizni olib ketishni unutmang.,post,email
full,adjective,A1,to'la to'liq,полный,Containing as much as possible; having no empty space left.,fʊl,5016,describing,The jugs were full to the point of overflowing.,Ko'zalar toshib ketguncha to'la edi.,filled complete,empty
program,noun,B1,dastur reja,программа,"A planned series of future events, activities, or instructions for a computer.",ˈpɹəʊ̯ˌɡɹæm,5018,ielts,Our program for today’s exercise class includes swimming and jogging.,Bugungi mashg'ulotlar dasturimizga suzish va yugurish kiradi.,plan schedule,
life,noun,A1,hayot umr,жизнь,The period between birth and death of a living person or organism.,ˈlaɪ̯f,5020,basics,I want my kids to live a good life.,Farzandlarim yaxshi hayot kechirishini xohlayman.,existence,death
games,noun,A1,o'yinlar,игры,"Activities that you play for fun, usually according to specific rules.",ɡeɪmz,5022,basics,We played several card games during our long trip.,Uzoq safarimiz davomida biz bir nechta karta o'yinlarini o'ynadik.,sports matches,
way,noun,A1,yo'l usul,путь,"A method or style of doing something, or the route to a place.",weɪ,5024,places,You're going about it the wrong way.,Siz bu ishni noto'g'ri usulda qilyapsiz.,method manner,
management,noun,B2,boshqaruv rahbariyat,управление,The act of controlling or organizing a business or a group of people.,ˈmæn.ɪd͡ʒ.mənt,5026,work,Excellent time management helped her succeed in all facets of her life.,Vaqtni a'lo darajada boshqarish unga hayotning barcha jabhalarida muvaffaqiyatga erishishga yordam berdi.,administration leadership,
part,noun,A2,qism bo'lak,часть,"Some, but not all, of a whole object or group.",pɑːt,5028,describing,She took a small part of the cake to her room.,U tortning kichik bir qismini xonasiga olib kirdi.,portion piece,whole
great,adjective,A1,ajoyib a'lo,замечательный,"Very good, excellent, or wonderful.",ˈɡɹeɪt,5030,describing,We had a great time at the park yesterday afternoon.,Kecha tushdan keyin bog'da ajoyib vaqt o'tkazdik.,excellent wonderful,bad
united,adjective,B2,birlashgan yagona,объединенный,Joined together as a single group or entity to achieve a goal.,juːˈnaɪtɪd,5032,ielts,A united effort is needed to solve the environmental problem.,Ekologik muammoni hal qilish uchun birlashgan harakat kerak.,combined integrated,disunited
real,adjective,A2,haqiqiy chin,настоящий,"Actually existing; not fake, artificial, or imaginary.",ɹiːl,5034,describing,"She carries a bag made of real leather, not plastic.",U plastmassadan emas balki haqiqiy charmdan tikilgan sumka ko'tarib yuradi.,genuine authentic,fake
item,noun,B1,buyum narsa,предмет,"A single, separate object or thing.",ˈaɪ.təm,5036,home,Please write down every item you need for the kitchen.,Iltimos oshxona uchun kerakli har bir buyumni yozib chiqing.,object thing,
international,adjective,B2,xalqaro baynalminal,международный,Involving more than one country or nation.,ˌɪn.təˈnæʃ.(ə.)n(ə)l,5038,ielts,The university attracts many international students every single year.,Universitet har yili ko'plab xalqaro talabalarni o'ziga jalb qiladi.,global worldwide,national
center,noun,A2,markaz o'rta,центр,The middle point or part of something.,ˈsɛn.təː,5040,places,The city center is very crowded during the weekend evenings.,Shahar markazi dam olish kunlari kechqurunlari juda gavjum bo'ladi.,middle heart,edge
store,noun,A1,do'kon,магазин,A building or place where you can buy things.,stɔː,5042,places,I went to the store to buy some fresh milk.,Men yangi sut sotib olish uchun do'konga bordim.,shop market,
comments,noun,B1,izohlar fikrlar,комментарии,Words or sentences that express an opinion or reaction.,ˈkɑmɛnts,5044,work,She left some positive comments about the new project report.,U yangi loyiha hisoboti haqida ijobiy izohlar qoldirdi.,remarks feedback,
made,verb,A1,qilingan yasalgan,сделанный,"The past form of make, meaning to create or build something.",meɪd,5046,basics,She made a delicious cake for her friend's birthday party yesterday.,U kecha do'stining tug'ilgan kuni uchun mazali tort tayyorladi.,built created,
development,noun,B2,rivojlanish taraqqiyot,развитие,"The process of growing, improving, or changing into a more advanced state.",dɪˈvɛl.əp.mənt,5048,ielts,Technological development has changed how we communicate in the modern world.,Texnologik rivojlanish zamonaviy dunyoda muloqot qilish usulimizni o'zgartirdi.,growth progress,
report,noun,B1,hisobot xabar,отчет,A document or statement that gives information about a specific subject.,ɹɪˈpɔːt,5050,work,The manager asked for a detailed report on the project sales.,Menejer loyiha savdolari bo'yicha batafsil hisobot so'radi.,account record,
member,noun,A2,a'zo qatnashchi,член,"A person, animal, or group that is part of a larger organization.",ˈmɛmbə,5052,people-family,He is a long-time member of the local tennis club.,U mahalliy tennis klubining uzoq yillik a'zosi.,participant partner,
details,noun,A2,tavsilotlar tafsilotlar,подробности,Small facts or pieces of information about something.,ˈdiːteɪlz,5054,describing,Please provide more details about the travel plans for next week.,"Iltimos, keyingi hafta uchun sayohat rejalari haqida batafsilroq ma'lumot bering.",specifics particulars,
line,noun,A1,chiziq qator,линия,"A long, thin mark on a surface or a row of people.",laɪn,5056,basics,Please stand in a straight line while waiting for the bus.,"Avtobus kutayotganda, iltimos, to'g'ri qatorda turing.",row stripe,
terms,noun,B2,shartlar atamalar,условия,The conditions that must be accepted for an agreement to exist.,tɜːmz,5058,ielts,We must agree on the terms of the contract before signing.,Shartnomani imzolashdan oldin biz uning shartlariga rozi bo'lishimiz kerak.,conditions provisions,
before,preposition,A1,oldin ilgari,до,At an earlier time or in front of something.,bɪˈfɔː,5060,time,You should wash your hands before you eat your dinner.,Kechki ovqatni yeyishdan oldin qo'lingizni yuvishingiz kerak.,previously ahead,after
send,verb,A1,yubormoq jo'natmoq,посылать,To make something go from one place to another.,sɛnd,5062,basics,Please send me an email as soon as you arrive home.,Iltimos uyga yetib borganingiz zahoti menga xat yuboring.,dispatch transmit,receive
right,adjective,A1,to'g'ri o'ng,правильный правый,Complying with justice or correctness; not wrong.,ˈɹaɪt,5064,describing,You have the right answer to this difficult math problem.,Sizda bu qiyin matematika masalasiga to'g'ri javob bor.,correct accurate,wrong
type,noun,A2,tur xil,тип вид,A group of things that share similar characteristics.,taɪp,5066,describing,What type of music do you like to listen to?,Siz qaysi turdagi musiqani tinglashni yoqtirasiz?,kind sort,
because,conjunction,A1,chunki sababli,потому что,For the reason that.,bɪkəz,5068,basics,I am staying home because I have a bad cold.,"Men uyda qolayapman, chunki shamollab qoldim.",as since,
local,adjective,B1,mahalliy joydagi,местный,Existing in or belonging to the area where you live.,ˈləʊ.kl̩,5070,places,We usually buy fresh vegetables at the local market.,Biz odatda yangi sabzavotlarni mahalliy bozordan xarid qilamiz.,regional nearby,foreign
using,verb,A2,foydalanib ishlatib,используя,Operating or employing a tool or method to achieve a result.,ˈjuː.zɪŋ,5072,actions,She is using a new computer program for her project.,U loyihasi uchun yangi kompyuter dasturidan foydalanmoqda.,utilizing employing,
results,noun,B1,natijalar oqibatlar,результаты,The things that happen or exist because of an action or process.,ɹɪˈzʌlts,5074,ielts,The results of the medical test will be ready tomorrow.,Tibbiy tahlil natijalari ertaga tayyor bo'ladi.,outcomes consequences,
education,noun,B1,ta'lim ma'lumot,образование,The process of teaching and learning at a school or college.,ˌɛd͡ʒ.ʊˈkeɪ.ʃn̩,5076,school,Higher education is very important for a successful future career.,Oliy ta'lim muvaffaqiyatli kelajak karyerasi uchun juda muhimdir.,schooling training,
national,adjective,B1,milliy davlat,национальный,Relating to or typical of a whole country or nation.,ˈnaʃ.ə.nəl,5078,ielts,The government is trying to improve the national health service for everyone.,Hukumat hamma uchun milliy sog'liqni saqlash tizimini yaxshilashga harakat qilmoqda.,public state,local
design,noun,A2,dizayn loyiha,дизайн,The way in which something is planned and made to look.,dɪˈzaɪn,5080,work,We are working on some new designs for our summer shirt collection.,Biz yozgi ko'ylaklar to'plamimiz uchun yangi dizaynlar ustida ishlamoqdamiz.,plan style,
internet,noun,A1,internet,интернет,A global computer network that allows people to share information.,ˈɪntəˌnɛt,5082,basics,Most people today use the internet to find information for their studies.,Bugungi kunda ko'pchilik o'qish uchun ma'lumot topish maqsadida internetdan foydalanadi.,web online,
address,noun,A1,manzil,адрес,The details of the building where a person lives or works.,əˈdɹɛs,5084,basics,Could you please write down your home address for the delivery service?,Iltimos yetkazib berish xizmati uchun uy manzilingizni yozib bera olasizmi?,location place,
within,preposition,B2,ichida doirasida,внутри,"Inside the limits of a particular area, time, or set of rules.",wɪðˈɪn,5086,ielts,The package should arrive within three days from the date of purchase.,Posilka sotib olingan kundan boshlab uch kun ichida yetib kelishi kerak.,inside internally,outside
area,noun,A2,hudud joy,область,"A particular part of a place, city, or country.",ˈɛə.ɹi.ə,5088,places,This area of the city is known for its beautiful public parks.,Shaharning bu hududi go'zal istirohat bog'lari bilan mashhur.,region zone,
phone,noun,A1,telefon,телефон,An electronic device used for talking to people who are far away.,ˈfəʊ̯n,5090,basics,I left my phone at home and could not call my mother.,Men telefonimni uyda qoldirib ketdim va onamga qo'ng'iroq qila olmadim.,mobile telephone,
dvd,noun,B1,dvd disk,диск,"A small plastic disc used for storing music, films, or computer programs.",ˌdiːviːˈdiː,5092,home,We watched an old movie on a DVD last night with friends.,Biz o'tgan kechasi do'stlarimiz bilan DVD diskda eski kino ko'rdik.,disc,
shipping,noun,B1,yuk tashish yetkazib berish,перевозка,The business of moving goods from one place to another.,ˈʃɪpɪŋ,5094,work,The shipping of these heavy items will take about five business days.,Ushbu og'ir narsalarni yetkazib berish taxminan besh ish kuni davom etadi.,transportation delivery,
reserved,adjective,B2,vazmin kamgap,сдержанный,Not showing your feelings or thoughts easily to other people.,ɹɪˈzɝvd,5096,describing,He was a quiet and reserved person who rarely spoke in meetings.,U yig'ilishlarda kam gapiradigan vazmin va kamgap inson edi.,aloof distant,outgoing
subject,noun,B1,mavzu fan,предмет,"The thing that is being discussed, described, or studied.",ˈsʌb.d͡ʒɛkt,5098,school,Mathematics is my favorite subject at the university this year.,Matematika bu yil universitetdagi eng sevimli fanim.,topic theme,
between,preposition,A1,o'rtasida,между,In the space that separates two people or things.,bɪˈtwiːn,5100,basics,The meeting is scheduled to take place between two and three o'clock.,Uchrashuv soat ikki va uch oralig'ida bo'lib o'tishi rejalashtirilgan.,among,
forum,noun,B2,forum minbar,форум,A place or meeting where ideas and views can be shared.,ˈfɔːɹəm,5102,ielts,The internet forum allowed people to discuss their shared hobbies freely.,Internet forumi odamlarga o'z umumiy qiziqishlarini erkin muhokama qilishga imkon berdi.,meeting platform,
based,adjective,B1,asoslangan negizlangan,основанный,Having a particular place or foundation as the starting point.,beɪst,5104,ielts,This new movie is based on a famous book from the century.,Ushbu yangi film asrdagi mashhur kitob asosida yaratilgan.,founded,
code,noun,A2,kod tartib,код,"A system of numbers, letters, or symbols used to represent information.",kəʊd,5106,work,You need to enter the secret code to open the office door.,Ofis eshigini ochish uchun maxfiy kodni kiritishingiz kerak.,system,
show,verb,A1,ko'rsatmoq namoyish etmoq,показывать,To let someone see something or allow it to be seen.,ʃəʊ,5108,basics,Can you show me the way to the nearest bus station?,Menga eng yaqin avtobus bekatigacha bo'lgan yo'lni ko'rsata olasizmi?,display demonstrate,hide
even,adjective,B1,tekis silliq,ровный,Flat and level with no raised parts.,ˈiː.vən,5110,describing,You should clean the rocks so the ground becomes perfectly even.,Toshlarni tozalab tashlang shunda yer mukammal tekis bo'ladi.,flat level,uneven
check,verb,A1,tekshirmoq,проверять,To look at something to make sure it is correct or safe.,t͡ʃɛk,5112,actions,Please check the oil in your car once a month.,Iltimos mashinangizdagi moyni oyiga bir marta tekshirib turing.,examine inspect,
special,adjective,A2,maxsus alohida,особенный,Different from what is normal or usual for a particular reason.,ˈspɛʃ.əl,5114,describing,She prepared a special meal for our anniversary dinner tonight.,U bugun oqshom yilligimiz munosabati bilan maxsus taom tayyorladi.,particular unique,ordinary
website,noun,A1,veb-sayt,веб-сайт,A place on the internet that contains information about a specific topic.,ˈwɛbˌsaɪt,5116,work,You can find more information about the products on their website.,Mahsulotlar haqida ko'proq ma'lumotni ularning veb-saytidan topishingiz mumkin.,site,
women,noun,A1,ayollar,женщины,More than one adult female human.,ˈwɪm.ɪn,5118,people-family,Many women work in the hospital as nurses and doctors.,Ko'plab ayollar shifoxonada hamshira va shifokor bo'lib ishlaydilar.,ladies,men
sign,noun,A2,belgi ishora,знак,A mark or object that shows that something exists or is true.,saɪn,5120,describing,Their angry faces were a clear sign that they were upset.,Ularning jahldor yuzlari xafa bo'lganliklarining aniq belgisi edi.,indication symbol,
file,noun,B1,fayl hujjatlar papkasi,файл,A container or folder for keeping papers and documents organized together.,faɪl,5122,work,Please put these important documents into the correct office file.,Iltimos ushbu muhim hujjatlarni kerakli ofis papkasiga joylashtiring.,folder document,
link,noun,A2,havola bog'lanish,ссылка,"A connection between two people, things, or websites.",ˈlɪŋk,5124,work,Click on the link to open the new web page immediately.,Yangi veb-sahifani darhol ochish uchun havolani bosing.,connection hyperlink,
technology,noun,B1,texnologiya,технология,Scientific knowledge used in industry and for designing new machines or equipment.,tɛkˈnɒl.ə.dʒi,5126,work,Modern technology has changed the way we communicate with each other daily.,Zamonaviy texnologiyalar bizning bir-birimiz bilan kundalik muloqot qilish tarzimizni o'zgartirdi.,,
south,noun,A2,janub,юг,The direction that is on your right when you are facing the rising sun.,ˈsaʊ̯θ,5128,places,Many birds fly to the south when the cold winter begins.,Sovuq qish boshlanganda ko'plab qushlar janubga uchib ketadi.,,north
case,noun,B1,holat vaziyat,случай,A specific instance or situation that is being considered or talked about.,keɪs,5130,ielts,"In this case, it is better to wait before making a decision.",Bu vaziyatda qaror qabul qilishdan oldin kutish yaxshiroqdir.,instance situation,
project,noun,B1,loyiha,проект,A planned piece of work that has a specific goal and takes time.,ˈpɹɒd͡ʒ.ɛkt,5132,work,The team is working on a new project to improve our website.,Jamoa veb-saytimizni yaxshilash bo'yicha yangi loyiha ustida ishlamoqda.,plan design,
version,noun,B1,versiya variant,версия,A particular form of something that is slightly different from other forms.,ˈvɜːʒn̩,5134,ielts,This is the latest version of the software with many new features.,Bu dasturiy ta'minotning ko'plab yangi xususiyatlarga ega eng so'nggi versiyasidir.,variant,
section,noun,B1,bo'lim qism,раздел,One of the parts that something is divided into.,ˈsɛkʃən,5136,school,Please read the final section of the book before our next lesson.,"Iltimos, keyingi darsimizdan oldin kitobning oxirgi qismini o'qib chiqing.",part division,
found,verb,B2,asos solmoq,основывать,"To start an organization, institution, or city and provide the money for it.",ˈfaʊ̯nd,5138,ielts,They decided to found a new company to help young local artists.,Ular yosh mahalliy rassomlarga yordam berish uchun yangi kompaniya ochishga qaror qilishdi.,establish create,
related,adjective,B1,aloqador bogliq,связанный,Connected to something else or belonging to the same family.,ɹɪˈleɪtɪd,5142,describing,Electric and magnetic forces are very closely related to each other.,Elektr va magnit kuchlari bir-biri bilan juda yaqin bog'liqdir.,connected linked,unrelated
security,noun,B2,xavfsizlik,безопасность,The state of being safe and protected from danger or harm.,sɪˈkjʊə.ɹə.ti,5144,ielts,The government is working to improve national security for all citizens.,Hukumat barcha fuqarolar uchun milliy xavfsizlikni kuchaytirish ustida ishlamoqda.,protection safety,
county,noun,B2,okrug,графство,A large administrative region of a country or state.,ˈkaʊnti,5146,places,He lives in a quiet rural county outside of the city.,U shahardan tashqaridagi sokin qishloq okrugida yashaydi.,region district,
American,adjective,A1,amerika amerikalik,американский,Relating to the United States of America or its people.,əˈmerɪkən,5148,basics,I really enjoy watching classic American movies on the weekend.,Men dam olish kunlari klassik Amerika kinolarini tomosha qilishni juda yoqtiraman.,,
game,noun,A1,o'yin,игра,An activity or sport that people play according to specific rules.,ˈɡeɪ̯m,5150,basics,We played a fun board game with our friends last night.,Biz o'tgan oqshom do'stlarimiz bilan qiziqarli stol o'yini o'ynadik.,match contest,
power,noun,B1,kuch quvvat,сила,"The ability, strength, or energy to do something or control situations.",ˈpaʊ̯ə̯,5152,ielts,The storm caused a loss of electrical power in the building.,Bo'ron binoda elektr quvvatining uzilishiga sabab bo'ldi.,strength energy,
while,conjunction,A2,paytda holbuki,пока,During the time that something else is happening.,ʍaɪl,5154,time,Please stay here while I go to get some fresh water.,"Men yangi suv olib kelguncha, iltimos, shu yerda qoling.",during as,
care,noun,A2,g'amxo'rlik e'tibor,забота,The process of looking after someone or something and providing what is needed.,kɛə,5156,feelings,She took great care of her plants during the hot summer.,U issiq yoz davomida o'simliklariga juda yaxshi g'amxo'rlik qildi.,attention concern,neglect
network,noun,B1,tarmoq,сеть,A group of people or things that are connected to each other.,ˈnɛt.wɜːk,5158,ielts,She built a strong network of professional contacts to help her career.,U o'z karyerasiga yordam beradigan kuchli professional aloqalar tarmog'ini qordi.,system grid,
down,adverb,A1,pastga,вниз,Towards a lower place or position.,ˈdaʊ̯n,5160,basics,The cat jumped down from the table when it heard a noise.,Mushuk shovqinni eshitgach stoldan pastga sakradi.,,up
computer,noun,A1,kompyuter,компьютер,An electronic machine that stores and processes information.,kəmˈpjuːtə,5162,basics,I spend most of my working day sitting at my computer.,Men ish kunimning ko'p qismini kompyuter oldida o'tkazaman.,pc laptop,
total,adjective,B1,umumiy jami,полный,The entire amount or complete number of something.,ˈtəʊ.tl̩,5164,ielts,The total cost of the project was much higher than we expected.,Loyiha uchun umumiy xarajat biz kutgandan ancha yuqori bo'ldi.,entire complete,partial
place,noun,A1,joy,место,"A particular area, town, or building.",ˈpleɪ̯s,5166,places,This park is a beautiful place to spend time with family.,Bu park oila bilan vaqt o'tkazish uchun chiroyli joy.,location area,
end,noun,A2,oxir tugash,конец,The final part of something such as a period of time or activity.,ɛnd,5168,time,We stayed at the beach until the very end of the day.,Biz kunning oxirigacha dengiz sohilida qoldik.,finish conclusion,beginning
following,adjective,B1,keyingi,следующий,Coming next in order or time.,ˈfɒləʊɪŋ,5170,ielts,Please read the following instructions before you start the exam.,Iltimos imtihonni boshlashdan oldin keyingi ko'rsatmalarni o'qing.,next succeeding,preceding
download,verb,A2,yuklab olmoq,скачивать,To move information from the internet to your own computer or phone.,ˈdaʊnˌləʊd,5172,actions,I need to download a new app to edit my photos.,Rasmlarimni tahrirlash uchun yangi ilova yuklab olishim kerak.,,upload
without,preposition,A1,-siz (biror narsasiz),без,Not having or not including something or someone.,wɪðˈaʊt,5174,basics,I cannot imagine my morning without a cup of tea.,Ertalabimni bir piyola choysiz tasavvur qila olmayman.,,with
north,noun,A2,shimol,север,The direction that is to the left if you are looking at the sunrise.,nɔːθ,5176,travel,Many birds fly to the north when the weather gets warmer.,Havo isiganida ko'plab qushlar shimolga uchib ketishadi.,,
current,adjective,B1,hozirgi joriy,текущий,Happening or existing now; of the present time.,ˈkʌɹənt,5178,ielts,Please give me your current address so I can send the letter.,"Xatni yuborishim uchun iltimos, hozirgi manzilingizni ayting.",present contemporary,past
media,noun,B2,ommaviy axborot vositalari,средства массовой информации,Organizations like newspapers and television that provide news and information to the public.,ˈmiː.di.ə,5180,ielts,The local media reported that the new project will start next month.,Mahalliy ommaviy axborot vositalari yangi loyiha kelasi oyda boshlanishini xabar qildi.,,
law,noun,A2,qonun huquq,закон,A rule made by a government that people must follow.,lɔː,5182,ielts,It is against the law to drive without a seat belt on.,Xavfsizlik kamarini taqmasdan mashina haydash qonunga ziddir.,,
control,verb,B1,boshqarmoq nazorat qilmoq,управлять,To have the power to direct or manage something.,kənˈtɹəʊl,5184,actions,You need to learn how to control your anger in stressful situations.,Stressli vaziyatlarda jahlingizni boshqarishni o'rganishingiz kerak.,manage,
history,noun,A2,tarix,история,The study of things that happened in the past.,ˈhɪs.tə.ɹi,5186,school,I really enjoy studying world history at school with my friends.,Maktabda do'stlarim bilan jahon tarixini o'rganish menga juda yoqadi.,past,
pictures,noun,A2,kino kinoteatr,кино,A place where you go to watch movies on a big screen.,ˈpɪk.(t)ʃəz,5188,places,We usually go to the pictures on Friday nights to relax.,Biz odatda dam olish uchun juma oqshomlari kinoga boramiz.,cinema,
size,noun,A1,hajm o'lcham,размер,How big or small a person or thing is.,saɪz,5190,basics,The size of the building seemed to have increased since I was last there.,Binoning hajmi oxirgi marta kelganimdan beri kattalashgandek tuyuldi.,,
art,noun,A2,san'at,искусство,"The creation of paintings, drawings, or music that are beautiful or express ideas.",ɑːt,5192,describing,There is a debate as to whether graffiti is art or vandalism.,Graffiti san'atmi yoki vandalizm degan bahs bor.,,
personal,adjective,B1,shaxsiy,личный,Belonging or relating to one particular person rather than to anyone else.,ˈpɜː.sə.nəl,5194,describing,You can't read my diary because it is very personal.,Kundaligimni o'qiy olmaysiz chunki u juda shaxsiy.,private,public
since,conjunction,A2,chunki sababli,поскольку,For the reason that; because.,sɪn(t)s,5196,ielts,"Since you did not call, we left without you.",Chunki siz qo'ng'iroq qilmadingiz biz sizsiz ketdik.,as because,
including,preposition,B1,shuningdek qo'shib,включая,Used to show that someone or something is part of a larger group.,ɪnˈkluːdɪŋ,5198,ielts,"Fill in the details, including your name and your address.",Ismingiz va manzilingizni qo'shgan holda ma'lumotlarni to'ldiring.,,
directory,noun,B2,ma'lumotnoma katalog,справочник,"A book or computer file containing a list of names, addresses, or files.",dɪˈɹɛktəɹi,5200,work,I need to look up his phone number in the directory.,Uning telefon raqamini ma'lumotnomadan qidirib topishim kerak.,list index,
board,verb,B1,chiqish,садиться,"To get onto a plane, ship, or train to start a journey.",bɔːd,5202,travel,It is almost time for us to board the aircraft.,Samolyotga chiqishimizga deyarli vaqt bo'ldi.,enter get-on,disembark
location,noun,A2,joylashuv manzil,местоположение,A particular place or position where something is.,ləʊˈkeɪʃən,5204,places,The hotel is in a perfect location near the city center.,Mehmonxona shahar markaziga yaqin mukammal joyda joylashgan.,place site,
change,verb,A1,o'zgarmoq almashtirmoq,изменяться,To become different or to make something different from what it was before.,ˈt͡ʃeɪ̯nd͡ʒ,5206,actions,You should change your wet clothes before you catch a cold.,Shamollab qolmasliging uchun ho'l kiyimlaringni almashtirishing kerak.,alter modify,remain
text,verb,A2,yozmoq xabar yubormoq,писать сообщение,To send a written message using a mobile phone.,tɛkst,5208,basics,I will text you the meeting address when I arrive there.,U yerga yetib borganimda senga uchrashuv manzilini yozib yuboraman.,message,
rating,noun,B2,reyting baho,рейтинг,A measure of the value or quality of something on a scale.,ˈɹeɪtɪŋ,5210,ielts,The hotel has a high rating because the food is excellent.,Mehmonxona yuqori reytingga ega chunki ovqatlari juda mazali.,score rank,
rate,noun,B1,me'yor tezlik,скорость,The speed at which something happens or the price of something.,ɹeɪt,5212,ielts,The car was moving at a very high rate of speed.,Mashina juda yuqori tezlikda harakatlanayotgan edi.,speed level,
children,noun,A1,bolalar,дети,Young human beings who are not yet adults.,[ˈt͡ʃʊld̠ɹ̠ ̝ʷən],5214,people-family,Many children played together in the park during the sunny afternoon.,Quyoshli tushdan keyin ko'plab bolalar bog'da birga o'ynashdi.,kids,adults
during,preposition,A2,davomida mobaynida,в течение,Happening at some point within a period of time.,ˈdjʊə.ɹɪŋ,5216,time,I fell asleep during the long and boring movie at night.,Men tunda uzoq va zerikarli film davomida uxlab qoldim.,throughout,
return,verb,A2,qaytmoq qaytarmoq,возвращаться,To come or go back to a place or person.,ɹɪˈtɜːn,5218,travel,We will return home after we finish all our work today.,"Bugun barcha ishlarimizni tugatgach, uyga qaytamiz.",come back go back,leave
shopping,noun,A1,xarid qilish,покупки,The activity of visiting shops to buy things that you need.,ˈʃɒpɪŋ,5220,basics,I usually go shopping for groceries with my mother every weekend.,Men odatda har dam olish kuni onam bilan oziq-ovqat xarid qilishga boraman.,,
account,noun,B1,hisob hisobvaraq,счёт,An arrangement with a bank to keep your money safe.,əˈkaʊnt,5222,work,She deposited her entire paycheck into her savings account this morning.,U o'zining butun oyligini bugun ertalab jamg'arma hisob raqamiga o'tkazdi.,,
level,adjective,B1,tekis silliq,ровный,"Flat and smooth, with no part higher than any other part.",ˈlɛv.l̩,5224,describing,Ensure the surface of the floor is perfectly level before laying tiles.,Plitkalarni yotqizishdan oldin pol sirtining mukammal tekis ekanligiga ishonch hosil qiling.,flush,
digital,adjective,B1,raqamli,цифровой,Relating to computer technology or information stored as numbers.,ˈdɪd͡ʒɪtl̩,5226,ielts,Digital payment systems are quickly replacing traditional cash transactions in many stores.,Raqamli to'lov tizimlari ko'plab do'konlarda an'anaviy naqd pul to'lovlarini tezda almashtirmoqda.,computerized electronic,
profile,noun,B2,profil ma'lumotnoma,профиль,A short description or summary of a person's life or character.,ˈpɹəʊfaɪl,5228,ielts,The detective created a detailed profile of the suspect based on evidence.,Detektiv dalillarga asoslanib gumonlanuvchining batafsil profilini yaratdi.,contour,
form,noun,A2,shakl blanka,форма,A document with empty spaces where you write required information.,fɔːm,5230,school,Please complete this application form and return it to the front desk.,"Iltimos, ushbu ariza shaklini to'ldiring va uni qabulxona stoliga qaytaring.",,
john,noun,C1,hojatxona,туалет,A common informal word for a toilet or a room with a toilet.,ˈd͡ʒɑn,5232,home,"Excuse me, could you tell me where the john is located?","Kechirasiz, hojatxona qayerda joylashganini ayta olasizmi?",can,
main,adjective,A2,asosiy bosh,основной,The most important or largest part of something.,meɪn,5234,basics,The main reason for the meeting is to discuss our future plans.,Uchrashuvning asosiy sababi bizning kelajakdagi rejalarimizni muhokama qilishdir.,largest,
image,noun,B1,tasvir rasm,образ,A picture or photograph of a person or object.,ˈɪm.ɪdʒ,5236,ielts,The image on the screen was very clear and easy to see.,Ekrandagi tasvir juda aniq va ko'rish uchun oson edi.,,
department,noun,B1,bolim kafedra,отдел,A specific section of a large organization or business.,dɪˈpɑːtm(ə)nt,5238,work,I work in the marketing department of a large car company.,Men katta avtomobil kompaniyasining marketing bolimida ishlayman.,section division,
title,noun,A2,nom sarlavha,название,"The name of a book, movie, or song.",ˈtaɪ̯.təl,5240,describing,I cannot remember the title of the movie we watched yesterday.,Kecha tomosha qilgan kinoyimizning nomini eslay olmayapman.,name heading,
description,noun,B1,tasvir tavsif,описание,Words that tell you what someone or something looks like or is like.,dɪˈskɹɪpʃən,5242,describing,The police asked for a detailed description of the missing man.,Politsiya bedarak yoqolgan odamning batafsil tavsifini soradi.,account report,
property,noun,B2,mulk mol-mulk,собственность,Something that belongs to someone; houses or land.,ˈpɹɒp.ə.ti,5244,home,You are not allowed to damage public property in the park.,Bogdagi davlat mulkiga zarar yetkazishingizga ruxsat yoq.,possession assets,
still,adverb,A2,hali hamon,еще,Continuing to happen or be true now.,ˈstɪl,5246,time,"It is still raining outside, so we should stay indoors today.","Tashqarida hali ham yomgir yogmoqda, shuning uchun bugun ichkarida qolishimiz kerak.",yet continues,
quality,noun,B1,sifat,качество,How good or bad something is.,ˈkwɒl.ɪ.ti,5248,describing,This company is famous for the high quality of its products.,Bu kompaniya oz mahsulotlarining yuqori sifati bilan mashhur.,standard excellence,quantity
content,noun,B2,mazmun tarkib,содержание,The things or information that are inside something.,kənˈtɛnt,5250,ielts,The table of contents shows the chapters of the book clearly.,Mundarija kitobning boblari haqida aniq malumot beradi.,subject matter,
private,adjective,B1,shaxsiy xususiy,частный,"For the use of one person or group, not for the public.",ˈpɹaɪ.vɪt,5252,describing,I prefer to keep my private life away from my job.,Men shaxsiy hayotimni ishimdan uzoqroq tutishni afzal koraman.,personal confidential,public
little,adjective,A1,kichik jajji,маленький,Small in size or not very large.,ˈlɪ.tl̩,5254,describing,They live in a little house near the big blue river.,Ular katta moviy daryo yaqinidagi kichik uyda yashashadi.,small tiny,big
visit,verb,A1,tashrif buyurmoq ko'rib kelmoq,посещать,To go to a place or person for a short time.,ˈvɪzɪt,5256,actions,I want to visit my grandparents in the village this summer.,Men yozda qishloqdagi bobo va buvijonimni ko'rib kelmoqchiman.,see,
save,verb,A2,saqlamoq tejamoq,сохранять,To keep something safe or to avoid using too much of something.,seɪv,5258,actions,We should save money for our vacation next year.,Biz kelasi yilgi ta'tilimiz uchun pul tejashimiz kerak.,keep store,waste
tools,noun,A2,asboblar uskunalar,инструменты,Objects used to do a particular type of work or repair things.,tuːlz,5260,work,He keeps all his metal tools in a large wooden box.,U barcha metall asboblarini katta yog'och qutida saqlaydi.,instruments equipment,
low,adjective,A2,past,низкий,Not high; near the ground or below the average level.,ˈləʊ,5262,describing,The temperature is very low during the cold winter nights.,Qishning sovuq tunlarida harorat juda past bo'ladi.,short,high
reply,verb,A2,javob bermoq,отвечать,To say or write something in response to someone.,ɹɪˈplaɪ,5264,actions,Did you reply to the email that your teacher sent yesterday?,O'qituvchingiz kecha yuborgan xatga javob berdingizmi?,answer respond,
december,noun,A1,dekabr,декабрь,The twelfth and last month of the year.,dɪˈsembə,5266,time,We usually have a party at the end of December.,Biz odatda dekabr oyining oxirida ziyofat qilamiz.,,
movies,noun,A1,kinolar kino,кино,"Films that you watch for entertainment, often at a cinema.",ˈmuːviz,5268,places,My friends and I are going to the movies this Friday.,Do'stlarim va men shu juma kuni kinoga boryapmiz.,films cinema,
include,verb,A2,o'z ichiga olmoq qamrab olmoq,включать,To make someone or something part of a larger group or set.,ɪnˈkluːd,5270,actions,The total price of the trip will include our flight tickets.,Sayohatning umumiy narxi aviachiptalarimizni o'z ichiga oladi.,contain involve,exclude
college,noun,A2,kollej oliy o'quv yurti,колледж,A place where students study for a degree after finishing high school.,ˈkɒl.ɪdʒ,5272,school,My sister is studying history at a local college this year.,Singlim bu yil mahalliy kollejda tarix fanini o'qimoqda.,university academy,
value,noun,B1,qiymat ahamiyat,ценность,How much something is worth or how important it is to someone.,ˈvæl.juː,5274,ielts,There is great value in learning how to speak a new language.,Yangi tilni o'rganishda katta ahamiyat bor.,worth importance,
provide,verb,B1,ta'minlamoq bermoq,предоставлять,To give something that is needed or wanted to someone.,pɹəˈvaɪd,5276,work,The hotel will provide free breakfast for all of its guests.,Mehmonxona barcha mehmonlari uchun bepul nonushta taqdim etadi.,supply give,
author,noun,A2,muallif yozuvchi,автор,"A person who writes books, stories, or articles as their job.",ˈɔː.θə,5278,people-family,The author signed copies of his new book at the shop.,Muallif do'konda o'zining yangi kitobini imzolab berdi.,writer creator,
different,adjective,A1,boshqa farqli,другой,Not the same as another person or thing.,ˈdɪf.ə.ɹənt,5280,describing,My brother and I have very different tastes in music.,Akam va mening musiqa borasidagi didimiz juda farqli.,distinct unlike,same
press,verb,A2,bosmoq siqmoq,нажимать,To push something firmly with your finger or hand.,pɹɛs,5282,actions,You need to press the red button to start the machine.,Mashinani ishga tushirish uchun qizil tugmani bosishingiz kerak.,push touch,
sale,noun,A2,sotuv savdo,продажа,The act of exchanging goods or services for money.,seːl,5284,work,They celebrated the successful sale of the company last week.,Ular o'tgan hafta kompaniyaning muvaffaqiyatli sotuvini nishonlashdi.,deal transaction,
around,preposition,A1,atrofida atrof,вокруг,Located on all sides of a person or object.,əˈɹaʊnd,5286,basics,She wore a simple gold chain around her neck.,U bo'yniga oddiy tilla zanjir taqib yurardi.,about encircling,
print,verb,A2,chop etmoq nashr qilmoq,печатать,To produce words or images on paper using a machine.,pɹɪnt,5288,work,Please print the document so we can read it together.,Iltimos hujjatni chop eting biz uni birga o'qib chiqamiz.,publish copy,
course,noun,B1,kurs yo'nalish,курс,A series of lessons or a planned path of study.,kɔːs,5290,school,I am taking an English course to improve my speaking skills.,Men gapirish qobiliyatimni oshirish uchun ingliz tili kursiga qatnayapman.,program class,
teen,noun,B1,o'smir yosh,подросток,A person between thirteen and nineteen years of age.,tiːn,5294,people-family,The center offers various sports activities for every teen in town.,Markaz shahardagi har bir o'smir uchun turli sport mashg'ulotlarini taklif etadi.,teenager youth,
stock,noun,B2,zaxira ombor,запас,A supply of goods available for sale in a store.,stɒk,5296,work,The store has a large stock of winter clothes in the warehouse.,Do'konning omborida qishki kiyim-kechaklarning katta zaxirasi bor.,supply inventory,
credit,noun,B2,kredit ishonch,кредит,An agreement to pay for goods or services at a later time.,ˈkɹɛdɪt,5298,ielts,They bought the new furniture using store credit last month.,Ular o'tgan oy do'kon krediti yordamida yangi mebel sotib olishdi.,trust loan,debt
point,verb,A2,ko'rsatmoq ishora qilmoq,указывать,To extend your finger towards something to show where it is.,pɔɪnt,5300,actions,It is considered very rude to point at other people.,Boshqa odamlarga qo'l bilan ishora qilish juda odobsizlik hisoblanadi.,indicate show,
join,verb,A2,qo'shilmoq birlashmoq,соединяться,To connect or combine two or more things into one.,ˈd͡ʒɔɪn,5302,actions,The plumber joined the two ends of the broken pipe.,Santexnik singan quvurning ikki uchini birlashtirdi.,connect combine,separate
science,noun,A2,fan,наука,The study of the natural world based on facts and evidence.,ˈsaɪ.əns,5304,school,"My favorite subjects at school are science, mathematics, and history.",Maktabdagi eng sevimli fanlarim bu tabiatshunoslik matematika va tarix.,knowledge study,
categories,noun,B2,toifalar kategoriyalar,категории,Groups of things that have similar characteristics or qualities.,ˈkæt.ɪ.ɡ(ə.)ɹiz,5308,ielts,The products in the store are divided into several categories.,Do'kondagi mahsulotlar bir necha toifaga bo'lingan.,groups classes,
advanced,adjective,B2,ilg'or rivojlangan,продвинутый,Modern and very complex or difficult.,ədˈvɑːnst,5310,ielts,I am taking a course in advanced computer programming techniques.,Men ilg'or kompyuter dasturlash texnikalari bo'yicha kursga qatnashyapman.,sophisticated modern,basic
west,noun,A2,g'arb,запад,The direction where the sun sets.,wɛst,5312,places,We used to live in the west of the country.,Biz mamlakatning g'arbiy qismida yashardik.,,east
english,noun,A1,ingliz tili,английский язык,"The language spoken in the UK, USA, and many other countries.",ˈɪŋ.ɡlɪʃ,5314,school,I practice speaking English with my friends every single day.,Men har kuni do'stlarim bilan ingliz tilida gaplashishni mashq qilaman.,,
left,adjective,A1,chap,левый,The side of your body that is not the right side.,ˈlɛft,5316,basics,You should look to the left before you cross the busy street.,Serob ko'chani kesib o'tishdan oldin chap tomonga qarashingiz kerak.,port,right
team,noun,A2,jamoa guruh,команда,A group of people working or playing a game together.,tiːm,5318,work,Our football team won the final game of the season last week.,Bizning futbol jamoamiz o'tgan hafta mavsumning oxirgi o'yinida g'alaba qozondi.,squad group,
estate,noun,B2,mulk meros,имущество,"Everything a person owns, especially after they pass away.",ɪˈsteɪt,5320,ielts,The lawyer managed the entire estate of the late famous businessman.,Advokat marhum mashhur tadbirkorning butun mulkini boshqardi.,property assets,
box,noun,A1,quti,коробка,A container with straight sides used for keeping or moving things.,bɒks,5322,home,I put all my old books inside a large cardboard box.,Men barcha eski kitoblarimni katta karton qutiga joyladim.,carton container,
conditions,noun,B1,sharoit holat,условия,The situation or environment in which something happens or exists.,kənˈdɪʃənz,5324,ielts,The working conditions at the new factory are very safe and clean.,Yangi zavoddagi mehnat sharoitlari juda xavfsiz va toza.,circumstances state,
select,verb,B2,tanlamoq saralamoq,выбирать,To choose something carefully from a group of possibilities.,sɪˈlɛkt,5326,actions,Please select the best answer from the list provided on the screen.,Iltimos ekranda taqdim etilgan ro'yxatdan eng to'g'ri javobni tanlang.,choose pick,
gay,adjective,B2,gey,гей,Feeling or showing romantic attraction to people of the same sex.,ɡeɪ,5328,people-family,The documentary discussed the history of the gay rights movement globally.,Hujjatli film butun dunyoda geylar huquqlari harakati tarixi haqida so'z yuritdi.,homosexual,
thread,noun,B1,ip,нить,A very thin piece of cotton or silk used for sewing.,θɹɛd,5330,home,She used a red thread to fix the button on her jacket.,U kurtkasidagi tugmani tuzatish uchun qizil ipdan foydalandi.,string cord,
note,verb,B1,qayd etmoq belgilab qo'ymoq,замечать,To notice something and give it your attention.,ˈnəʊ̯t,5332,actions,Please note that the library will be closed this coming Sunday.,"Iltimos, kutubxona kelayotgan yakshanba kuni yopiq bo'lishini qayd eting.",observe remark,ignore
large,adjective,A1,katta ulkan,большой,Greater than average in size or amount.,lɑːd͡ʒ,5334,describing,They live in a large house near the center of town.,Ular shahar markazi yaqinidagi katta uyda yashashadi.,big huge,small
gallery,noun,B1,galereya ko'rgazma zali,галерея,A room or building where people go to see art.,ˈɡæl.ə.ɹi,5336,places,We spent the whole afternoon looking at paintings in the gallery.,Biz butun tushdan keyinni galereyadagi rasmlarni tomosha qilib o'tkazdik.,exhibition museum,
however,adverb,B1,biroq lekin,однако,Used to say that something is different from what was said before.,haʊˈɛvə,5338,ielts,"It is a very good idea; however, it is too expensive.","Bu juda yaxshi g'oya, biroq u juda qimmat.",nevertheless though,
june,noun,A1,iyun,июнь,"The sixth month of the year, coming after May.",dʒuːn,5340,time,The weather is usually very nice in June.,Iyun oyida ob-havo odatda juda yaxshi bo'ladi.,,
october,noun,A1,oktyabr,октябрь,"The tenth month of the year, coming after September.",ɒkˈtəʊbə,5342,time,Our final exam will take place in October.,Yakuniy imtihonimiz oktyabr oyida bo'lib o'tadi.,,
november,noun,A1,noyabr,ноябрь,"The eleventh month of the year, coming after October.",nəʊˈvembə,5344,time,It starts to get quite cold here in November.,Noyabr oyida bu yerda ancha sovuq bo'la boshlaydi.,,
really,adverb,A2,haqiqatan chindan,действительно,Used to emphasize that something is true or to show feelings.,ˈɹɪə.li,5346,describing,The food at the new restaurant was really delicious.,Yangi restorandagi taomlar haqiqatan ham mazali edi.,truly actually,
action,noun,A2,harakat amal,действие,The process of doing something or taking steps to achieve a specific result.,ˈæk.ʃən,5348,actions,We need to take immediate action to solve this difficult problem.,Bu qiyin muammoni hal qilish uchun zudlik bilan chora ko'rishimiz kerak.,deed activity,inactivity
series,noun,B1,turkum seriya,серия,A group of similar things or events that happen one after another.,ˈsɪə.ɹiːz,5350,ielts,The university is hosting a series of lectures on environmental science.,Universitet atrof-muhit fanlari bo'yicha bir qator ma'ruzalar o'tkazmoqda.,sequence chain,
model,noun,B1,model namuna,модель,A small copy or representation of an object or building.,ˈmɒd.l̩,5352,work,The architect showed us a detailed model of the new library building.,Me'mor bizga yangi kutubxona binosining batafsil maketini ko'rsatdi.,design prototype,
air,noun,A1,havo,воздух,The invisible mixture of gases that surrounds the Earth and that we breathe.,ˈɛə̯,5354,nature,It is nice to go outside and get some fresh air today.,"Bugun tashqariga chiqib, toza havodan nafas olish juda yoqimli.",atmosphere,
industry,noun,B2,sanoat ishlab chiqarish,промышленность,The production of goods or services within a specific economic area.,ˈɪn.də.stɹi,5356,ielts,The tourism industry is vital for the economy of this coastal region.,Turizm sanoati ushbu qirg'oq bo'yi mintaqasi iqtisodiyoti uchun juda muhimdir.,business trade,
human,adjective,B1,insoniy odamga xos,человеческий,"Relating to or typical of people, as opposed to animals or machines.",ˈhjuː.mən,5358,people-family,To make mistakes is a natural part of human nature.,Xato qilish inson tabiatining tabiiy bir qismidir.,mortal,inhuman
second,adjective,A1,ikkinchi,второй,"Coming after the first one in time, order, or importance.",ˈsɛk.ənd,5360,time,This is the second time I have visited this beautiful city.,Bu men ushbu go'zal shaharga ikkinchi marta kelishim.,,first
accessories,noun,A2,aksessuarlar taqinchoqlar,аксессуары,Small items such as bags or jewelry used to decorate an outfit.,əkˈsɛs(ə)ɹiz,5362,clothes,She bought some new accessories to match her blue summer dress.,U ko'k rangli yozgi ko'ylagiga mos keladigan yangi aksessuarlar sotib oldi.,additions attachments,
cost,noun,A2,narx qiymat,цена,The amount of money you need to pay to buy or do something.,kɒst,5364,basics,The total cost of the new complex was an estimated 1.5 million.,Yangi majmuaning umumiy qiymati taxminan 1.5 millionni tashkil qildi.,price expense,
movie,noun,A1,kino film,фильм,A series of moving images shown on a screen that tells a story.,ˈmuːvi,5366,basics,He is watching a crime-thriller movie on his laptop right now.,U hozir noutbukida jinoyat haqidagi triller filmini ko'ryapti.,film,
march,verb,B1,yurish safda yurmoq,маршировать,To walk with regular steps as soldiers do in a group.,mɑːtʃ,5368,actions,The soldiers began to march across the large square in the morning.,Ertalab askarlar katta maydon bo'ylab yurishni boshladilar.,stride parade,
september,noun,A1,sentabr,сентябрь,"The ninth month of the year, which comes after August.",sɛpˈtɛmbə,5370,time,School starts in September every year after the long summer holidays.,Maktab har yili yozgi ta'tildan so'ng sentabr oyida boshlanadi.,,
better,adjective,A2,yaxshiroq,лучше,Higher in quality or more useful than another thing or person.,ˈbɛt.ə,5372,describing,The engine runs much better now that I have added new oil.,Yangi moy qo'shganimdan so'ng dvigatel ancha yaxshi ishlayapti.,superior,worse
july,noun,A1,iyul,июль,"The seventh month of the year, which comes after June.",dʒuːˈlaɪ,5374,time,We usually go to the mountains in July to avoid the heat.,Biz odatda issiqdan qochish uchun iyul oyida tog'larga boramiz.,,
going,verb,A1,borayotgan ketayotgan,идущий,Moving or travelling to a specific place or destination.,ˈɡəʊ.ɪŋ,5376,actions,I am going to the supermarket to buy some fresh fruit today.,Men bugun yangi meva sotib olish uchun supermarketga boryapman.,,
medical,adjective,B1,tibbiy,медицинский,Related to the science or practice of treating illnesses and injuries.,ˈmɛdɪkl̩,5378,body-health,She decided to study medical science to become a professional doctor.,U professional shifokor bo'lish uchun tibbiyot fanini o'qishga qaror qildi.,clinical,
test,noun,A1,sinov imtihon,тест,A set of questions or tasks to check how much you know about something.,tɛst,5380,school,We had a short math test at school yesterday morning.,Kecha ertalab maktabda qisqacha matematika testimiz bor edi.,exam assessment,
server,noun,B2,server,сервер,A powerful computer that provides data and services to other computers on a network.,ˈsɜːvə,5382,work,The company website went down because the main server was broken.,Asosiy server buzilgani uchun kompaniya veb-sayti ishlamay qoldi.,,client
application,noun,B1,ariza dastur,приложение,A computer program designed for a specific purpose or task.,ˌæp.lɪˈkeɪ.ʃən,5384,work,I downloaded a new application on my phone to learn languages.,Til o'rganish uchun telefonimga yangi dastur yuklab oldim.,app program,
cart,noun,B1,aravacha savat,тележка,A small vehicle with wheels used for carrying things in a store or outside.,kɑːt,5386,places,Please put all the items you want to buy in the cart.,Iltimos sotib olmoqchi bo'lgan hamma narsalaringizni savatga soling.,trolley wagon,
staff,noun,B1,xodimlar shtat,персонал,The group of people who work for a particular company or organization.,stɑːf,5388,work,The hotel staff were very helpful during our stay there.,U yerda bo'lganimizda mehmonxona xodimlari juda yordam berishdi.,employees personnel,
feedback,noun,B2,fikr-mulohaza,обратная связь,Information or comments given to someone to help them improve their performance.,ˈfiːdˌbæk,5390,ielts,The teacher gave me useful feedback on my recent history essay.,O'qituvchi oxirgi tarix inshoyim bo'yicha foydali fikr-mulohazalar berdi.,comment review,
complete,verb,A2,tugatmoq yakunlamoq,завершать,To finish doing something or make it whole.,kəmˈpliːt,5392,actions,He completed the difficult assignment on time for his teacher.,U qiyin topshiriqni o‘z vaqtida yakunladi.,finish accomplish,
topic,noun,B1,mavzu,тема,A subject that people talk or write about.,ˈtɒpɪk,5394,ielts,We should stick to the topic during the group discussion.,Guruh muhokamasi davomida mavzuga rioya qilishimiz kerak.,subject theme,
comment,noun,B1,fikr izoh,комментарий,Something that you say or write to express an opinion.,ˈkɒm.ɛnt,5396,actions,I have no comment on his strange behavior today.,Uning bugungi g‘alati xulq-atvoriga nisbatan izohim yo‘q.,remark note,
financial,adjective,B2,moliyaviy,финансовый,Relating to money or how money is managed.,faɪˈnænʃəl,5398,ielts,For financial reasons we are not able to fund the program.,Moliyaviy sabablarga ko‘ra biz dasturni moliyalashtira olmaymiz.,monetary economic,
things,noun,A1,narsalar buyumlar,вещи,Various objects that a person owns or uses.,ˈθɪŋz,5400,basics,Please make sure you have brought all your things with you.,"Iltimos, barcha narsalaringizni o‘zingiz bilan olganingizga ishonch hosil qiling.",possessions stuff,
against,preposition,A2,qarshi,против,Touching a surface or moving in the opposite direction.,əˈɡɛ̟nst,5402,basics,The ladder was leaning against the wall in the garden.,Narvon bog‘dagi devorga suyanib turgan edi.,opposing toward,for
standard,noun,B2,standart me‘yor,стандарт,A level of quality or an accepted way of doing things.,ˈstændəd,5404,ielts,The school maintains a high standard of education for all students.,Maktab barcha o‘quvchilar uchun yuqori ta‘lim standartini saqlab qoladi.,level quality,
tax,noun,B2,soliq,налог,Money that people pay to the government for public services.,tæks,5406,ielts,The government decided to increase the tax on imported luxury goods.,Hukumat import qilinadigan hashamatli tovarlarga soliqni oshirishga qaror qildi.,duty charge,subsidy
person,noun,A1,odam shaxs,человек,"A human being, especially as an individual.",ˈpɜː.sən,5408,people-family,"Each person is unique, both mentally and physically.",Har bir odam ham aqliy ham jismoniy jihatdan betakror.,individual human,
below,preposition,A2,pastda ostida,ниже,In a lower position than something else.,bɪˈləʊ,5410,places,The treasure is buried two meters below the surface.,Xazina yuzadan ikki metr pastda ko'milgan.,under beneath,above
mobile,adjective,B1,mobil harakatchan,мобильный,Able to be moved easily from one place to another.,ˈməʊbaɪl,5412,describing,A mobile home is a house that can be moved.,Ko'chma uy - bu boshqa joyga ko'chirilishi mumkin bo'lgan uydir.,portable movable,fixed
less,adverb,A2,kamroq ozroq,меньше,To a smaller degree or amount.,lɛs,5414,describing,I like him less each time I see him.,Uni har safar ko'rganimda kamroq yoqtirib qolaman.,smaller fewer,more
payment,noun,B1,to'lov,оплата,An amount of money paid for goods or services.,ˈpeɪmənt,5418,work,Please make your payment by the end of the week.,Iltimos haftaning oxirigacha to'lovingizni amalga oshiring.,fee charge,
let,verb,A2,ruxsat bermoq qo'ymoq,позволять,To give someone permission to do something.,lɛt,5420,actions,"After he knocked for hours, I decided to let him in.","U soatlab taqillatgandan so'ng, men uni ichkariga kiritishga qaror qildim.",allow permit,
offers,verb,B1,taklif qiladi,предлагает,To provide or show a willingness to give something.,ˈɒfəz,5422,ielts,This university offers many courses for international students.,Ushbu universitet xalqaro talabalar uchun ko'plab kurslarni taklif qiladi.,proposes provides,
legal,adjective,B2,huquqiy qonuniy,юридический,Allowed or required by the rules of law.,ˈliː.ɡəl,5424,ielts,You should seek legal advice before you sign any new contract.,Har qanday yangi shartnomani imzolashdan oldin huquqiy maslahat olishingiz kerak.,lawful legitimate,banned
above,preposition,A2,yuqorida ustida,над,In a higher place than something else.,əˈbʌv,5426,basics,The bird was flying high above the green trees in the park.,Qush bog'dagi yashil daraxtlar tepasida baland uchayotgan edi.,,below
recent,adjective,B1,yangi yaqinda bo'lgan,недавний,Happening or starting from a short time ago.,ˈɹiː.sənt,5428,time,Have you seen any good movies in the recent few weeks?,So'nggi bir necha hafta ichida yaxshi kino ko'rdingizmi?,new current,
side,noun,A2,tomon yon,сторона,One of the flat surfaces of an object or a place.,saɪd,5430,describing,There is a small garden on the side of our house.,Uyimizning yon tomonida kichik bog' bor.,edge surface,
act,noun,B1,harakat ish,действие,Something that a person does.,ækt,5432,actions,Helping others is a kind act that makes the world better.,Boshqalarga yordam berish - dunyoni yaxshiroq qiladigan xayrli ish.,deed action,
problem,noun,A2,muammo masala,проблема,A situation that is difficult to deal with or solve.,ˈpɹɒbləm,5434,school,We need to work together to solve this difficult math problem.,Bu qiyin matematik masalani yechish uchun biz birga ishlashimiz kerak.,issue difficulty,
memory,noun,B1,xotira esdalik,память,"The ability to remember information, events, or people.",ˈmɛm.ə.ɹi,5436,body-health,I have a very clear memory of my first day at school.,Maktabdagi birinchi kunim haqida juda aniq xotiram bor.,recall recollection,
performance,noun,B2,ijro chiqish,выступление,"The action of entertaining other people by dancing, singing, or acting.",[pəˈfɔː.məns],5438,ielts,The band gave a wonderful performance at the concert last night.,Guruh kecha kechqurun konsertda ajoyib ijro ko'rsatdi.,show presentation,
social,adjective,A2,ijtimoiy ijtimoiy-siyosiy,социальный,Relating to society or how people live and interact with each other in groups.,ˈsəʊ.ʃəl,5440,describing,Teresa feels uncomfortable when she is in certain social situations.,Teresa ba'zi ijtimoiy vaziyatlarda o'zini noqulay his qiladi.,societal collective,individual
august,adjective,C2,ulug'vor muhtasham,величавый,Inspiring respect and admiration because of high status or great importance.,ɔːˈɡʌst,5442,ielts,The museum is located within an august building from the nineteenth century.,Muzey o'n to'qqizinchi asrga oid ulug'vor bino ichida joylashgan.,majestic noble,
quote,noun,B1,iqtibos sitata,цитата,Words from a book or speech that are repeated by someone else.,kwəʊt,5444,school,She loved reading interesting quotes from her favorite famous people.,U o'zining sevimli mashhur insonlaridan qiziqarli iqtiboslarni o'qishni yoqtirardi.,citation extract,
language,noun,A1,til,язык,A system of words and grammar used by people to communicate with each other.,ˈlæŋ.ɡwɪd͡ʒ,5446,basics,Learning a new language opens up many opportunities for your future career.,Yangi til o'rganish kelajakdagi karyerangiz uchun ko'plab imkoniyatlar ochadi.,speech tongue,
story,noun,A1,hikoya voqea,история,A description of events that have happened or were invented for entertainment.,ˈstɔː.ɹi,5448,basics,The book tells the interesting story of two friends living in London.,Kitob Londonda yashovchi ikki do'stning qiziqarli hikoyasini so'zlab beradi.,tale account,
create,verb,A2,yaratmoq bunyod etmoq,создавать,To make something new exist or be produced for the first time.,kɹiːˈeɪt,5450,actions,You can create a beautiful garden by planting many colorful flowers.,"Ko'plab rang-barang gullar ekib, go'zal bog' yaratishingiz mumkin.",make generate,destroy
important,adjective,A1,muhim,важный,"Something that has great value, meaning, or a large effect on something.",ɪmˈpɔː.tənt,5452,basics,It is important to drink enough water every day for your health.,Sog'ligingiz uchun har kuni yetarlicha suv ichish muhimdir.,essential significant,unimportant
field,noun,A2,dala maydon,поле,An open area of land used for farming or animals.,ˈfi(ː)ld,5454,nature,There were some cows grazing peacefully in a large green field.,Katta yashil dalada bir nechta sigir tinchgina o‘tlab yurar edi.,,
east,noun,A1,sharq,восток,The direction from which the sun rises every morning.,iːst,5456,places,We live in the east of the country near the mountains.,Biz mamlakatning sharqida tog‘lar yaqinida yashaymiz.,,west
single,adjective,A2,yagona bitta,единственный,Only one; not including any other people or things.,ˈsɪŋɡl̩,5458,describing,Can you give me a single reason not to leave now?,Hozir ketmasligim uchun menga bitta sabab ayta olasizmi?,lone sole,
age,noun,A1,yosh,возраст,The length of time a person or thing has existed.,eɪd͡ʒ,5460,time,"What is the age of your oldest child, if I may ask?","Katta farzandingiz necha yoshda, so‘rasam maylimasam maylimi?",,youth
activities,noun,A2,mashg‘ulotlar faoliyatlar,занятия,"Things that people do for enjoyment, work, or purpose.",ækˈtɪv.ɪ.tiz,5462,actions,We organized several fun activities for the children at the party.,Biz bazmdagi bolalar uchun bir nechta qiziqarli mashg‘ulotlar uyushtirdik.,,
club,noun,A2,klub to‘garak,клуб,An organization of people who meet to share interests or sports.,klʌb,5464,school,He joined the local football club to play with his friends.,U do‘stlari bilan o‘ynash uchun mahalliy futbol klubiga a’zo bo‘ldi.,,
example,noun,A2,misol namuna,пример,A thing that is typical of a group or shows how something works.,ɪɡˈzɑːm.pəl,5466,school,Could you give me an example to help me understand this?,Buni tushunishimga yordam beradigan biror misol keltira olasizmi?,,
additional,adjective,B1,qo‘shimcha,дополнительный,More than what was already present or mentioned before.,əˈdɪ.ʃə.nəl,5468,ielts,Please provide some additional information about the project by tomorrow morning.,"Iltimos, loyiha haqida ertaga tonggacha qo‘shimcha ma’lumot bering.",extra,
latest,adjective,A2,eng yangi,самый новый,"The most recent or newest information, news, or trend.",ˈleɪ.tɪst,5470,describing,Have you heard the latest news about our new office location?,Yangi ofisimiz joylashuvi haqidagi eng so'nggi yangilikni eshitdingizmi?,newest,oldest
something,pronoun,A1,biror narsa nimadir,что-то,"A thing that is not known, named, or specific.",ˈsʌm.θɪŋ,5472,basics,I need to buy something for my mother's birthday party today.,Onamning tug'ilgan kuniga bugun biror narsa sotib olishim kerak.,sth,
hard,adjective,A1,qattiq qiyin,тяжёлый,Not easy; requiring a lot of physical or mental effort.,hɑːd,5474,describing,This is a very hard math problem that I cannot solve alone.,Bu men yolg'iz yecholmaydigan juda qiyin matematika masalasi.,difficult tough,easy
pay,verb,A1,to'lamoq haq to'lamoq,платить,"To give money to someone for goods, services, or work done.",peɪ,5476,work,I need to pay the electricity bill before the end of today.,Kun oxirigacha elektr to'lovini to'lab qo'yishim kerak.,settle remunerate,
poker,noun,B2,poker,покер,A popular card game where players bet on the value of their cards.,ˈpoʊkɚ,5478,ielts,He likes to play poker with his friends every Friday night.,U har juma oqshomi do'stlari bilan poker o'ynashni yoqtiradi.,,
browse,verb,B1,ko'zdan kechirmoq varaqlamoq,просматривать,"To look through information, websites, or products in a casual way.",bɹaʊz,5480,actions,I like to browse the internet to find interesting travel ideas online.,Internetda qiziqarli sayohat g'oyalarini topish uchun ko'zdan kechirishni yoqtiraman.,scan search,
building,noun,A1,bino imorat,здание,A structure with walls and a roof where people live or work.,ˈbɪl.dɪŋ,5482,home,My sister lives in that tall apartment building near the city center.,Singlim shahar markazi yaqinidagi o‘sha baland turar joy binosida yashaydi.,edifice,
seller,noun,A2,sotuvchi,продавец,A person who offers goods or services for money.,ˈsɛlə,5484,work,The seller was very kind and gave us a discount on the books.,Sotuvchi juda mehribon edi va bizga kitoblar uchun chegirma qilib berdi.,vendor,
court,noun,B1,hovli sud,двор,An open area of ground that is surrounded by walls or buildings.,ˈkɔːt,5486,places,The children were playing happily in the court behind our school building.,Bolalar maktab binosi orqasidagi hovlida quvnoq o‘ynashayotgan edi.,courtyard,
february,noun,A1,fevral,февраль,"The second month of the year, between January and March.",ˈfeb.ru.ər.i,5488,time,"My birthday is in February, so we usually have a small party.","Tug‘ilgan kunim fevral oyida, shuning uchun biz odatda kichik ziyofat qilamiz.",,
result,noun,A2,natija oqibat,результат,Something that happens because of a specific action or process.,ɹɪˈzʌlt,5490,ielts,The final result of the game was a draw between the two teams.,O‘yinning yakuniy natijasi ikki jamoa o‘rtasida durang bo‘ldi.,outcome consequence,
audio,noun,B1,audio tovush,аудио,Sound that is recorded or played back using electronic equipment.,ˈɔː.di.əʊ,5492,describing,Please check the audio settings before you start your online presentation.,Onlayn taqdimotingizni boshlashdan oldin audio sozlamalarini tekshirib ko‘ring.,sound,
light,verb,A2,yoqmoq yoritmoq,зажигать,To cause something to start burning with a flame.,laɪt,5494,actions,"It was getting dark, so we decided to light the camp fire outside.","Qorong‘u tushayotgan edi, shuning uchun tashqarida gulxan yoqishga qaror qildik.",ignite kindle,extinguish
war,noun,B1,urush,война,A period of serious armed fighting between countries or different groups.,wɔː,5496,ielts,The war caused great suffering for many people living in the region.,Urush hududda yashayotgan ko‘plab odamlar uchun katta azob-uqubat keltirdi.,conflict,peace
offer,verb,A2,taklif qilmoq,предлагать,To ask someone if they would like to have or do something.,ˈɒfə(ɹ),5498,actions,She offered to help me carry my heavy shopping bags home today.,U menga og'ir xarid xaltalarimni uyga olib kelishga yordam berishni taklif qildi.,propose suggest,refuse
given,preposition,B2,inobatga olganda hisobga olganda,учитывая,Considering or taking into account a particular fact or situation.,ˈɡɪv.n̩,5500,ielts,"Given the difficult conditions, they did a very good job today.",Qiyin sharoitlarni hisobga olganda ular bugun juda yaxshi ishlashdi.,considering regarding,
release,verb,B1,ozod qilmoq qo'yib yubormoq,освобождать,To let someone or something go free from a place or hold.,ɹəˈliːs,5502,actions,The zoo decided to release the bird back into the wild.,Hayvonot bog'i qushni yana yovvoyi tabiatga qo'yib yuborishga qaror qildi.,free liberate,capture
analysis,noun,B2,tahlil,анализ,A careful study of something to understand its different parts.,əˈnæl.ɪ.sɪs,5504,ielts,The team conducted a detailed analysis of the company's financial data.,Jamoa kompaniyaning moliyaviy ma'lumotlari bo'yicha batafsil tahlil o'tkazdi.,examination inspection,
request,noun,B1,so'rov iltimos,просьба,The act of asking for something in a polite or formal way.,ɹɪˈkwɛst,5506,work,He submitted a written request for more time to finish work.,U ishni tugatish uchun ko'proq vaqt so'rab yozma ariza topshirdi.,asking demand,
fax,noun,B1,faks,факс,A document sent electronically using a telephone line to another machine.,fæks,5508,work,Please send the signed contract to my office by fax tomorrow.,Iltimos imzolangan shartnomani ertaga faks orqali ofisimga yuboring.,,
china,noun,B2,chinni,фарфор,"High-quality, hard white material used for making cups, plates, and bowls.",ˈt͡ʃaɪ̯nə,5510,home,We only use our best china for special family celebrations and guests.,Biz eng yaxshi chinnilarimizdan faqat oilaviy bayramlar va mehmonlar uchun foydalanamiz.,porcelain,
picture,noun,A1,rasm surat,картина,"A drawing, painting, or photograph that shows a person or a place.",ˈpɪk.t͡ʃəː,5512,basics,There was a beautiful picture hanging on the wall of our house.,Uyimizning devorida osilib turgan chiroyli rasm bor edi.,image photo,
possible,adjective,A2,mumkin imkonli,возможный,"Able to be done or achieved, or something that might happen.",ˈpɒs.ə.bəl,5514,describing,It is possible for anyone to learn a new language with practice.,Mashq qilish orqali har kim yangi tilni o'rganishi mumkin.,achievable doable,impossible
professional,adjective,B1,professional kasbiy,профессиональный,Related to a job that needs special training and high standards.,pɹəˈfɛʃ.ə.nəl,5516,work,She gave a professional presentation that impressed all of her managers.,U barcha menejerlarini hayratda qoldirgan professional taqdimot o'tkazdi.,expert skilled,amateur
yet,adverb,A2,hali hanuz,ещё,Used to say that something has not happened before now.,jɛt,5518,time,The dinner is not ready yet because the guests are still late.,Kechki ovqat hali tayyor emas chunki mehmonlar hamon kechikishyapti.,still,
future,noun,A2,kelajak istiqbol,будущее,The time that will come after the present moment.,ˈfjuː.t͡ʃəː,5520,time,We should all think about our future and make good plans now.,Biz hammamiz kelajagimiz haqida o'ylashimiz va hozir yaxshi rejalar tuzishimiz kerak.,prospect,past
space,noun,A2,joy bo'shliq,пространство,An empty area that is available to be used.,speɪs,5522,places,There is enough space in the kitchen to put a new table.,Oshxonada yangi stol qo'yish uchun yetarlicha joy bor.,area room,
committee,noun,B2,qo'mita hay'at,комитет,A small group of people chosen to make decisions or solve a problem.,kəˈmɪt.i,5524,ielts,The committee will meet tomorrow to discuss the new company policy.,Qo'mita ertaga yangi kompaniya siyosatini muhokama qilish uchun yig'iladi.,board council,
cards,noun,B1,kartalar o'yin kartalari,карты,A set of pieces of thick paper used for playing games.,kɑɹdz,5526,actions,My friends often play cards when they get together on weekends.,Do'stlarim dam olish kunlari yig'ilishganda ko'pincha karta o'ynashadi.,playing-cards,
become,verb,A1,aylanmoq bo'lmoq,становиться,To start to be something or to change into a new state or condition.,bɪˈkʌm,5528,actions,She worked hard every day and eventually became a great doctor.,U har kuni qattiq ishladi va oxiri buyuk shifokor bo'ldi.,get turn,
interest,noun,A2,qiziqish manfaat,интерес,The quality of wanting to know or learn more about something or someone.,ˈɪn.tɹɛst,5530,feelings,He showed a lot of interest in learning how to code.,U dasturlashni o'rganishga juda katta qiziqish bildirdi.,curiosity attention,indifference
keep,verb,A2,saqlamoq ushlab turmoq,продолжать,To continue to have something or to continue doing a specific action.,kiːp,5532,actions,Please keep your room clean while you are staying with us.,Biznikida turgan vaqtingizda iltimos xonangizni ozoda saqlang.,hold maintain,
enter,verb,A2,kirmoq,входить,To go or come into a place or an enclosed space.,ˈɛntə(ɹ),5534,actions,You should knock on the door before you enter the room.,Xonaga kirishdan oldin eshikni taqillatishingiz kerak.,go-in access,leave
share,verb,A2,baham ko'rmoq ulashmoq,делить,To give a part of what you have to someone else to use.,ʃɛə,5536,actions,You should share your toys with your friends at the park.,Sen o'yinchoqlaringni bog'dagi do'stlaring bilan baham ko'rishing kerak.,divide distribute,keep
million,noun,A1,million,миллион,The number one followed by six zeros.,ˈmɪl.jən,5538,basics,There are over one million people living in this big city.,Bu katta shaharda bir milliondan ortiq odam yashaydi.,,
reference,noun,B2,tavsiyanoma ma'lumot,рекомендация,A letter or statement that gives information about your character and previous work.,ˈɹɛf.(ə.)ɹəns,5540,work,I needed a good job reference before I could get hired.,Ishga kirishdan oldin menga yaxshi tavsiyanoma kerak edi.,recommendation citation,
companies,noun,A2,kompaniyalar firmalar,компании,Organizations that sell goods or services to make money.,ˈkʌmpəniz,5542,work,Many companies are looking for new workers with high skills.,Ko'plab kompaniyalar yuqori malakali yangi xodimlarni qidirmoqda.,firms businesses,
energy,noun,B1,energiya quvvat,энергия,The power or ability to be active and do work.,ˈɛn.ə.d͡ʒi,5544,ielts,Eating healthy food gives you the energy to study all day.,Sog'lom ovqatlanish kun bo'yi o'qish uchun sizga quvvat beradi.,vigor vitality,
delivery,noun,B1,yetkazib berish,доставка,The act of taking goods or letters to a person or place.,dɪˈlɪv.(ə.)ɹi,5546,travel,I am waiting for the delivery of my new laptop today.,Men bugun yangi noutbukim yetkazib berilishini kutyapman.,consignment,
popular,adjective,A2,ommabop mashhur,популярный,Liked or enjoyed by many people.,ˈpɒp.jʊ.lə,5548,describing,Football is a very popular sport all around the world.,Futbol butun dunyoda juda mashhur sport turidir.,famous trendy,unpopular
term,noun,B2,muddat atama,срок,A fixed or limited period of time for something.,ˈtɜːm,5550,ielts,The school term ends in June before the summer break starts.,O'quv muddati yozgi ta'til boshlanishidan oldin iyun oyida tugaydi.,period duration,
film,noun,A2,film kino,фильм,A story or event recorded as a set of moving images to be watched.,fɪlm,5552,actions,We watched an interesting film at the cinema last night.,Biz kecha kinoteatrda qiziqarli film tomosha qildik.,movie,
stories,noun,A1,hikoyalar,истории,Accounts of imaginary or real people and events told for entertainment.,ˈstɔː.ɹiz,5554,actions,My grandfather tells the best stories about his childhood adventures.,Bobom bolalik sarguzashtlari haqida eng yaxshi hikoyalarni aytib beradi.,tales,
try,verb,A1,urinish harakat qilish,пытаться,To make an attempt or effort to do something.,tɹaɪ,5556,actions,You should try to learn at least one new word every day.,Siz har kuni kamida bitta yangi so'z o'rganishga harakat qilishingiz kerak.,attempt,
welcome,interjection,A1,xush kelibsiz,добро пожаловать,A greeting used when someone arrives at a place.,ˈwɛl.kəm,5558,basics,"Welcome to our home, please come inside and have a seat.","Uyimizga xush kelibsiz, marhamat ichkariga kiring va o'tiring.",,
central,adjective,B1,markaziy,центральный,Located in the middle or being the most important part of something.,ˈsɛntɹ(ə)l,5560,places,The hotel is located in the central part of the city.,Mehmonxona shaharning markaziy qismida joylashgan.,main middle,
president,noun,B1,prezident,президент,The elected leader of a republic or the head of a large organization.,ˈpɹɛz.ɪ.dənt,5562,ielts,The president gave an important speech to the nation this morning.,Prezident bu tong xalqqa muhim nutq so'zladi.,,
notice,verb,A2,payqamoq sezmoq,замечать,To see or become aware of something or someone.,ˈnəʊ.tɪs,5564,actions,Did you notice that she was wearing a new blue dress?,U yangi ko'k ko'ylak kiyib olganini payqadingizmi?,observe spot,
original,adjective,B1,asl original,оригинальный,Existing from the beginning; not a copy or a version of something else.,əˈɹɪd͡ʒ.ɪ.nəl,5566,ielts,The original painting is much more beautiful than the copy in class.,Asl rasm sinfdagi nusxadan ancha chiroyliroq.,initial first,copy
radio,noun,A2,radio,радио,An electronic device that plays music or spoken news transmitted through the air.,ˈɹeɪ.diˌəʊ,5568,home,I love listening to my favorite songs on the radio every morning.,Men har kuni ertalab radioda sevimli qo'shiqlarimni eshitishni yaxshi ko'raman.,,
until,preposition,A1,gacha,до,Up to the time that something happens or a specific moment in time.,ʌnˈtɪl,5570,time,We stayed at the park until the sun went down behind the hills.,Biz quyosh tepaliklar ortiga botguncha bog'da qoldik.,till,
cell,noun,B1,mobil telefon,мобильный телефон,A small portable telephone that connects to a wireless network.,sɛl,5572,basics,I left my cell on the table before walking into the meeting room.,Majlislar zaliga kirishdan oldin mobil telefonimni stol ustida qoldirdim.,phone mobile,
color,noun,A1,rang,цвет,The quality of an object that you see because of how it reflects light.,ˈkʌl.ə,5574,describing,What is your favorite color to wear when you go to parties?,Bazmlarga borganda qaysi rangdagi kiyim kiyishni yaxshi ko'rasiz?,hue,
self,noun,B2,o'zlik shaxs,личность,A person's particular character or personality that makes them different from others.,ˈsɛlf,5576,ielts,It is important to have a positive sense of self throughout your life.,Hayot davomida o'zlikni anglashning ijobiy tuyg'usiga ega bo'lish muhim.,identity ego,
council,noun,B2,kengash majlis,совет,A group of people elected or chosen to make decisions for a community.,ˈkaʊn.səl,5578,ielts,The city council decided to build a new park in the center.,Shahar kengashi markazda yangi bog' qurishga qaror qildi.,committee board,
away,adverb,A1,uzoqda uzoqqa,прочь,"At or to a distance from a particular person, place, or thing.",əˈweɪ,5580,basics,Please put your toys away before we go to eat our dinner.,Iltimos kechki ovqatni yeyishdan oldin o'yinchoqlaringizni yig'ishtirib qo'ying.,off far,here
track,noun,B1,iz yo'l,след,"A path or mark left on the ground by a person, animal, or vehicle.",ˈtɹæk,5582,nature,We followed the muddy tracks of the animal through the dense forest.,Biz hayvonning loy izlarini qalin o'rmon bo'ylab ta'qib qildik.,trail path,
archive,noun,C1,arxiv,архив,A place or digital folder where historical records or documents are stored for later use.,ˈɑːkaɪv,5584,ielts,Researchers spent months looking through the library archive for old records.,Tadqiqotchilar kutubxona arxividan eski hujjatlarni izlash uchun oylar sarfladilar.,record collection,
entertainment,noun,B1,o'yin-kulgi tomosha,развлечение,"Activities such as music, movies, or sports that people enjoy watching or doing.",ˌɛn.təˈteɪn.mənt,5586,describing,Television is still a popular form of entertainment for many families.,Televideniye ko'plab oilalar uchun hali ham o'yin-kulgi shakli hisoblanadi.,amusement pastime,
agreement,noun,B1,kelishuv shartnoma,соглашение,An arrangement or promise between two or more people to do something together.,əˈɡɹiːmənt,5588,ielts,The two countries signed an agreement to stop the trade war.,Ikki mamlakat savdo urushini to'xtatish bo'yicha kelishuv imzoladi.,contract deal,disagreement
format,noun,B2,format tuzilma,формат,"The way in which something is organized, arranged, or presented.",ˈfɔː(ɹ).mæt,5590,work,We decided to change the format of our weekly team meeting.,Biz haftalik jamoa yig'ilishimiz formatini o'zgartirishga qaror qildik.,layout design,
least,adjective,B1,eng kam,наименьший,Less than any other thing or person in importance or amount.,liːst,5592,basics,This is the least expensive option we have available right now.,Bu hozirda mavjud bo'lgan eng arzon variantimiz.,smallest lowest,most
log,noun,B2,yog'och g'o'la,бревно,A thick piece of wood cut from a tree trunk.,lɒɡ,5594,nature,We placed a large log on the fire to keep us warm.,Biz isinish uchun olov ustiga katta g'o'la tashladik.,timber trunk,
safety,noun,A2,xavfsizlik,безопасность,The state of being protected from danger or harm.,ˈseɪfti,5596,basics,Workers must prioritize their own safety while operating heavy machinery.,Ishchilar og'ir texnikani boshqarishda o'z xavfsizligini birinchi o'ringa qo'yishlari kerak.,security protection,danger
sure,adjective,A2,ishonchli aniq,уверенный,Feeling or showing that you are certain about something.,ʃɔː,5598,describing,I am sure that we will finish this project on time.,Men loyihani vaqtida tugatishimizga ishonchim komil.,certain confident,unsure
trade,noun,B1,savdo tijorat,торговля,The activity of buying and selling goods or services.,tɹeɪd,5600,work,International trade helps countries grow their economies more effectively.,Xalqaro savdo mamlakatlarga o'z iqtisodiyotini samaraliroq rivojlantirishga yordam beradi.,commerce,
edition,noun,B2,nashr,издание,"A particular version of a book, newspaper, or magazine.",ɪˈdɪʃ(ə)n,5602,school,The new edition of the textbook has many helpful pictures.,Darslikning yangi nashrida ko'plab foydali rasmlar mavjud.,version,
further,adjective,B1,qo'shimcha keyingi,дальнейший,More or additional to what already exists.,ˈfɜː.ðə,5604,ielts,"If you have any further questions, please ask the teacher.","Agar sizda qo'shimcha savollar bo'lsa, o'qituvchidan so'rang.",additional extra,
updated,verb,A2,yangilangan,обновленный,Changed something to include the most recent information.,ʌpˈdeɪtɪd,5606,work,She updated the file with the information from the meeting.,U faylni yig'ilishdan olingan ma'lumotlar bilan yangiladi.,refreshed revised,
association,noun,B2,uyushma tashkilot,ассоциация,A group of people organized for a joint purpose.,əˌsəʊsiˈeɪʃən,5608,ielts,He is a member of the local teachers' association.,U mahalliy o'qituvchilar uyushmasining a'zosi.,organization union,
able,adjective,A2,qodir qo'lidan keladigan,способный,"Having the necessary power, skill, or resources to do something.",ˈeɪ.bl̩,5610,basics,Will you be able to attend the party this weekend?,Siz shu dam olish kunlari ziyofatda qatnasha olasizmi?,capable,unable
fun,noun,A1,o'yin-kulgi xursandchilik,веселье,"Enjoyment, amusement, or pleasure.",fʊn,5612,basics,We had a lot of fun playing games in the park.,Bog'da o'yinlar o'ynab juda yaxshi vaqt o'tkazdik.,enjoyment pleasure,
already,adverb,A2,allaqachon,уже,Before the present time or earlier than expected.,ɔːlˈɹɛdi,5614,time,I have already finished my homework for the English class today.,Men ingliz tili darsi uchun uy vazifamni allaqachon tugatib qo'ydim.,,
studies,noun,A2,o'qishlar ta'lim,учёба,The activity or process of learning about a particular subject.,ˈstʌdiz,5616,school,She is busy with her medical studies at the university now.,U hozir universitetda tibbiyot sohasidagi o'qishlari bilan band.,education learning,
common,adjective,A2,umumiy odatiy,общий,Happening often or existing in large numbers.,ˈkɒm.ən,5618,describing,It is quite common to see people walking in the park.,Bog'da sayr qilib yurgan odamlarni ko'rish juda odatiy holdir.,normal usual,special
drive,verb,A2,haydamoq boshqarmoq,вести машину,To operate a car or other vehicle.,dɹaɪv,5620,travel,I learned how to drive a car when I was eighteen.,Men o'n sakkiz yoshimda mashina haydashni o'rgandim.,steer operate,
collection,noun,B1,kolleksiya to'plam,коллекция,A group of objects that have been gathered together.,kəˈlɛkʃən,5626,describing,He has a large collection of stamps from all over the world.,U dunyoning turli burchaklaridan yig'ilgan katta marka kolleksiyasiga ega.,assortment set,
lot,noun,A1,ko'p juda ko'p,много,A large amount or number of something.,lɒt,5628,basics,I have a lot of work to do this weekend at home.,Bu dam olish kunlari uyda bajarishim kerak bo'lgan juda ko'p ish bor.,many much,
display,noun,B1,ko'rsatuv namoyish,показ,A public performance or collection of things arranged for people to look at.,dɪsˈpleɪ,5630,actions,The museum has a beautiful display of ancient coins from the region.,Muzeyda mintaqadan topilgan qadimiy tangalarning chiroyli ko'rgazmasi bor.,show exhibit,
limited,adjective,A2,cheklangan oz,ограниченный,Small in amount or number; not having very much of something.,ˈlɪm.ɪ.tɪd,5632,describing,There is a limited amount of food for everyone at the party.,Kechadagi barcha uchun oziq-ovqat miqdori cheklangan.,restricted small,unlimited
means,noun,B2,vosita usul,средство,A method or way of achieving something or doing a particular task.,miːnz,5634,ielts,A bicycle is a cheap and healthy means of transport in cities.,Velosiped shaharlarda transportning arzon va sog'lom vositasidir.,method way,
director,noun,B1,direktor rahbar,директор,"A person who is in charge of an organization, company, or film production.",dɪˈɹɛk.tə(ɹ),5636,work,The director of the company decided to change the work schedule today.,Kompaniya direktori bugun ish jadvalini o'zgartirishga qaror qildi.,manager boss,
daily,adjective,A2,kundalik har kungi,ежедневный,Happening or produced on every single day.,ˈdeɪli,5638,time,We go for a short walk as part of our daily routine.,Biz kundalik tartibimizning bir qismi sifatida qisqa sayrga chiqamiz.,everyday diurnal,
past,noun,A2,o'tmish o'tgan zamon,прошлое,The time that happened before the present.,pɑːst,5640,time,Many people enjoy reading books about the past to learn history.,Ko'pchilik tarixni o'rganish uchun o'tmish haqidagi kitoblarni o'qishni yaxshi ko'radi.,history background,future
natural,adjective,B1,tabiiy tabiiy-hodisaviy,естественный,Existing in nature; not made or caused by human beings.,ˈnæt͡ʃ.(ə.)ɹəl,5642,nature,The park provides a natural habitat for many local bird species.,Bog' ko'plab mahalliy qush turlari uchun tabiiy yashash muhitini ta'minlaydi.,organic native,artificial
whether,conjunction,B2,yoki-yo'qligi agar,ли,Used to express doubt or a choice between two possibilities.,ˈwɛðə(ɹ),5644,ielts,I am not sure whether he will come to the party tonight.,U bugun kechqurun ziyofatga keladimi yoki yo'qligini bilmayman.,if,
due,adjective,B1,kutilayotgan belgilangan,ожидаемый,Expected to happen or arrive at a specific time.,djuː,5646,time,The next train is due in about ten minutes.,Keyingi poyezd taxminan o'n daqiqada kelishi kerak.,expected,
electronics,noun,B1,elektronika,электроника,Devices or equipment that work using electrical power and complex circuits.,ˌɛl.ɛkˈtɹɒn.ɪks,5648,work,Modern electronics have changed the way we communicate every day.,Zamonaviy elektronika bizning kundalik muloqot tarzimizni o'zgartirdi.,,
period,noun,A2,davr muddat,период,A specific length of time with a beginning and an end.,ˈpɪə.ɹi.əd,5650,time,She worked there for a period of five years.,U u yerda besh yillik muddat davomida ishladi.,time,
planning,noun,B1,rejalashtirish,планирование,The act of making decisions about how something will be done in the future.,ˈplænɪŋ,5652,work,Careful planning is essential for a successful project outcome.,Muvaffaqiyatli loyiha natijasi uchun puxta rejalashtirish muhimdir.,preparation,
database,noun,B2,ma'lumotlar bazasi,база данных,A collection of information organized for quick access and searching on a computer.,ˈdeɪtəˌbeɪs,5654,ielts,The company stores all customer information in a large database.,Kompaniya barcha mijozlar ma'lumotlarini katta bazada saqlaydi.,,
official,adjective,B1,rasmiy,официальный,Agreed to or approved by people in positions of authority.,əˈfɪʃ(ə)l,5656,ielts,They made an official statement about the new company policy.,Ular kompaniyaning yangi siyosati haqida rasmiy bayonot berishdi.,authorized,unofficial
land,noun,A1,yer quruqlik,земля,The solid part of the Earth's surface that is not covered by water.,lænd,5660,nature,"After many weeks at sea, we finally saw land ahead.","Dengizdagi ko'p haftalik sayohatdan so'ng, biz nihoyat quruqlikni ko'rdik.",ground earth,sea
done,adjective,A1,tayyor bajarilgan,готовый,Having finished a task or activity.,dʌn,5662,basics,I will text you as soon as I am done with work.,Ishni tugatishim bilan senga xabar yozaman.,finished through,
technical,adjective,B2,texnikaviy texnik,технический,"Related to specialized machinery, science, or specific practical skills.",ˈtɛk.nɪ.kəl,5664,ielts,The engineer explained the technical problems with the new computer system.,Muhandis yangi kompyuter tizimidagi texnik muammolarni tushuntirib berdi.,technological,
France,noun,A1,Fransiya,Франция,A large country in Western Europe famous for its culture and history.,frɑːns,5666,travel,We are planning to visit France for our summer vacation this year.,Biz bu yil yozgi ta’til uchun Fransiyaga borishni rejalashtiryapmiz.,,
pro,noun,B1,afzallik yutuq,плюс,A good point or advantage of a specific choice or situation.,pɹəʊ,5668,ielts,One big pro of living in the city is having many shops.,Shaharda yashashning katta afzalliklaridan biri bu ko'plab do'konlarning mavjudligidir.,advantage plus,con
record,noun,A2,yozuv hujjat,запись,A piece of information written down to keep for the future.,ˈɹɛk.ɔːd,5670,work,The office keeps a detailed record of every payment we make.,Ofis biz qilgan har bir to'lov bo'yicha batafsil yozuvni saqlaydi.,log,
direct,adjective,B1,to'g'ri bevosita,прямой,Going in a straight line without stopping or turning aside.,daɪˈɹɛkt,5672,describing,There is a direct flight from Tashkent to London every week.,Har hafta Toshkentdan Londonga to'g'ridan-to'g'ri reys mavjud.,,indirect
conference,noun,B2,konferensiya yig'ilish,конференция,A large formal meeting where people discuss important professional or academic topics.,ˈkɒn.f(ə.)ɹəns,5674,ielts,She attended an international conference to present her new research findings.,U o'zining yangi ilmiy topilmalarini taqdim etish uchun xalqaro konferensiyada qatnashdi.,meeting,
district,noun,B1,tuman hudud,район,A specific area of a city or country used for administration.,ˈdɪstɹɪkt,5676,places,They live in a quiet residential district outside the city center.,Ular shahar markazidan tashqaridagi tinch turar-joy tumanida yashaydilar.,area region,
style,noun,A2,uslub ko'rinish,стиль,"A particular way of doing, making, or presenting something.",staɪl,5678,describing,The artist has a very unique style of painting landscapes.,Rassomning manzara chizishda juda o'ziga xos uslubi bor.,fashion design,
front,noun,A2,old old tomon,передняя сторона,The side of something that faces forward or is seen first.,fɹʌnt,5680,places,Please park your car in the front of the house.,"Iltimos, mashinangizni uyning old tomoniga qo'ying.",fore part,back
statement,noun,B2,bayonot murojaat,заявление,Something that someone says or writes in an official or clear way.,ˈsteɪtm(ə)nt,5682,ielts,The company issued a formal statement about the new product.,Kompaniya yangi mahsulot haqida rasmiy bayonot berdi.,declaration remark,
update,verb,B1,yangilamoq yangilab turmoq,обновлять,To make something more modern or add the most recent information.,ˈʌp.deɪt,5684,actions,You need to update your computer software for better security.,Xavfsizlikni yaxshilash uchun kompyuter dasturini yangilashingiz kerak.,refresh upgrade,
ever,adverb,A2,hech qachon qachondir,когда-либо,Used to ask if something has happened at any time.,ˈɛvə,5686,time,Have you ever traveled to a different country alone?,Siz hech qachon yolg'iz chet elga sayohat qilganmisiz?,at any time,
miles,noun,B1,uzoq masofa ko'plab,огромное расстояние,A very large distance or a great amount of space.,maɪlz,5688,travel,We walked for miles to reach the top of the mountain.,Tog' cho'qqisiga chiqish uchun biz kilometrlab masofa bosib o'tdik.,long distance,
sound,adjective,B2,sog'lom ishonchli,здоровый,In good condition and not damaged or likely to fail.,ˈsaʊ̯nd,5690,describing,The building was in a sound condition despite its old age.,"Eski bo'lishiga qaramay, bino yaxshi holatda edi.",healthy solid,unhealthy
present,adjective,A2,mavjud hozirgi,присутствующий,"Happening or existing now, or being in a particular place at this time.",ˈpɹɛz.ənt,5692,time,Are all the members of the team present at the meeting today?,Jamoaning barcha a'zolari bugungi yig'ilishda hozirmi?,current existing,absent
ago,adverb,A1,avval oldin,назад,Used to say how far back in the past something happened.,əˈɡəʊ,5694,time,I moved to this city exactly three years ago today.,Men bu shaharga aynan uch yil oldin ko'chib kelganman.,previously,
document,noun,B1,hujjat,документ,A piece of paper or a computer file that contains official or important information.,ˈdɒkjʊmənt,5696,work,You need to sign this important document before you leave the office.,Ofisdan chiqishdan oldin ushbu muhim hujjatni imzolashingiz kerak.,file paper,
material,noun,B1,material xomashyo,материал,"A physical substance, such as wood, metal, or cloth, used to make things.",məˈtɪə.ɹi.əl,5698,describing,This chair is made from a very strong and durable material.,Bu stul juda mustahkam va chidamli materialdan yasalgan.,substance matter,
bill,noun,B1,qonun loyihasi hisobvaraq,законопроект,A formal suggestion for a new law that is discussed by a government.,ˈbɪl,5700,ielts,The government is trying to pass a new bill about education reform.,Hukumat ta'lim islohotlari bo'yicha yangi qonun loyihasini qabul qilishga urinmoqda.,measure,
written,adjective,A2,yozma,письменный,Represented by letters or symbols on paper or a computer screen.,ˈɹɪ.tn̩,5704,school,Students must complete a written test at the end of the course.,Talabalar kurs oxirida yozma testni bajarishlari kerak.,,oral
federal,adjective,B2,federal,федеральный,Relating to the central government of a country rather than a local one.,ˈfɛdəɹəl,5706,ielts,The federal government provides funding for many important national research projects.,Federal hukumat ko'plab muhim milliy ilmiy loyihalar uchun mablag' ajratadi.,,
hosting,noun,B2,xosting,хостинг,Providing space on a server to store files for a website to be online.,ˈhoʊstɪŋ,5708,work,We bought a new web hosting plan for our company website today.,Biz kompaniya saytimiz uchun yangi veb-xosting rejasini sotib oldik.,,
rules,noun,A2,qoidalar,правила,Official instructions that tell you what you must or must not do.,ˈɹuːlz,5710,basics,You must follow all the school rules during the final exam session.,Yakuniy imtihon davrida maktabning barcha qoidalariga rioya qilishingiz kerak.,regulations,
final,adjective,A2,yakuniy oxirgi,окончательный,Happening at the end of a series of events or after a long time.,ˈfaɪnl̩,5712,describing,This is the final decision regarding our vacation plans for next summer.,Bu kelasi yozgi ta'til rejalarimiz bo'yicha yakuniy qaror.,last ultimate,initial
adult,noun,A2,katta odam voyaga yetgan,взрослый,A person who is fully grown and is legally responsible for their own actions.,ˈæd.ʌlt,5714,people-family,Every adult needs to show their passport to enter the government building.,Har bir voyaga yetgan odam davlat binosiga kirish uchun pasportini ko'rsatishi kerak.,grown-up,child
thing,noun,A1,narsa buyum,вещь,Any object that you can see or touch but do not name specifically.,ˈθɪŋ,5716,basics,Please put your personal things into the box before you leave school.,Iltimos maktabdan ketishdan oldin shaxsiy buyumlaringizni qutiga soling.,object item,
centre,noun,A1,markaz,центр,The middle part or point of a place or an object.,ˈsɛntəː,5718,places,The city centre is very busy with many shops and restaurants today.,Shahar markazi bugun ko'plab do'konlar va restoranlar bilan juda gavjum.,middle,
requirements,noun,B2,talablar,требования,Things that are needed or asked for by someone or something official.,ɹɪˈkwʌɪəm(ə)nts,5720,ielts,You must meet all the entry requirements to study at this university.,Bu universitetda o'qish uchun barcha kirish talablariga javob berishingiz kerak.,conditions criteria,
kids,noun,A1,bolalar,дети,A friendly way to talk about children or young people.,kɪdz,5722,people-family,The kids are playing happily in the garden while their parents talk.,Ota-onalari gaplashayotganda bolalar bog'da xursand bo'lib o'ynashmoqda.,children,adults
finance,verb,B2,moliyalashtirish mablag' ajratish,финансировать,To provide or obtain the necessary money for a specific project or purchase.,fɪˈnæns,5724,ielts,The bank agreed to finance the construction of the new office building.,Bank yangi ofis binosi qurilishini moliyalashtirishga rozi bo'ldi.,fund,
true,adjective,A1,rost haqiqiy,правдивый,Connected with facts and reality; not false or wrong.,tɹuː,5726,describing,It is true that he moved to a new city last year.,U o'tgan yili yangi shaharga ko'chib o'tgani rost.,factual real,false
else,adverb,A2,boshqa o'zga,ещё,"In addition to, or different from, what has already been mentioned.",ɛls,5728,basics,We should ask someone else to help us with this heavy box.,Bu og'ir qutini ko'tarishga boshqa birovdan yordam so'rashimiz kerak.,,
mark,verb,A2,belgilamoq nishonlamoq,отмечать,"To make a visible spot, line, or sign on a surface.",mɑːk,5730,actions,Please mark the correct answers on your test paper with a pen.,Iltimos test qog'ozidagi to'g'ri javoblarni qalam bilan belgilang.,label sign,
third,adjective,A1,uchinchi,третий,Coming after the second and before the fourth in a series.,θɜːd,5732,basics,She lives on the third floor of that tall apartment building.,U o'sha baland turar joy binosining uchinchi qavatida yashaydi.,,
rock,verb,B1,tebratmoq chayqatmoq,качать,To move gently or rhythmically backward and forward or from side to side.,ɹɒk,5734,actions,She began to rock the baby slowly to help him fall asleep.,U chaqaloqni uxlab qolishi uchun asta-sekin tebrata boshladi.,swing sway,
plus,preposition,A2,plyus qo'shimcha,плюс,Used to show that you are adding one number or amount to another.,ˈplʌs,5736,basics,"Two plus two equals four, which is a very simple math problem.",Ikki plyus ikki to'rtga teng bu juda oddiy matematika masalasi.,and with,minus
auto,noun,B1,avtomobil mashina,автомобиль,A vehicle with an engine that has four wheels and carries a few passengers.,ˈɔːtəʊ,5738,travel,My father works as an auto mechanic at the local repair shop.,Otam mahalliy ta'mirlash ustaxonasida avtomexanik bo'lib ishlaydi.,car vehicle,
cover,verb,A2,qoplamoq yopmoq,покрывать,To put something over an object to protect or hide it.,ˈkʌvɚ,5740,home,Please cover the food with a cloth to keep the dust away.,Chang tushmasligi uchun iltimos ovqatni mato bilan yopib qo'ying.,hide protect,uncover
usually,adverb,A1,odatda,обычно,In the way that is normal or expected most of the time.,ˈjuːʒʊəli,5742,time,I usually drink a cup of coffee before I start my work.,Men odatda ishimni boshlashdan oldin bir finjon qahva ichaman.,normally generally,
edit,verb,B1,tahrirlamoq o'zgartirmoq,редактировать,"To change or correct a text, video, or photo to make it better.",ˈɛdɪt,5744,work,Your essay is too long so you need to edit it carefully.,Inshoyingiz juda uzun shuning uchun uni ehtiyotkorlik bilan tahrirlashingiz kerak.,revise modify,
together,adverb,A1,birga birgalikda,вместе,With each other or at the same time in one place.,tʊˈɡɛð.ə,5746,basics,We can all work together to finish this project on time today.,Biz ushbu loyihani bugun o'z vaqtida tugatish uchun birgalikda ishlashimiz mumkin.,jointly collectively,separately
percent,noun,A2,foiz,процент,One part in every hundred; a fraction of a whole.,pəˈsɛnt,5748,ielts,Nearly eighty percent of the students passed the final exam this year.,Bu yil talabalarning sakson foizga yaqini yakuniy imtihondan o'tdi.,proportion fraction,
fact,noun,A2,fakt haqiqat,факт,Something that is known to be true or to exist.,fækt,5750,ielts,It is a fact that water turns into ice at zero degrees.,Suv nol darajada muzga aylanishi bu haqiqatdir.,reality truth,fiction
unit,noun,B1,birlik o'lchov birligi,единица,A single thing or a standard measure used for counting or calculating.,ˈjuː.nɪt,5752,school,The centimetre is a common unit of length used in science class.,Santimetr fan darslarida ishlatiladigan keng tarqalgan uzunlik o'lchov birligidir.,module component,
getting,verb,A1,olish erishish,получение,The process of obtaining something or changing into a new state.,ˈɡɛtɪŋ,5754,actions,I am getting better at speaking English every single day now.,Men har kuni ingliz tilida gaplashishni yaxshilayapman.,acquiring obtaining,
tech,noun,B1,texnologiya,технологии,"Modern machines, equipment, or systems based on advanced science.",tɛk,5756,work,The company invests a lot of money in new medical tech.,Kompaniya yangi tibbiyot texnologiyalariga ko'p pul sarflaydi.,technology,
meet,verb,A1,uchrashmoq tanishmoq,встречать,To come to the same place as someone else by arrangement or chance.,miːt,5758,actions,Let us meet at the library to study for our exam.,Imtihonga tayyorlanish uchun kutubxonada uchrashamiz.,gather assemble,
far,adverb,A2,uzoq yiroq,далеко,At or to a great distance from a specific point or place.,fɑː,5760,travel,We do not live very far from the city center now.,Biz hozir shahar markazidan unchalik uzoqda yashamaymiz.,distant remote,near
player,noun,A1,o'yinchi,игрок,A person who participates in a game or sport.,ˈpleɪ.ə(ɹ),5762,people-family,He is a very famous football player in our national team.,U milliy terma jamoamizdagi juda mashhur futbolchi.,participant,
lyrics,noun,B1,qo'shiq matni,слова песни,The words that make up a song.,ˈlɪɹ.ɪks,5764,school,I love this song because the lyrics are very meaningful today.,"Bu qo'shiqni yaxshi ko'raman, chunki matni juda ma'noli.",words,
subscribe,verb,B1,obuna bo'lmoq,подписываться,To pay to receive a service or digital content regularly.,səbˈskɹaɪb,5766,ielts,You should subscribe to our newsletter for weekly language tips.,Har haftalik til bo'yicha maslahatlar uchun yangiliklarimizga obuna bo'ling.,,
submit,verb,B2,topshirmoq taqdim etmoq,подчиняться,To give a document or plan to someone so they can approve or read it.,səbˈmɪt,5768,ielts,Please submit your final report to the manager by next Friday afternoon.,"Iltimos, yakuniy hisobotni kelasi juma tushdan keyin menejerga topshiring.",hand in present,withhold
germany,noun,A1,Germaniya,Германия,A country located in Central Europe.,ˈdʒɜːməni,5770,travel,Many students travel to Germany to study engineering at famous universities.,Ko'plab talabalar mashhur universitetlarda muhandislik sohasida o'qish uchun Germaniyaga boradilar.,,
amount,noun,A2,miqdor hajm,количество,A quantity of something that you can measure or count as a whole.,əˈmaʊnt,5772,describing,You need a large amount of water to keep the plants alive.,O'simliklarni tirik saqlash uchun sizga katta miqdorda suv kerak bo'ladi.,quantity volume,
though,conjunction,B1,garchi biroq,тем не менее,Used to introduce a fact that makes the main sentence seem surprising or unlikely.,ðəʊ,5774,ielts,He went to work though he was feeling very ill that morning.,"U o'sha kuni ertalab o'zini juda yomon his qilgan bo'lsa-da, ishga bordi.",although despite,
risk,noun,B2,xavf tavakkal,риск,The possibility that something bad or unpleasant will happen.,ɹɪsk,5776,ielts,Smoking increases the risk of developing serious health problems later in life.,Chekish hayotning keyingi davrida jiddiy sog'liq muammolarini keltirib chiqarish xavfini oshiradi.,danger threat,safety
thanks,interjection,A1,rahmat tashakkur,спасибо,A polite word used to tell someone that you are happy about their help.,ˈθæŋks,5778,basics,Thanks for helping me carry these heavy bags to the car today.,Bugun bu og'ir sumkalarni mashinaga olib borishimga yordam berganingiz uchun rahmat.,thank you,
everything,pronoun,A1,hamma narsa barcha narsa,всё,All things of a particular group or all things in the world.,ˈɛv(ə)ɹiˌθɪŋ,5780,basics,I have finished everything on my list before the meeting started today.,Bugun yig'ilish boshlanishidan oldin ro'yxatimdagi hamma narsani tugatdim.,all,nothing
deals,noun,B1,kelishuvlar bitimlar,сделки,Business agreements between two or more people or organizations.,diːlz,5782,work,The company made many successful deals during the international trade conference today.,Kompaniya bugungi xalqaro savdo anjumani davomida ko'plab muvaffaqiyatli kelishuvlarga erishdi.,agreements bargains,
various,adjective,B1,har xil turli,различный,Many different types of things or people.,ˈvɛəɹi.əs,5784,describing,There are various ways to fix the problem in this office.,Bu muammoni hal qilishning turli xil yo'llari mavjud.,different diverse,same
production,noun,B2,ishlab chiqarish tayyorlash,производство,The process of making or growing goods to be sold.,pɹəˈdʌkʃən,5786,work,The widget making machine is being used for production now.,Qurilma yasaydigan dastgoh hozir ishlab chiqarish uchun ishlatilmoqda.,creation manufacturing,
commercial,adjective,B2,tijoriy savdo,коммерческий,Relating to business and making money.,kəˈmɜː.ʃəl,5788,ielts,The company has many commercial interests in foreign countries.,Kompaniyaning xorijiy davlatlarda ko'plab tijoriy manfaatlari bor.,profitable business,
weight,noun,A2,vazn og'irlik,вес,How heavy a person or thing is.,weɪt,5790,body-health,You should check your weight every week for good health.,Sog'ligingiz uchun vazningizni har hafta tekshirib turishingiz kerak.,mass heaviness,
heart,noun,A2,yurak qalb,сердце,The organ in your chest that pumps blood through your body.,hɑːt,5792,body-health,Eating healthy food is very important for a strong heart.,Sog'lom ovqatlanish kuchli yurak uchun juda muhimdir.,,
advertising,noun,B1,reklama,реклама,The business of telling people about products to make them buy them.,ˈædvɚˌtaɪzɪŋ,5794,work,He works in advertising and creates campaigns for new products.,U reklamada ishlaydi va yangi mahsulotlar uchun kampaniyalar yaratadi.,promotion marketing,
choose,verb,A2,tanlamoq,выбирать,To decide which one you want from a group of things.,t͡ʃuːz,5796,actions,I chose a nice ripe apple from the fruit bowl.,Men meva idishidan chiroyli va pishgan olmani tanladim.,select pick,
treatment,noun,B2,davolash muolaja,лечение,Medical care given to a patient to help them get better from an illness.,ˈtɹiːtmənt,5798,body-health,The doctor suggested a new treatment for his chronic back pain condition.,Shifokor uning surunkali bel og'rig'i uchun yangi muolaja taklif qildi.,course,
newsletter,noun,B1,axborotnoma byulleten,информационный бюллетень,A printed or digital report sent regularly to people interested in a specific topic.,ˈn(j)uzˌlɛtɚ,5800,work,I subscribe to a weekly newsletter about the latest technology and science news.,Men eng so'nggi texnologiya va fan yangiliklari haqidagi haftalik axborotnomaga obuna bo'ldim.,,
error,noun,B1,xato kamchilik,ошибка,A mistake or something that is not correct.,ˈɛɹə,5802,ielts,There was a small error in the financial report provided by the accountant.,Hisobchi taqdim etgan moliyaviy hisobotda kichik bir xato bor edi.,mistake blunder,accuracy
camera,noun,A1,kamera,камера,A piece of equipment used to take photographs or record videos.,ˈkæm.ə.ɹə,5804,basics,She bought a new digital camera to take pictures during her summer holiday.,U yozgi ta'tilda suratga olish uchun yangi raqamli kamera sotib oldi.,,
currently,adverb,B1,hozirgi vaqtda ayni paytda,в настоящее время,Happening at this present moment; now.,ˈkʌɹ.ənt.li,5808,time,We are currently working on a project to improve our website's user experience.,Biz ayni paytda veb-saytimiz foydalanuvchi tajribasini yaxshilash loyihasi ustida ishlamoqdamiz.,now presently,
construction,noun,B1,qurilish bino,строительство,"The work of building something, such as houses, offices, or bridges.",kənˈstɹʌkʃən,5810,places,The construction of the new school building will be completed by next year.,Yangi maktab binosining qurilishi kelgusi yilgacha yakunlanadi.,,
toys,noun,A1,o'yinchoqlar,игрушки,Objects designed for children to play with.,tɔɪz,5812,basics,He donated all his old toys to the children at the local hospital.,U barcha eski o'yinchoqlarini mahalliy kasalxonadagi bolalarga sovg'a qildi.,games,
clear,adjective,A2,tiniq shaffof,прозрачный,Easy to see through or understand.,klɪə(ɹ),5814,describing,The water in the lake is very clear today.,Bugun ko'ldagi suv juda tiniq.,transparent obvious,cloudy
golf,noun,B1,golf o'yini,гольф,A game where you hit a small ball into holes with a club.,ɡɒlf,5816,actions,My father likes to play golf at the weekends.,Otam dam olish kunlari golf o'ynashni yaxshi ko'radi.,,
domain,noun,C1,soha hudud,область,"A particular area of activity, interest, or knowledge.",ˌdəʊˈmeɪ̯n,5818,ielts,Physics is his area of expertise and domain.,Fizika uning mutaxassislik sohasi va maydoni.,field sphere,
chapter,noun,A2,bob qism,глава,One of the parts into which a book is divided.,ˈt͡ʃæptə(r),5820,school,I finished the last chapter of the book yesterday.,Men kitobning oxirgi bobini kecha tugatdim.,section part,
protection,noun,B1,himoya,защита,The act of keeping someone or something safe from harm.,pɹəˈtɛkʃn̩,5822,ielts,Sunscreen provides protection against harmful UV rays.,Quyosh kremi zararli UV nurlaridan himoyani ta'minlaydi.,safety security,danger
policies,noun,B2,siyosat qoida,политика,Sets of rules or plans used by a government or organization.,ˈpɒl.ə.siz,5824,ielts,The company has strict policies regarding staff safety.,Kompaniyaning xodimlar xavfsizligi bo'yicha qat'iy qoidalari bor.,rules regulations,
loan,noun,B1,qarz kredit,заём,Money that someone borrows and must pay back later.,ləʊn,5826,work,She took out a bank loan to buy a new car.,U yangi mashina sotib olish uchun bankdan kredit oldi.,credit advance,
wide,adjective,A1,keng,широкий,Having a large distance from one side to the other.,waɪd,5828,describing,The river is very wide at this particular point.,Daryo aynan shu nuqtada juda keng.,broad,narrow
beauty,noun,A2,gozallik husn,красота,The quality of being very attractive to look at or pleasant to experience.,ˈbjuːti,5830,describing,She was amazed by the natural beauty of the mountain landscape.,U tog' manzarasining tabiiy go'zalligidan hayratda qoldi.,loveliness attractiveness,ugliness
position,noun,B1,lavozim o'rin,должность,A specific job or the rank that a person holds in an organization.,pəˈzɪʃ.ən,5832,work,She is currently applying for a senior position at the bank.,U hozirda bankdagi yuqori lavozimga ariza topshirmoqda.,job post,
taken,adjective,B1,band olingan,занятый,Already involved in a serious romantic relationship with someone else.,ˈteɪ.kn̩,5834,people-family,I cannot ask her out for dinner because she is already taken.,"Men uni kechki ovqatga taklif qila olmayman, chunki u band.",unavailable engaged,single
sort,verb,B1,saralamoq turkumlamoq,сортировать,To arrange things into groups based on their type or category.,soɹt,5836,actions,You need to sort these documents into alphabetical order before the meeting.,Majlisdan oldin ushbu hujjatlarni alifbo tartibida saralashingiz kerak.,categorize classify,
known,adjective,A2,ma'lum tanilgan,известный,"Widely recognized, familiar to many people, or clearly identified.",nəʊn,5838,describing,The city is well known for its beautiful historic architecture.,Shahar o'zining go'zal tarixiy arxitekturasi bilan yaxshi ma'lum.,famous recognized,unknown
half,noun,A1,yarim,половина,One of two equal parts of something.,ˈhɑːf,5840,basics,I ate the smaller half of the apple for my lunch today.,Men tushlik uchun olmaning kichikroq yarmini yedim.,,
step,noun,A2,qadam,шаг,A movement made by lifting your foot and putting it down in another place.,stɛp,5842,actions,He took a small step forward to look at the beautiful view.,U go‘zal manzaraga qarash uchun oldinga kichik qadam tashladi.,pace,
simple,adjective,A2,oddiy sodda,простой,Easy to understand or do; not complicated.,ˈsɪm.pəl,5844,describing,The instructions for this machine are very simple to follow.,Bu mashina uchun ko‘rsatmalar juda oddiy va tushunarli.,easy basic,hard
quick,adjective,A2,tezkor tez,быстрый,Moving or happening with great speed.,kwɪk,5846,describing,We had a quick lunch before going back to our work.,Ishga qaytishdan oldin biz tez tushlik qildik.,fast,slow
wireless,adjective,B1,simsiz,беспроводной,Using radio signals or waves to connect devices without physical wires.,ˈwaɪə.ləs,5848,work,I prefer using wireless headphones because they are more comfortable.,"Men simsiz quloqchinlardan foydalanishni afzal ko‘raman, chunki ular qulayroq.",,
license,noun,B2,litsenziya ruxsatnoma,лицензия,An official paper that gives you permission to do or own something.,ˈlaɪ.səns,5850,ielts,You need a valid driver's license to rent a car here.,Bu yerda mashina ijaraga olish uchun sizda haydovchilik guvohnomasi bo‘lishi kerak.,permit,
friday,noun,A1,juma,пятница,The day of the week after Thursday and before Saturday.,ˈfraɪ.deɪ,5852,time,We usually go to the local market every Friday morning.,Biz odatda har juma kuni ertalab mahalliy bozorga boramiz.,,
whole,adjective,A2,butun yaxlit,целый,Containing all parts or pieces; not divided.,həʊl,5854,describing,I was so hungry that I ate the whole apple.,Qornim ochligidan butun olmani yeb qo'ydim.,total complete,
later,adverb,A1,keyinroq,позже,At a time in the future or after now.,ˈleɪ.tə,5856,time,"I am busy right now, so let us talk about it later.","Hozir bandman, keling, bu haqida keyinroq gaplashamiz.",,
basic,adjective,A2,asosiy oddiy,основной,Simple and most important part of something.,ˈbeɪsɪk,5858,basics,You need to learn the basic rules before you start playing.,O'yinni boshlashdan oldin asosiy qoidalarni o'rganishingiz kerak.,essential needed,
church,noun,A2,cherkov,церковь,A building where Christians go to pray and attend religious services.,ˈt͡ʃɜːt͡ʃ,5860,places,There is a very old church in the center of the town.,Shahar markazida juda qadimiy cherkov bor.,,
purchase,verb,B1,sotib olmoq xarid qilmoq,покупать,To buy something by paying money for it.,ˈpɜː.tʃɪs,5862,actions,You can purchase your train tickets online to save some time.,Vaqtni tejash uchun poyezd chiptalarini onlayn tarzda xarid qilishingiz mumkin.,buy,
active,adjective,B1,faol chaqqon,активный,Doing many things and moving around a lot.,ˈæk.tɪv,5864,ielts,Staying active is very important for your health and mind.,Faol bo'lish sog'ligingiz va ruhiyatingiz uchun juda muhimdir.,energetic busy,passive
response,noun,B1,javob,ответ,A spoken or written answer to a question or a reaction to an event.,ɹɪˈspɒns,5866,actions,The company gave a quick response to all the customer complaints.,Kompaniya barcha mijozlar shikoyatlariga tezkor javob berdi.,answer reply,
practice,noun,A2,mashq amaliyot,практика,Doing an activity regularly to become better at it.,ˈpɹæktɪs,5868,actions,You need a lot of practice to speak English fluently.,Ingliz tilida ravon gapirish uchun ko'p mashq qilish kerak.,training drill,
hardware,noun,B1,jihoz texnika,оборудование,The physical parts of a computer system or tools used for building.,ˈhɑɹdˌwɛɹ,5870,home,He bought new hardware to upgrade his computer performance.,U kompyuter unumdorligini oshirish uchun yangi jihozlar sotib oldi.,equipment gear,
figure,noun,B1,raqam ko'rsatkich,рисунок,"A symbol for a number, or a drawing that provides information.",ˈfɪɡə,5872,ielts,The sales figures for this month are higher than last year.,Bu oy uchun savdo ko'rsatkichlari o'tgan yilgidan yuqori.,number digit,
chat,verb,A2,suhbatlashmoq gurunglashmoq,разговаривать,To talk with someone in a friendly and informal way.,ˈt͡ʃæt,5874,actions,We like to chat about our day while having dinner.,Biz kechki ovqat paytida kunimiz haqida suhbatlashishni yoqtiramiz.,talk converse,
enough,determiner,A1,yetarli kifoya,достаточно,As much as is necessary for a particular purpose.,ɪˈnʌf,5876,basics,We have enough food for everyone at the party today.,Bugun bazmda hammaga yetarli darajada ovqatimiz bor.,sufficient adequate,insufficient
along,preposition,A2,bo'ylab,вдоль,Moving in a constant direction on a path or road.,əˈlɒŋ,5878,travel,They walked slowly along the river on a sunny afternoon.,Ular quyoshli tushdan keyin daryo bo'ylab sekin yurishdi.,,
among,preposition,B1,orasida,среди,Surrounded by other people or things; within a group.,əˈmʌŋ,5880,describing,I found my keys hidden among the books on the shelf.,Men kalitlarimni javondagi kitoblar orasiga yashiringan holda topdim.,between amidst,
death,noun,A2,o'lim vafot,смерть,The end of life; when a person or animal stops living.,ˈdɛθ,5882,body-health,"My grandfather died a violent death, which saddened the whole family.",Bobom vafot etdi va bu butun oilamizni qayg'uga soldi.,,life
speed,noun,A2,tezlik surat,скорость,How fast something moves or happens.,spiːd,5884,actions,How does Usain Bolt run at that incredible speed?,Usayn Bolt qanday qilib bunchalik yuqori tezlikda yugura oladi?,rapidity velocity,
countries,noun,A1,davlatlar mamlakatlar,страны,Areas of land that have their own government and borders.,ˈkʌntɹiz,5886,places,Many different countries are represented at the international meeting.,Xalqaro yig'ilishda ko'plab turli davlatlar vakillari qatnashmoqda.,nations states,
loss,noun,B1,yo'qotish ziyon,потеря,The situation when you no longer have something that you once had.,lɒs,5888,ielts,The company reported a major financial loss after the bad season.,Kompaniya yomon mavsumdan keyin katta moliyaviy ziyon ko'rganini ma'lum qildi.,expense,gain
brand,noun,B1,brend marka,бренд,A product or group of products made by a particular company under one name.,bɹænd,5890,work,They only buy this brand of coffee because it tastes better.,"Ular faqat shu brenddagi qahvani sotib olishadi, chunki u mazaliroq.",trademark logo,
higher,adjective,A2,yuqoriroq balandroq,выше,"Having a greater level, amount, or position than something else.",ˈhaɪ.ə,5892,describing,Prices are much higher in the city center than in villages.,Shahar markazida narxlar qishloqlarga qaraganda ancha yuqoriroq.,,lower
effects,noun,B1,ta'sirlar oqibatlar,эффекты,The changes that occur because of a particular action or cause.,ɪˈfɛkts,5894,ielts,The medicine has several positive effects on your general health.,Bu dori umumiy sog'lig'ingizga bir nechta ijobiy ta'sir ko'rsatadi.,results consequences,
remember,verb,A2,eslamoq yodda tutmoq,помнить,To keep information or an image in your mind from the past.,ɹɪˈmɛmbɚ,5896,actions,I always remember the names of people I meet at work.,Men ishda uchratgan odamlarning ismlarini har doim yodda tutaman.,recall retain,forget
oil,noun,A2,yog neft,масло,A smooth liquid that is used for cooking or as fuel for machines.,ɔɪl,5898,food-drink,Oil is found in countries such as Saudi Arabia and is transported worldwide.,Neft Saudiya Arabistoni kabi mamlakatlarda topiladi va butun dunyoga tashiladi.,fuel,
bit,noun,B1,sverlo,сверло,A metal tool used with a drill to make holes in wood or metal.,ˈbɪt,5900,work,I need a bigger drill bit to finish making this hole today.,Bu teshikni yasashni tugatish uchun menga kattaroq parma uchi kerak.,drill,
political,adjective,B2,siyosiy,политический,"Relating to the government, public policy, or the organization of a country.",pəˈlɪt.ɪ.kəl,5902,ielts,The political situation in the country changed after the new election results.,Mamlakatdagi siyosiy vaziyat yangi saylov natijalaridan so‘ng o‘zgardi.,governmental,
advertise,verb,B1,reklama qilmoq e’lon bermoq,рекламировать,To tell people about a product or service to encourage them to buy it.,ˈædvə(ɹ)taɪz,5904,work,"For personal needs, advertise on the internet or in a local newspaper.",Shaxsiy ehtiyojlar uchun internetda yoki mahalliy gazetada e’lon bering.,promote publicize,
kingdom,noun,B2,qirollik,королевство,A country that is ruled by a king or a queen.,ˈkɪŋdəm,5906,places,The kingdom was famous for its rich history and beautiful green valleys.,Qirollik o‘zining boy tarixi va go‘zal yashil vodiylari bilan mashhur edi.,realm,
base,noun,B1,asos poydevor,основа,The bottom part of something or the place where something starts from.,beɪs,5908,basics,The base of the mountain is covered with many tall green trees.,Tog‘ning asosi baland yashil daraxtlar bilan qoplangan.,foundation bottom,top
near,adjective,A1,yaqin,близкий,Not far away in distance or time.,nɪə,5910,basics,"My house is near the school, so I can walk there easily.","Uyim maktabga yaqin, shuning uchun u yerga osonlikcha piyoda bora olaman.",close,remote
environmental,adjective,B2,ekologik atrof-muhitga oid,экологический,"Relating to the natural world of land, air, and water around us.",ɪnˌvaɪ.ɹə(n)ˈmɛn.təl,5912,ielts,We must take serious action to solve current environmental problems in society.,Jamiyatdagi hozirgi ekologik muammolarni hal qilish uchun jiddiy choralar ko‘rishimiz kerak.,ecological,
thought,noun,B1,fikr o'y,мысль,An idea or opinion produced by thinking or occurring suddenly in the mind.,θɔt,5914,ielts,The thought of moving to a new city makes me quite nervous.,Yangi shaharga ko'chib o'tish haqidagi o'y meni biroz xavotirga solmoqda.,idea notion,
stuff,noun,A2,narsa buyum,вещи,Things or objects when you do not need to name them specifically.,stʌf,5916,basics,I need to clear all this old stuff off my desk today.,Bugun ish stolimdagi barcha eski narsalarni olib tashlashim kerak.,things items,
storage,noun,B2,saqlash ombor,хранилище,The act of keeping things in a safe place until they are needed.,ˈstɔː.ɹɪd͡ʒ,5918,home,This new computer has plenty of storage for all your digital photos.,Ushbu yangi kompyuterda barcha raqamli suratlaringiz uchun yetarli xotira mavjud.,keeping,
doing,noun,B1,qilmish harakat,деяние,An action that someone has performed and is responsible for.,ˈduːɪŋ,5920,actions,The damage to the fence was clearly his own doing.,Panjaraga yetkazilgan zarar aniq uning o'z qilmishi edi.,deed action,
entry,noun,B2,kirish kirish joyi,вход,The act of coming or going into a building or place.,ˈɛntɹi,5922,places,The main entry to the museum is through the side garden door.,Muzeyga asosiy kirish joyi yon tarafdagi bog' eshigi orqali.,access entrance,
stay,verb,A1,qolmoq to'xtamoq,оставаться,To continue to be in the same place and not leave.,steɪ,5924,travel,We decided to stay in a hotel near the city center.,Biz shahar markaziga yaqin mehmonxonada qolishga qaror qildik.,remain reside,leave
nature,noun,A2,tabiat,природа,"The physical world, including plants, animals, mountains, and the sea, not created by humans.",ˈneɪ̯.tʃə(ɹ),5926,nature,We decided to spend the whole weekend enjoying the beauty of nature.,Biz butun dam olish kunini tabiat go'zalligidan bahramand bo'lib o'tkazishga qaror qildik.,,
availability,noun,B2,mavjudlik borlik,наличие,"The state of being able to be used, obtained, or reached by someone.",əˌveɪ.ləˈbɪl.ɪ.ti,5928,ielts,"Please check the availability of the hotel rooms for next weekend, thanks.","Iltimos, mehmonxona xonalarining kelgusi hafta oxiri uchun mavjudligini tekshiring, rahmat.",,
turn,verb,A2,burilmoq o'girilmoq,поворачиваться,To move or rotate your body or an object in a different direction.,tɜːn,5932,actions,You need to turn left at the next traffic light to arrive.,Yetib borish uchun keyingi svetoforda chapga burilishingiz kerak.,rotate spin,
mean,verb,A2,anglatmoq bildirmoq,значить,"To express or represent a particular idea, meaning, or intention.",miːn,5934,actions,I am not sure what that word is supposed to mean exactly.,Bu so'z aynan nimani anglatishini bilmayman.,signify intend,
growth,noun,B1,o'sish rivojlanish,рост,"The process of increasing in physical size, value, or level of development.",ɡɹoʊθ,5936,ielts,The economic growth of the country has been steady over ten years.,Mamlakatning iqtisodiy o'sishi o'n yil davomida barqaror bo'lib keldi.,increase development,decline
agency,noun,B2,agentlik xizmat,агентство,A business or organization that provides a specific service for other people.,ˈeɪ.d͡ʒən.si,5938,work,She works for a travel agency that organizes trips to sunny countries.,U quyoshli mamlakatlarga sayohatlarni tashkil qiluvchi turistik agentlikda ishlaydi.,office bureau,
Monday,noun,A1,Dushanba,Понедельник,The day of the week between Sunday and Tuesday.,ˈmʌn.deɪ,5940,time,I always start my new projects at the office on Monday mornings.,Men ofisdagi yangi loyihalarimni har doim dushanba kuni ertalab boshlayman.,,
european,adjective,A2,yevropalik yevropacha,европейский,Relating to the continent of Europe or its people.,jʊərəˈpiːən,5942,describing,Many European countries use the same currency called the euro.,Ko'plab Yevropa mamlakatlari yevro deb nomlangan bir xil valyutadan foydalanadi.,,
activity,noun,A2,faoliyat mashg'ulot,деятельность,Something that you do for enjoyment or to achieve a specific goal.,ækˈtɪv.ɪ.ti,5944,actions,We organized a fun outdoor activity for the children on Saturday.,Biz shanba kuni bolalar uchun qiziqarli ochiq havodagi mashg'ulot tashkil qildik.,pursuit undertaking,
copy,noun,A2,nusxa ko'chirma,копия,A thing made to look exactly like an original version.,ˈkɒpi,5946,work,Please make a copy of this document for your own records.,Iltimos o'zingizning hisobingiz uchun ushbu hujjatdan nusxa oling.,duplicate reproduction,
although,conjunction,B1,garchi -sa ham,хотя,Used to show that a statement makes the previous one seem surprising.,ɔːlˈðəʊ,5948,ielts,"Although it was raining, we decided to go for a walk.",Garchi yomg'ir yog'ayotgan bo'lsa-da biz sayrga chiqishga qaror qildik.,though even though,
drug,noun,B1,dori dori-darmon,лекарство,A chemical substance used to treat a disease or improve health.,ˈdɹʌɡ,5950,body-health,The doctor prescribed a new drug to help lower his blood pressure.,Shifokor uning qon bosimini tushirishga yordam beradigan yangi dori yozib berdi.,medication medicine,
pics,noun,B1,rasmlar suratlar,фотографии,Informal word for photographs or digital images.,pɪks,5952,basics,Can you send me some pics from your vacation in Spain?,Ispaniyadagi ta'tilingizdan bir nechta rasm yubora olasizmi?,photos pictures,
western,adjective,A2,g'arbiy,западный,Coming from or relating to the west part of a place.,ˈwɛstɚn,5954,places,Many people enjoy traveling to the western coast during the summer.,Ko'p odamlar yozda g'arbiy sohilda sayohat qilishdan zavqlanishadi.,,eastern
force,verb,B2,majburlamoq,заставлять,To make someone do something they do not want to do.,fɔːs,5956,ielts,Do not force your opinions on other people during the meeting.,Yig'ilish vaqtida o'z fikrlaringizni boshqalarga majburlab o'tkazmang.,compel require,
cash,noun,A2,naqd pul,наличные,Money in the form of notes and coins rather than cards or checks.,kæʃ,5958,basics,I do not have enough cash to pay for this meal today.,Bugun bu ovqat uchun to'lashga yetarli naqd pulim yo'q.,cash money,
bay,noun,B2,qo'ltiq dengiz qo'ltig'i,залив,A part of the sea or a lake that goes into the land.,ˈbeɪ̯,5960,nature,The boat sailed slowly into the quiet bay near our hotel.,Qayiq mehmonxonamiz yaqinidagi sokin qo'ltiqqa sekin suzib kirdi.,,
commission,noun,C1,topshiriq komissiya,поручение,An official instruction or task given to a person or group.,kəˈmɪʃən,5962,ielts,The government set up a commission to study the environmental problem.,Hukumat atrof-muhit muammosini o'rganish uchun komissiya tuzdi.,mission task,
package,noun,A2,paket posilka,пакет,A box or envelope that is wrapped and sent by mail.,ˈpæ.kɪd͡ʒ,5964,basics,There is a large package waiting for you at the front desk.,Qabulxona peshtaxtasida sizni kutayotgan katta paket bor.,parcel,
seen,verb,A2,ko'rilgan,виденный,The past participle form of the verb to see.,siːn,5966,actions,I have never seen such a beautiful sunset in my life.,Hayotimda bunaqa chiroyli quyosh botishini hech qachon ko'rmaganman.,,
engine,noun,B1,dvigatel motor,двигатель,A machine that uses energy to create movement in a vehicle.,ˈɛnd͡ʒɪn,5968,travel,The car engine stopped working while we were driving home yesterday.,Kecha uyga ketayotganimizda mashina dvigateli ishlashdan to'xtadi.,motor drive,
album,noun,A2,albom,альбом,A book with empty pages for keeping photos or other items.,ˈælbəm,5970,home,I enjoy looking through my old photo album on quiet evenings.,Sokin oqshomlarda eski fotoalbomimni varaqlashni yaxshi ko'raman.,,
regional,adjective,B2,mintaqaviy hududiy,региональный,"Relating to a particular area, region, or part of a country.",ˈɹiːd͡ʒənəl,5972,ielts,There is a regional meeting to discuss local development next week.,Kelasi hafta mahalliy rivojlanishni muhokama qilish uchun mintaqaviy yig'ilish bor.,,systemic
supplies,noun,B1,zaxiralar taʼminot,запасы,Necessary items or food that are kept for use when needed.,səˈplaɪz,5974,work,The medical supplies reached the village before the heavy snow storm arrived.,Tibbiy taʼminot qattiq qor boʻronigacha qishloqqa yetib keldi.,resources provisions,
administration,noun,B2,maʼmuriyat boshqaruv,администрация,The group of people who manage and organize the work of a government or business.,ədˌmɪn.ɪˈstɹeɪ.ʃən,5976,ielts,Successive US administrations have had similar policies regarding the Middle East region.,AQSHning ketma-ket maʼmuriyatlari Yaqin Sharq mintaqasi boʻyicha oʻxshash siyosatga ega boʻlishgan.,management government,
bar,noun,A2,panjara ustun,брусок,"A long, straight piece of hard material like wood, metal, or soap.",bɑː,5978,home,The window was protected by strong steel bars to keep people out.,Deraza odamlarni tashqarida ushlab turish uchun mustahkam poʻlat panjaralar bilan himoyalangan edi.,rod pole,
double,adjective,A1,ikki hissa qoʻshaloq,двойной,"Having two parts, or being twice as much as the usual amount.",ˈdʌb.əl,5980,basics,Please give me a double serving of rice for my lunch today.,"Iltimos, bugun tushligim uchun ikki hissa guruch bering.",dual twofold,single
build,verb,A2,qurmoq bunyod etmoq,строить,"To make something by joining different parts together, especially buildings.",bɪld,5982,actions,The company plans to build a new factory in the city center.,Kompaniya shahar markazida yangi zavod qurishni rejalashtirmoqda.,construct create,destroy
screen,noun,A2,ekran,экран,The flat front part of a television or computer that shows images.,ˈskɹiːn,5984,home,He spends many hours every day looking at his computer screen for work.,U har kuni ish uchun kompyuter ekraniga koʻp soat tikilib oʻtiradi.,monitor display,
exchange,noun,B1,ayirboshlash almashish,обмен,The act of giving something to someone and receiving something else from them.,ɛksˈt͡ʃeɪnd͡ʒ,5986,ielts,They made an exchange of ideas to solve the difficult business problem together.,Ular qiyin biznes muammosini birgalikda hal qilish uchun gʻoyalar almashdilar.,trade swap,
soon,adverb,A1,tez orada yaqinda,скоро,In a short time from now or after a particular event.,suːn,5988,time,We expect that the rain will stop soon so we can go out.,"Yomgʻir tez orada toʻxtashini kutamiz, shunda biz tashqariga chiqa olamiz.",shortly presently,
sponsored,verb,B2,homiylik qilingan moliyalashtirilgan,спонсируемый,"Provided funds for an event, activity, person, or organization.",ˈspɒn.səd,5990,work,The local bank sponsored the youth football team for the season.,Mahalliy bank yoshlar futbol jamoasiga mavsum uchun homiylik qildi.,funded supported,
electronic,adjective,A2,elektron,электронный,Operating using electricity and complex parts like computers or microchips.,ˌɛl.ɛkˈtɹɒn.ɪk,5992,describing,He prefers to read books on his new electronic tablet.,U kitoblarni yangi elektron planshetida o'qishni afzal ko'radi.,digital computerized,
continue,verb,A2,davom etmoq,продолжать,To keep doing something without stopping for a long time.,kənˈtɪn.juː,5994,actions,Please continue your work while I go and get some coffee.,Men qahva olib kelguncha iltimos ishingizni davom ettiring.,proceed persist,stop
across,preposition,A2,narigi tomoniga bo'ylab,через,From one side of something to the other side.,əˈkɹɒs,5996,places,There is a beautiful wooden bridge across the wide river.,Keng daryo ustida chiroyli yog'och ko'prik bor.,over crosswise,
season,noun,A1,mavsum fasl,сезон,One of the four main periods of the year based on weather.,[ˈsiː.zn̩],5998,time,Spring is my favorite season because the flowers start to bloom.,Bahor mening sevimli faslim chunki gullar ochila boshlaydi.,period time,
someone,pronoun,A1,kimdir alla kim,кто-то,An unknown or unnamed person.,ˈsʌmwʌn,6000,people-family,I think someone is knocking on the front door right now.,Menimcha hozir kimdir kirish eshigini taqillatyapti.,somebody,
held,verb,B1,ushlagan o'tkazgan,держал,"Past tense of hold, meaning to carry something in your hands.",ˈhɛld,6002,actions,She held the baby carefully in her arms while she walked.,U yurganda chaqaloqni qo'llarida ehtiyotkorlik bilan ushlab turdi.,carried grasped,
anything,pronoun,A1,biror narsa hech narsa,что-нибудь,"Used to refer to a thing, no matter which one.",ˈɛ.nə.θɪŋ,6004,basics,Do you have anything in your bag for this long trip?,Bu uzoq safar uchun sumkangizda biror narsa bormi?,something whatever,
printer,noun,A2,printer chop etuvchi,принтер,A machine that puts text or pictures from a computer onto paper.,ˈpɹɪntə(ɹ),6006,home,I need to connect the new printer to my laptop today.,Men yangi printerni bugun noutbukimga ulashim kerak.,,
condition,noun,B1,shart holat,условие,Something that must be true or done before something else can happen.,kənˈdɪʃən,6008,ielts,Safety is an important condition for working in this chemical factory.,Xavfsizlik bu kimyo zavodida ishlash uchun muhim shartdir.,requirement term,
effective,adjective,B1,samarali ta'sirli,эффективный,Working well and producing the result that you want.,əˈfɛktɪv,6010,ielts,This medicine is a very effective way to stop a headache.,Bu dori bosh og‘rig‘ini to‘xtatishning juda samarali usulidir.,efficacious,
organization,noun,B1,tashkilot uyushma,организация,"A group of people formed for a particular purpose, such as a club or business.",ˌɔː.ɡə.naɪˈzeɪ.ʃən,6012,ielts,She works for a large international organization that helps poor children.,U kambag‘al bolalarga yordam beradigan katta xalqaro tashkilotda ishlaydi.,institution association,
effect,noun,B1,ta'sir natija,эффект,A change or a result that happens because of an action.,ɪˈfɛkt,6014,ielts,The new law will have a positive effect on our daily lives.,Yangi qonun kundalik hayotimizga ijobiy ta'sir ko‘rsatadi.,consequence result,cause
mind,noun,B1,aql ong,ум,"The part of a person that thinks, feels, and remembers.",maɪnd,6016,feelings,His mind is full of great ideas for the new project.,Uning aqli yangi loyiha uchun ajoyib g‘oyalarga to‘la.,brain intellect,
selection,noun,B2,tanlov saralash,выбор,A group of things that have been chosen from a larger collection.,səˈlɛkʃən,6018,ielts,I brought a nice selection of fresh fruit to the family party.,Oila davrasidagi bazmga yangi uzilgan mevalar tanlovini olib keldim.,choice range,
casino,noun,B2,kazino,казино,A building where people go to play games of chance and win money.,kəˈsiːnəʊ,6020,places,He went to the casino every night until one in the morning.,U har kuni tunda soat birgacha kazinoga borardi.,,
lost,adjective,A2,yo'qolgan adashgan,потерянный,Unable to find your way or not knowing where you are.,lɒst,6022,feelings,The children were soon lost in the thick forest behind the house.,Bolalar tez orada uy orqasidagi qalin o'rmonda adashib qolishdi.,missing misplaced,found
tour,noun,A2,sayohat safar,путешествие,A visit to see several interesting places in a country or city.,tɔː(ɹ),6024,travel,We went on a guided tour of the old city last summer.,O'tgan yozda biz qadimiy shahar bo'ylab ekskursiyaga bordik.,trip journey,
volume,noun,B1,ovoz hajmi,объем,"The level of sound produced by a television, radio, or other device.",ˈvɒl.juːm,6026,home,Please turn down the volume on the television so I can study.,"Iltimos, televizor ovozini pasaytirib qo'ying, dars qilayotgan edim.",loudness,
cross,noun,A2,xoch,крест,A shape made by two lines crossing each other at a right angle.,kɹɒs,6028,basics,Put a small cross next to the answer if it is wrong.,"Agar javob noto'g'ri bo'lsa, uning yoniga kichik xoch belgisini qo'ying.",,
anyone,pronoun,A2,hech kim kimdir,кто-нибудь,Used to refer to any person at all.,ˈɛ.niˌwʌn,6030,basics,Almost anyone can learn to play this simple game with practice.,Amaliyot bilan deyarli har kim bu oddiy o'yinni o'ynashni o'rganishi mumkin.,anybody,
mortgage,noun,B2,ipoteka kredit,ипотека,A bank loan that you use to buy a house or apartment.,ˈmɔː.ɡɪd͡ʒ,6032,ielts,They had to take out a mortgage to buy their new home.,Ular yangi uy sotib olish uchun ipoteka krediti olishga majbur bo'lishdi.,loan,
hope,verb,A2,umid qilmoq,надеяться,To want something to happen and believe that it is possible.,ˈhəʊ̯p,6034,feelings,I hope that the weather will be nice for our school trip.,Maktab ekskursiyamiz uchun havo yaxshi bo'lishidan umidvorman.,expect trust,despair
silver,noun,B1,kumush,серебро,"A shiny grey precious metal used to make jewelry, coins, and expensive knives and forks.",ˈsɪl.və,6036,describing,She wore a beautiful silver necklace to the party last night.,U kecha bazmga chiroyli kumush taqinchoq taqib bordi.,,
corporation,noun,B2,korporatsiya kompaniya,корпорация,A large business organization that is legally separate from its owners.,ˌkɔː.pəˈɹeɪ.ʃən,6038,ielts,The multinational corporation is planning to open a new office in Tashkent.,Ushbu xalqaro korporatsiya Toshkentda yangi ofis ochishni rejalashtirmoqda.,company firm,
wish,verb,A2,istamoq xohlamoq,желать,"To have a desire for something to happen, especially something difficult or impossible.",wɪʃ,6040,feelings,I wish I could speak more languages to travel around the world.,Dunyo bo'ylab sayohat qilish uchun ko'proq tillarda gapira olishni istardim.,want desire,
inside,adverb,A1,ichkarida ichkariga,внутри,"In or into the inner part of a container, room, or building.",ˈɪnsaɪd,6042,basics,"It was raining outside, so we decided to stay inside all day.","Tashqarida yomg'ir yog'ayotgan edi, shuning uchun biz kun bo'yi ichkarida qolishga qaror qildik.",indoors,outside
rather,adverb,B2,ko'proq balki,скорее,Used to express a preference or to introduce a more accurate description.,ˈɹɑː.ðə(ɹ),6044,ielts,I would rather stay home and read than go to the cinema.,Kinoga borgandan ko'ra uyda qolib kitob o'qishni afzal ko'raman.,sooner,
addition,noun,B1,qo'shimcha,дополнение,The process of adding one thing to another to make it larger or better.,əˈdɪʃ.ən,6046,school,The new kitchen is a great addition to their family home.,Yangi oshxona ularning oilaviy uyi uchun ajoyib qo'shimcha bo'ldi.,extra,subtraction
came,verb,A1,keldi,пришел,"Past tense of come, meaning to move toward a person or a place.",ˈkeɪ̯m,6048,basics,He came home late because there was a lot of heavy traffic.,U yo'lda tirbandlik ko'p bo'lgani uchun uyga kech keldi.,arrived,left
supply,verb,B1,taʼminlash yetkazib berish,снабжать,To provide something that is needed or wanted by someone.,səˈplaɪ,6050,work,The company will supply all the materials needed for the big project.,Kompaniya katta loyiha uchun kerakli barcha materiallarni taʼminlaydi.,provide equip,
nothing,pronoun,A1,hech narsa,ничего,Not any thing; no thing at all.,ˈnʌθɪŋ,6052,basics,"There is nothing in the box, it is completely empty.",Qutida hech narsa yoʻq u butunlay boʻsh.,,everything
certain,adjective,B1,aniq ishonchli,определенный,Being completely sure about something or having no doubt.,ˈsɜː.tən,6054,describing,Are you certain that you locked the front door before leaving?,Ketishdan oldin old eshikni qulflaganingizga aniq ishonchingiz komilmi?,sure convinced,uncertain
executive,noun,C1,rahbar direktor,руководитель,A person in a high position who makes important decisions for a company.,ɪɡˈzɛkjʊtɪv,6056,ielts,The senior executive presented the new business strategy to the board.,Katta rahbar direktorlar kengashiga yangi biznes strategiyasini taqdim etdi.,manager director,
running,adverb,B2,ketma-ket,подряд,Happening one after another without a break.,ˈɹʌniŋ,6058,time,She won the tennis tournament three years running.,U tennis turnirida uch yil ketma-ket gʻolib chiqdi.,consecutively continuously,
lower,verb,A2,pasaytirish tushirish,опускать,To move something to a position that is closer to the ground.,ˈləʊ.ə,6060,actions,Please lower the volume of the music so I can sleep.,Iltimos musiqa ovozini pasaytirib qoʻying men uxlashim kerak.,drop decrease,raise
necessary,adjective,A2,zarur kerakli,необходимый,Needed to be done or achieved; essential.,ˈnɛs.ə.sɹi,6062,describing,It is necessary to wear a helmet when riding a bicycle.,Velosiped haydashda dubulgʻa kiyish zarur.,essential required,unnecessary
union,noun,B2,ittifoq birlashma,союз,A group of people or states joined together for a common purpose.,ˈjuː.njən,6064,ielts,The trade union negotiated better working conditions for all the employees.,Kasaba uyushmasi barcha xodimlar uchun yaxshiroq mehnat sharoitlarini kelishib oldi.,coalition association,
jewelry,noun,A2,taqinchoq zargarlik buyumlari,ювелирные изделия,Decorative items such as rings or necklaces that people wear for beauty.,ˈdʒuːəlri,6066,clothes,She wore beautiful gold jewelry to the wedding party last night.,U to'y kechasiga chiroyli tilla taqinchoqlar taqib bordi.,jewellery ornaments,
clothing,noun,A1,kiyim kiyim-kechak,одежда,"Things that people wear to cover their body, such as shirts and trousers.",ˈkləʊðɪŋ,6068,clothes,You should wear warm clothing when it is cold outside.,Tashqarida sovuq bo'lganda issiq kiyim kiyishingiz kerak.,clothes garments,
particular,adjective,B1,aniq maxsus,конкретный,"Refers to one specific person, thing, or group rather than anything else.",pəˈtɪk.jʊ.lə,6070,describing,I couldn't find the particular book you asked for yesterday.,Men kecha siz so'ragan o'sha aniq kitobni topa olmadim.,specific precise,general
fine,adjective,A1,yaxshi soz,хороший,"Of high quality, or feeling healthy and happy.",ˈfaɪ̯n,6072,describing,"I am feeling fine today, thank you for asking me.","Bugun o'zimni yaxshi his qilyapman, so'raganingiz uchun rahmat.",good excellent,bad
gas,noun,B1,gaz,газ,A substance like air that is neither a solid nor a liquid.,ɡæs,6074,home,Make sure you turn off the gas after cooking your meal.,"Ovqat pishirib bo'lgach, gazni o'chirganingizga ishonch hosil qiling.",vapor,
skills,noun,A2,ko'nikmalar mahoratlar,навыки,Abilities or knowledge that you gain through practice and training.,skɪlz,6076,work,You need good communication skills to be a successful team leader.,Muvaffaqiyatli jamoa rahbari bo'lish uchun sizda yaxshi muloqot ko'nikmalari bo'lishi kerak.,talents abilities,
bush,noun,B1,buta,куст,A woody plant that is smaller than a tree and has many stems.,bʊʃ,6078,nature,We planted a small green bush in the garden near the house.,Biz uy yaqinidagi bog'ga kichik yashil buta ekdik.,shrub,
career,noun,A2,karyera ish faoliyati,карьера,The series of jobs that a person has in a particular area of work.,kəˈɹɪə,6080,work,She decided to focus on her medical career for the next decade.,U keyingi o'n yil davomida o'zining tibbiy karyerasiga e'tibor qaratishga qaror qildi.,profession occupation,
military,noun,B2,harbiylar armiya,военный,The armed forces of a country.,ˈmɪl.ɪ.t(ə.)ɹi,6082,ielts,He decided to join the military after he finished his high school.,U o'rta maktabni tugatgandan so'ng harbiylar safiga qo'shilishga qaror qildi.,force forces,
rental,noun,B1,ijara ijara mulki,прокат,Something that you pay to use for a short period of time.,ˈɹɛntəl,6084,travel,We picked up our car rental at the airport when we arrived.,Biz kelganimizda aeroportdan ijaraga olingan mashinamizni oldik.,lease hire,
decision,noun,A2,qaror,решение,A choice that you make after thinking about different possibilities.,dɪˈsɪʒn̩,6086,actions,It was a difficult decision to move to another country alone.,Boshqa mamlakatga yolg'iz ko'chib o'tish qiyin qaror edi.,choice judgment,
leave,verb,A1,ketmoq tark etmoq,уходить,To go away from a person or a place.,ˈliːv,6088,actions,I need to leave the office early today to catch my train.,Poyezdimga ulgurish uchun bugun ofisdan ertaroq ketishim kerak.,depart exit,arrive
huge,adjective,A2,ulgamli juda katta,огромный,Extremely large in size or amount.,hjuːd͡ʒ,6090,describing,The team made a huge mistake during the final game yesterday.,Jamoa kecha final o'yinida juda katta xato qildi.,giant immense,tiny
facilities,noun,B1,imkoniyatlar sharoitlar,удобства,"Buildings, services, or equipment provided for a particular purpose.",fəˈsɪlɪtiz,6094,places,The hotel has excellent sports facilities for all the guests.,Mehmonxonada barcha mehmonlar uchun ajoyib sport sharoitlari mavjud.,amenities services,
zip,verb,B1,zanjirband qilmoq,застёгивать на молнию,To close a piece of clothing using a sliding metal fastener.,zɪp,6096,clothes,Please zip up your jacket before you go out into the cold.,Iltimos sovuqqa chiqishdan oldin kurtkangizni yoping.,fasten,unzip
bid,verb,B2,narx taklif qilmoq,предлагать цену,To offer a specific amount of money to buy something at an auction.,bɪd,6098,work,I decided to bid for the antique chair at the local auction.,Men mahalliy auksionda antikvariat stul uchun narx taklif qilishga qaror qildim.,offer propose,
kind,adjective,A2,mehribon muruvvatli,добрый,Having a friendly and helpful nature towards other people.,kaɪnd,6100,feelings,It was very kind of you to help me with my heavy bags.,Og'ir sumkalarimni ko'tarishga yordam berganingiz juda mehribonlik bo'ldi.,nice caring,mean
middle,noun,A2,o'rtasi markaz,середина,The point or position that is at an equal distance from both ends.,ˈmɪdl̩,6102,describing,I suddenly woke up in the middle of the night last night.,Kecha tunda to'satdan tunning o'rtasida uyg'onib ketdim.,center midpoint,edge
move,verb,A1,harakatlanmoq ko'chmoq,двигаться,To change your position or go from one place to another.,muːv,6104,actions,I was sitting on the sofa feeling too lazy to move.,Men divanda o'tirib harakatlanishga erinayotgan edim.,shift stir,
cable,noun,B1,kabel sim,кабель,A thick wire or set of wires used to send electricity or signals.,ˈkeɪ.bəl,6106,home,I tried to watch the movie but my cable was out.,Men kino ko'rmoqchi edim ammo kabel ishlamay qoldi.,,
opportunities,noun,B1,imkoniyatlar,возможности,Chances to do something that you want to do.,ˌɒp.əˈtjuː.nɪ.tiz,6108,ielts,Studying abroad gives you many new opportunities for your future.,Chet elda o'qish sizning kelajagingiz uchun ko'plab yangi imkoniyatlar beradi.,chances openings,
division,noun,B2,bo'linish bo'lim,деление,The process of splitting something into two or more parts.,dɪˈvɪʒn̩,6110,ielts,The division of the large company into smaller groups was successful.,Katta kompaniyaning kichik guruhlarga bo'linishi muvaffaqiyatli bo'ldi.,split partition,combination
tuesday,noun,A1,seshanba,вторник,The day of the week between Monday and Wednesday.,ˈtjuːzdeɪ,6112,time,Our English lesson takes place every Tuesday morning at school.,Ingliz tili darsimiz maktabda har seshanba kuni ertalab bo'ladi.,,
object,noun,A2,narsa buyum,предмет,A solid thing that you can touch and see.,ˈɒb.d͡ʒɛkt,6114,describing,I saw a strange object on the desk this morning.,Men bugun ertalab stolda g'alati bir buyumni ko'rdim.,thing item,
lesbian,adjective,B2,lesbian,лесбиянка,Used to describe a woman who is sexually attracted to other women.,ˈlɛz.bi.ən,6116,people-family,The film explores the life of a lesbian couple in the city.,Film shahardagi bir lesbian juftligining hayotini yoritadi.,sapphic,
machine,noun,A2,mashina mexanizm,машина,A piece of equipment with moving parts that does a specific job.,məˈʃiːn,6118,work,This machine helps us print many papers very quickly today.,Bu mashina bizga bugun juda ko'p qog'ozlarni tez chop etishga yordam beradi.,device engine,
logo,noun,B1,logotip belgi,логотип,A small image or symbol used by a company to represent its name or brand.,ˈləʊ.ɡəʊ,6120,work,The company decided to put their new logo on every product box.,Kompaniya o'zining yangi logotipini har bir mahsulot qutisiga joylashtirishga qaror qildi.,logotype,
length,noun,A2,uzunlik masofa,длина,The measurement of how long something is from one end to the other.,lɛŋ(k)θ,6122,describing,Measure the length of the table before you buy the new cloth.,Yangi dasturxon sotib olishdan oldin stolning uzunligini o'lchab ko'ring.,distance,
actually,adverb,B1,aslida rostdan,на самом деле,"Used to describe what is real or true, rather than what is thought to be.",ˈæk.t͡ʃʊ.ə.li,6124,describing,"I was very tired, but I actually finished all of my homework.","Men juda charchagan edim, lekin aslida barcha uy vazifalarimni bajarib tugatdim.",really,
nice,adjective,A1,yoqimli chiroyli,милый,"Good, pleasant, or friendly to be around.",ˈnaɪ̯s,6126,basics,It was a nice day to have a walk in the park.,Bog'da sayr qilish uchun juda yoqimli kun edi.,pleasant,nasty
score,noun,A2,hisob ball,счёт,"The number of points that someone gains in a game, test, or competition.",skɔː,6128,actions,The final score of the match was two to one for us.,O'yinning yakuniy hisobi bizning foydamizga ikki-bir bo'ldi.,result,
client,noun,B2,mijoz,клиент,A person who pays a professional or company for their services or help.,ˈklaɪ.ənt,6130,work,The lawyer spent all afternoon preparing documents for an important new client.,Advokat tushdan keyin muhim yangi mijoz uchun hujjatlarni tayyorlash bilan band bo'ldi.,customer,
capital,noun,B2,kapital sarmoya,капитал,Money or property that is used to start or grow a business.,ˈkæpɪtəl,6132,ielts,They needed a lot of capital to open their new computer store.,Ularga yangi kompyuter do'konini ochish uchun katta miqdorda sarmoya kerak edi.,asset,
follow,verb,A1,ergashmoq kuzatmoq,следовать,"To move behind someone or something, or to go in the same direction.",ˈfɒləʊ,6134,actions,Please follow the instructions carefully to build this shelf correctly.,Ushbu javonni to'g'ri yig'ish uchun ko'rsatmalarga diqqat bilan ergashing.,trail,lead
sample,noun,B2,namuna,образец,A small part of something that shows what the whole thing is like.,ˈsɑːm.pəl,6136,ielts,The lab technician took a blood sample to test for any illnesses.,Laborant kasallikni aniqlash uchun qondan namuna oldi.,specimen example,
investment,noun,B2,investitsiya sarmoya,инвестиция,Putting money or effort into something to get a profit or benefit later.,ɪnˈvɛstmənt,6138,ielts,Giving your children a good education is a wise long-term investment.,Farzandlaringizga yaxshi ta'lim berish bu oqilona uzoq muddatli sarmoyadir.,funding,divestment
sent,verb,A2,yubordi jo'natdi,отправил,To cause something to go from one place to another.,sɛnt,6140,actions,She sent a long email to her friend about her new job.,U yangi ishi haqida do'stiga uzun elektron xat yubordi.,posted shipped,
shown,verb,A2,ko'rsatilgan,показанный,To have displayed or made something visible to others.,ʃəʊn,6142,actions,The manager had already shown the new employee how to use software.,Menejer yangi xodimga dasturdan qanday foydalanishni allaqachon ko'rsatgan edi.,displayed exhibited,
saturday,noun,A1,shanba,суббота,The day of the week between Friday and Sunday.,ˈsæt.ə.deɪ,6144,time,We usually go to the local market every Saturday morning.,Biz odatda har shanba kuni ertalab mahalliy bozorga boramiz.,,
christmas,noun,A1,ro'yxat,Рождество,A yearly holiday on December 25th to celebrate the birth of Jesus Christ.,ˈkrɪs.məs,6146,basics,Families often gather together to eat a large meal on Christmas.,Oila a'zolari Rojdestvo bayramida katta dasturxon atrofida yig'ilishadi.,,
england,noun,A1,Angliya,Англия,"A country that is part of the United Kingdom, located in Europe.",ˈɪŋ.ɡlənd,6148,places,Many students travel to England to improve their English language skills.,Ko'plab talabalar ingliz tili ko'nikmalarini oshirish uchun Angliyaga borishadi.,,
band,noun,A2,guruh tasmacha,группа,A group of musicians who play music together.,bænd,6150,people-family,The rock band played at the concert for three hours last night.,Rok guruhi kecha kechqurun konsertda uch soat davomida ijro etdi.,group ensemble,
flash,verb,B1,chaqnash yaltirash,вспыхивать,"To shine with a sudden, bright light for a very short time.",flæʃ,6152,actions,The lighthouse will flash every few seconds to warn the ships.,Mayoq kemalarni ogohlantirish uchun har bir necha soniyada chaqnab turadi.,glint gleam,
choice,noun,A2,tanlov ixtiyor,выбор,The act or possibility of picking one thing over others.,tʃɔɪs,6154,actions,You have a difficult choice to make about your future career.,Siz kelajakdagi kasbingiz bo'yicha qiyin tanlov qilishingiz kerak.,option selection,
registration,noun,B2,ro'yxatdan o'tish qayd etish,регистрация,The official act of recording names or details on a list.,ˌɹɛd͡ʒ.ɪˈstɹeɪ.ʃən,6156,ielts,The registration process for the new students starts on Monday morning.,Yangi talabalar uchun ro'yxatdan o'tish jarayoni dushanba kuni ertalab boshlanadi.,enrollment check-in,
Thursday,noun,A1,payshanba,четверг,The day of the week between Wednesday and Friday.,ˈθɜːzdeɪ,6158,time,We have a very important meeting scheduled for next Thursday.,Bizda kelasi payshanbaga rejalashtirilgan juda muhim yig'ilish bor.,,
consumer,noun,B2,iste'molchi xaridor,потребитель,A person who buys goods or services for their own use.,kənˈsjuːmə,6160,ielts,This new system favors the consumer over the large company producer.,Bu yangi tizim ishlab chiqaruvchiga qaraganda iste'molchiga ko'proq foyda keltiradi.,buyer customer,producer
artist,noun,A2,rassom san'atkor,художник,"A person who creates paintings, drawings, or other works of art.",ˈɑːtɪst,6162,people-family,The famous artist painted a beautiful picture of the city streets.,Mashhur rassom shahar ko'chalari tasvirlangan chiroyli rasm chizdi.,painter creator,
outside,noun,A1,tashqari sirt,снаружи,The side or surface of something that faces away from the center.,ˈæʊ.so̞ɪd,6164,places,He is busy repainting the outside of his wooden house today.,U bugun yog'och uyining tashqi qismini bo'yash bilan band.,exterior surface,inside
channel,noun,B1,kanal yo'lak,канал,A way or path through which something like water or information moves.,ˈt͡ʃænəl,6166,ielts,The boat moved slowly through the narrow channel in the river.,Qayiq daryodagi tor kanal bo'ylab sekin harakatlandi.,pathway route,
wednesday,noun,A1,chorshanba,среда,The day of the week between Tuesday and Thursday.,ˈwenzdeɪ,6168,time,We have an important meeting at the office this coming Wednesday.,Kelayotgan chorshanba kuni ofisda muhim majlisimiz bor.,,
summer,noun,A1,yoz,лето,The warmest time of the year between spring and autumn.,ˈsʌmə,6170,time,I love to go to the beach during the hot summer.,Issiq yoz kunlarida dengiz bo'yiga borishni yaxshi ko'raman.,,winter
allow,verb,A2,ruxsat bermoq imkon bermoq,позволять,To let someone do something or to give them permission.,əˈlaʊ,6172,actions,My parents allow me to play outside with my friends today.,Ota-onam bugun do'stlarim bilan tashqarida o'ynashimga ruxsat berishdi.,permit let,forbid
degree,noun,B1,daraja diplom,градус,A qualification given by a college or university after finishing studies.,dɪˈɡɹiː,6174,school,She decided to study hard to earn a university degree in law.,U huquqshunoslik bo'yicha universitet diplomini olish uchun qattiq o'qishga qaror qildi.,qualification level,
wed,verb,B2,turmush qurmoq uylanmoq,жениться,To marry someone in a formal ceremony.,ˈwɛd,6176,people-family,The young couple decided they would wed in a quiet private ceremony.,Yosh juftlik tinch va shaxsiy marosimda turmush qurishga qaror qildi.,marry unite,divorce
super,adverb,B1,juda nihoyatda,очень,Used to emphasize that something is very much of a certain quality.,ˈsuːpə,6178,describing,The cake she baked for the party was super delicious and fresh.,U ziyofat uchun pishirgan tort nihoyatda mazali va yangi edi.,very extremely,
male,adjective,A2,erkak erkak jinsiga mansub,мужской,"Relating to men or boys, or animals that are not female.",meɪl,6180,people-family,They had a male teacher who taught them biology at school.,Ularga maktabda biologiyadan dars beradigan erkak o‘qituvchi bor edi.,masculine man,female
matter,verb,B1,muhim bo‘lmoq ahamiyatga ega bo‘lmoq,иметь значение,To be important or have an effect on a situation.,ˈmæt.ə,6182,actions,"I know you are tired, but your opinion does matter to us.","Charchaganingni bilaman, lekin sening fikring biz uchun muhim.",count signify,
custom,noun,B1,odat an'ana,обычай,A habit or tradition that is common to a group of people.,ˈkʌstəm,6184,ielts,It is a local custom to exchange gifts during the spring festival.,Bahorgi bayramda sovg‘a almashish mahalliy an’anadir.,tradition practice,
almost,adverb,A2,deyarli,почти,"Nearly, but not completely or exactly.",ˈɔːl.məʊst,6186,basics,I have almost finished my homework before the sun goes down.,Quyosh botguncha uy vazifamni deyarli tugatib qo‘ydim.,nearly practically,
took,verb,A2,oldi olib ketdi,взял,"The past tense of take, meaning to move or carry something somewhere.",tʊk,6188,actions,He took his umbrella because he thought it might rain later today.,"U soyabonini oldi, chunki bugun yomg‘ir yog‘ishi mumkin deb o‘yladi.",grabbed carried,
located,verb,A2,joylashgan o'rnashgan,расположенный,To be in a particular place or position.,ləʊˈkeɪtɪd,6190,places,The hotel is located right in the center of the city.,Mehmonxona shahar markazida joylashgan.,situated,
multiple,adjective,B1,bir nechta ko'p,многочисленный,Having or involving many parts or happening many times.,ˈmʌltɪpəl,6192,describing,She had to complete multiple tasks before the end of the day.,U kun oxirigacha bir nechta vazifani bajarishi kerak edi.,numerous several,single
Asian,adjective,A2,osiyolik osiyo,азиатский,Coming from or relating to the continent of Asia.,ˈeɪʒən,6194,people-family,He enjoys eating delicious Asian food at the local restaurant.,U mahalliy restoranda mazali osiyo taomlarini yeyishni yoqtiradi.,,
distribution,noun,B2,tarqatish taqsimot,распределение,The process of giving things to a large number of people.,ˌdɪstɹəˈbjuːʃən,6196,ielts,The charity is responsible for the distribution of food to the poor.,Xayriya tashkiloti kambag'allarga oziq-ovqat tarqatish uchun mas'uldir.,delivery allocation,
editor,noun,B1,muharrir tahrirchi,редактор,A person whose job is to correct or improve pieces of writing.,ˈɛdɪtə,6198,work,The editor corrected all the mistakes in my latest article draft.,Muharrir mening oxirgi maqolam qoralamasidagi barcha xatolarni tuzatdi.,publisher,
inn,noun,B2,mehmonxona karvonsaroy,гостиница,"A small hotel, usually in the countryside, providing food and rooms.",ɪn,6200,travel,We stayed at a cozy village inn during our holiday trip.,Dam olish sayohatimiz davomida qishloq mehmonxonasida qoldik.,lodge tavern,
industrial,adjective,B2,sanoat sanoatga oid,промышленный,Related to the business of manufacturing products in factories.,ɪnˈdʌstɹɪəl,6202,ielts,The region has seen significant industrial growth over the last decade.,Hudud oxirgi o'n yillikda sezilarli sanoat o'sishiga guvoh bo'ldi.,manufacturing factory,
cause,noun,B1,sabab asos,причина,The person or thing that makes something happen.,kɔːz,6204,actions,The heavy rain was the cause of the delay in our flight.,Kuchli yomg'ir parvozdagi kechikishning sababi edi.,reason source,effect
song,noun,A1,qo'shiq taronalar,песня,A short piece of music with words that you sing.,sɒŋ,6206,basics,Thomas listened to his favorite song on the radio yesterday.,Tomas kecha radioda o'zining sevimli qo'shig'ini eshitdi.,,
focus,verb,B1,diqqatni qaratmoq markazlashtirmoq,фокусироваться,To give all your attention or effort to a particular thing.,ˈfəʊ̯.kəs,6208,actions,You need to focus on your studies to get a good grade.,Yaxshi baho olish uchun o'qishga diqqatingizni qaratishingiz kerak.,concentrate,
fall,verb,A1,yiqilmoq tushmoq,падать,To move downwards towards the ground from a higher position.,fɔːl,6210,actions,Be careful not to fall on the wet floor this morning.,Bugun ertalab ho'l polga yiqilib tushmaslik uchun ehtiyot bo'ling.,drop,rise
female,adjective,A2,ayol jinsiga oid urg'ochi,женский,Relating to women or animals that can produce eggs.,ˈfiː.meɪl,6212,describing,The female bird is sitting on the nest in the tree.,Urg'ochi qush daraxtdagi uyada o'tiribdi.,,male
communications,noun,B2,aloqa kommunikatsiya,связь,"The methods of sending information, like telephone or internet networks.",kəˌmjuː.nɪˈkeɪ.ʃənz,6214,ielts,Modern communications allow us to talk to people across the world.,Zamonaviy aloqa vositalari dunyoning narigi chekkasidagi odamlar bilan gaplashish imkonini beradi.,telecommunications,
win,verb,A1,yutmoq g'alaba qozonmoq,выигрывать,To achieve first place or victory in a game or competition.,wɪn,6216,basics,Our team hopes to win the football match later today.,Bizning jamoa bugun futbol o'yinida g'alaba qozonishga umid qilmoqda.,succeed,lose
associated,adjective,B2,bog'liq aloqador,связанный,Connected with something else in your mind or in reality.,əˈsəʊʃieɪtɪd,6218,ielts,Smoking is often associated with many serious health problems.,Chekish ko'pincha ko'plab jiddiy sog'liq muammolari bilan bog'liq.,connected related,
cancer,noun,B2,saraton rak,рак,A serious illness where cells in the body grow in an uncontrolled way.,ˈkænsə,6220,body-health,Early diagnosis is very important for the treatment of cancer.,Erta tashxis saratonni davolash uchun juda muhimdir.,malignancy,
reason,noun,A2,sabab vaj,причина,A fact or situation that explains why something happens or why someone does something.,ˈɹiː.zən,6222,ielts,The main reason for his success is hard work and dedication.,Uning muvaffaqiyatining asosiy sababi mehnatsevarlik va fidoyilikdir.,cause motive,
tool,noun,A2,asbob vosita,инструмент,A piece of equipment used to perform a specific job or task.,tuːl,6224,work,A screwdriver is a tool that no household should be without.,Otvertka har bir xonadonda bo'lishi kerak bo'lgan asbobdir.,instrument device,
spring,noun,A1,bahor,весна,The season of the year between winter and summer when plants begin to grow.,ˈspɹɪŋ,6226,nature,Flowers start to bloom everywhere during the beautiful spring season.,Go'zal bahor faslida hamma joyda gullar ochila boshlaydi.,springtime,
foundation,noun,B2,poydevor asos,основание,The base that supports a building or the basic ideas an organization is built upon.,ˌfaʊ̯nˈdeɪ̯ʃən,6228,ielts,Education provides a strong foundation for a successful future career.,Ta'lim muvaffaqiyatli kelajak karyerasi uchun mustahkam poydevor yaratadi.,basis groundwork,abolition
voice,noun,A2,ovoz,голос,The sound produced by people when they speak or sing.,vɔɪs,6230,body-health,She has a very soft and pleasant voice when she sings.,Qo'shiq aytganda uning ovozi juda mayin va yoqimli chiqadi.,,
friendly,adjective,A1,do'stona samimiy,дружелюбный,Behaving in a kind and pleasant way towards other people.,ˈfɹɛnd.li,6232,describing,The local people are very friendly towards tourists visiting the city.,Mahalliy aholi shaharga tashrif buyurgan sayyohlarga juda do'stona munosabatda.,kind pleasant,unfriendly
communication,noun,B1,aloqa muloqot,общение,The process of sharing information or messages with other people.,kəˌmjuː.nɪˈkeɪ.ʃən,6234,ielts,Effective communication is essential for a healthy working relationship.,Samarali muloqot sog'lom ish munosabatlari uchun juda muhimdir.,interaction exchange,
purpose,noun,B1,maqsad niyat,цель,The reason why something is done or why something exists.,ˈpɝpəs,6236,ielts,The main purpose of this meeting is to discuss the new project.,Bu uchrashuvning asosiy maqsadi yangi loyihani muhokama qilishdir.,end point,
everyone,pronoun,A1,hamma har kim,все,Every person in a group.,ˈɛv.ɹi.wʌn,6238,basics,Everyone in the classroom was listening to the teacher carefully.,Sinfdagi hamma o'qituvchini diqqat bilan eshitayotgan edi.,everybody,
brown,adjective,A1,qo'ng'ir jigarrang,коричневый,"Having the color of wood, earth, or coffee.",ˈbɹaʊ̯n,6240,describing,She has beautiful brown eyes and dark wavy hair.,Uning chiroyli jigarrang ko'zlari va to'q jingalak sochlari bor.,,
physical,adjective,B1,jismoniy moddiy,физический,Connected with the body rather than the mind.,ˈfɪz.ɪ.kəl,6242,body-health,Regular physical exercise is important for keeping your heart healthy.,Yurak sog'lig'ini saqlash uchun muntazam jismoniy mashqlar muhimdir.,,mental
operating,adjective,B2,ishlayotgan faoliyat yuritayotgan,работающий,Currently working or being used.,ˈɑpəɹeɪtɪŋ,6244,work,Safety goggles must be worn when using operating machinery.,Ishlayotgan texnikadan foydalanganda xavfsizlik ko'zoynagi taqilishi kerak.,active,idle
deal,verb,A2,shug'ullanmoq hal qilmoq,иметь дело,To take action or solve a problem regarding someone or something.,ˈdiːl,6246,actions,I need to deal with these urgent emails before I leave.,Ketishdan oldin ushbu shoshilinch xatlar bilan shug'ullanishim kerak.,handle manage,
hold,verb,A1,ushlamoq tutmoq,держать,To have something in your hands or arms.,həʊld,6248,actions,Can you hold my bag while I open the door?,Eshikni ochgunimcha sumkamni ushlab tura olasizmi?,grasp grip,
smith,noun,B2,temirchi ustasi,кузнец,A person who makes objects by heating and hammering metal.,smɪθ,6252,work,The local smith made a new iron gate for the garden.,Mahalliy temirchi bog' uchun yangi temir darvoza yasadi.,blacksmith metalworker,
thank,verb,A1,minnatdorchilik bildirmoq tashakkur aytmoq,благодарить,To tell someone that you are pleased about something they did for you.,ˈθæŋk,6254,basics,I want to thank you for helping me with my homework today.,Bugun uy vazifamni bajarishga yordam berganingiz uchun sizga tashakkur aytmoqchiman.,appreciate,
safe,adjective,A2,xavfsiz bexatar,безопасный,Not in danger or not likely to cause harm.,ˈseɪ̯f,6256,describing,It is safe to walk in this park during the daytime.,Kunduzi bu bog'da sayr qilish xavfsizdir.,riskless harmless,dangerous
telephone,noun,A1,telefon,телефон,A machine used to talk to someone who is in a different place.,ˈtɛlɪfəʊn,6258,basics,Can I use your telephone to make a quick call home?,Uyga tezda qo'ng'iroq qilish uchun telefoningizdan foydalansam bo'ladimi?,phone,
sport,noun,A1,sport,спорт,A game or physical activity that people do for competition and exercise.,spɔːt,6260,basics,Football is the most popular sport in many countries around the world.,Futbol dunyoning ko'plab mamlakatlarida eng ommabop sport turidir.,game exercise,
ready,adjective,A1,tayyor,готовый,Prepared for an action or an event that will happen soon.,ˈɹɛd.i,6262,basics,Are you ready to go to school yet?,Maktabga borishga tayyormisiz?,prepared,
feed,verb,A2,ovqatlantirmoq boqmoq,кормить,To give food to a person or an animal.,ˈfiːd,6264,animals,Please remember to feed the cat before you leave the house.,Uyga chiqib ketishingizdan oldin mushukni ovqatlantirishni unutmang.,nourish,
mexico,noun,A1,Meksika,Мексика,A country located in the southern part of North America.,ˈmɛksɪkəʊ,6266,places,Many tourists travel to Mexico to enjoy the beautiful sunny beaches.,Ko'plab sayyohlar chiroyli quyoshli sohillardan bahramand bo'lish uchun Meksikaga sayohat qilishadi.,,
regular,adjective,A2,doimiy muntazam,регулярный,Happening or doing something in a way that repeats at fixed times.,ˈɹɛɡjʊlə,6268,describing,You should try to make a regular habit of exercising every morning.,Siz har kuni ertalab mashq qilishni doimiy odatga aylantirishingiz kerak.,uniform consistent,irregular
navigation,noun,B2,navigatsiya boshqaruv,навигация,The skill or process of planning and directing a path for a vehicle.,nævɪˈɡeɪʃən,6270,travel,Modern cars have a built-in navigation system to help drivers find paths.,Zamonaviy avtomobillarda haydovchilarga yo'l topishda yordam beradigan o'rnatilgan navigatsiya tizimi mavjud.,,
operations,noun,B2,operatsiyalar faoliyat,операции,The way a business or organization manages its daily work and systems.,ˌɒp.əˈɹeɪ.ʃənz,6272,work,She manages daily operations to ensure the company runs very smoothly.,U kompaniyaning muammosiz ishlashini ta'minlash uchun kundalik operatsiyalarni boshqaradi.,,
therefore,adverb,B2,shu sababli shuning uchun,поэтому,Used to say that something happens because of the fact just mentioned.,ˈðɛə.fɔː,6274,ielts,It was raining heavily and therefore we decided to stay at home.,"Kuchli yomg'ir yog'ayotgan edi, shu sababli biz uyda qolishga qaror qildik.",consequently accordingly,
simply,adverb,B1,shunchaki oddiygina,просто,Used to emphasize that something is easy or basic to understand.,ˈsɪmpli,6276,describing,The answer is simply that we need to work much harder together.,"Javob shunchaki shundan iboratki, biz birgalikda yanada ko'proq ishlashimiz kerak.",clearly obviously,complexly
christian,noun,B1,xristian,христианин,A person who believes in the teachings of Jesus Christ.,ˈkrɪstʃən,6278,people-family,Many Christian people celebrate Christmas with their family and close friends.,Ko'pgina xristianlar Rojdestvoni oilasi va yaqin do'stlari bilan nishonlaydilar.,,
round,noun,A2,davra aylanib yurish,обход,A series of regular visits made by a person to different places.,ˈɹaʊ̯nd,6280,actions,The doctor performs his daily round to check on all his patients.,Shifokor barcha bemorlarini tekshirish uchun kundalik davrasini o'tkazadi.,,
favorite,adjective,A2,sevimli yoqtirgan,любимый,The thing or person that you like more than all others.,ˈfeɪv.ɹɪt,6282,describing,My favorite movie is the one we watched last night together.,Mening sevimli filmi kecha birga ko'rganimizdir.,preferred chosen,
master,noun,B1,usta xo'jayin,хозяин,A person who has power or authority over people or things.,ˈmɑːs.tə,6284,people-family,The dog always listens to the commands of its kind master.,It har doim o'zining mehribon xo'jayinining buyruqlariga quloq soladi.,owner chief,servant
valley,noun,B1,vodiy,долина,"A low area of land between hills or mountains, often with a river.",ˈvæli,6286,nature,A beautiful river flows through the green valley near our town.,Shahrimiz yaqinidagi yashil vodiy orqali go'zal daryo oqib o'tadi.,dale vale,
recently,adverb,A2,yaqinda,недавно,Not long ago or at a short time in the past.,ˈɹiːsənt.li,6288,time,I have recently started learning English to improve my career prospects.,Karyera imkoniyatlarimni yaxshilash uchun yaqinda ingliz tilini o'rganishni boshladim.,lately,
probably,adverb,A2,aftidan ehtimol,вероятно,Used to mean that something is very likely to be true.,ˈpɹɒb.ə.bli,6290,describing,"It will probably rain later this afternoon, so take an umbrella.","Tushdan keyin ehtimol yomg'ir yog'adi, shuning uchun soyabon oling.",likely,
built,verb,A2,qurilgan tiklangan,построенный,To have made something by putting materials or parts together.,ˈbɪlt,6292,actions,They built a new school in our village last summer season.,O'tgan yozda qishlog'imizda yangi maktab qurishdi.,constructed,
publications,noun,B2,nashrlar,публикации,The act of making information available to the public in printed form.,ˌpʌblɪˈkeɪʃənz,6294,ielts,The professor has several important publications regarding climate change in his field.,Professorning o'z sohasida iqlim o'zgarishiga oid bir nechta muhim nashrlari bor.,articles journals,
blood,noun,A2,qon,кровь,The red liquid that flows through the bodies of people and animals.,blʌd,6296,body-health,Blood started to spurt out of his hand due to the wound.,Jarohat tufayli uning qo'lidan qon oqib keta boshladi.,,
cut,verb,A1,kesish qirqish,резать,To divide something into pieces or make an opening using a sharp tool.,kʌt,6298,actions,Please use a sharp knife to cut the bread for breakfast.,Iltimos nonushtaga non kesish uchun o'tkir pichoqdan foydalaning.,slice sever,
worldwide,adjective,B1,butun dunyo bo'ylab,всемирный,Existing or happening in all parts of the world.,ˈwɜːldˌwaɪd,6300,describing,English is spoken worldwide by millions of people every single day.,Ingliz tili har kuni millionlab odamlar tomonidan butun dunyo bo'ylab so'zlashiladi.,globally international,
publisher,noun,B2,nashriyotchi,издатель,A company or person that prepares and prints books or magazines.,ˈpʌblɪʃɚ,6302,work,The author is looking for a new publisher for her second novel.,Muallif o'zining ikkinchi romani uchun yangi nashriyotchi izlamoqda.,publishing house,
hall,noun,A2,dahliz zal,коридор,A space or passage inside the entrance of a building.,hɔːl,6304,home,Please leave your wet coat in the hall before coming inside.,Iltimos ichkariga kirishdan oldin ho'l paltoingizni dahlizda qoldiring.,corridor hallway,
larger,adjective,A2,kattaroq,более крупный,Greater in size or amount than something else.,ˈlɑɹ.d͡ʒɚ,6306,describing,We need a larger room to hold the conference for our team.,Jamoamiz uchun konferensiya o'tkazishga kattaroq xona kerak.,bigger,smaller
anti,adjective,B2,qarshi,против,"Opposed to or against a specific idea, person, or system.",ˈæn.ti,6308,ielts,The group held a protest to show they were anti war.,Guruh urushga qarshi ekanliklarini ko'rsatish uchun norozilik namoyishi o'tkazdi.,opponent,pro
introduction,noun,B1,kirish muqaddima,введение,The first part of a book or presentation that describes the main subject.,ˌɪntɹəˈdʌkʃn̩,6310,ielts,I read the introduction of the book to understand the main ideas.,Asosiy g'oyalarni tushunish uchun kitobning kirish qismini o'qidim.,preface foreword,conclusion
wedding,noun,A2,to'y,свадьба,A formal ceremony where two people get married to each other.,ˈwɛdɪŋ,6314,people-family,We are very excited to attend our friend's wedding next Saturday evening.,Kelasi shanba oqshomida do'stimizning to'yiga borishdan juda xursandmiz.,nuptials,
properties,noun,B2,xususiyatlar,свойства,Qualities or features that belong to a specific person or thing.,ˈpɹɑpɚtiz,6316,ielts,These chemical properties make the material safe to use at home.,Bu kimyoviy xususiyatlar materialdan uyda foydalanishni xavfsiz qiladi.,features traits,
ground,noun,A2,er yer,земля,The solid surface of the earth that we walk on every day.,ɡɹaʊnd,6318,nature,The heavy rain made the ground very soft and difficult to walk.,Kuchli yomg'ir yerni juda yumshoq qilib qo'ydi va yurish qiyinlashdi.,earth soil,sky
overview,noun,B2,umumiy nazar xulosa,обзор,A short summary that gives the main facts about a larger subject.,ˈəʊ.vəˌvjuː,6320,ielts,The manager gave a quick overview of the project to the team.,Menejer jamoaga loyiha haqida qisqacha umumiy ma'lumot berdi.,summary abstract,
ship,noun,A2,kema,корабль,A very large boat used for traveling across the ocean or deep seas.,ˈʃɪp,6322,travel,The massive ship sailed slowly across the ocean towards the distant harbor.,Ulkan kema okean bo'ylab uzoqdagi port tomon sekin suzdi.,vessel boat,
owners,noun,A2,egalari mulkdorlar,владельцы,People who legally possess or have rights to something.,ˈoʊnɚz,6324,work,The house owners decided to paint the front door bright blue.,Uy egalari kirish eshigini yorqin ko'k rangga bo'yashga qaror qilishdi.,possessors holders,
disease,noun,B1,kasallik dard,болезнь,"An illness that affects a person, animal, or plant.",dɪˈziːz,6326,body-health,The doctor explained how to prevent the spread of this disease.,Shifokor ushbu kasallikning tarqalishini qanday oldini olishni tushuntirdi.,illness sickness,health
excellent,adjective,A1,a'lo juda yaxshi,отличный,Extremely good or of very high quality.,ˈɛksələnt,6328,describing,The students did an excellent job on their final history project.,O'quvchilar o'zlarining yakuniy tarix loyihasida a'lo darajada ishlashdi.,outstanding superb,
paid,adjective,A2,to'lovli pullik,платный,Involving money that must be given in exchange for a service.,peɪd,6330,work,She took a paid holiday after working hard for the company.,U kompaniya uchun qattiq ishlaganidan so'ng haq to'lanadigan ta'tilga chiqdi.,nonfree,free
Italy,noun,A1,Italiya,Италия,"A country in southern Europe known for its history, art, and food.",ˈɪtəli,6332,travel,We are planning a wonderful summer trip to visit sunny Italy.,Biz quyoshli Italiyaga tashrif buyurish uchun ajoyib yozgi sayohatni rejalashtirmoqdamiz.,,
perfect,adjective,A2,mukammal benuqson,идеальный,Having no mistakes or faults; exactly right for a purpose.,ˈpɜː.fɪkt,6334,describing,The sunny weather was perfect for a picnic in the park.,Quyoshli ob-havo bog'da piknik qilish uchun mukammal edi.,flawless ideal,imperfect
kit,noun,B1,to'plam jihoz,комплект,A set of parts or tools needed for a specific task.,kɪt,6336,work,Every first aid kit should include bandages and cleaning supplies.,Har bir birinchi yordam to'plami bintlar va tozalash vositalarini o'z ichiga olishi kerak.,equipment set,
classic,adjective,B2,klassik odatiy,классический,A typical example of something that has high quality and lasts long.,ˈklæs.ɪk,6338,ielts,This novel is a classic example of twentieth-century English literature.,Bu roman yigirmanchi asr ingliz adabiyotining klassik namunasidir.,traditional standard,
basis,noun,B2,asos poydevor,основание,The main idea or fact that something is built on.,ˈbeɪ.sɪs,6340,ielts,Scientific evidence should be the basis for every important medical decision.,Ilmiy dalillar har bir muhim tibbiy qaror uchun asos bo'lishi kerak.,foundation ground,
command,verb,B2,buyruq bermoq boshqarmoq,командовать,To give an official order or to have control over a group.,kəˈmɑːnd,6342,work,The general will command his troops to move to the front line.,General o'z qo'shinlariga oldingi chiziqqa o'tishni buyuradi.,order direct,
cities,noun,A1,shaharlar,города,Large towns where many people live and work.,ˈsɪtiz,6344,places,Many large cities around the world have problems with traffic jams.,Dunyo bo'ylab ko'plab yirik shaharlarda tirbandlik bilan bog'liq muammolar mavjud.,towns metropolises,
express,adjective,B2,aniq ravshan,ясно выраженный,"Clear, direct, and stated in a very specific way.",ɪkˈspɹɛs,6346,describing,She gave me express instructions not to open the box until later.,U menga qutini keyinroq ochmasligim haqida aniq ko'rsatma berdi.,explicit clear,implied
award,verb,B1,taqdirlamoq mukofotlamoq,награждать,To officially give someone something like a prize or money.,əˈwɔːd,6348,work,The judges decided to award him the gold medal for his performance.,Hakamlar uning ijrosi uchun unga oltin medalni topshirishga qaror qilishdi.,bestow grant,
distance,noun,A2,masofa oraliq,расстояние,The amount of space between two places or objects.,ˈdɪst(ə)n(t)s,6350,travel,The distance between the two villages is only five kilometers.,Ikki qishloq o'rtasidagi masofa atigi besh kilometr.,gap space,
assessment,noun,B2,baholash,оценка,"The process of judging or deciding the value, quality, or importance of something.",əˈsɛsmənt,6352,ielts,The teacher gave an assessment of my progress during the first month.,O'qituvchi birinchi oy davomida mening yutuqlarimni baholadi.,evaluation appraisal,
extra,adjective,A2,qo'shimcha ortiqcha,дополнительный,"More than what is usual, expected, or necessary.",ˈɛkstɹə,6354,basics,"I don't mind doing some extra work, as long as I get paid.","Agar haqini to'lashsa, qo'shimcha ishlashga qarshiligim yo'q.",additional supplementary,
especially,adverb,B1,ayniqsa,особенно,More than usual; particularly or for a specific reason.,ɪˈspɛʃ.(ə.)li,6356,describing,"I love all kinds of fruits, especially fresh apples.","Men barcha turdagi mevalarni, ayniqsa yangi uzilgan olmalarni yaxshi ko'raman.",particularly specifically,
interface,noun,B2,interfeys bog'lovchi,интерфейс,"A point where two systems, subjects, or people meet and interact with each other.",ˈɪntəfeɪs,6358,work,The software has a simple user interface that is easy to navigate.,Dastur foydalanish uchun qulay bo'lgan oddiy interfeysga ega.,connection boundary,
partners,noun,A2,sheriklar hamkorlar,партнеры,"People who work together, play a game together, or are married.",ˈpɑɹt.nɚz,6360,people-family,We are looking for business partners to help expand our company abroad.,Kompaniyamizni xorijda kengaytirish uchun biznes sheriklar qidiryapmiz.,associates colleagues,
budget,noun,B1,byudjet xarajatlar rejasi,бюджет,A plan showing how much money you have and how you will spend it.,ˈbʌd͡ʒ.ɪt,6362,work,We need to plan our travel budget carefully before the summer vacation.,Yozgi ta'til oldidan sayohat byudjetimizni ehtiyotkorlik bilan rejalashtirishimiz kerak.,allowance fund,
maximum,adjective,B1,maksimal eng ko'p,максимальный,The largest amount or number allowed or possible.,ˈmæksɪməm,6364,describing,The maximum speed for cars on this road is ninety kilometers per hour.,Bu yo'lda avtomobillar uchun maksimal tezlik soatiga to'qson kilometr.,highest ultimate,minimum
operation,noun,B2,operatsiya jarayon,операция,"The way in which a machine, process, or organization works.",ˌɒp.əˈɹeɪ.ʃən,6366,work,The factory is now back in full operation after the maintenance work.,Ta'mirlash ishlaridan so'ng zavod yana to'liq ish faoliyatiga qaytdi.,process functioning,
existing,adjective,B1,mavjud bor,существующий,Something that is present or being used right now.,ɪɡˈzɪstɪŋ,6368,describing,We should improve the existing system rather than building a new one.,Yangi tizim qurishdan ko'ra mavjud tizimni yaxshilashimiz kerak.,present current,nonexistent
quite,adverb,A2,ancha yetarlicha,довольно,To a moderate extent or degree; rather.,kwaɪt,6370,describing,"Mind your shoes, the basement is quite wet.","Oyoq kiyimingizga qarang, yerto'la ancha nam.",fairly rather,
amazon,noun,C1,jismonan baquvvat ayol,амазонка,"A very tall, strong, and athletic woman.",ˈæm.ə.zən,6372,people-family,"Although the evidence for real Amazons is thin, women athletes are often dubbed amazons.","Haqiqiy amazonkalar haqidagi dalillar kam bo'lsa-da, ayol sportchilar ko'pincha amazonkalar deb ataladi.",,
wine,noun,A2,vino sharob,вино,An alcoholic drink made from fermented grape juice.,waɪn,6374,food-drink,Wine is usually stronger than beer.,Vino odatda pivodan kuchliroq bo'ladi.,,
vote,verb,B1,ovoz bermoq saylamoq,голосовать,To express your choice formally in an election or meeting.,vəʊt,6376,ielts,Did you vote for your favorite candidate in the election last month?,O'tgan oydagi saylovda o'zingiz yoqtirgan nomzodga ovoz berdingizmi?,elect ballot,
forward,adverb,B1,oldinga tomon,вперед,Moving towards the direction in front of you.,ˈfɔːwəd,6378,actions,The bus driver told everyone standing up to move forward.,Avtobus haydovchisi tik turganlarning hammasiga oldinga o'tishni aytdi.,ahead onwards,backward
technologies,noun,B1,texnologiyalar,технологии,Modern tools and methods based on science for practical purposes.,tɛkˈnɑləd͡ʒiz,6380,ielts,New communication technologies have changed how we talk to each other.,Yangi aloqa texnologiyalari bir-birimiz bilan muloqot qilish usulimizni o'zgartirdi.,systems innovations,
owner,noun,A2,egasi sohibi,владелец,A person who possesses or has the right to something.,ˈoʊnɚ,6382,basics,The police recovered the stolen car and returned it to its owner.,"Politsiya o'g'irlangan mashinani topib, egasiga qaytarib berdi.",possessor holder,
directly,adverb,B1,to'g'ridan-to'g'ri bevosita,"прямо, непосредственно",Without stopping or using any other person or thing in between.,dɪˈɹɛk(t).li,6384,actions,You should speak to the manager directly about the mistake you made.,Siz qilgan xatoingiz haqida menejer bilan to'g'ridan-to'g'ri gaplashishingiz kerak.,straight immediately,
manufacturer,noun,B2,ishlab chiqaruvchi,производитель,A business that makes products in large quantities to sell to others.,ˌmænjʊˈfæktʃəɹə,6386,work,Always return any broken goods to the manufacturer for a full refund.,Buzilgan mahsulotlarni har doim to'liq pulini qaytarib olish uchun ishlab chiqaruvchiga qaytaring.,producer maker,
rule,noun,A2,qoida,правило,An instruction that tells you what you are allowed to do or not.,ɹuːl,6388,basics,You have to follow the rules to play the game correctly and fairly.,O'yinni to'g'ri va adolatli o'ynash uchun qoidalarga amal qilishingiz kerak.,law regulation,
bring,verb,A1,olib kelmoq keltirmoq,приносить,To take someone or something with you to the place where you are going.,ˈbɹɪŋ,6390,basics,Please bring a notebook and a pen to the meeting tomorrow morning.,Iltimos ertaga ertalabki yig'ilishga daftar va ruchka olib keling.,carry transport,
catalog,noun,B1,katalog ro'yxat,каталог,"A complete list of items in a specific order, often with descriptions and prices.",ˈkætəlɒɡ,6392,work,I looked through the online catalog to find a new winter jacket.,Yangi qishki kurtka topish uchun onlayn katalogga ko'z yugurtirdim.,list register,
considered,adjective,B2,o'ylab ko'rilgan mulohazali,обдуманный,Carefully thought about and reflecting a serious opinion or judgment.,kənˈsɪdɚd,6396,ielts,It is my considered opinion that we should invest in new technology.,Yangi texnologiyaga sarmoya kiritishimiz kerak degan o'ylangan qarordaman.,deliberate thoughtful,
told,verb,A1,aytdi gapirdi,сказал,"Past tense and past participle of tell, meaning to communicate information to someone.",təʊld,6398,actions,She told her friend that she would arrive at the station soon.,U do'stiga vokzalga tez orada yetib kelishini aytdi.,said informed,
programme,noun,B1,dastur reja,программа,A set of planned events or a broadcast on television or radio.,ˈpɹoʊˌɡɹæm,6400,school,The music programme will feature several local bands playing traditional songs tonight.,Musiqa dasturida bugun kechqurun an'anaviy qo'shiqlarni ijro etadigan mahalliy guruhlar qatnashadi.,plan schedule,
input,noun,B2,fikr taklif,вклад,"Ideas, advice, or information that you give to help a process or project.",ˈɪnpʊt,6402,work,We welcome your input on how to improve our current working environment.,Ish muhitimizni yaxshilash bo'yicha takliflaringizni mamnuniyat bilan qabul qilamiz.,contribution feedback,
feet,noun,A1,oyoqlar,ноги,"The plural of foot, the parts of the body used for standing and walking.",ˈfiːt,6404,body-health,"After walking all day in the city, my feet were very sore.",Kun bo'yi shaharda piyoda yurgandan keyin oyoqlarim juda og'ridi.,,
agent,noun,B2,agent vakil,агент,A person who acts on behalf of another person or a company.,ˈeɪ.dʒənt,6406,work,The travel agent helped us book a cheap flight to Tashkent.,Sayohat agenti Toshkentga arzon aviachipta buyurtma qilishimizga yordam berdi.,representative deputy,
bin,noun,A2,axlat qutisi,мусорное ведро,A container used to hold rubbish or waste until it is collected.,bɪn,6408,home,Please put your empty plastic bottle into the rubbish bin.,"Iltimos, bo‘sh plastik idishingizni axlat qutisiga tashlang.",trashcan dustbin,
senior,adjective,B2,yuqori martabali katta,старший,Having a higher rank or level of importance than other people in an organization.,ˈsiːnjə(r),6410,work,She is a senior manager who makes all the important decisions.,U barcha muhim qarorlarni qabul qiladigan yuqori martabali menejerdir.,superior chief,junior
teaching,noun,B1,o‘qituvchilik o‘qitish,преподавание,The job or profession of being a teacher in a school or college.,ˈtiːt͡ʃɪŋ,6412,school,"After finishing university, she decided to start a career in teaching.","Universitetni tugatgandan so‘ng, u o‘qituvchilik kasbida faoliyat boshlashga qaror qildi.",tutelage education,
grand,adjective,B2,ulug‘vor ajoyib,грандиозный,"Impressive in size, beauty, or importance.",ɡɹænd,6414,describing,The hotel was very grand with marble floors and golden lights.,Mehmonxona marmar pollar va oltin chiroqlar bilan juda ulug‘vor ko‘rinardi.,magnificent impressive,modest
trial,noun,B2,sud jarayoni sinov,судебный процесс,A formal meeting in a court to decide if someone has broken the law.,ˈtɹaɪəl,6416,ielts,The man was found not guilty after a long and difficult trial.,Uzoq va qiyin sud jarayonidan so‘ng erkak aybsiz deb topildi.,court-case test,
charge,noun,B1,to‘lov narx,плата,The amount of money that you must pay for a service or product.,t͡ʃɑːd͡ʒ,6418,work,There is no extra charge for delivery if you buy online.,"Agar internet orqali xarid qilsangiz, yetkazib berish uchun qo‘shimcha to‘lov yo‘q.",fee cost,
instead,adverb,A2,o‘rniga,вместо этого,As a substitute or alternative to someone or something else.,ɪnˈstɛd,6420,actions,"I did not have any coffee, so I drank tea instead.","Menda qahva qolmagandi, shuning uchun o‘rniga choy ichdim.",alternatively rather,
canadian,adjective,A2,kanadalik,канадский,Relating to the country of Canada or its people.,kəˈneɪdiən,6422,describing,My brother lives in Toronto and works for a Canadian company.,Akam Torontoda yashaydi va Kanada kompaniyasida ishlaydi.,,
cool,adjective,A2,salqin,прохладный,Having a temperature that is low but not cold.,kuːl,6424,nature,I like cool weather the most when I walk in the park.,Bog'da sayr qilganda salqin ob-havoni juda yoqtiraman.,chilly,lukewarm
normal,adjective,A2,oddiy me'yoriy,нормальный,Usual or expected; not different from what is typical.,ˈnɔː.məl,6426,describing,It is normal to feel tired after a very long day.,Uzoq kundan keyin charchoq his qilish normal holat.,ordinary typical,unconventional
wrote,verb,A1,yozdi,написал,Past tense of write; to produce words on paper or a screen.,ɹəʊt,6428,actions,He wrote a long letter to his family last Sunday.,U o'tgan yakshanba oilasiga uzun xat yozdi.,,
entire,adjective,B1,butun barcha,целый,Including everything or every part of something; whole.,ɪnˈtaɪə,6430,ielts,They spent the entire afternoon cleaning their small house.,Ular butun tushdan keyingi vaqtni kichik uylarini tozalashga sarflashdi.,complete whole,partial
educational,adjective,B1,ta'limiy o'quv,образовательный,Providing knowledge or teaching something useful.,ˌɛd͡ʒʊˈkeɪʃənəl,6432,school,This museum offers many educational programs for local school children.,Ushbu muzey mahalliy maktab o'quvchilari uchun ko'plab ta'limiy dasturlar taklif etadi.,,
metal,noun,A2,metall,металл,"A hard, strong material like iron, gold, or silver.",ˈmɛ.təl,6434,nature,The keys are made of a very strong type of metal.,Kalitlar juda mustahkam metal turidan yasalgan.,,
positive,adjective,B1,ijobiy,положительный,Thinking about the good qualities of a person or situation.,ˈpɑzɪtɪv,6436,ielts,Try to keep a positive attitude even when things are difficult.,Vaziyat qiyin bo'lsa ham ijobiy kayfiyatni saqlashga harakat qiling.,,negative
fitness,noun,B1,fitness jismoniy holat,фитнес,The condition of being physically healthy and strong through exercise.,ˈfɪt.nəs,6438,body-health,Regular exercise is important for maintaining good fitness and health.,Muntazam jismoniy mashqlar fitness va sog'likni saqlash uchun muhimdir.,health wellbeing,unfitness
chinese,noun,A1,xitoylik xitoy,китаец,A person from China or a language spoken in China.,tʃaɪˈniːz,6440,people-family,I am learning Chinese because I want to travel to Beijing next year.,Men xitoy tilini o'rganyapman chunki kelasi yili Pekinga bormoqchiman.,,
asia,noun,A2,osiyo,Азия,"The largest continent in the world, located to the east of Europe.",ˈeɪʒə,6442,places,Many different cultures and traditions can be found throughout the continent of Asia.,Osiyo qit'asi bo'ylab ko'plab turli madaniyatlar va an'analarni uchratish mumkin.,,
football,noun,A1,futbol,футбол,A popular game where two teams try to kick a ball into a goal.,ˈfʊtbɔːl,6444,basics,My friends and I play football at the park every Sunday morning.,Do'stlarim va men har yakshanba tongda parkda futbol o'ynaymiz.,soccer,
output,noun,B2,ishlab chiqarish mahsulot,"выход, продукция","The amount of goods or work produced by a person, machine, or factory.",ˈaʊtpʊt,6446,work,The factory increased its daily output to meet the high market demand.,Zavod bozor talabini qondirish uchun kundalik ishlab chiqarish hajmini oshirdi.,production yield,
funds,noun,B2,mablag'lar fondlar,"средства, фонды",An amount of money that is saved or made available for a specific purpose.,fʌndz,6448,ielts,The company does not have enough funds to start the new project.,Kompaniyada yangi loyihani boshlash uchun yetarli mablag' mavjud emas.,capital money,
greater,adjective,B1,kattaroq ulug'roq,больший,"Larger in size, number, importance, or degree than something else.",ˈɡɹeɪtə,6450,describing,The city needs greater investment to improve its public transport system.,Shaharga jamoat transporti tizimini yaxshilash uchun kattaroq sarmoya kerak.,bigger major,lesser
likely,adjective,B1,ehtimoliy bo'lishi mumkin,вероятный,Probable; something that is expected to happen or be true.,ˈlaɪkli,6452,ielts,It is highly likely that they will arrive before the meeting ends.,Ular yig'ilish tugaguniga qadar yetib kelishlari ehtimoli juda yuqori.,probable expected,unlikely
employees,noun,A2,xodimlar ishchilar,сотрудники,People who are paid to work for a person or a company.,ˌɛmplɔɪˈiːz,6454,work,The manager held a meeting to thank all the employees for their effort.,Menejer barcha xodimlarga qilgan mehnatlari uchun minnatdorchilik bildirishga yig'ilish o'tkazdi.,staff workers,employer
alternative,noun,B2,muqobil tanlov,альтернатива,One of two or more things that you can choose between.,ɒlˈtɜː.nə.tɪv,6456,ielts,We have no other alternative but to accept the new job offer.,Yangi ish taklifini qabul qilishdan boshqa muqobil tanlovimiz yo'q.,choice option,
responsibility,noun,B1,mas'uliyat javobgarlik,ответственность,Something that you must do or look after because it is your job or duty.,ɹɪˌspɒn.səˈbɪl.ɪ.ti,6458,ielts,It is your responsibility to finish the project by next Friday afternoon.,Loyiha ustida ishlashni kelasi juma tushdan keyingacha tugatish sizning mas'uliyatingiz.,duty obligation,
resolution,noun,B2,qaror niyat,решение,A firm decision to do or not to do something.,ˌɹɛzəˈluːʃ(ə)n,6460,ielts,My New Year resolution is to start exercising every single morning regularly.,Mening yangi yil qarorim — har kuni ertalab muntazam ravishda mashq qilishni boshlashdir.,decision vow,
java,noun,C1,qahva,кофе,An informal term used to refer to a cup of coffee.,ˈd͡ʒɑː.və,6462,food-drink,Let us stop at that small cafe for a fresh cup of java.,"Keling, yangi damlangan bir finjon qahva uchun o'sha kichik kafeda to'xtaymiz.",coffee,
seems,verb,A2,ko'rinmoq tuyulmoq,казаться,To give the impression of being or doing something.,siːmz,6464,describing,The weather seems much better today than it was yesterday morning.,Ob-havo bugun kechagi tongga qaraganda ancha yaxshiroq ko'rinadi.,appears,
publication,noun,B2,nashr chop etish,публикация,"A book, magazine, or newspaper that has been printed and is available for sale.",ˌpʌblɪˈkeɪʃ(ə)n,6466,ielts,The company produces several popular scientific publications for students and university professors.,Kompaniya talabalar va universitet professorlari uchun bir nechta mashhur ilmiy nashrlarni tayyorlaydi.,issue edition,
pass,verb,A2,o'tmoq o'tkazib yubormoq,проходить,To go past something or move from one place to another.,pɑːs,6468,actions,Please pass the salt to me during our dinner this evening.,"Iltimos, bugun kechki ovqat paytida tuzni menga uzatib yuboring.",go move,
relations,noun,B2,munosabatlar aloqalar,отношения,The way in which two or more people or groups behave toward each other.,ɹɪˈleɪʃənz,6470,ielts,The two countries are trying to improve their diplomatic relations this year.,Ikki mamlakat bu yil o'zlarining diplomatik munosabatlarini yaxshilashga urinmoqda.,connections,
van,noun,A2,furgon yuk mashinasi,фургон,A closed motor vehicle used for carrying goods or a small group of people.,væn,6472,travel,The delivery man parked his van in front of the small shop.,Yetkazib beruvchi furgonini kichik do'kon oldida to'xtatdi.,minivan minibus,
contains,verb,B1,o'z ichiga oladi,содержит,To have something inside or be part of a whole.,kənˈteɪnz,6474,ielts,This glass bottle contains fresh water from the mountain stream.,Bu shisha idish tog' daryosidan olingan toza suvni o'z ichiga oladi.,includes holds,
session,noun,B2,sessiya mashg'ulot,сессия,A period of time spent doing a particular organized activity.,ˈsɛ.ʃən,6476,school,We had a long training session to learn the new software system.,Yangi dasturiy ta'minotni o'rganish uchun uzoq mashg'ulot o'tkazdik.,meeting period,
photography,noun,B1,fotografiya suratga olish,фотография,The art or job of taking pictures using a camera.,fəˈtɒɡ.ɹə.fi,6478,describing,She took a course in photography to improve her picture taking skills.,U suratga olish mahoratini oshirish uchun fotografiya kursiga bordi.,,
republic,noun,B2,respublika,республика,A country governed by elected representatives instead of a king or queen.,ɹɪˈpʌb.lɪk,6480,ielts,The people voted to change their country into a democratic republic.,Xalq o'z mamlakatini demokratik respublikaga aylantirish uchun ovoz berdi.,,monarchy
fees,noun,B1,to'lovlar xizmat haqi,оплата,Money that you pay for professional services or for the right to do something.,fiːz,6482,work,Students must pay their tuition fees before the start of the term.,Talabalar o'qish boshlanishidan oldin o'qish to'lovlarini to'lashlari kerak.,charges costs,
vacation,noun,A2,ta'til,отпуск,A period of time when you do not work or go to school for rest.,vəˈkeɪ.ʃən,6484,travel,We are planning to go on a summer vacation to the beach.,Biz yozgi ta'tilda dengiz sohiliga borishni rejalashtiryapmiz.,holiday,
assistance,noun,B1,yordam koʻmak,помощь,The act of helping someone to finish a task or complete a job.,əˈsɪs.təns,6486,ielts,Financial assistance is available for students from families with very low income.,Kam ta'minlangan oilalardan bo'lgan talabalar uchun moliyaviy yordam mavjud.,help aid,
skin,noun,A2,teri,кожа,The soft outer layer of the body that covers a person or an animal.,skɪn,6488,body-health,He is so disgusting that he really makes my skin crawl today.,"U shunchalik yoqimsizki, bugun rostdan ham etimni jimirlatadi.",,
graphics,noun,B2,grafika,графика,Images or designs produced on a computer screen for games or other programs.,ˈɡɹæfɪks,6490,school,This new video game has much better graphics than the previous version.,Bu yangi video o'yin avvalgi versiyasiga qaraganda ancha yaxshi grafikaga ega.,,
grade,noun,A2,baho baho-daraja,оценка,A letter or number that shows how well a student performed on a test.,ɡɹeɪd,6492,school,He studied very hard and got a good grade on the test.,U juda qattiq o'qidi va testdan yaxshi baho oldi.,mark,
pacific,adjective,C1,osoyishta tinch,мирный,Showing a desire for peace and avoiding violence or conflict.,pəˈsɪfɪk,6494,ielts,The country maintained a pacific policy toward its neighboring states for years.,Mamlakat yillar davomida qo‘shni davlatlarga nisbatan tinch siyosat yuritdi.,peaceful peaceable,bellicose
pop,verb,B1,tarsillatmoq portlatmoq,лопаться,"To make a short, sharp, explosive sound, often causing something to burst.",pɒp,6496,actions,The young boy decided to pop the balloon with a sharp needle.,Yosh bola sharni o‘tkir igna bilan yorishga qaror qildi.,,
filter,noun,B2,filtr süzgich,фильтр,"A device or program that removes unwanted things from a liquid, gas, or information.",ˈfɪltə,6498,home,You should change the water filter in the machine every six months.,Siz mashinadagi suv filtrini har olti oyda almashtirib turishingiz kerak.,strainer sieve,
vehicle,noun,A2,transport vositasi,транспортное средство,A machine like a car or bus used to carry people or goods.,ˈviː.ɪ.kəl,6500,travel,Please park your vehicle in the designated area near the main entrance.,"Iltimos, transport vositangizni asosiy kirish eshigi yaqinidagi belgilangan joyga qo‘ying.",transport conveyance,
longer,adjective,A2,uzunroq,длиннее,Measuring more from one end to the other than something else.,ˈlɒŋ.ɡə,6502,describing,The meeting lasted much longer than we had originally planned last week.,Yig‘ilish o‘tgan hafta rejalashtirganimizdan ancha uzoqroq davom etdi.,,shorter
consider,verb,B1,o‘ylamoq hisoblamoq,рассматривать,To spend time thinking about a possibility or making a decision.,kənˈsɪd.ə,6504,actions,We are starting to consider moving to a new house next year.,Biz kelasi yili yangi uyga ko‘chib o‘tish haqida o‘ylay boshlayapmiz.,reflect contemplate,
northern,adjective,B1,shimoliy,северный,Situated in or facing the direction of the north.,ˈnɔː.ðən,6508,nature,The northern part of the country is much colder during the winter.,Mamlakatning shimoliy qismi qishda ancha sovuqroq bo‘ladi.,northerly,southern
behind,preposition,A1,orqasida ketida,позади,At or to the back part of someone or something.,bɪˈhaɪnd,6510,places,The children were hiding behind the wall during the game.,Bolalar o'yin davomida devor orqasida yashirinishgan edi.,in-back-of to-the-rear-of,in front of
panel,noun,B2,panel hay'at,панель,A small group of people brought together to discuss or decide something.,ˈpænəl,6512,ielts,The panel of experts will discuss the new climate change policy.,Ekspertlar hay'ati yangi iqlim o'zgarishi siyosatini muhokama qiladi.,committee group,
match,noun,A2,o'yin musobaqa,матч,A competitive sporting event where two teams or individuals play against each other.,mæt͡ʃ,6514,actions,My local football team is playing in a match tomorrow evening.,Mahalliy futbol jamoam ertaga kechqurun o'yinda ishtirok etadi.,game contest,
proposed,adjective,B2,taklif qilingan rejalashtirilgan,предложенный,Suggested as a plan or idea but not yet officially put into effect.,pɹəˈpoʊzd,6516,ielts,We reviewed the proposed changes to the company rules this morning.,Biz bugun ertalab kompaniya qoidalariga kiritilgan takliflarni ko'rib chiqdik.,planned suggested,
default,noun,B2,boshlang'ich holat standart,стандарт,The original or standard settings that exist before a user changes anything.,dɪˈfɒlt,6518,work,You can change the default font size in the application settings.,Ilova sozlamalarida standart shrift hajmini o'zgartirishingiz mumkin.,standard basic,
outdoor,adjective,A2,tashqi ochiq havodagi,открытый,"Existing, happening, or done outside rather than inside a building.",ˌaʊtˈdɔː,6520,nature,They enjoyed an outdoor meal in the park on a sunny day.,Ular quyoshli kunda bog'da ochiq havoda ovqatlanishdan zavq olishdi.,open-air outside,indoor
deep,adjective,A2,chuqur,глубокий,Extending far down from the top surface or far inward from an outer edge.,diːp,6522,describing,The lake is very deep so you should be careful when swimming.,Ko'l juda chuqur shuning uchun cho'milganda ehtiyot bo'lishingiz kerak.,profound,shallow
otherwise,adverb,B2,aks holda boshqacha,иначе,Used to say what will happen if something else does not occur or happen.,ˈʌð.əˌwaɪz,6524,ielts,"You must study hard, otherwise you will not pass the difficult exam.",Qattiq o'qishingiz kerak aks holda qiyin imtihondan o'ta olmaysiz.,or else,
rest,noun,A2,dam olish hordiq,отдых,A period of time when you are relaxing or sleeping to get energy back.,ɹɛst,6526,basics,I need to get some rest after working in the office all day.,Kun bo'yi ofisda ishlaganimdan keyin biroz dam olishim kerak.,break sleep,
protein,noun,B1,protein oqsil,белок,"A substance found in food like meat, eggs, and beans that helps your body grow.",ˈpɹəʊ.ti.ɪn,6528,food-drink,Athletes eat a lot of protein to build strong muscles after their training.,Sportchilar mashg'ulotdan keyin kuchli mushaklar qurish uchun ko'p oqsil iste'mol qilishadi.,,
plant,noun,A2,o'simlik giyoh,растение,A living thing that grows in the earth and has leaves and roots.,plænt,6530,nature,She waters the green plant in her room every single morning for growth.,U har kuni ertalab xonasidagi yashil o'simlikni o'sishi uchun sug'oradi.,,
hit,verb,A2,urmoq zarba bermoq,ударять,"To touch someone or something with force, often using your hand or an object.",hɪt,6532,actions,The tennis player hit the ball very hard across the wide net today.,Tennischi bugun to'pni keng to'r ustidan juda qattiq urdi.,strike beat,miss
transportation,noun,B1,transport tashish,транспортировка,The movement of people or goods from one place to another using vehicles.,tɹænspɔːˈteɪʃən,6534,travel,Public transportation is very cheap and efficient in many large modern cities.,Jamoat transporti ko'plab yirik zamonaviy shaharlarda juda arzon va samarali.,conveyance transport,
pool,noun,A2,hovuz basseyin,бассейн,An area of water that has been built for people to swim in.,puːl,6536,places,We like to go to the local pool to swim during the summer.,Biz yozda suzish uchun mahalliy hovuzga borishni yaxshi ko'ramiz.,,
mini,adjective,B1,kichkina mini,мини,Something that is very small or miniature in size.,ˈmɪn.i,6538,describing,She decided to buy a mini version of the popular camera.,U mashhur kameraning mini versiyasini sotib olishga qaror qildi.,tiny small,giant
politics,noun,B2,siyosat,политика,The activities involved in managing a country or a government.,ˈpɒl.ɪ.tɪks,6540,ielts,He has been very active in local politics for ten years.,U o'n yil davomida mahalliy siyosatda juda faol bo'lib kelmoqda.,,
partner,noun,A2,sherik hamkor,партнёр,A person you work or play with as a team.,ˈpɑːt.nə(ɹ),6542,people-family,My business partner and I are opening a new shop tomorrow.,Biznes sherigim va men ertaga yangi do'kon ochyapmiz.,colleague associate,
disclaimer,noun,C1,rad etish bayonoti ogohlantirish,отказ от ответственности,A formal statement that says you are not responsible for something.,dɪsˈkleɪm.ɚ,6544,ielts,The website includes a disclaimer about the accuracy of information.,Veb-saytda ma'lumotlarning aniqligi haqida rad etish bayonoti mavjud.,,
parties,noun,A1,ziyofatlar partiyalar,вечеринки,"Social events where people enjoy food, drinks, and music together.",ˈpɑːtiz,6546,basics,We usually go to parties with our friends on weekends.,Biz odatda dam olish kunlari do'stlarimiz bilan ziyofatlarga boramiz.,celebrations events,
membership,noun,B2,a'zolik,членство,The state of being a member of a group or organization.,ˈmem.bə.ʃɪp,6548,work,You need a valid membership to access the gym equipment.,Sport zali jihozlaridan foydalanish uchun sizda amal qiluvchi a'zolik bo'lishi kerak.,,
mission,noun,B2,missiya topshiriq,миссия,An important job or task that someone is sent to do.,ˈmɪʃ.ən,6550,work,Their main mission is to provide clean water to everyone.,Ularning asosiy missiyasi barchani toza suv bilan ta'minlashdir.,assignment objective,
string,noun,A2,ip arqon,верёвка,"A long, thin piece of thread used for tying or holding things.",stɹɪŋ,6552,home,Please use a piece of string to tie the parcel together.,"Iltimos, posilkani bog'lash uchun bir parcha ipdan foydalaning.",cord thread,
sense,noun,B1,sezgi his,чувство,One of the five natural powers to perceive the physical world like sight or smell.,sɛns,6554,body-health,Humans use the sense of sight to understand the world around them.,Insonlar atrof-muhitni tushunish uchun ko‘rish qobiliyatidan foydalanadilar.,perception feeling,
modified,adjective,B2,o‘zgartirilgan tahrirlangan,измененный,Made smaller or less extreme changes to something to improve it.,ˈmɑdɪfaɪd,6556,describing,The modified engine is much faster than the original version was.,O‘zgartirilgan dvigatel dastlabki versiyadan ancha tezroq ishlaydi.,altered adjusted,original
pack,verb,A2,joylamoq qadoqlamoq,упаковывать,To put your clothes and things into a bag before a trip.,pæk,6558,travel,I need to pack my suitcase before we leave for the airport.,Aeroportga jo‘nashdan oldin chamadonimni joylab olishim kerak.,load fill,
stage,noun,B1,bosqich davr,стадия,One part of a process that happens in several steps.,steɪd͡ʒ,6560,ielts,We are currently in the final stage of the project development.,Biz hozirda loyihani ishlab chiqishning yakuniy bosqichidamiz.,phase step,
internal,adjective,B2,ichki,внутренний,Located inside something rather than on the outside.,ɪnˈtɜː.nəl,6562,ielts,The building suffered internal damage after the storm last night.,O‘tgan tungi bo‘rondan keyin bino ichki qismidan zarar ko‘rdi.,inner inside,external
goods,noun,B2,tovar mollar,товары,Products that are made to be sold.,ɡʊdz,6564,work,The shop sells a wide range of goods from around the world.,Do‘kon dunyo bo‘ylab turli xil tovarlarni sotadi.,products items,
born,adjective,A2,tug‘ilgan,рожденный,Existing as a result of being brought into life.,bɔːn,6566,people-family,She was born in a small village near the mountains.,U tog‘lar yaqinidagi kichik bir qishloqda tug‘ilgan.,,
unless,conjunction,B1,agar bo'lmasa,если не,Except if something happens or is the case.,ənˈlɛs,6568,ielts,You cannot pass the exam unless you study very hard.,"Agar qattiq o‘qimasangiz, imtihondan o‘ta olmaysiz.",except if,
detailed,adjective,B1,batafsil mukammal,подробный,Having many small parts or including a lot of information.,dɪˈteɪld,6570,describing,The manager gave us a very detailed report about the new project.,Menejer bizga yangi loyiha haqida juda batafsil hisobot berdi.,thorough precise,vague
race,noun,A2,poyga musobaqa,гонка,A competition to see who can travel a distance in the shortest time.,ɹeɪs,6572,actions,She decided to enter the bicycle race to test her physical strength.,U jismoniy kuchini sinab ko'rish uchun velosiped poygasida qatnashishga qaror qildi.,contest competition,
approved,adjective,B2,ma'qullangan tasdiqlangan,одобренный,Having official permission or agreement for something to be done.,əˈpɹuːvd,6574,work,The committee finally approved the new plan for the city park development.,Qo'mita shahar bog'ini rivojlantirish uchun yangi rejani nihoyat tasdiqladi.,accepted confirmed,rejected
background,noun,B1,fon kelib chiqish,происхождение,"The education, experience, and family life of a person.",ˈbæk(ɡ)ɹaʊnd,6576,ielts,The successful candidate has a strong background in software engineering and design.,Muvaffaqiyatli nomzod dasturiy ta'minot muhandisligi va dizayni bo'yicha kuchli tajribaga ega.,experience history,
target,noun,B1,nishon maqsad,цель,A result or goal that you want to achieve within a specific time.,ˈtɑː.ɡɪt,6578,ielts,The company set a sales target to increase profits by ten percent annually.,Kompaniya foydani har yili o'n foizga oshirish bo'yicha savdo maqsadini belgiladi.,goal objective,
except,preposition,A2,tashqari bundan tashqari,кроме,Used to say that something is not included in a group or statement.,ɪkˈsɛpt,6580,basics,Everyone was at the meeting except for the manager who was away.,Uchrashuvda yo'qligi sababli menejerdan tashqari hamma ishtirok etdi.,excluding besides,
maintenance,noun,B2,texnik xizmat ko'rsatish parvarish,обслуживание,The work needed to keep a machine or building in good condition.,ˈmeɪnt(ə)nəns,6584,work,Regular maintenance of the car helps to prevent serious engine problems later.,Mashinaga muntazam texnik xizmat ko'rsatish kelajakda jiddiy muammolarning oldini olishga yordam beradi.,upkeep care,
ability,noun,A2,qobiliyat imkoniyat,способность,The physical or mental power that you need to do something.,əˈbɪl.ə.ti,6586,basics,She has the ability to speak three languages very fluently and correctly.,U uchta tilda juda ravon va to'g'ri gapira olish qobiliyatiga ega.,skill capacity,inability
maybe,adverb,A1,balki mumkin,может быть,Used to say that something is possible but not certain.,ˈmeɪ.bi,6588,basics,Maybe we will go to the park if the weather stays nice.,Agar ob-havo yaxshi tursa balki bog'ga borarmiz.,perhaps possibly,
pretty,adverb,B1,ancha yetarlicha,довольно,"To a fairly large degree, but not extremely.",ˈpɹɪt.i,6590,describing,"The homework was pretty difficult, but I managed to finish it alone.","Uyga vazifa ancha qiyin edi, lekin uni yolg'iz tugatishga erishdim.",quite fairly,
trademarks,noun,C1,savdo belgilari,торговые марки,A name or symbol that a company uses on its products to show ownership.,ˈtɹeɪd.mɑːks,6592,ielts,The company protects its various trademarks to ensure no one copies products.,Kompaniya o'zining turli savdo belgilarini hech kim mahsulotlarni nusxalamasligini ta'minlash uchun himoya qiladi.,brand logos,
phentermine,noun,C2,fentermin,фентермин,A medicine used to help people lose weight by reducing their hunger.,ˈfɛn.tə.miːn,6594,body-health,The doctor prescribed phentermine for a short period to aid weight loss.,Shifokor vazn yo'qotishga yordam berish uchun qisqa muddatga fentermin buyurdi.,,
Spain,noun,A1,Ispaniya,Испания,A country located in southwestern Europe.,speɪn,6596,places,We are planning to visit the beautiful beaches of Spain this summer.,Biz yozda Ispaniyaning go'zal plyajlariga borishni rejalashtiryapmiz.,,
southern,adjective,A2,janubiy,южный,Situated in or facing the south direction.,ˈsʌðən,6598,describing,The southern part of the country is much warmer than the north.,Mamlakatning janubiy qismi shimolga qaraganda ancha issiqroq.,south southerly,northern
yourself,pronoun,A2,o'zingiz,себя,Used when the person you are speaking to is the object of an action.,jəˈsɛlf,6600,basics,You should take care of yourself during this busy time of year.,Yilning bu gavjum vaqtida o'zingizga e'tiborli bo'lishingiz kerak.,,
winter,noun,A1,qish,зима,"The coldest season of the year, between autumn and spring.",ˈwɪntə,6602,time,It often snows in this city during the long winter months.,Bu shaharda uzun qish oylarida tez-tez qor yog'adi.,,summer
battery,noun,A2,batareya akkumulyator,батарейка,"A device that provides electricity for things like phones, toys, and cars.",ˈbæt.(ə)ɹi,6604,home,My phone died because the battery ran out of power today.,Bugun batareya quvvati tugagani uchun telefonim o'chib qoldi.,,
youth,noun,B2,yoshlik,юность,"The period of time when someone is young, usually before becoming an adult.",juːθ,6606,people-family,He often talks about the many adventures he had in his youth.,U yoshligida boshidan kechirgan ko'plab sarguzashtlari haqida tez-tez gapiradi.,youngness adolescence,age
pressure,noun,B1,bosim,давление,The force you apply when you push or press on something.,ˈpɹɛʃə,6608,ielts,You need to apply constant pressure to the wound to stop bleeding.,Qon ketishini to'xtatish uchun jarohatga doimiy bosim berish kerak.,force stress,
submitted,verb,B2,topshirdi taqdim etdi,представил,Gave a document or plan to someone for them to look at or approve.,səbˈmɪtɪd,6610,work,I finally submitted my application for the new job this morning.,Men bugun ertalab nihoyat yangi ish uchun arizamni topshirdim.,handed delivered,
debt,noun,B2,qarz majburiyat,долг,"A state of owing something, usually money, to another person or organization.",dɛt,6612,work,He had to work extra hours to pay off his student debt.,U talabalik qarzini to'lash uchun qo'shimcha soatlab ishlashga majbur bo'ldi.,liability obligation,credit
keywords,noun,B2,kalit so'zlar,ключевые слова,Important words that identify the main topic of a text or document.,ˈkiːwɜːdz,6614,ielts,Searching with specific keywords helps you find information on the internet faster.,Aniq kalit so'zlar bilan izlash internetdan ma'lumotni tezroq topishga yordam beradi.,tags search-terms,
television,noun,A1,televizor televideniye,телевидение,A machine used for watching programs that show images and sound.,ˈtɛləˌvɪʒən,6616,home,We watched a very interesting documentary on the television last night.,Kecha kechqurun televizorda juda qiziqarli hujjatli filmni tomosha qildik.,TV,
break,verb,A2,sindirmoq buzmoq,ломать,To damage something so that it separates into pieces or stops working.,bɹeɪk,6618,actions,Be careful not to break the expensive vase on the table.,Stoldagi qimmatbaho vazani sindirib qo'ymaslik uchun ehtiyot bo'ling.,smash crack,repair
throughout,preposition,B1,davomida butun bo'ylab,повсюду,In every part of a place or during the whole period of time.,θɹuːˈaʊt,6620,time,The museum was crowded with tourists throughout the entire summer.,Muzey butun yoz davomida sayyohlar bilan gavjum bo'ldi.,during across,
wood,noun,A2,yog'och o'rmon,дерево,"The hard material that trees are made of, used to build things.",wʊd,6622,nature,This traditional chair is made from high quality oak wood.,Bu an'anaviy stul yuqori sifatli eman yog'ochidan yasalgan.,timber lumber,
itself,pronoun,B1,o'zi o'zini,само,Used when the subject and the object of a sentence are the same thing.,ɪtˈsɛlf,6624,basics,The machine will turn itself off when the task is complete.,Mashina vazifa bajarilganda o'z-o'zidan o'chadi.,,
fee,noun,B1,to'lov haq,плата,An amount of money that you pay for a service or for a privilege.,fiː,6626,work,You have to pay a small late fee if you return books after today.,"Agar kitoblarni bugundan kech qaytarsangiz, ozgina kechikish to'lovi to'lashingiz kerak.",charge payment,
studio,noun,A2,studiya ustaxona,студия,"A room where an artist, photographer, or musician works or creates their art.",ˈstjuːdi.əʊ,6628,places,The band spent the whole weekend in the studio recording their new album.,Musiqa guruhi butun dam olish kunini yangi albomini yozib olish uchun studiyada o'tkazdi.,workshop,
reader,noun,A1,o'quvchi kitobxon,читатель,"A person who is reading a book, magazine, or other written material.",ˈɹidɚ,6630,basics,She is an enthusiastic reader who finishes at least one book every week.,U har hafta kamida bitta kitob o'qiydigan g'ayratli kitobxon.,,
device,noun,B1,qurilma moslama,устройство,A piece of equipment or a machine made for a particular useful purpose.,dɪˈvaɪs,6632,work,This small electronic device helps me translate languages while I am traveling abroad.,Bu kichik elektron qurilma chet elda sayohat qilayotganimda tillarni tarjima qilishga yordam beradi.,tool machine,
rent,noun,A2,ijara haqi,арендная плата,Money that you pay regularly to live in a house or use a property.,ˈɹɛnt,6634,home,The monthly rent for this apartment is quite expensive for the city center.,Bu kvartiraning oylik ijara haqi shahar markazi uchun ancha qimmat.,,
remote,adjective,B2,uzoq masofadagi,удаленный,Far away from other places or people in distance or in time.,[ɹɪˈməʊt],6636,ielts,Many people enjoy living in remote areas to escape the noise of the city.,Ko'p odamlar shahar shovqinidan qochish uchun uzoq hududlarda yashashni yoqtirishadi.,far distant,near
dark,adjective,A1,qorong'i to'q,темный,Having very little or no light in a place.,dɑːk,6638,describing,It is dangerous to walk alone in the park when it gets dark outside.,Tashqarida qorong'i tushganda bog'da yolg'iz yurish xavfli.,dim gloomy,light
external,adjective,B2,tashqi,внешний,"Coming from outside of a person, organization, or object.",ɪkˈstɜː.nəl,6640,ielts,The company decided to hire an external consultant to solve their management problems.,Kompaniya menejment muammolarini hal qilish uchun tashqi maslahatchi yollashga qaror qildi.,outer outside,internal
regarding,preposition,B2,haqida borasida,относительно,Relating to or concerning a particular subject or topic.,ɹɪˈɡɑɹdɪŋ,6642,ielts,I am writing to you regarding the position you advertised yesterday.,Men sizga kecha e'lon qilgan lavozimingiz haqida yozmoqdaman.,concerning about,
enjoy,verb,A1,zavqlanmoq rohatlanmoq,наслаждаться,To get happiness or satisfaction from doing or experiencing something.,ɛnˈd͡ʒɔɪ,6646,feelings,I really enjoy dancing with my friends at the weekend.,Men dam olish kunlari do'stlarim bilan raqsga tushishdan juda zavqlanaman.,like appreciate,
remove,verb,B1,olib tashlamoq yo'qotmoq,убирать,To take something away from the place where it is currently.,ɹɪˈmuːv,6648,actions,Please remove your shoes before entering the house to keep it clean.,Uyni toza saqlash uchun iltimos uyga kirishdan oldin poyabzalingizni yeching.,delete eliminate,add
aid,noun,B2,yordam ko'mak,помощь,Help or support given to someone who needs it.,eɪd,6650,ielts,The government sent emergency aid to the people after the earthquake.,Hukumat zilziladan keyin odamlarga favqulodda yordam yubordi.,help assistance,
surface,noun,B1,sirt yuza,поверхность,The outside layer or top part of an object or liquid.,ˈsɜː.fɪs,6652,describing,The table has a smooth surface that is easy to wipe clean.,Stolning tozalash oson bo'lgan silliq yuzasi bor.,exterior top,
minimum,noun,B2,minimum eng kam miqdor,минимум,The smallest possible amount or lowest limit that is allowed.,ˈmɪnɪməm,6654,ielts,We need a minimum of three staff members to start the meeting.,Majlisni boshlash uchun bizga kamida uchta xodim kerak.,minimal least,maximum
host,verb,B1,mezbonlik qilmoq qabul qilmoq,принимать,To organize an event and look after the guests or visitors.,həʊst,6656,actions,They will host a dinner party for their new neighbors next week.,Ular kelasi hafta yangi qo'shnilari uchun kechki ovqat ziyofatini uyushtirishadi.,entertain organize,
variety,noun,B1,xilma-xillik tur,разнообразие,A collection of several different things of the same general type.,vəˈɹaɪ.ɪ.ti,6658,describing,The shop offers a wide variety of fresh fruit and vegetables.,Do'kon yangi meva va sabzavotlarning keng turini taklif etadi.,array assortment,uniformity
isbn,noun,B2,kitobning xalqaro standart raqami,международный стандартный книжный номер,A unique identification number assigned to a published book for tracking purposes.,ˌaɪ.es.biːˈen,6660,school,You can find the book by searching its ISBN online.,Kitobni onlayn qidirish orqali uning ISBN raqamini topishingiz mumkin.,,
martin,noun,B2,qaldirg'och,городская ласточка,A small bird that flies quickly and catches insects in the air.,ˈmɑː.tɪn,6662,animals,We saw a martin flying swiftly over the quiet river.,Biz tinch daryo ustida tez uchayotgan qaldirg'ochni ko'rdik.,,
manual,noun,B1,qo'llanma yo'riqnoma,руководство,A book that gives instructions on how to use a machine or tool.,ˈmæn.j(ʊ)əl,6664,work,Read the instruction manual carefully before you start using the device.,Qurilmadan foydalanishni boshlashdan oldin yo'riqnomani diqqat bilan o'qing.,handbook,
block,noun,A2,blok to'siq,блок,A solid piece of hard material with flat surfaces on all sides.,blɒk,6666,home,He used a heavy block of wood to keep the door open.,U eshikni ochiq holda ushlab turish uchun og'ir yog'och blokdan foydalandi.,,
repair,verb,A2,ta'mirlamoq tuzatmoq,ремонтировать,To fix something that is broken or not working correctly.,ɹɪˈpɛə,6668,actions,It is cheaper to repair the old bike than to buy new.,Eski velosipedni ta'mirlash yangisini sotib olishdan ko'ra arzonroq.,fix mend,
civil,adjective,B2,fuqarolik madaniyatli,гражданский,Relating to ordinary people or being polite and behaving in a formal way.,ˈsɪv.əl,6670,ielts,It is important to keep a civil tone during a professional debate.,Professional bahs paytida madaniyatli ohangni saqlash juda muhim.,polite formal,impolite
steel,noun,B1,po'lat,сталь,A very strong metal made from iron that is used for building things.,stiːl,6672,describing,Modern buildings are often constructed using a frame of strong steel.,Zamonaviy binolar ko'pincha mustahkam po'lat karkas yordamida quriladi.,,
fixed,adjective,B1,o'zgarmas belgilangan,фиксированный,Not able to be changed or moved.,fɪkst,6674,describing,I work fixed hours for a fixed salary every single month.,Men har oy belgilangan maosh uchun belgilangan soatlarda ishlayman.,invariable immutable,variable
wrong,adjective,A1,noto'g'ri xato,неправильный,Not correct or not true.,ˈɹɒŋ,6676,basics,"Some of your answers were correct, and some were wrong.","Javoblaringizning ba'zilari to'g'ri, ba'zilari esa noto'g'ri edi.",incorrect untrue,correct
beginning,noun,A2,boshlanish,начало,The first part of something.,bɪˈɡɪn.ɪŋ,6678,time,She read the beginning of the book before she went to sleep.,U uxlashdan oldin kitobning boshlanishini o'qib chiqdi.,start commencement,end
associates,verb,B2,bog'lamoq aloqador,связывать,To connect or link two people or things together in your mind.,əˈsoʊʃi.əts,6680,ielts,Most people associate the color red with love and passion.,Ko'p odamlar qizil rangni sevgi va ishtiyoq bilan bog'laydi.,connect link,
finally,adverb,A2,nihoyat oxiri,наконец,Happening after a long time or at the end.,ˈfaɪ.nə.li,6682,time,"The contest was long, but the team finally finished the race.","Musobaqa uzoq davom etdi, ammo jamoa nihoyat poygani tugatdi.",eventually lastly,initially
desktop,noun,B1,stol kompyuteri,настольный компьютер,A computer that is designed to stay in one place on a desk.,ˈdɛsktɒp,6684,home,My old desktop computer is much faster than my new laptop.,Eski stol kompyuterim yangi noutbukimdan ancha tezroq.,,
jersey,noun,B1,sviter kiyim,кофта,A warm piece of clothing made of knitted wool for the upper body.,ˈd͡ʒɜːzi,6686,clothes,She wore a thick wool jersey to keep warm in the winter.,Qishda isinib yurish uchun u qalin jun sviter kiyib oldi.,jumper sweater,
fat,adjective,A2,semiz yo'g'on,толстый,Having a lot of weight or body mass.,ˈfæt,6688,body-health,The fat cat slept comfortably on the sunny wooden floor.,Semiz mushuk quyosh tushib turgan yog'och polda bemalol uxlar edi.,plump heavy,thin
fully,adverb,B1,to'liq butunlay,полностью,In a way that is complete; nothing is missing.,ˈfʊli,6690,describing,I am fully aware of the risks involved in this project.,Men ushbu loyihadagi xatarlardan to'liq xabardorman.,completely entirely,
electric,adjective,A2,elektr,электрический,Using or producing electricity to work.,ɪˈlɛktɹɪk,6692,home,We bought a new electric kettle to boil water for tea.,Biz choy uchun suv qaynatish maqsadida yangi elektr choynak sotib oldik.,,non-electric
saw,noun,B1,arra,пила,"A tool with a sharp, jagged edge used for cutting wood or metal.",sɔː,6694,work,He used a sharp saw to cut the thick wooden board.,U qalin yog'och taxtani kesish uchun o'tkir arradan foydalandi.,,
instruments,noun,B2,asboblar vositalar,инструменты,Tools or devices used for specialized work or making music.,ˈɪnstɹəmənts,6696,ielts,The surgeon carefully cleaned all the medical instruments before the operation.,Jarroh operatsiyadan oldin barcha tibbiy asboblarni ehtiyotkorlik bilan tozaladi.,tools devices,
officer,noun,B1,ofitser mansabdor shaxs,служащий,A person who has a position of authority in an organization or the police.,ˈɒf.ɪ.sə,6698,work,The police officer stopped the car to check the driver's license.,Politsiya xodimi haydovchining guvohnomasini tekshirish uchun mashinani to'xtatdi.,official authority,
dead,adjective,A2,o'lik jonli emas,мёртвый,Not living anymore.,dɛd,6700,body-health,The old plant died because it did not get enough sunlight.,Qari o'simlik yetarli quyosh nurini olmagani uchun qurib qoldi.,deceased lifeless,alive
unknown,adjective,B1,noma'lum tanish bo'lmagan,неизвестный,Not identified or not known to many people.,ʌn(ˈn)əʊn,6702,describing,The cause of the fire remains unknown to the local police.,Yong'inning sababi mahalliy politsiyaga noma'lum bo'lib qolmoqda.,unfamiliar uncharted,well-known
specified,adjective,B2,belgilangan ko'rsatilgan,указанный,Clearly and definitely stated or described.,ˈspɛsɪfaɪd,6704,ielts,Please deliver the goods within the specified time period.,"Iltimos, tovarlarni belgilangan muddat ichida yetkazib bering.",,
mike,noun,B1,mikrofon,микрофон,A piece of equipment used to make your voice louder.,ˈmaɪk,6706,actions,He stepped up to the mike to begin his speech.,U nutqini boshlash uchun mikrofonga yaqinlashdi.,,
worth,adjective,B1,arzimaydigan arziydigan,стоящий,Having a specific value or deserving of some action.,wɜːθ,6710,describing,This old book is worth a lot of money now.,Bu eski kitob hozir juda qimmat turadi.,,
poor,adjective,A1,kambag'al nochor,бедный,Having very little money or very few possessions.,pʊɚ,6712,basics,They were too poor to buy new clothes for winter.,Ular qish uchun yangi kiyim sotib olishga juda kambag'al edilar.,broke needy,rich
georgia,noun,A2,Gruziya,Грузия,A country located at the intersection of Eastern Europe and Western Asia.,ˈdʒɔːdʒə,6714,travel,Many tourists visit Georgia every year to see the mountains.,Har yili ko'plab sayyohlar tog'larni ko'rish uchun Gruziyaga tashrif buyurishadi.,,
peace,noun,A2,tinchlik xotirjamlik,мир,A state of quiet and calm without any war or fighting.,ˈpiːs,6716,feelings,We all want to live in a world of peace.,Biz hammamiz tinchlik dunyosida yashashni istaymiz.,,disruption
traditional,adjective,B1,an'anaviy urf-odatga oid,традиционный,Following the customs or ways of behaving that have continued for a long time.,tɹəˈdɪʃ.ə.nəl,6718,describing,This dance is one of the traditional customs in our local area.,Bu raqs hududimizdagi an'anaviy urf-odatlardan biri hisoblanadi.,customary conventional,modern
campus,noun,B1,talabalar shaharchasi universitet hududi,кампус,The land and buildings that belong to a college or university.,ˈkæmpəs,6720,school,The university campus is sixty hectares in size and very green.,Universitet shaharchasi oltmish gektar maydonni egallaydi va juda yashil.,grounds site,
creative,adjective,B1,ijodkor kreativ,творческий,Having the skill and imagination to produce new and interesting ideas.,kɹiˈeɪtɪv,6724,describing,She came up with a creative new solution to the old problem.,U eski muammoga ijodiy yangi yechim topdi.,imaginative innovative,unimaginative
coast,noun,A2,qirg'oq dengiz bo'yi,побережье,The land near or next to the sea or ocean.,kəʊst,6726,nature,We spent our summer holidays driving along the rocky southern coast.,Biz yozgi ta'tilimizni janubiy qoyali qirg'oq bo'ylab sayohat qilib o'tkazdik.,seaside shore,
progress,noun,B1,rivojlanish taraqqiyot,продвижение,The process of getting better at doing something or achieving a goal.,ˈpɹəʊ.ɡɹɛs,6728,ielts,Science has made extraordinary progress in the last fifty years.,Fan oxirgi ellik yil ichida g'oyat katta taraqqiyotga erishdi.,advancement development,stagnation
funding,noun,B2,moliyalashtirish mablag' ajratish,финансирование,"Money provided for a particular purpose, especially by a government or organization.",ˈfʌndɪŋ,6730,work,The council is providing extra funding to repair the school roof.,Kengash maktab tomini ta'mirlash uchun qo'shimcha mablag' ajratmoqda.,finance support,
lord,noun,C1,lord zodagon,лорд,A man who has high rank in a noble class or social system.,lɔːd,6732,ielts,The lord of the manor owned most of the land in the village.,Qishloq mulkining lordi qishloqdagi yerlarning ko'p qismiga egalik qilardi.,nobleman aristocrat,commoner
sub,noun,B1,suvosti kemasi sendvich,"подводная лодка, сэндвич","A long sandwich made in a bread roll, or a shortened form of submarine.",sʌb,6734,food-drink,We can stop at the deli to buy some chicken subs.,Biz tovuqli sendvichlar sotib olish uchun do'konda to'xtashimiz mumkin.,submarine,
fiction,noun,B2,badiiy adabiyot uydirma,художественная литература,Books and stories about imaginary events and characters instead of real life.,ˈfɪkʃən,6736,ielts,I prefer reading science fiction because it explores many futuristic ideas.,Men ilmiy fantastika o'qishni afzal ko'raman chunki u ko'plab kelajak g'oyalarini o'rganadi.,literature novel,fact
hear,verb,A1,eshitmoq,слышать,To be aware of sounds using your ears.,ˈhɪə,6738,basics,I can hear the sound of the ocean from my hotel room.,Men mehmonxona xonamdan okean shovqinini eshita olaman.,catch,
beyond,preposition,B1,narigi tarafda tashqari,"за, вне, дальше",Further away in the distance than something else.,bɪˈjɒnd,6740,places,The mountain range is located just beyond the small village.,Tog' tizmasi kichik qishloqning narigi tarafida joylashgan.,past,
goes,verb,A1,boradi ketadi,"ходит, идет",The third-person singular present form of the verb to go.,ɡəʊz,6742,actions,Every morning he goes to the office by the underground train.,Har kuni ertalab u metro poyezdi bilan ofisga boradi.,travels moves,
families,noun,A1,oilalar,семьи,Groups of people consisting of parents and their children living together.,ˈfæmɪliz,6744,people-family,Many families enjoy spending their weekends in the local park together.,Ko'plab oilalar dam olish kunlarini mahalliy bog'da birga o'tkazishdan zavqlanishadi.,households,
themselves,pronoun,A2,o'zlari,"сами, себя",Used when the people performing an action are also the ones receiving it.,ðɛmˈsɛlvz,6748,basics,The children cleaned the messy room all by themselves this morning.,Bolalar bugun ertalab tartibsiz xonani o'zlari tozalab qo'yishdi.,,
fan,noun,A2,ventilyator shamol-puflagich,вентилятор,A machine that moves air to make a room or person feel cooler.,fæn,6750,home,He didn't switch on the fan because the temperature was 15 degrees Celsius.,Harorat 15 daraja bo'lgani uchun u ventilyatorni yoqmadi.,blower cooler,
transport,verb,B1,tashimoq yetkazmoq,перевозить,To carry or move goods or people from one place to another place.,tɹænsˈpɔːt,6752,travel,The trucks are used to transport fresh fruit to the city markets.,Yuk mashinalari yangi mevalarni shahar bozorlariga tashish uchun ishlatiladi.,convey carry,
blogs,noun,B1,bloglar,блоги,Personal websites where people write about their thoughts or daily life.,blɒɡz,6754,work,Many travel blogs share useful tips for people visiting new countries.,Ko'plab sayohat bloglari yangi mamlakatlarga tashrif buyuruvchilar uchun foydali maslahatlar beradi.,journals diaries,
evaluation,noun,B2,baho baholash,оценка,The act of judging how good or successful someone or something is.,ɪˌvæljuˈeɪʃn̩,6756,ielts,The result of the semestral evaluation will go towards your final score.,Semestr yakunidagi baholash natijasi yakuniy balingizga ta'sir qiladi.,assessment judgment,
former,adjective,B1,sobiq avvalgi,бывший,Used to describe someone or something that had a position before now.,ˈfɔɹmɚ,6758,ielts,The former president decided to open a school in his hometown.,Sobiq prezident o'z ona shahrida maktab ochishga qaror qildi.,previous erstwhile,next
implementation,noun,C1,amalga oshirish joriy etish,реализация,The process of making a plan or system start to work or be used.,ˌɪmplɪmənˈteɪʃn,6760,ielts,Now that the requirements are complete we can move on to implementation.,Talablar tayyor bo'lganiga ko'ra biz amalga oshirish jarayoniga o'tishimiz mumkin.,execution application,
zone,noun,B1,hudud zona,зона,An area of land or sea that has a special feature or purpose.,zoʊn,6762,places,There is a no-smoking zone that extends outside of the building entrance.,Binoning kirish qismidan tashqarida chekish taqiqlangan hudud mavjud.,region area,
galleries,noun,A2,galereyalar ko'rgazmalar,галереи,Buildings or rooms where paintings and other works of art are shown.,ˈɡæl.ə.ɹiz,6764,places,We spent the whole afternoon looking at paintings in the art galleries.,Biz butun tushdan keyin san'at galereyalaridagi suratlarni tomosha qildik.,museums exhibitions,
die,verb,A2,o'lmoq vafot etmoq,умирать,To stop living and lose your life.,daɪ,6766,body-health,Plants will die if you do not give them enough water.,Agar ularga yetarli suv bermasangiz o'simliklar o'lib qoladi.,perish pass,live
jack,verb,B2,domkrat bilan ko'tarmoq,поднимать домкратом,"To lift a heavy object, especially a car, using a special tool.",d͡ʒæk,6768,work,He had to jack up the car to change the flat tire.,U shina almashtirish uchun mashinani domkrat bilan ko'tarishi kerak edi.,hoist lift,
flow,verb,B1,oqmoq sizib o'tmoq,течь,"To move continuously in one direction, like water in a river.",ˈfləʊ̯,6770,nature,The river continues to flow steadily through the middle of town.,Daryo shahar o'rtasidan barqaror ravishda oqib o'tishda davom etadi.,run stream,
agencies,noun,B2,agentliklar idoralar,агентства,Organizations that provide a particular service on behalf of other businesses.,ˈeɪ.d͡ʒən.siz,6772,work,Many travel agencies offer cheap holiday packages for families this summer.,Ko'plab sayyohlik agentliklari yozda oilalar uchun arzon dam olish paketlarini taklif qiladi.,firms bureaus,
literature,noun,B2,adabiyot,литература,"Written works such as books, novels, and poetry considered of high artistic value.",ˈlɪt.(ə.)ɹə.t͡ʃə(ɹ),6774,ielts,She enjoys reading classical English literature in her spare time.,U bo'sh vaqtida klassik ingliz adabiyotini o'qishdan zavqlanadi.,writing books,
respective,adjective,C1,tegishli o'ziga xos,соответствующий,Relating to each of several people or things individually.,ɹɪˈspɛktɪv,6776,ielts,"After the meeting, they all returned to their respective offices.","Majlisdan so'ng, ularning har biri o'z idorasiga qaytdi.",particular individual,
setting,noun,B1,muhit joylashuv,обстановка,The environment or location where a story or specific event takes place.,ˈsɛtɪŋ,6778,places,The story has a beautiful setting in a small mountain village.,Hikoya tog'li kichik qishloqdagi go'zal muhitda bo'lib o'tadi.,background environment,
scale,noun,B2,o'lchov miqyos,масштаб,"The size, extent, or range of something, often used for measurement.",skeɪl,6780,ielts,The project was on a much larger scale than we expected.,Loyiha biz kutganimizdan ancha kattaroq miqyosda edi.,scope range,
highest,adjective,A2,eng yuqori,высочайший,"The most extreme or greatest level, rank, or position.",ˈhaɪ.ɪst,6782,describing,Mount Everest is the highest mountain in the entire world.,Everest cho'qqisi butun dunyodagi eng yuqori tog'dir.,maximum ultimate,
helpful,adjective,A2,foydali yordamchi,полезный,Giving or ready to give help; useful or providing assistance.,ˈhɛlp.fl̩,6784,describing,The hotel staff were very helpful when we asked for directions.,Biz yo'lni so'raganimizda mehmonxona xodimlari juda foydali bo'lishdi.,useful supportive,unhelpful
monthly,adjective,B1,oylik har oyda,ежемесячный,Happening or produced once every month.,ˈmʌnθli,6786,time,We pay our rent on a monthly basis at the office.,Biz ijara haqini ofisda har oyda to'laymiz.,,
critical,adjective,B2,tanqidiy muhim,критический,Extremely important or necessary for the success of something.,ˈkɹɪt.ɪ.kəl,6788,ielts,It is critical that you finish this report before the meeting.,Uchrashuvdan oldin ushbu hisobotni tugatishingiz juda muhim.,crucial vital,
frame,noun,B1,ramka karkas,рама,The structure or outer border that supports or encloses something.,fɹeɪm,6790,home,I need to find a nice wooden frame for this photograph.,Men ushbu surat uchun chiroyli yog'och ramka topishim kerak.,border structure,
musical,adjective,A2,musiqiy kuylar,музыкальный,Connected with music or having the qualities of music.,ˈmju.zɪ.kəl,6792,describing,She has a very musical voice that is pleasant to hear.,"Uning eshitish uchun yoqimli, juda musiqiy ovozi bor.",melodious harmonious,
definition,noun,B1,ta'rif izoh,определение,A statement that explains the meaning of a word or phrase.,ˌdɛf.ɪˈnɪʃ.ən,6794,ielts,Can you give me a clear definition of this new word?,Menga ushbu yangi so'zning aniq ta'rifini bera olasizmi?,explanation meaning,
secretary,noun,A2,kotib yordamchi,секретарь,A person employed in an office to assist with records and communication.,ˈsɛk.ɹə.tə.ɹi,6796,work,The secretary scheduled all the meetings for the manager this week.,Kotib bu hafta menejer uchun barcha uchrashuvlarni rejalashtirdi.,assistant clerk,
employee,noun,A2,xodim ishchi,работник,A person who is paid to work for an organization or company.,ˌɛm.plɔɪˈiː,6798,work,The company treats every employee with respect and provides good pay.,Kompaniya har bir xodimga hurmat bilan munosabatda bo'ladi va yaxshi maosh to'laydi.,staff worker,
chief,adjective,B1,asosiy bosh,главный,Most important or main in rank or purpose.,t͡ʃiːf,6800,ielts,The chief reason for our success was hard work and planning.,Muvaffaqiyatimizning asosiy sababi mashaqqatli mehnat va rejalashtirish edi.,main primary,minor
bottom,noun,A2,tub pastki,дно,The lowest part of something.,ˈbɒ.təm,6802,basics,There was a small coin at the bottom of the fountain.,Favvoraning tubida kichik tanga bor edi.,base,top
detail,noun,B1,tafsilot detal,деталь подробность,"A small, specific part of a larger thing or situation.",ˈdiː.teɪl,6804,ielts,Please tell me every detail about your trip to the mountains.,"Iltimos, tog'larga qilgan sayohatingiz haqidagi har bir tafsilotni aytib bering.",minutia technicality,
pet,noun,A1,uy hayvoni,домашнее животное,An animal kept at home for company and enjoyment.,pɛt,6806,animals,My daughter wants a pet cat to keep in our house.,Qizim uyimizda saqlash uchun mushukcha istaydi.,,
begin,verb,A1,boshlamoq,начинать,To start doing something or to come into existence.,bɪˈɡɪn,6808,actions,We will begin the meeting as soon as everyone arrives here.,Hamma yetib kelishi bilan majlisni boshlaymiz.,start commence,finish
royal,adjective,B2,qirollik podshohlik,королевский,"Relating to a king, queen, or their immediate family members.",ˈɹɔɪ̯.əl,6810,ielts,The royal family lives in a large castle in the capital.,Qirollik oilasi poytaxtdagi katta qasrda yashaydi.,regal sovereign,
switch,noun,A2,o'chirib-yoqgich tugma,выключатель,A small device used to turn electrical power on or off.,swɪt͡ʃ,6812,home,You should press the switch to turn on the bedroom light.,Yotoqxona chirog'ini yoqish uchun o'chirib-yoqgichni bosishingiz kerak.,button,
largest,adjective,A2,eng katta,самый большой,The object or thing that is the biggest of all others in a group.,ˈlɑːd͡ʒɪst,6814,describing,This is the largest city in the country where we live now.,Bu biz hozir yashayotgan mamlakatdagi eng katta shahar.,biggest greatest,smallest
African,adjective,B1,afrikalik afrika,африканский,Relating to the continent of Africa or its people.,ˈæfrɪkən,6816,places,Many unique animals live in the African savanna during the dry season.,Quruq mavsumda Afrika savannasida ko'plab noyob hayvonlar yashaydi.,,
guy,noun,A2,yigit bola,парень,A common informal word for any man or boy.,ɡaɪ,6818,people-family,That guy is my new friend from the university English class.,U yigit universitetdagi ingliz tili darsidan yangi do'stim.,man fellow,
guidelines,noun,B2,yo'riqnoma tavsiya,руководящие принципы,A set of rules or instructions that tells you how to do something correctly.,ˈɡaɪdlaɪnz,6820,ielts,The teacher provided clear guidelines for the final research paper assignment.,O'qituvchi yakuniy ilmiy maqola topshirig'i uchun aniq yo'riqnomalarni taqdim etdi.,rules instructions,
justice,noun,B2,adolat haqqoniylik,справедливость,The quality of being fair and treating people in the correct way.,ˈdʒʌs.tɪs,6822,ielts,Everyone has the right to receive justice in a court of law.,Har kim sudda adolat topish huquqiga ega.,fairness honesty,injustice
bible,noun,B2,Injil muqaddas kitob,Библия,The holy book of the Christian religion.,ˈbaɪbəl,6824,work,The old family Bible was kept on the highest shelf.,Qadimiy oilaviy Injil eng baland tokchada saqlanardi.,guide handbook,
basket,noun,A1,savat,корзина,A container made of thin pieces of wood or wire for carrying things.,ˈbɑːskɪt,6828,home,She put all the fresh fruit into the large woven basket.,U barcha yangi uzilgan mevalarni katta to'qilgan savatga soldi.,crate container,
applied,adjective,B2,amaliy,прикладной,Designed to be used in a practical way rather than just for theory.,əˈplaɪd,6830,ielts,The university offers a degree in applied science for modern engineering students.,Universitet zamonaviy muhandislik talabalari uchun amaliy fanlar bo‘yicha diplom taklif qiladi.,practical functional,pure
weekly,adjective,A2,har haftalik haftada bir marta,еженедельный,Happening or appearing once every week.,ˈwiːk.li,6832,time,He goes for his weekly check-up at the hospital every Monday morning.,U har dushanba kuni ertalab shifoxonada haftalik tekshiruvdan o‘tadi.,,
installation,noun,B2,o‘rnatish montaj,установка,The process of putting a piece of equipment or software in place to work.,ˌɪn.stəˈleɪ.ʃən,6834,work,The installation of the new software took only a few minutes to finish.,Yangi dasturiy ta'minotni o‘rnatish bor-yo‘g‘i bir necha daqiqa vaqt oldi.,setup fitting,
suite,noun,B2,raqam majmua,люкс,A set of connected hotel rooms designed for one person or a family.,swiːt,6836,travel,The Presidential suite is very large and offers a great city view.,Prezident lyuks xonasi juda katta va shaharga ajoyib ko‘rinishni taqdim etadi.,apartment set,
advance,noun,B2,oldinga siljish taraqqiyot,продвижение,A forward movement or an improvement in knowledge or technology.,ədˈvɑːns,6838,ielts,Recent medical advances have helped doctors treat serious diseases more effectively today.,So‘nggi tibbiy yutuqlar shifokorlarga jiddiy kasalliklarni samaraliroq davolashda yordam berdi.,progress breakthrough,setback
skip,verb,A2,sakrash tashlab ketish,перепрыгивать,To move forward by jumping lightly from one foot to the other.,skɪp,6840,actions,The children love to skip across the playground during their lunch break.,Bolalar tushlik paytida o'yin maydonchasi bo'ylab sakrab o'ynashni yaxshi ko'rishadi.,hop bound,
army,noun,B1,armiya qo'shin,армия,A large organized group of people trained to fight on land in a war.,ˈɑː.mi,6842,ielts,The army was sent to the border to protect the country's land.,Mamlakat hududini himoya qilish uchun armiya chegaraga yuborildi.,military forces,
auction,noun,B2,auksion kimoshdi savdosi,аукцион,A public sale where items are sold to the person who offers the most money.,ˈɔːkʃən,6844,work,They decided to sell their old paintings at a public auction last week.,Ular o'tgan hafta o'zlarining eski rasmlarini kimoshdi savdosida sotishga qaror qilishdi.,sale bidding,
gear,noun,B1,jihoz anjom,снаряжение,"The special equipment, clothes, or tools needed for a specific activity or sport.",ˈɡɪə,6846,clothes,Make sure you have all the necessary climbing gear before going up there.,U yerga chiqishdan oldin barcha kerakli tog'ga chiqish anjomlaringiz borligiga ishonch hosil qiling.,equipment kit,
