headword,pos,cefr_level,translation_uz,translation_ru,definition_en,ipa,frequency_rank,category,example_en,example_uz,synonyms,antonyms
fbi,noun,B2,AQSh Federal qidiruv byurosi,ФБР,The main government agency that investigates federal crimes in the United States.,ˌef biː ˈaɪ,22000,ielts,The FBI is investigating the mysterious case of the stolen national documents.,Federal qidiruv byurosi o‘g‘irlangan davlat hujjatlari bo‘yicha tergov olib bormoqda.,agency,
emma,noun,A1,Emma,Эмма,A common female given name.,ˈɛmə,22002,people-family,Emma is my best friend and she lives in the city.,Emma mening eng yaqin dugonam va u shaharda yashaydi.,,
annie,noun,A1,Enni,Энни,"A female given name, often a nickname for Ann or Anne.",ˈæni,22004,people-family,Annie is coming to visit us this weekend for a party.,Enni dam olish kunlari biznikiga mehmonga kelyapti.,,
sean,noun,A1,Shon,Шон,A common male given name of Irish origin.,ʃɔːn,22006,people-family,Sean works at the office with me every single day.,Shon har kuni men bilan birga idorada ishlaydi.,,
motherfucker,interjection,C2,la'nati iflos,черт возьми подонок,A vulgar expression used to show extreme anger or strong disappointment.,mʌðəˌfʌkə,22008,feelings,"Motherfucker, I just dropped my phone and broke the screen again.","La'nati, telefonimni tushirib yubordim va ekrani yana sindi.",fuck shit,
julie,noun,A1,Juli,Джули,A female given name.,ˈdʒuːli,22010,people-family,Julie decided to learn how to play the piano this year.,Juli bu yil pianino chalishni o'rganishga qaror qildi.,,
gordon,noun,A1,Gordon,Гордон,A male given name or a family name.,ˈɡɔːrdən,22012,people-family,Gordon is a very talented cook who works at a restaurant.,Gordon restoranda ishlaydigan juda mohir oshpaz.,,
maggie,noun,B2,saksovul chumchug'i qarg'a,сорока,A black and white bird with a long tail that makes a loud chattering sound.,ˈmæɡi,22014,animals,The magpie flew down to the garden to search for some food.,Saksovul chumchug'i ovqat qidirib bog'ga uchib tushdi.,magpie crow,
catherine,noun,A1,Ketrin,Кэтрин,A common female given name of Greek origin meaning pure or clear.,ˈkæθərɪn,22016,people-family,My best friend Catherine is coming to visit us this weekend.,Eng yaqin dugonam Ketrin dam olish kunlari biznikiga keladi.,,
rebecca,noun,A1,Rebekka,Ребекка,A common female given name originating from Hebrew.,rɪˈbɛkə,22018,people-family,Rebecca decided to study medicine at the university next year.,Rebekka kelasi yili universitetda tibbiyot sohasida o'qishga qaror qildi.,,
tina,noun,C2,metamfetamin,метамфетамин,A slang term for a very strong and dangerous illegal addictive stimulant drug.,ˈtiːnə,22020,body-health,Police warned teenagers about the severe dangers of using crystal meth.,Politsiya o'smirlarni kristal metamfetamin iste'mol qilishning xavfli oqibatlari haqida ogohlantirdi.,meth crystal,
jeremy,noun,A1,Jeremi,Джереми,A common male given name of Hebrew origin.,ˈdʒɛrɪmi,22022,people-family,Jeremy was the first person to arrive at the meeting today.,Bugun majlisga birinchi bo'lib Jeremi yetib keldi.,,
kenny,noun,A1,Kenni,Кенни,A common male given name often used as a diminutive for Kenneth.,ˈkɛni,22024,people-family,I have known Kenny since we were children at primary school.,Kennini boshlang'ich maktabda o'qib yurganimizdan beri taniyman.,,
nina,noun,C2,yashirin xabar,скрытое послание,A hidden message or word purposely concealed within a crossword puzzle grid.,ˈniːnə,22026,ielts,The crossword constructor cleverly hid a nina throughout the puzzle grid.,Krossvord muallifi topishmoq panjarasiga yashirin xabarni ustalik bilan joylashtirdi.,hidden message,
lucas,noun,A1,Lukas,Лукас,A popular male given name of Greek origin meaning light.,ˈluːkəs,22028,people-family,Lucas is working hard to finish his project by Friday afternoon.,Lukas loyihasini juma kunigacha tugatish ustida qattiq ishlamoqda.,,
hannah,noun,A1,Xanna,Ханна,A common female given name of Hebrew origin.,ˈhænə,22030,people-family,Hannah invited all of her classmates to her birthday party yesterday.,Xanna kecha barcha sinfdoshlarini tug'ilgan kuniga taklif qildi.,,
sophie,noun,A1,Sophie,Софи,A female given name of Greek origin meaning wisdom.,ˈsəʊfi,22032,people-family,My best friend Sophie is coming to visit us this weekend.,Eng yaqin dugonam Sofi dam olish kunlari biznikiga keladi.,,
ann,noun,A1,Ann,Энн,A common female given name derived from the Hebrew name Hannah.,æn,22034,people-family,Ann works at the local library every morning during the week.,Enn har kuni ertalab mahalliy kutubxonada ishlaydi.,,
hid,verb,A2,yashirdi berkitdi,спрятал,Past tense of hide; to have put something or yourself where it cannot be seen.,hɪd,22036,actions,He hid the letter in a book so nobody would find it.,U xatni hech kim topib olmasligi uchun kitob ichiga yashirib qo'ydi.,concealed,revealed
gettin,verb,A1,olayotgan yetishayotgan,получающий,Informal spelling of the word meaning to receive or to become something.,ˈɡɛtɪn,22038,actions,I am gettin ready to go to the party with my friends.,Men doʻstlarim bilan bazmga borishga tayyorgarlik koʻryapman.,receiving becoming,
talkin,verb,A1,gaplashayotgan soʻzlashayotgan,разговаривающий,Informal spelling of the word meaning to say words to express thoughts.,ˈtɔːkɪn,22040,actions,They are talkin about the new movie that came out last week.,Ular oʻtgan hafta chiqqan yangi kino haqida gaplashyapti.,speaking discussing,
keith,noun,B2,Kit,Кит,A common male given name of Scottish origin.,kiːθ,22042,people-family,I met a man named Keith at the conference last week.,O'tgan hafta konferensiyada Kit ismli odam bilan tanishdim.,,
malcolm,noun,B2,Malkolm,Малкольм,A masculine given name of Scottish Gaelic origin.,ˈmælkəm,22044,people-family,My friend Malcolm is planning to visit London next month.,Do'stim Malkolm keyingi oy Londonga borishni rejalashtirmoqda.,,
ethan,noun,B2,Itan,Итан,A male given name meaning strong or firm.,ˈiːθən,22046,people-family,Ethan decided to start his own business after graduating university.,"Itan universitetni bitirgach, o'z biznesini boshlashga qaror qildi.",,
elena,noun,B2,Yelena,Елена,A feminine given name popular in many European countries.,əˈlɛnə,22048,people-family,Elena is very talented at playing the piano and violin.,Yelena pianino va skripkada chiroyli chaladi.,,
maya,noun,C2,illuziya xayol,майя,The concept that the world we see is an illusion rather than reality.,ˈmaɪə,22050,ielts,The philosopher argued that human perception is merely a form of maya.,Faylasuf inson idroki shunchaki bir illyuziyadan iborat deb ta'kidladi.,illusion appearance,reality
jin,noun,C2,jin,джинн,A supernatural spirit in mythology that can influence human lives.,dʒɪn,22052,ielts,"According to local folklore, a jin lives in the old cave.","Mahalliy afsonalarga ko'ra, eski g'orda bir jin yashaydi.",genie spirit,
carrie,verb,B2,tashimoq olib yurmoq,нести,To hold something while moving from one place to another.,ˈkæri,22054,actions,It is difficult to carry all these heavy bags by yourself.,Bu og'ir xaltalarning hammasini o'zing ko'tarib yurishing qiyin.,transport bear,
lookin,verb,B1,qidirmoq kuzatmoq,смотреть,To direct your eyes in order to see something.,ˈlʊkɪn,22056,actions,They are lookin for a new place to live this year.,Ular bu yil yashash uchun yangi joy qidirishmoqda.,searching seeking,
zoe,noun,C2,hayot jon,жизнь,The basic principle of living existence or universal life in all forms.,ˈzoʊi,22058,ielts,The ancient philosophers debated the fundamental nature of zoe in all creatures.,Qadimgi faylasuflar barcha mavjudotlardagi birlamchi hayot mohiyati haqida bahslashgan.,life existence,death
bitches,verb,B2,nolish shikoyat qilish,жаловаться,To complain about something in an annoying or unreasonable way.,ˈbɪt͡ʃɪz,22060,actions,He always bitches about his low salary instead of working harder.,U ko‘proq ishlash o‘rniga hamisha maoshi kamligidan noliydi.,complain grumble,praise
han,noun,C2,alam g`am,хань,"A deep feeling of sorrow or resentment caused by injustice, central to Korean identity.",hæn,22062,ielts,The artist expressed her deep han through her very moving traditional music.,Sanatkor o'zining ta'sirli musiqasi orqali ichki dardini ifoda etdi.,resentment sadness,joy
willie,noun,C1,erkaklar jinsiy a'zosi,мужской половой орган,A child's or informal word for a man's penis.,ˈwɪli,22064,body-health,The child accidentally used the word willie while playing in the park.,Bola o'yinchog'i bilan o'ynab o'tirib tasodifan shu so'zni ishlatib qo'ydi.,penis organ,
gloria,noun,C2,olqish madhiya,славословие,"A prayer or song that praises God, often used in religious ceremonies.",ˈɡlɔːriə,22066,ielts,The church choir sang a beautiful gloria during the special morning service.,Cherkov xori ertalabki maxsus xizmat paytida go'zal madhiya kuyladi.,hymn praise,
uhh,interjection,A1,hmm e,ээ,A sound made when you are thinking about what to say next.,[əː],22068,basics,"Uhh, I am not really sure what time the party starts.","Hmm, ziyofat soat nechada boshlanishini aniq bilmayapman.",uh um,
kang,noun,C2,kanguroo,кенгуру,An informal way to refer to an Australian animal that jumps using its strong back legs.,kæŋ,22070,animals,We saw a big kang hopping across the road in the outback today.,Bugun cho'lda katta kanguruning yo'ldan sakrab o'tganini ko'rdik.,kangaroo,
honking,verb,B1,signal berish,сигналить,To press the horn on a vehicle to make a loud sound.,ˈhɒŋkɪŋ,22072,actions,The taxi driver kept honking his horn at the slow car.,Taksi haydovchisi sekin yurayotgan mashinaga tinmay signal berdi.,beeping sounding,
rex,noun,C2,qirol podsho,король,"A word used to refer to a king, especially in the context of ancient Rome.",ˈɹɛks,22074,ielts,The historical title rex was used for the rulers of ancient Rome.,Tarixiy rex unvoni qadimgi Rim hukmdorlari uchun ishlatilgan.,monarch sovereign,subject
leon,noun,B2,sher,лев,A large powerful cat that lives in Africa and has a loud roar.,liːɒn,22076,animals,The lion is known as the king of all the jungle animals.,Sher o‘rmon hayvonlarining shohi hisoblanadi.,big cat,
walt,verb,C1,sayr qilmoq kezmoq,расхаживать,To move or walk somewhere in a confident or relaxed way.,wɔːlt,22078,actions,He managed to waltz through the difficult exam without any preparation at all.,U tayyorgarliksiz ham qiyin imtihondan osongina o‘tib ketdi.,stroll wander,
nora,noun,C2,in kovak,нора,A hole in the ground where a small animal lives for protection.,ˈnɔːrə,22080,animals,The rabbit quickly ran into its nora when the dog came near.,It yaqinlashganda quyon tezda kovagiga yugurib kirdi.,burrow den,
jules,noun,C2,javohirlar qimmatbaho toshlar,драгоценности,"Small, hard, decorative objects worn on jewelry or clothing.",dʒuːlz,22082,clothes,The ancient crown was decorated with many beautiful and sparkling jules.,Qadimiy toj ko‘plab chiroyli va yaltiroq javohirlar bilan bezatilgan edi.,gems stones,
hercules,noun,C1,bahodir polvon,герой,A person who is extremely strong and powerful in physical build.,ˈhɜːrkjʊliːz,22084,people-family,"The young man was a real hercules, lifting the heavy logs easily.","Bu yigit chinakam bahodir edi, og‘ir xodalarni qiynalmasdan ko‘tarib tashladi.",strongman giant,weakling
andrea,noun,C2,odamzod inson,человек,"A person, especially someone who is kind or shows human characteristics.",ænˈdreɪə,22086,people-family,Every andrea deserves to be treated with respect and basic human kindness.,Har bir inson hurmat va mehr-oqibatga loyiqdir.,human person,
trevor,noun,C2,sayohatchi yo‘lovchi,путешественник,Someone who travels long distances to explore new or distant places.,ˈtrevər,22088,travel,The trevor spent many years mapping out the unknown mountain paths.,Bu sayohatchi yillar davomida noma'lum tog‘ yo‘llarini xaritaga tushirdi.,traveler explorer,
freddy,noun,C2,tinchliksevar do‘st,мирный друг,A friendly companion or someone who helps others in a calm way.,ˈfredi,22090,people-family,He has been a true freddy to me through all my life.,U butun hayotim davomida menga chinakam sodiq do‘st bo‘lib keldi.,friend buddy,enemy
vanessa,noun,C2,vanessa kapalagi,бабочка-адмирал,A type of colourful butterfly that is often found in gardens and open fields.,vəˈnɛsə,22092,nature,The bright orange vanessa butterfly rested on the purple flower in sunlight.,Yorqin to'q sariq vanessa kapalagi quyosh nurida binafsha gul ustiga qo'ndi.,butterfly admiral,
dug,verb,A2,qazdi kovladi,копал,The past form of digging something out of the ground.,dʌɡ,22094,actions,They dug a deep hole in the garden to plant the tree.,Daraxt o‘tqazish uchun bog‘da chuqur kovlashdi.,excavated,
pam,noun,C2,yog' sepkich,кулинарный спрей,A brand of oil spray used to prevent food from sticking to cooking pans.,pæm,22096,home,Spray the pan with pam before you pour in the pancake batter.,Blinchiq xamirini quyishdan oldin tovaga ozgina yog' sepib oling.,oil-spray,
ned,noun,C2,bezori tarbiyasiz,хулиган,A young person who behaves in a violent or antisocial way and dresses in casual sportswear.,nɛd,22098,people-family,The behaviour of drunken neds brings misery to many honest local people.,Mast bezorilarning xulq-atvori ko'plab halol mahalliy aholiga tashvish olib keladi.,hoodlum thug,gentleman
mick,adjective,C2,oson yengil,легкий,Something that is very simple or easy to accomplish or understand.,mɪk,22100,describing,"That history exam was so mick, everyone passed without any extra study.","Tarix imtihoni juda oson edi, hamma hech qanday tayyorgarliksiz o'tdi.",easy simple,difficult
veronica,noun,C2,buqa kurashidagi harakat,вероника,A graceful circular move of the cape used by a bullfighter to avoid the bull.,vəˈɹɒnɪkə,22102,actions,The matador performed a perfect veronica to move the bull past him.,Matador buqani chalg‘itish uchun mukammal harakatni amalga oshirdi.,,
dong,noun,B2,dong,донг,The official unit of money used in the country of Vietnam.,dɒŋ,22104,travel,I exchanged my dollars for Vietnamese dong at the local bank today.,Bugun mahalliy bankda dollarimni Vetnam dongiga almashtirib oldim.,,
cory,noun,C2,koridoras akvarium balig'i,коридорас,A small freshwater catfish often kept in home aquariums for cleaning the tank.,ˈkɔːri,22106,animals,I bought three new cory fish to help keep my aquarium clean.,Akvariumim toza bo'lishi uchun uchta yangi koridoras balig'i sotib oldim.,catfish,
kara,noun,C2,kara bilaguzuk,кара,A steel bracelet worn by Sikhs as a sign of their faith and commitment.,ˈkɑːrə,22108,clothes,The young Sikh man wears a steel kara on his right wrist.,Yosh sikx yigiti o'ng bilagida po'latdan yasalgan kara taqib yuradi.,bangle,
umm,interjection,A1,hm,хм,A sound made when you are thinking or not sure what to say next.,ʌm,22110,basics,"I think the answer is, umm, probably around five o'clock today.","Javob, hm, chamasi soat beshlarda bo'lsa kerak.",,
matty,adjective,B1,chigallashgan,спутанный,Having hair or fur that is twisted together into a thick messy knot.,ˈmæti,22112,describing,The street cat had matty fur because it lived outside for years.,Ko'chada ko'p yil yashagani uchun mushukning yuni chigallashib ketgan edi.,matted tangled,smooth
doris,noun,C2,dengiz shilliq qurti,морской слизень,A soft-bodied sea animal that lives on the ocean floor and has no shell.,ˈdɔːrɪs,22114,animals,We spotted a colorful doris while we were diving in the deep sea.,Chuqur dengizda suv ostiga sho‘ng‘iganimizda rang-barang dengiz shilliq qurtini ko‘rib qoldik.,nudibranch,
regina,noun,C1,qirolicha,королева,A formal or literary term used to refer to a female monarch or queen.,rɪˈdʒaɪnə,22116,ielts,The law was passed under the authority of the Regina in the kingdom.,Qonun qirollikdagi qirolicha vakolati ostida qabul qilingan edi.,queen monarch,
followers,noun,A2,izdoshlar muxlislar,последователи,"People who support a particular person, group, or belief.",ˈfɒləʊərz,22118,people-family,The famous singer has millions of followers on her social media account.,Mashhur xonandaning ijtimoiy tarmoqdagi sahifasida millionlab muxlislari bor.,supporters fans,opponents
jang,noun,B2,achchiq qayla sous,корейская ферментированная паста,Fermented pastes used as a seasoning base in traditional Korean cooking.,dʒæŋ,22120,food-drink,Many Korean soups get their deep flavor from a base of jang.,Ko'plab koreys sho'rvalari o'ziga xos mazasini jang qaylasidan oladi.,paste seasoning,
tammy,noun,C2,shlyapa qalpoq,берет,"A round, flat Scottish woolen cap, often with a pom-pom on top.",ˈtami,22122,clothes,He wore a colorful tammy while walking through the chilly Scottish hills.,U Shotlandiya tog'larida sayr qilayotganda boshiga rang-barang qalpoq kiyib olgandi.,beret cap,
xiao,noun,C2,xitoy nayi,сяо,A traditional Chinese vertical end-blown flute made of bamboo.,ʃjaʊ,22124,ielts,The musician played a haunting melody on his traditional bamboo xiao.,Musiqachi an'anaviy bambuk nayida g'amgin ohang chaldi.,flute,
egyptian,adjective,A2,misrlik misr,египетский,"Relating to Egypt, its people, or its ancient culture.",ɪˈdʒɪpʃn,22126,places,We visited many interesting museums to see ancient Egyptian statues.,Qadimgi Misr haykallarini ko'rish uchun ko'plab qiziqarli muzeylarga bordik.,,
oughta,verb,B2,kerak lozim,следует,A casual way of saying that it is right or necessary to do something.,ˈɔːtə,22128,ielts,There really oughta be a better way to solve this difficult problem.,Bu qiyin muammoni hal qilishning haqiqatan ham yaxshiroq yo'li bo'lishi kerak.,should,
squeaking,noun,B1,gʻiyqillash shinqillash,скрип,"A high, thin sound made by something that is rubbing against another surface.",ˈskwiːkɪŋ,22130,actions,The squeaking of the old wooden door annoyed everyone in the room.,Eski yogʻoch eshikning gʻiyqillashi xonadagi hamma odamning jahlini chiqardi.,creaking chirping,
strangled,verb,B2,bo'g'ib o'ldirgan,задушенный,To kill someone by squeezing their throat so that they cannot breathe.,ˈstræŋɡəld,22132,actions,The attacker strangled the guard before running away from the building.,Hujumchi bino ichidan qochishdan oldin qorovulni bo'g'ib o'ldirdi.,choked smothered,freed
tate,noun,C2,vertikal rejim,вертикальный режим,A setting in video games where the screen is oriented vertically instead of horizontally.,tɔːteɪ,22134,work,Many classic arcade shoot-em-up games are best played in tate mode.,Ko'plab klassik arkada o'yinlarini vertikal rejimda o'ynash ancha qulayroq.,,
fag,noun,B2,sigaret tamaki,сигарета,A colloquial British term used to refer to a cigarette.,ˈfæɡ,22136,body-health,He stepped outside the pub for a quick fag before heading home.,U uyga ketishdan oldin sigaret chekib olish uchun bardan tashqariga chiqdi.,cigarette smoke,
deb,noun,C2,debyutantka,дебютантка,A young woman making her first official appearance in high-class society.,deb,22138,people-family,The young deb attended the formal ball in a beautiful white dress.,Yosh debyutantka qiz tantanali bazmga oppoq ko'ylakda tashrif buyurdi.,debutante,
magnum,noun,C1,yarim litrlik shisha katta kalibr,магнум,A large bottle for wine or spirits that holds one and a half liters.,ˈmæɡnəm,22140,food-drink,They ordered a magnum of champagne to celebrate the successful business deal.,Ular muvaffaqiyatli bitimni nishonlash uchun bir yarim litrlik shampan vinosiga buyurtma berishdi.,,
whooping,noun,B2,savash kaltaklash,порка,The act of physically punishing someone by hitting them several times.,ˈwuːpɪŋ,22142,actions,The boy was afraid of a whooping after breaking the neighbor's window.,"Bola qo'shninikining oynasini sindirib qo'ygach, kaltak yeyishdan qo'rqdi.",thrashing beating,
backpack,noun,A2,ryukzak xalta,рюкзак,A bag with two straps that you carry on your back.,ˈbæk.pæk,22144,travel,I put all my school books inside my heavy blue backpack today.,Bugun barcha darsliklarimni og'ir ko'k ryukzagimga solib oldim.,knapsack rucksack,
aisle,noun,B1,yo'lak qator oralig'i,проход,A long narrow space between rows of seats or shelves in a store.,aɪ̯l,22146,places,You can find fresh milk in the dairy aisle at the supermarket.,Siz yangi sut mahsulotlarini supermarketdagi sut mahsulotlari qatoridan topishingiz mumkin.,passage corridor,
preacher,noun,B2,voiz notiq,проповедник,A person who gives religious talks to a group of people.,ˈpɹiːt͡ʃəː,22148,ielts,The preacher spoke about the importance of kindness to everyone in church.,Voiz cherkovdagi barchaga mehr-oqibatning muhimligi haqida gapirib berdi.,clergyman minister,
lacey,adjective,B2,to'rli naqshli,кружевной,"Made of or decorated with delicate fabric having an open, web-like pattern.",ˈleɪsi,22150,clothes,She wore a lovely lacey dress to the summer garden party.,U yozgi bog' ziyofatiga chiroyli to'rli ko'ylak kiyib bordi.,lacy delicate,
beggar,noun,B2,tilanchi gadoy,попрошайка,A person who survives by asking others for money or food in public places.,ˈbɛɡɚ,22152,people-family,The kind man gave some coins to the beggar on the street.,Sahiy odam ko'chada o'tirgan tilanchiga bir necha tanga berdi.,panhandler pauper,
raven,adjective,C1,qora zangori,вороной,Used to describe hair that is shiny and very black.,ˈɹeɪvn̩,22154,describing,She brushed her long raven hair before going to the event.,U tadbirga borishdan oldin uzun qora sochlarini taradi.,ebony shiny,
activate,verb,B2,faollashtirmoq ishga tushirmoq,активировать,To make a device or system start working or become active.,ˈæktɪˌveɪt,22156,ielts,You need to activate the new software before you can use it.,Yangi dasturdan foydalanish uchun uni avval faollashtirishingiz kerak.,enable trigger,deactivate
slapped,verb,B1,shapaloq urdi tarsaki tortdi,шлепнул,Hit someone or something with the palm of your open hand.,slæpt,22158,actions,He slapped his friend on the back to congratulate him.,U do'stini tabriklash uchun yelkasiga urib qo'ydi.,hit struck,
heroic,adjective,B2,qahramonona mardona,геройский,"Showing great courage, bravery, or noble behavior in a difficult situation.",hɪˈɹəʊ.ɪk,22160,ielts,The firefighters made a heroic effort to save the building.,O't o'chiruvchilar binoni saqlab qolish uchun qahramonona harakat qilishdi.,brave courageous,cowardly
roar,verb,B2,o'kirmoq baqirmoq,рычать,"To make a loud, deep sound, as a lion or a large crowd.",ˈɹɔː,22162,animals,The crowd began to roar as the football team scored a goal.,Futbol jamoasi gol urganida tomoshabinlar baqirib yuborishdi.,bellow yell,
queer,adjective,C1,jinsiy ozchilik vakili,квир,Describing someone who is not heterosexual or cisgender.,kwɪə,22164,ielts,The organization supports queer rights and promotes inclusion in the workplace.,Tashkilot jinsiy ozchiliklar huquqlarini qo'llab-quvvatlaydi va ish joyida tenglikni targ'ib qiladi.,LGBTQ inclusive,
trump,noun,B2,kozir,козырь,A card from the suit that is stronger than all other cards in a game.,tɹʌmp,22166,actions,He played a trump card to win the final round of the game.,U o'yinning so'nggi bosqichida g'alaba qozonish uchun kozirni ishlatdi.,,
resignation,noun,C1,iste'fo ishdan bo'shash,отставка,The act of formally telling your employer that you are leaving your job.,ˌɹɛz.ɪɡˈneɪ.ʃən,22168,work,The director decided to hand in his resignation after many years of service.,Direktor ko'p yillik mehnatdan so'ng o'z xohishi bilan ishdan ketishga qaror qildi.,notice departure,
sincerely,adverb,B1,chin dildan samimiy,искренне,In a way that is honest and expresses true feelings.,sɪnˈsɪəli,22170,feelings,I sincerely hope that you have a wonderful time on your holiday.,Ta'tilingiz maroqli o'tishini chin dildan tilab qolaman.,genuinely honestly,
madman,noun,C1,jinni aqldan ozgan odam,безумец,A person who behaves in a very dangerous or mentally unstable way.,ˈmædmən,22172,describing,He drove the car like a madman through the crowded city streets.,U gavjum shahar ko'chalari bo'ylab xuddi jinni kabi mashina haydadi.,lunatic maniac,
poke,verb,B1,sanchmoq turtmoq,тыкать,To push your finger or an object quickly into someone or something.,pəʊk,22174,actions,Do not poke the animal with a stick as it might bite you.,"Hayvonni tayoq bilan turtma, u seni tishlab olishi mumkin.",prod jab,
spicy,adjective,A2,achchiq,острый,Food that has a strong burning taste because it contains hot peppers or spices.,ˈspaɪsi,22176,food-drink,This curry is too spicy for me. I cannot eat it.,Bu karrini yeyolmayman juda achchiq ekan.,hot pungent,mild
spaceship,noun,B1,kosmik kema,космический корабль,A vehicle designed for travel or operation in outer space.,ˈspeɪsʃɪp,22178,travel,The astronauts traveled to the moon in a large spaceship.,Astronavtlar oyga katta kosmik kemada uchib borishdi.,spacecraft,
steer,verb,B2,boshqarmoq rulni burmoq,управлять,To control the direction in which a vehicle or boat moves.,stɪə,22180,travel,It is very difficult to steer this car on the icy road.,Muzlagan yo'lda bu mashinani boshqarish juda qiyin.,drive guide,
tapping,noun,B1,taqillatish urish,постукивание,The act of hitting something lightly and repeatedly.,ˈtæpɪŋ,22182,actions,I heard a quiet tapping sound coming from the wooden window.,Derazadan sekin taqillagan ovoz eshitildi.,knocking,
tequila,noun,B2,tekila,текила,A strong alcoholic drink made from the agave plant.,ˌtəˈkiː.lə,22184,food-drink,They served salty snacks with the shots of cold tequila.,Ular sovuq tekila bilan tuzli gazak taklif qilishdi.,,
unemployed,adjective,B1,ishsiz,безработный,Without a paid job even though you are able to work.,ˌʌnɪmˈplɔɪd,22186,work,The government is trying to find work for the many unemployed people.,Hukumat ko'plab ishsiz odamlarga ish topishga harakat qilmoqda.,jobless,employed
puke,verb,B2,qusmoq qayt qilmoq,блевать,To empty the contents of your stomach through your mouth.,pjuːk,22188,body-health,I felt sick after eating the old fish and started to puke.,Eski baliqni yeganimdan keyin ko'nglim aynidi va qusa boshladim.,vomit throwup,
hysterical,adjective,B2,kulgili o'ta kulgili,гомерически смешной,Extremely funny and causing you to laugh uncontrollably.,hɪˈstɛɹɪkəl,22190,describing,He told a hysterical joke that made the whole class laugh loud.,"U shunday kulgili hazil aytdiki, butun sinf qah-qah urib kuldi.",hilarious funny,serious
taller,adjective,A1,balandroq,выше,Greater in height than someone or something else.,ˈtɔː.lə,22192,describing,My brother is much taller than me by at least five centimeters.,"Akam mendan ancha balandroq, kamida besh santimetrga.",higher,shorter
unite,verb,B2,birlashtirmoq birlashmoq,объединять,To join together with other people to work for a common goal.,juˈnaɪt,22194,ielts,The two countries decided to unite against the common enemy.,Ikki davlat umumiy dushmanga qarshi birlashishga qaror qildi.,join connect,separate
mumbling,verb,B1,g'o'ldirash,бормотание,Speaking in a quiet way that is hard to understand.,ˈmʌmblɪŋ,22196,actions,Stop mumbling and speak clearly so that everyone can hear you.,G'o'ldirashni bas qil va hamma eshitishi uchun aniq gapir.,muttering,
mule,noun,B2,xachir,мул,An animal that is the offspring of a male donkey and a female horse.,mjuːl,22198,animals,The farmer used a strong mule to carry supplies up the mountain.,Dehqon tog' tepasiga yuk tashish uchun kuchli xachirdan foydalandi.,,
neighbourhood,noun,A2,mahalla hudud,район,An area of a town or city where people live.,ˈneɪbə.hʊd,22200,places,I live in a quiet neighbourhood with many trees and parks.,Men daraxtlari va bog'lari ko'p bo'lgan tinch mahallada yashayman.,area district,
bunker,noun,B2,bunker panohgoh,бункер,"A strong, often underground building designed to protect people from bombs or attacks.",ˈbʌŋ.kə,22202,places,The military built a bunker to protect citizens from the heavy bombings.,Harbiylar odamlarni bombalardan himoya qilish uchun yerosti panohgohi qurishdi.,shelter,
expelled,verb,B2,haydalgan chetlashtirilgan,исключенный,To force someone to leave an organization or a country officially.,ɪkˈspɛld,22204,actions,The student was expelled from school for breaking the rules repeatedly.,O'quvchi qoidalarni qayta-qayta buzgani uchun maktabdan haydalarildi.,dismissed discharged,admitted
pronounce,verb,B1,e’lon qilmoq qayd etmoq,объявлять,"To make a formal, official statement about a judgment or a person's status.",pɹəˈnaʊns,22206,ielts,The doctor arrived at the scene and pronounced the patient dead.,Shifokor voqea joyiga yetib keldi va bemorning vafot etganini rasman bildirdi.,declare announce,
ape,verb,C1,taqlid qilmoq ko'chirmakashlik qilmoq,обезьянничать,"To imitate someone's behavior, usually in a way that is poor or annoying.",eɪp,22208,actions,He likes to ape his older brother's style of walking and talking.,U akasining yurish va gapirish tarziga ko'r-ko'rona taqlid qilishni yaxshi ko'radi.,mimic imitate,
bruises,noun,B1,ko'karishlar qontalashlar,синяки,Dark marks on the skin caused by an injury or hit.,ˈbɹuːzɪz,22210,body-health,She had several small bruises on her legs after the long hike.,Uzoq piyoda yurishdan keyin uning oyoqlarida bir nechta kichik ko'karishlar qolgandi.,marks contusions,
convict,verb,B2,aybdor deb topmoq hukm qilmoq,признавать виновным,To decide officially in a court of law that someone is guilty of a crime.,kənˈvɪkt,22212,ielts,The jury took two days to convict the man of the robbery.,Hakamlar hay'ati erkakni talonchilikda aybdor deb topish uchun ikki kun sarfladi.,sentence condemn,acquit
prettier,adjective,A1,chiroyliroq go'zalroq,более красивый,More pleasant to look at than someone or something else.,ˈprɪtɪər,22214,describing,This dress is much prettier than the one I bought last week.,Bu ko'ylak o'tgan haftada sotib olganimdan ancha chiroyliroq.,lovelier nicer,uglier
annoyed,adjective,A2,jahli chiqqan norozi,раздражённый,Feeling slightly angry or impatient because of something that bothers you.,əˈnɔɪd,22216,feelings,I was annoyed because my brother kept interrupting me while I studied.,Dars qilayotganimda akam xalaqit beravergani uchun jahlim chiqdi.,irritated vexed,pleased
discreet,adjective,C1,ehtiyotkor vazmin,незаметный,Careful not to attract attention or cause embarrassment to other people.,dɪˈskɹiːt,22218,ielts,He made a discreet exit so that he would not disturb the meeting.,U majlisga xalaqit bermaslik uchun juda ehtiyotkorlik bilan chiqib ketdi.,tactful cautious,obtrusive
morphine,noun,C1,morfin,морфин,A strong drug used in medicine to stop people from feeling severe pain.,ˈmɔː.fiːn,22220,body-health,The doctor administered morphine to the patient to manage his severe pain.,Shifokor bemorning kuchli og'rig'ini qoldirish uchun unga morfin yubordi.,painkiller analgesic,
narrating,verb,B2,hikoya qilayotgan so'zlab berayotgan,рассказывающий,Speaking or writing about events in the form of a story.,nəˈreɪtɪŋ,22222,actions,The actor spent all day narrating the audiobook in the recording studio.,Aktyor kun bo'yi ovoz yozish studiyasida audio kitobni hikoya qilib berdi.,telling relating,
rookie,noun,B2,yangi yangi xodim,новичок,A person who has recently started a job or activity and lacks experience.,ˈɹʊki,22224,work,The rookie made a mistake because he did not know the rules.,Yangi xodim qoidalarni bilmagani uchun xato qilib qo'ydi.,novice beginner,veteran
karate,noun,B1,karate,каратэ,A sport from Japan where people fight using their hands and feet.,kəˈɹɑː.ti,22226,actions,He has been practicing karate for five years at the local club.,U mahalliy klubda besh yildan beri karate bilan shug'ullanadi.,,
grease,noun,B2,yog' moy,жир,"A thick, oily substance used to help machine parts move smoothly without friction.",ɡɹis,22228,home,You need to apply some grease to the gears of the bicycle.,Velosipedning tishli g'ildiraklariga biroz moy surtishing kerak.,lubricant fat,
rebellion,noun,C1,qo'zg'olon isyon,восстание,An act of fighting against the government or an authority in power.,ɹɪˈbɛl.i.ən,22230,ielts,The citizens organized a rebellion against the unfair laws of the country.,Fuqarolar mamlakatdagi adolatsiz qonunlarga qarshi qo'zg'olon ko'tarishdi.,uprising revolt,obedience
nan,noun,B2,non,лепешка,"A type of soft, flat bread often baked in a very hot oven.",næn,22232,food-drink,We ordered some delicious garlic nan to eat with our spicy curry.,Achchiq karri bilan yeyish uchun mazali sarimsoqli non buyurtma qildik.,,
underestimate,verb,B2,kamsitmoq past baholamoq,недооценивать,To think that someone or something is less important or difficult than they really are.,ʌndɚˈɛs.tɪ.meɪt,22234,ielts,Do not underestimate how much effort this project will take to finish.,Bu loyihani tugatish qancha kuch talab qilishini past baholamang.,misjudge belittle,overestimate
barber,noun,A2,sartarosh,парикмахер,A person whose job is to cut men's hair and trim their beards.,ˈbɑː.bə,22236,people-family,I went to the local barber to get my hair cut short.,Sochimni qisqartirish uchun mahalliy sartaroshnikiga bordim.,hairdresser hairstylist,
stray,verb,B2,adashib ketmoq yo'ldan chiqmoq,сбиться с пути,To move away from the correct path or the group you are with.,stɹeɪ,22238,actions,Try not to stray too far from the group during the tour.,Ekskursiya vaqtida guruhdan juda uzoqlashib ketmaslikka harakat qiling.,wander deviate,
sixteen,noun,A1,o'n olti,шестнадцать,The number that is one more than fifteen.,ˈsɪks.tiːn,22240,basics,My little brother will turn sixteen years old in two months.,Kichkina ukam ikki oydan keyin o'n oltiga to'ladi.,,
slower,adjective,A2,sekinroq,медленнее,Moving or happening with less speed than before or than someone else.,ˈsləʊə,22242,describing,The traffic is much slower today because of the heavy rain outside.,Tashqaridagi kuchli yomg'ir sababli bugun tirbandlik ancha sekinroq.,,faster
sabotage,verb,C1,atashtirmoq qasddan buzmoq,саботировать,To secretly damage or destroy something to prevent it from being successful.,ˈsæ.bəˌtɑːʒ,22244,ielts,Someone tried to sabotage the project by deleting all the important files.,Kimdir muhim fayllarni o'chirib loyihani barbod qilishga urindi.,undermine wreck,support
rabbi,noun,B2,rabbin yahudiy ruhoniysi,раввин,A Jewish scholar or teacher who is the leader of a religious community.,ˈɹæ.baɪ,22246,people-family,The local rabbi led the morning service at the community synagogue.,Mahalliy rabbin sinagogada tonggi ibodatni boshqarib bordi.,teacher scholar,
squirrel,noun,A2,olmaxon,белка,A small animal with a long furry tail that lives in trees and eats nuts.,ˈskwɪ.ɹ(ə)l,22248,animals,I saw a cute squirrel running quickly up the big oak tree.,Men katta eman daraxtiga tezda chiqib ketayotgan yoqimtoy olmaxonni ko'rdim.,,
committing,verb,B2,sodir etish bajarish,совершение,"To do something illegal or harmful, or to promise to do something seriously.",kəˈmɪtɪŋ,22250,actions,He is committing a serious crime by stealing from the company vault.,U kompaniya seyfidan o'g'irlik qilib jiddiy jinoyat sodir etyapti.,perpetrating performing,
werewolf,noun,C1,bo'riodam odamxo'r,оборотень,A mythical person who turns into a wolf during a full moon.,ˈwɛːwʊlf,22252,nature,The scary movie featured a werewolf that attacked the quiet village.,Qo'rqinchli filmda tinch qishloqqa hujum qilgan bo'riodam haqida hikoya qilinadi.,lycanthrope wolfman,
slipping,verb,B1,sirpanish toyish,скольжение,To slide by accident or move somewhere without being noticed.,ˈslɪpɪŋ,22254,actions,I was slipping on the ice because the pavement was very wet.,Yo'lak juda ho'l bo'lgani uchun muz ustida sirpanib ketdim.,sliding skidding,
cavalry,noun,C1,otliq qo'shin kavaleriya,кавалерия,Soldiers who fight while riding horses or in armored vehicles.,ˈkæ.vəl.ɹi,22256,ielts,The general ordered the cavalry to charge at the enemy line.,General otliq qo'shinga dushman safiga hujum qilishni buyurdi.,horsemen troopers,
lam,verb,C2,urish kaltaklash,бить,To hit someone very hard in an informal way.,læm,22258,actions,The bully threatened to lam him if he did not pay up.,"Bezorilar agar pul to'lamasa, uni urib qo'yish bilan tahdid qilishdi.",thwack thrash,
bomber,noun,B2,bombardimonchi samolyot,бомбардировщик,A military aircraft that is used to carry and drop bombs on targets.,ˈbɒmə(ɹ),22260,places,The bomber flew over the city at a very high altitude.,Bombardimonchi samolyot shahar uzra juda baland uchdi.,,
irrelevant,adjective,B2,aloqasi yo'q ahamiyatsiz,неуместный,Not connected to the current topic and therefore not important.,ɪˈɹɛl.ə.vənt,22262,ielts,Please focus on the topic and stop mentioning irrelevant details.,Iltimos mavzuga e'tibor qarating va ahamiyatsiz detallarni gapirmang.,unrelated unimportant,relevant
savior,noun,B2,qutqaruvchi najotkor,спаситель,"A person who saves someone from danger, harm, or difficulty.",ˈseɪvjɚ,22264,people-family,He was seen as the savior of the struggling local business.,U inqirozga yuz tutgan mahalliy korxonaning qutqaruvchisi sifatida ko'rildi.,rescuer liberator,
veil,noun,C1,parda yopinchiq,вуаль,A thin piece of material worn to hide the face or an object.,veɪl,22266,clothes,The bride wore a long white veil over her face.,Kelinchak yuziga uzun oq parda tutib olgan edi.,cover screen,
tramp,noun,C1,daydi sarson,бродяга,A person who has no home or job and travels from place to place.,ˈtɹæmp,22268,people-family,The old tramp spent his cold nights sleeping under the bridge.,Keksaygan daydi sovuq tunlarini ko'prik ostida o'tkazardi.,vagabond hobo,
perfection,noun,B2,mukammallik benuqsonlik,совершенство,The state of being complete and correct with no faults at all.,pɚˈfɛk.ʃən,22270,ielts,She practiced the piano for hours every day to achieve perfection.,U mukammallikka erishish uchun har kuni soatlab pianino chaldi.,excellence flawlessness,imperfection
shutting,verb,A2,yopish yopilayotgan,закрывание,The action of closing something like a door or a window.,ˈʃʌtɪŋ,22272,actions,He heard the sound of a door shutting in the hallway.,U yo'lakda eshikning yopilayotgan ovozini eshitdi.,closing,opening
enthusiasm,noun,B2,jo'shqinlik ishtiyoq,энтузиазм,A strong feeling of excitement and interest in something you enjoy doing.,ɪnˈθuziæzəm,22274,feelings,They have a great enthusiasm for learning how to play the guitar.,Ularda gitara chalishni o'rganishga juda katta ishtiyoq bor.,eagerness passion,apathy
battalion,noun,C1,batalyon,батальон,A large group of soldiers that is part of an army regiment.,bəˈtæl.i.ən,22276,work,The battalion was ordered to move forward to the front line.,Batalyonga oldingi chiziqqa qarab siljish buyrug'i berildi.,unit force,
moustache,noun,B1,mo'ylov,усы,Hair that a man grows on his upper lip.,məˈstɑːʃ,22278,body-health,He decided to grow a thick moustache during his summer holiday.,U yozgi ta'tilda qalin mo'ylov qo'yishga qaror qildi.,,
irresponsible,adjective,B2,mas'uliyatsiz,безответственный,Not thinking about the bad effects of your actions on other people.,ˌɪɹ.ɪˈspɒn.sə.bəl,22280,describing,It is irresponsible to leave small children alone in the house.,Kichkina bolalarni uyda yolg'iz qoldirish mas'uliyatsizlikdir.,reckless careless,responsible
sweaty,adjective,B1,terlagan,потный,"Covered in or smelling of sweat, usually from exercise or hot weather.",ˈswɛti,22282,body-health,John felt much better after changing his sweaty gym clothes.,Jon terlab ketgan sport kiyimlarini almashtirgandan so'ng ancha yengil tortdi.,sweating,
noel,noun,C2,ro'jdestvo qo'shig'i,рождественский гимн,A traditional song that is sung at Christmas.,nəʊˈɛl,22284,ielts,The choir sang a beautiful noel to celebrate the festive season.,Xor bayram kunlarini nishonlash uchun go'zal Rojdestvo qo'shig'ini kuyladi.,carol,
distraction,noun,B2,chalg'ituvchi narsa,отвлечение,Something that stops you from paying attention to what you are doing.,dɪsˈtɹæk.ʃən,22286,school,We must remove every distraction if we want to finish this task.,"Agar bu vazifani tugatmoqchi bo'lsak, barcha chalg'ituvchi narsalarni yo'qotishimiz kerak.",interruption,
parrot,noun,A2,to'ti,попугай,A brightly colored bird that can copy human speech.,ˈpæɹət,22288,animals,My parrot can copy many sounds it hears in the house.,To'tim uyda eshitgan ko'plab tovushlarni qaytara oladi.,mimic,
steed,noun,C1,velosiped temir tulpor,велосипед,A humorous way to refer to one's bicycle or other vehicle.,stiːd,22290,travel,I jumped on my trusty steed and cycled to the park quickly.,Ishonchli temir tulporimga minib park tomon tezda yo'l oldim.,bike,
whipped,adjective,B2,ko'pirtirilgan,взбитый,Describing food that has been beaten until it is light and fluffy.,ʍɪpt,22292,food-drink,She added a generous scoop of whipped cream to her hot chocolate.,U issiq shokoladiga bir qoshiq ko'pirtirilgan qaymoq solib qo'ydi.,,
piggy,noun,A1,cho'chqacha,поросенок,A child's word for a young pig.,ˈpɪɡi,22294,animals,The children were delighted to see the little piggy in the barn.,Bolalar omborxonadagi cho'chqachani ko'rib juda quvonishdi.,piglet,
pause,verb,A2,to'xtab turish tanaffus qilish,пауза,To stop what you are doing for a very short time.,pɔːz,22296,actions,Please pause the movie for a moment while I get some water.,"Iltimos, suv olib kelgunimcha kinoni ozgina to'xtatib turing.",stop wait,continue
dinosaur,noun,A2,dinozavr,динозавр,A large animal that lived millions of years ago but is now extinct.,ˈdaɪnəsɔː(ɹ),22298,nature,We visited the museum to see the giant skeleton of a dinosaur.,"Biz muzeyga borib, ulkan dinozavr skeletini tomosha qildik.",,
acquaintance,noun,B2,tanish,знакомый,"A person you know, but who is not a close friend.",əˈkweɪntəns,22300,people-family,"He is just an acquaintance from work, not a close personal friend.","U ishdan shunchaki tanishim, yaqin do'stim emas.",,friend
bedtime,noun,A1,uyqu vaqti yotish vaqti,время сна,The time when you usually go to bed to sleep.,ˈbɛdtaɪm,22302,time,"It is way past your bedtime, so please turn off the lights.","Uxlash vaqtingizdan ancha o'tib ketdi, shuning uchun chiroqni o'chiring.",,
rooster,noun,A2,xo'roz,петух,A male chicken known for crowing in the morning.,ˈɹuːstə,22304,animals,The loud cry of the rooster woke everyone up at dawn.,Xo'rozning qichqirig'i tongda barchani uyg'otib yubordi.,cock,
banker,noun,B2,bankir bank xodimi,банкир,A person who owns or helps to manage a bank.,ˈbæŋkəː,22306,work,The senior banker approved the large loan for our new business venture.,Katta bankir yangi biznesimiz uchun katta miqdorda kredit ajratdi.,financier,
assassination,noun,C1,suiqasd qotillik,убийство,The act of murdering an important person for political or religious reasons.,əˌsæs.ɪˈneɪ.ʃən,22308,ielts,The political assassination caused widespread panic throughout the entire country.,Siyosiy suiqasd butun mamlakat bo'ylab keng tarqalgan vahimaga sabab bo'ldi.,murder killing,
cupboard,noun,A2,javon shkaf,шкаф,"A piece of furniture with shelves used for storing food, dishes, or household items.",ˈkʌb.əd,22310,home,Please put the clean plates back into the kitchen cupboard after washing.,"Iltimos, toza likopchalarni yuvib bo'lgach, oshxona javoniga joylab qo'ying.",cabinet closet,
sanctuary,noun,C1,panoh qo'riqxona,заповедник,A safe place where people or animals are protected from danger.,ˈsæŋktjʊəɹi,22312,nature,The mountain forest serves as a quiet sanctuary for many endangered species.,Tog' o'rmoni ko'plab yo'qolib borayotgan turlar uchun osoyishta panoh vazifasini o'taydi.,refuge haven,
purely,adverb,B2,faqatgina asosan,исключительно,Only for one reason or in one way; completely and only.,ˈpjʊəli,22314,ielts,It was purely by chance that we met at the airport today.,Bugun aeroportda uchrashib qolishimiz shunchaki tasodif edi.,simply entirely,
temptation,noun,B2,vasvasa nafs,искушение,"A strong desire to do something, especially something you know you should not.",ˌtɛmpˈteɪʃən,22316,feelings,She managed to resist the temptation to eat the entire chocolate cake.,U butun shokoladli tortni yeb qo'yish vasvasasiga qarshi tura oldi.,attraction urge,
vibe,noun,B1,muhit kayfiyat,атмосфера,The mood or atmosphere of a place or the feeling someone gives off.,vaɪb,22318,feelings,I got a bad vibe from the meeting and decided to leave.,Majlisdan yomon kayfiyat oldim va chiqib ketishga qaror qildim.,feeling aura,
gong,noun,C1,gong,гонг,A large round metal plate that makes a deep sound when hit with a hammer.,ɡɒŋ,22320,actions,The referee struck the gong to signal the end of the round.,Hakam raund tugaganini bildirish uchun gongni chaldi.,,
scrap,verb,B2,bekor qilmoq voz kechmoq,отменять,"To decide not to use a plan, system, or object anymore.",ˈskɹæp,22322,work,The council decided to scrap the plans for the new shopping mall.,Kengash yangi savdo markazi rejalaridan voz kechishga qaror qildi.,cancel abort,
careless,adjective,B1,e'tiborsiz beparvo,невнимательный,"Not giving enough attention to what you are doing, leading to mistakes.",ˈkɛəlɪs,22324,describing,A careless mistake in the calculation cost him his entire bonus.,Hisob-kitobdagi e'tiborsiz xato uning butun mukofot pulidan mahrum qildi.,reckless negligent,careful
dove,noun,B2,kabutar,голубь,A small white bird often used as a symbol of peace.,dʌv,22326,animals,The artist painted a white dove flying over the blue city sky.,Rassom osmon bo‘ylab uchib ketayotgan oppoq kabutarni chizdi.,pigeon,hawk
sloppy,adjective,B2,betartib beparvo,неряшливый,Done in a careless way that is not neat or accurate.,ˈslɒp.i,22328,describing,The student received a poor grade because of his sloppy handwriting.,O‘quvchi yozuvi betartib bo‘lgani uchun past baho oldi.,messy untidy,neat
hideous,adjective,C1,juda xunuk badbashara,отвратительный,Extremely ugly or unpleasant to look at.,ˈhɪd.i.əs,22330,describing,She refused to wear the hideous dress at her sister's wedding.,U singlisining to‘yida o‘sha juda xunuk ko‘ylakni kiyishdan bosh tortdi.,ugly dreadful,beautiful
lizard,noun,B1,kaltakesak,ящерица,A small reptile with four legs and a long tail.,ˈlɪz.əːd,22332,animals,A small green lizard ran across the hot garden wall.,Kichkina yashil kaltakesak bog‘dagi issiq devor ustidan yugurib o‘tdi.,,
intern,noun,B2,amaliyotchi stajyor,стажёр,A student or trainee who works to gain experience in a profession.,ɪnˈtɝn,22334,work,The new intern is helping the marketing team with their daily tasks.,Yangi amaliyotchi marketing jamoasiga kundalik ishlarida yordam bermoqda.,trainee apprentice,
psych,noun,C1,psixologiya,психология,The study of the mind and how it influences human behavior.,saɪk,22336,ielts,He decided to study psych because he wants to understand human nature.,U inson tabiatini tushunishni istagani uchun psixologiyani o‘rganishga qaror qildi.,psychology,
peasant,noun,C1,dehqon qishloqi,крестьянин,A person who lives in the country and works on a farm.,ˈpɛzənt,22338,people-family,The peasant worked in the fields from sunrise until late at night.,Dehqon quyosh chiqqandan kechgacha dalada ishladi.,farmer,
squeal,verb,B2,qichqirmoq qiyqirmoq,визжать,"To make a long, high-pitched sound or cry.",skwiːl,22340,actions,The children began to squeal with joy when they saw the puppies.,Bolalar kuchukchalarni ko‘rib quvonchdan qiyqira boshlashdi.,scream shriek,
comb,verb,A2,tarash taroq bilan taramoq,расчесывать,To tidy or arrange your hair using a special toothed object.,kəʊm,22342,body-health,You should comb your hair properly before you go to work.,Ishga borishdan oldin sochingizni yaxshilab tarab olishingiz kerak.,groom brush,
bash,verb,B2,qattiq urmoq zarb bilan urmoq,колотить,To hit something or someone very hard with a heavy object.,bæʃ,22344,actions,"If the engine will not start, try to bash it gently.",Agar dvigatel o‘tmasa uni sekinroq urib ko‘ring.,strike hit,
platoon,noun,B2,vzvod bo‘linma,взвод,A small group of soldiers who are part of a larger army unit.,pləˈtuːn,22346,ielts,The platoon was sent to the front line early this morning.,Vzvod bugun erta tongda oldingi saflarga yuborildi.,unit detachment,
junkie,noun,C1,ishqiboz muxlis,любитель,A person who is extremely enthusiastic about a specific activity or interest.,ˈd͡ʒʌŋki,22348,ielts,My brother is a travel junkie who visits new countries every month.,Akam har oy yangi davlatlarga boradigan sayohat ishqibozi.,aficionado enthusiast,
summoned,verb,C1,chaqirilgan taklif etilgan,вызванный,To officially order someone to come to a particular place.,ˈsʌmənd,22350,ielts,The manager summoned the team for an urgent meeting this afternoon.,Menejer bugun tushdan keyin jamoani zudlik bilan yig‘ilishga chaqirdi.,called sent,dismissed
righteous,adjective,C1,haqqoniy solih,праведный,Acting in a way that is morally right and follows good principles.,ˈɹaɪt͡ʃəs,22352,ielts,Human beings should take a righteous path to promote kindness and beauty.,Insonlar ezgulik va go‘zallikni targ‘ib qilish uchun to‘g‘ri yo‘ldan borishlari kerak.,virtuous moral,immoral
armies,noun,B1,qo‘shinlar armiyalar,армии,Large organized groups of soldiers trained to fight in a war.,ˈɑɹ.miz,22354,ielts,The two opposing armies met on the battlefield early in the morning.,Ikki qarama-qarshi qo‘shin erta tongda jang maydonida uchrashdi.,forces troops,
thirst,noun,B1,chanqoqlik tashnalik,жажда,A strong feeling of needing to drink water or a deep desire for something.,θɜːst,22356,body-health,We developed a great thirst while hiking through the dry desert mountains.,Quruq cho‘l tog‘larida yurganimizda juda qattiq chanqab qoldik.,craving longing,
rendezvous,noun,C1,uchrashuv uchrashuv joyi,свидание,A pre-arranged meeting or a place where people have agreed to meet.,ˈɹɒndɪˌvuː,22358,ielts,I have a secret rendezvous with a business partner at noon today.,Bugun tushda biznes sherigim bilan maxfiy uchrashuvim bor.,meeting,
caller,noun,B1,qo'ng'iroq qiluvchi mehmon,звонящий,A person who is making a phone call or visiting someone at home.,ˈkɔː.lə,22360,actions,I did not recognize the caller so I did not answer it.,"Qo'ng'iroq qiluvchini tanimadim, shuning uchun javob bermadim.",visitor,
cunning,adjective,C1,ayyor makkor,хитрый,Using clever or dishonest ways to get what you want.,ˈkʌnɪŋ,22362,describing,The cunning fox found a way to open the chicken coop door.,Ayyor tulki tovuqxona eshigini ochishning yo'lini topdi.,sly crafty,naive
grunt,verb,B2,g'o'ldiramoq xirillamoq,ворчать,"To make a short low sound in the throat, often when tired or annoyed.",ɡɹʌnt,22364,actions,"He did not say anything, he just grunted and turned away again.","U hech narsa demadi, shunchaki g'o'ldiradi va yana yuzini o'girdi.",snort,
knot,noun,B2,tugun,узел,A tight part where a rope or string has been tied around itself.,nɒt,22366,home,It is difficult to untie this knot because the rope is wet.,"Bu tugunni yechish qiyin, chunki arqon ho'l.",tangle,
granddad,noun,A1,bobo,дедушка,The father of your mother or your father.,ˈɡrænd.dæd,22368,people-family,My granddad loves to tell us stories about his childhood in village.,Bobom bizga qishloqdagi bolaligi haqida hikoyalar aytib berishni yaxshi ko'radi.,grandfather,
massacre,noun,C1,qirg'in qatliom,резня,The violent killing of a large group of people.,ˈmæs.ə.kə(ɹ),22370,ielts,The history books describe the tragic massacre that occurred during the war.,Tarix kitoblarida urush davrida sodir bo'lgan fojiali qirg'in tasvirlangan.,slaughter,
grenade,noun,C1,granata,граната,A small bomb that you can throw by hand.,ɡɹəˈneɪd,22372,ielts,The soldier pulled the pin and threw the grenade at the wall.,Askarlar granatani dushman istehkomiga uloqtirishdi.,,
elbow,noun,B1,tirsak,локоть,The part of your arm in the middle that bends.,ˈɛlbəʊ̯,22374,body-health,He fell down and hurt his elbow while playing football.,"Futbol o‘ynayotganda yiqilib, tirsagini shikastlab oldi.",elbow joint,
thirteen,noun,A1,o‘n uch,тринадцать,The number that comes after twelve.,ˌθɜːˈtiːn,22376,basics,My little brother is thirteen years old today.,Bugun ukam o‘n uch yoshga to‘ldi.,,
flown,verb,A2,uchib ketgan,улетевший,The past participle form of the verb fly.,ˈfləʊn,22378,actions,The birds have flown south for the cold winter.,Qushlar sovuq qish uchun janubga uchib ketishdi.,,
mustard,noun,B1,xantal,горчица,A spicy yellow paste made from seeds used to flavor food.,ˈmʌstəɹd,22380,food-drink,He likes to put some mustard on his hot dog.,U hot-dogiga biroz xantal surishni yaxshi ko‘radi.,,
freakin,adverb,B2,juda nihoyatda,чертовски,"An informal word used to add emphasis, often expressing annoyance or surprise.",ˈfriːkɪn,22382,actions,It is a freakin cold day to be working outside right now.,Tashqarida ishlash uchun bugun juda sovuq kun.,bloody damn,
wont,adjective,C2,odat qilib olgan odatlangan,привыкший,Having the habit of doing something regularly.,wʌnt,22384,ielts,He is wont to wake up very early every single morning.,U har kuni ertalab juda barvaqt uyg'onishni odat qilgan.,accustomed prone,
weep,verb,B2,yig'lamoq ko'z yosh to'kmoq,плакать,To cry tears because of strong emotions like sadness or happiness.,wiːp,22386,feelings,She began to weep when she heard the very sad news.,U juda qayg'uli xabarni eshitganda yig'lab yubordi.,cry sob,laugh
mourning,noun,B2,motam aza,траур,The period of sadness following the death of someone you loved.,ˈmoɹnɪŋ,22388,feelings,The whole country is in mourning after the president passed away.,Prezident vafotidan so'ng butun mamlakat motam tutmoqda.,grief sorrow,
janitor,noun,B1,farrosh xizmatchi,уборщик,A person employed to keep a building clean and in good condition.,ˈd͡ʒænɪtə,22390,work,The janitor cleaned the school hallways after all the students left.,"Barcha o'quvchilar ketgach, farrosh maktab yo'laklarini tozalab chiqdi.",caretaker cleaner,
filth,noun,C1,kir ifloslik,грязь,Extremely dirty or foul matter that makes an area unpleasant to be in.,fɪlθ,22392,home,We had to remove all the filth before we could start painting.,Bo'yash ishlarini boshlashdan oldin biz hamma kir-ifloslikni tozalashimiz kerak edi.,dirt grime,cleanliness
momma,noun,A2,ona onajon,мама,A familiar or affectionate word used to call one's mother.,ˈmɒmə,22394,people-family,My momma is very kind and always cooks my favorite meals.,Onajonim juda mehribon va doim sevimli ovqatlarimni pishirib beradi.,mom mother,
jackass,noun,B2,axmoq nodon,придурок,A person who behaves in a very rude or stupid way.,ˈd͡ʒækæs,22396,describing,Don't be a jackass and listen to what your teacher says.,"Axmoqlik qilma va o'qituvching nima deyotgan bo'lsa, shuni eshit.",jerk idiot,
magistrate,noun,C1,sudya mirshab,мировой судья,A local official who works as a judge in a minor court.,ˈmæd͡ʒ.ɪˌstɹeɪt,22398,work,The magistrate listened to the evidence before making a final decision.,Sudya yakuniy qarorni qabul qilishdan oldin dalillarni eshitib chiqdi.,judge justice,
jasmine,noun,B1,yasmin,жасмин,A garden plant with very sweet-smelling white or yellow flowers.,ˈd͡ʒæzmɪn,22400,nature,The garden was filled with the sweet scent of blooming jasmine.,Bog' ochilib yotgan yasmin gullarining xushbo'y hidiga to'lib ketdi.,,
womb,noun,B2,bachadon,матка,The part of a woman's body where a baby grows before it is born.,wuːm,22402,body-health,The baby grows inside the mother's womb for nine months.,Chaqaloq to'qqiz oy davomida ona bachadonida rivojlanadi.,uterus,
injustice,noun,B2,adolatsizlik nohaqlik,несправедливость,The quality of being unfair or not respecting the rights of other people.,ɪnˈd͡ʒʌs.tɪs,22404,ielts,Silence in the face of gross injustice comes at a high price.,Adolatsizlik qarshisida jim turish qimmatga tushadi.,unfairness bias,justice
fracture,noun,C1,suyak sinishi sinish,перелом,A break or crack in a bone or hard material like rock.,ˈfɹæk.t͡ʃʰəː,22406,body-health,The doctor confirmed that there was a small fracture in his leg.,Shifokor oyog'ida kichik sinish borligini tasdiqladi.,break crack,
insanity,noun,C1,jinniylik aqldan ozish,безумие,The condition of having a serious mental illness or being very foolish.,ɪnˈsænɪti,22408,body-health,The defendant pleaded insanity in the hope of getting a shorter sentence.,Sudlanuvchi jazoni kamaytirish umidida o'zini jinnilikka soldi.,madness craziness,lucidity
blossom,verb,B2,gullash rivojlanish,расцветать,To develop in a healthy or successful way over a period of time.,ˈblɒs.əm,22410,nature,She began to blossom after she started her new job last month.,O'tgan oyda yangi ish boshlaganidan so'ng u o'zini ko'rsata boshladi.,flourish thrive,
agony,noun,C1,azob qiynoq,мучение,Extreme physical or mental suffering that is very difficult to handle.,ˈæɡ.ə.ni,22412,feelings,When the heavy stone fell on her foot she cried in agony.,Og'ir tosh oyog'iga tushganida u og'riqdan baqirib yubordi.,anguish torment,
eighteen,noun,A1,o'n sakkiz,восемнадцать,The number that is one more than seventeen.,ˈeɪ(t).tin,22414,basics,My younger brother will turn eighteen years old next summer.,Kichik ukam kelasi yozda o'n sakkiz yoshga to'ladi.,,
shack,noun,C1,kulba vayrona,хижина,"A small, simple building that is often in poor condition.",ʃæk,22416,home,They lived in a small wooden shack by the river all winter.,Ular qish bo'yi daryo bo'yidagi kichkina yog'och kulbada yashashdi.,hut shanty,
definite,adjective,B1,aniq belgilangan,определённый,Clearly defined or decided; certain and not likely to change.,ˈdɛfɪnɪt,22418,describing,We need to set a definite date for our next big meeting.,Keyingi katta yig'ilishimiz uchun aniq sana belgilab olishimiz kerak.,certain fixed,vague
scrub,verb,B2,ishqalab yuvmoq tozalamoq,тереть,To clean something by rubbing it hard with a brush or cloth.,skɹʌb,22420,actions,You need to scrub the floor to get those stains out properly.,Dog'larni yaxshilab ketkazish uchun polni ishqalab yuvishing kerak.,scour clean,
ruler,noun,A1,chizg'ich,линейка,A flat tool used for drawing straight lines or measuring lengths.,ˈɹuːlə,22422,school,Use a ruler to draw a straight line in your notebook.,Daftaringizga to'g'ri chiziq chizish uchun chizg'ichdan foydalaning.,,
bitten,verb,A2,tishlangan,укушенный,"Past participle of bite, meaning to have cut something with teeth.",ˈbɪt.ən,22424,actions,My little brother has been bitten by a stray dog outside.,Kichkina ukamni tashqarida daydi it tishlab olibdi.,,
antidote,noun,C1,zahar qaytaruvchi vosita,противоядие,A substance that stops the harmful effects of a poison.,ˈæn.tɪ.doʊt,22426,body-health,The doctor quickly gave the patient an antidote for the snake venom.,Shifokor bemorga ilon zahari uchun darhol dori berdi.,remedy,
bunk,noun,B1,yotoq karavot,койка,"A narrow bed, often one of two fixed to a wall one above another.",bʌŋk,22428,home,My son prefers sleeping on the top bunk of his bed.,O'g'lim karavotining yuqori qavatida uxlashni afzal ko'radi.,berth cot,
graveyard,noun,B2,qabriston,кладбище,"A place where dead people are buried, often next to a church.",ˈɡɹeɪvˌjɑɹd,22430,places,They walked past the old graveyard on their way to the village.,"Qishloqqa ketayotib, eski qabriston yonidan o'tib ketishdi.",cemetery,
lemonade,noun,A2,limonad gazli ichimlik,лимона́д,"A sweet drink made with lemon juice, sugar, and water.",ˌlɛmənˈeɪd,22432,food-drink,We drank cold lemonade on the porch during the hot afternoon.,Issiq kunda ayvonda o‘tirib sovuq limonad ichdik.,soda drink,
dusty,adjective,B1,chang bosgan changli,пы́льный,Covered with or full of tiny pieces of dirt or dust.,ˈdʌsti,22434,describing,He wiped the dusty shelf with an old piece of cloth.,U chang bosgan javonni eski latta bilan artib chiqdi.,dirty unclean,clean
felony,noun,C1,og‘ir jinoyat,тя́жкое преступле́ние,A very serious crime that is punishable by a long time in prison.,ˈfɛləni,22436,ielts,He was sent to prison after committing a serious felony last year.,O‘tgan yili og‘ir jinoyat sodir etgani uchun u qamoqqa tashlandi.,crime offense,misdemeanor
strangely,adverb,B1,g'alati ajib,странно,In a way that is unusual or difficult to explain.,ˈstɹeɪnd͡ʒli,22438,describing,"Though I had never been there, the house looked strangely familiar.","U yerda hech qachon bo'lmagan bo'lsam-da, uy menga g'alati tarzda tanish tuyuldi.",oddly unusually,normally
condoms,noun,B2,prezervativlar,презервативы,A thin rubber sheath worn on the penis during sex to prevent pregnancy or disease.,ˈkɒndəmz,22440,body-health,The pharmacy sold various types of condoms near the checkout counter.,Dorixonada kassaning yonida har xil turdagi prezervativlar sotilardi.,,
utter,adjective,C1,butunlay mutlaq,полный абсолютный,Used to emphasize how complete or extreme something is.,ˈʌtə,22442,ielts,The project was an utter failure because of poor planning.,Yomon rejalashtirish tufayli loyiha mutlaq muvaffaqiyatsizlikka uchradi.,complete total,
splash,verb,B1,sachratmoq chayqatmoq,брызгать,To cause a liquid to move and hit someone or something.,splæʃ,22444,actions,Be careful not to splash water all over the clean floor.,"Ehtiyot bo'l, toza polga suv sachratib yuborma.",splatter spray,
exile,noun,C1,surgun badarg'a,изгнание,"Being forced to live away from your own country, often for political reasons.",ˈɛɡˌzaɪl,22446,ielts,The poet spent many years in exile away from his homeland.,"Shoir o'z vatanidan uzoqda, surgunda ko'p yillar o'tkazdi.",banishment deportation,
aspirin,noun,A2,aspirin,аспирин,"A medicine used to reduce pain, fever, or swelling.",ˈæsp(ɪ)ɹɪn,22448,body-health,I took an aspirin to help with my terrible headache.,Qattiq bosh og'rig'im qoldirishi uchun bitta aspirin ichdim.,,
beck,noun,C2,imo-ishora,мановение,"A gesture or signal, especially one made with the hand or head.",ˈbɛk,22450,ielts,She expected her assistants to be at her beck and call.,U o'z yordamchilarini har doim chaqirig'iga tayyor turishini kutar edi.,gesture sign,
lent,verb,A2,qarzga berdi ijaraga berdi,одолжил,"Past tense and past participle of lend, meaning to give something temporarily to someone else.",lɛnt,22452,actions,He lent me his car for the weekend so I could travel.,U menga dam olish kunlari sayohat qilishim uchun mashinasini qarzga berdi.,loaned,borrowed
drone,verb,B2,gʻoʻngʻirlamoq zerikarli ohangda gapirmoq,гудеть монотонно говорить,"To make a low, continuous humming sound or to speak in a flat, boring voice.",dɹəʊn,22454,actions,The professor continued to drone on about boring history for an hour.,Professor bir soat davomida zerikarli tarix haqida bir xil ohangda gapirib berdi.,hum buzz,
tango,noun,B1,tango,танго,"A passionate partner dance that originated in Argentina, usually performed to dramatic music.",ˈtæ̞ŋɡəʊ̯,22456,actions,They learned how to dance the tango at a local studio together.,Ular mahalliy studiyada birgalikda tango raqsiga tushishni oʻrganishdi.,,
permanently,adverb,B2,doimiy ravishda abadiy,постоянно навсегда,For all future time; in a way that will not change or be replaced.,ˈpɝmənəntli,22458,ielts,The company decided to close the office and move permanently to online.,Kompaniya ofisni yopishga va butunlay onlayn ish rejimiga oʻtishga qaror qildi.,forever everlastingly,temporarily
skipped,verb,A2,oʻtkazib yubordi tashlab ketdi,пропустил,"Past tense of skip, meaning to intentionally not do or attend something.",skɪpt,22460,actions,He skipped his morning class because he felt very tired and unwell.,U oʻzini juda charchagan va betob his qilgani uchun ertalabki darsni oʻtkazib yubordi.,omitted missed,attended
strawberry,noun,A1,qulupnay,клубника,"A small, juicy, red fruit with seeds on its outside surface.",ˈstɹɔːb(ə)ɹi,22462,food-drink,Fresh strawberries taste delicious when mixed with a little bit of cream.,"Yangi uzilgan qulupnay ozgina qaymoq bilan aralashtirilsa, juda mazali boʻladi.",,
overwhelmed,adjective,B2,hissiyotlarga berilgan dovdirab qolgan,ошеломленный подавленный,Feeling that something is too much to manage or feeling very strong emotions.,ˌoʊvɚˈ(h)wɛlmd,22464,feelings,I felt overwhelmed by the amount of work I had to do today.,Bugun bajarishim kerak boʻlgan ishlar koʻpligidan oʻzimni yoʻqotib qoʻydim.,overcome swamped,
poisonous,adjective,B1,zaharli,ядовитый,Containing a substance that can cause illness or death if eaten or touched.,ˈpɔɪzənəs,22466,nature,Be careful because some mushrooms in this forest are very poisonous.,Ehtiyot bo'ling chunki bu o'rmondagi ba'zi zamburug'lar juda zaharli.,toxic venomous,nonpoisonous
ninth,adjective,A2,to'qqizinchi,девятый,Coming after the eighth item in a series or order.,naɪnθ,22468,basics,My birthday is on the ninth of May every single year.,Tug'ilgan kunim har yili may oyining to'qqizinchi sanasida nishonlanadi.,,
merlin,noun,C2,lochinkush,дербник,"A type of small, fast-flying hawk found in northern parts of the world.",ˈmɝlɪn,22470,animals,The merlin is a fierce predator despite its relatively small size.,"Lochinkush kichik bo'lishiga qaramay, juda shiddatli yirtqich qush hisoblanadi.",pigeon hawk,
revving,verb,B2,gazni bosish kuchaytirish,газовать,To make a motor run at a higher speed while the vehicle is standing still.,ˈrevɪŋ,22472,actions,He was revving the engine before starting his long drive home.,"U uzoq yo'lga chiqishdan oldin mashina dvigatelini qizdirib, gazni bosib turdi.",,
cozy,adjective,B1,shinam qulay,уютный,"Giving a feeling of comfort, warmth, and relaxation.",ˈkəʊzi,22474,home,It is such a cozy little room with a soft fireplace.,Bu kaminli juda shinam va qulay xonacha ekan.,snug comfortable,
skeleton,noun,A2,skelet suyaklar tizimi,скелет,The hard structure of bones that supports a human or animal body.,ˈskɛlɪtən,22476,body-health,The human skeleton consists of more than two hundred different bones.,Inson skeleti ikki yuzdan ortiq suyakdan tashkil topgan.,,
reconsider,verb,B2,qayta o'ylab ko'rish,передумать,To think about something again in order to possibly change your decision.,ˈɹiːkənˌsɪdə,22478,ielts,Please reconsider your decision to move to another city alone.,"Iltimos, yolg'iz boshqa shaharga ko'chib o'tish qaroringizni qayta o'ylab ko'ring.",rethink review,
creaks,verb,B2,g'ijirlash shiqirlash,скрипеть,"To make a high, sharp sound when moved under pressure.",kɹiːks,22480,describing,The old wooden floor always creaks when you walk across it.,Eski yog'och pol ustida yurganingizda doim g'ijirlaydi.,squeak,
spear,noun,B2,nayza,копьё,A long pole with a sharp pointed blade used for hunting or fighting.,spɪə̯(ɹ),22482,ielts,Ancient hunters used a sharp spear to catch fish in rivers.,Qadimiy ovchilar daryolarda baliq tutish uchun o'tkir nayzadan foydalanishgan.,lance,
overboard,adverb,C1,bortdan tashqariga haddan tashqari,за борт,Over the side of a boat or ship into the water.,ˈəʊvə(ɹ)ˌbɔː(ɹ)d,22484,travel,The sailor accidentally fell overboard during the heavy storm at sea.,Dengizdagi kuchli bo'ron paytida dengizchi tasodifan kemadan suvga yiqilib tushdi.,,
baggage,noun,B1,yuk,багаж,Bags and cases that you carry with you when you are traveling on a trip.,ˈbæɡɪd͡ʒ,22486,travel,Please put all your heavy baggage in the back of the car.,"Iltimos, hamma og'ir yuklaringizni mashinaning orqasiga joylab qo'ying.",luggage,
scumbag,noun,C1,iflos kimsa tuban odam,подонок,"A very unpleasant, dishonest, or morally bad person.",ˈskʌmˌbæɡ,22488,ielts,Don't trust that scumbag; he will try to cheat you every time.,"U iflos kimsaga ishonma, u har safar seni aldashga urinadi.",lowlife creep,
claw,noun,B2,tirnoq panja,коготь,"A sharp, curved nail on the foot of some animals like birds or cats.",klɔ,22490,animals,The cat used its sharp claw to climb up the wooden fence.,Mushuk yog'och panjaraga chiqish uchun o'tkir panjasidan foydalandi.,talon,
boxer,noun,A2,bokschi,боксёр,A person who fights in the sport of boxing.,ˈbɒksə,22492,people-family,She trains every morning because she wants to be a professional boxer.,"U har kuni ertalab shug'ullanadi, chunki professional bokschi bo'lishni xohlaydi.",fighter,
misfortune,noun,C1,omadsizlik baxtsizlik,"неудача, несчастье",An event or situation that causes someone to have bad luck.,mɪsˈfɔɹt͡ʃən,22494,feelings,She had to face a number of misfortunes throughout her life.,U hayoti davomida ko'plab baxtsizliklarga duch keldi.,mishap adversity,fortune
maestro,noun,C2,maestro ustoz,маэстро,A person who is very skilled at music or another art form.,ˈmaɪstɹoʊ,22496,ielts,The famous maestro conducted the symphony with great passion and energy.,Mashhur maestro simfoniyani katta ishtiyoq va quvvat bilan dirijyorlik qildi.,,
loosen,verb,B2,bo'shatmoq yechmoq,ослаблять,To make something less tight or less firm.,ˈluːsn̩,22498,actions,"After the big meal, he decided to loosen his belt slightly.","Katta ovqatdan so'ng, u kamarini biroz bo'shatib qo'yishga qaror qildi.",ease relax,
summon,verb,C2,chaqirmoq talab qilmoq,"вызывать, созывать",To officially order someone to come to a specific place.,ˈsʌmən,22500,ielts,The king decided to summon all his advisors for an urgent meeting.,Qirol barcha maslahatchilarini shoshilinch yig'ilishga chaqirishga qaror qildi.,,
solitary,adjective,C1,yolg'iz yakka,одиночный,"Done or living alone, without any other people or companions around.",ˈsɑlɪˌtɛɹi,22502,describing,He enjoyed taking long solitary walks through the quiet autumn forest.,U tinch kuz o'rmonida yolg'iz sayr qilishni yoqtirardi.,alone lonesome,sociable
vanish,verb,B2,g'oyib bo'lmoq yo'qolmoq,исчезать,To disappear suddenly and become impossible to see anymore.,ˈvænɪʃ,22504,actions,The magician made the rabbit vanish into thin air very quickly.,Sehrgar quyonni bir zumda g'oyib qilib yubordi.,disappear evaporate,appear
yummy,adjective,A1,mazali totli,вкусный,Tasting very good and pleasant to eat.,ˈjʌm.i,22506,food-drink,This chocolate cake tastes absolutely yummy with a glass of milk.,Bu shokoladli tort bir stakan sut bilan juda mazali.,delicious tasty,yucky
slack,adjective,B2,boshashgan tarang-bo'lmagan,расслабленный,Not tight or firm; hanging loose because it is not pulled straight.,slæk,22508,describing,The rope was too slack so he tightened it to hold the tent.,"Arqon juda bo'sh edi, shuning uchun chodirni ushlab turishi uchun uni tortdim.",loose lax,tight
snapped,verb,B1,qarsillab sinmoq shartta uzilmoq,сломался,"To have broken suddenly with a sharp, quick sound.",snæpt,22510,actions,The dry branch snapped under his feet as he walked along.,U yurib ketayotganida oyog'i ostidagi quruq shox qarsillab sindi.,broke cracked,
grandparents,noun,A1,bobo va buvi,дедушка и бабушка,The parents of your father or your mother.,ˈɡrændˌpeərənts,22512,people-family,I always spend my summer holidays at my grandparents' house in the village.,Men yozgi ta'tilimni har doim qishloqdagi buvi va bobomnikida o'tkazaman.,,
fourteen,noun,A1,o'n to'rt,четырнадцать,The number that is one more than thirteen.,ˈfɔː.tiːn,22514,basics,I have fourteen books on my shelf in my small room.,Mening javonimda o'n to'rtta kitob bor.,,
biscuits,noun,A2,pechenelar,печенье,"Small, baked, sweet cakes that are usually crisp and flat.",ˈbɪskɪts,22516,food-drink,Would you like some biscuits to go with your hot tea?,Choyingiz bilan birga pechene yeyishni xohlaysizmi?,cookies,
gorilla,noun,B2,gorilla,горилла,"A very large, powerful ape that lives in the forests of Central Africa.",ɡəˈɹɪl.ə,22518,animals,The silverback gorilla is the leader of the entire family group.,Katta yoshli erkak gorilla butun oila guruhining rahbari hisoblanadi.,,
dynasty,noun,C1,sulola xonadon,династия,A series of rulers from the same family over a long period.,ˈdɪnəsti,22520,ielts,The ancient dynasty ruled the country for over three hundred years.,Qadimiy sulola mamlakatni uch yuz yildan ortiq boshqargan.,house lineage,
countless,adjective,B2,sanoqsiz son-sanoqsiz,бесчисленный,Too many to be measured or counted.,ˈkaʊntləs,22522,describing,There are countless stars visible in the sky on a clear night.,Ochiq osmonda tunlari sanoqsiz yulduzlarni ko'rish mumkin.,innumerable,few
gardener,noun,A2,bogbon bogdor,садовод,A person whose job is to take care of a garden or grow plants.,ˈɡɑɹd.n̩.ɚ,22524,work,Our gardener spends all morning watering the flowers in the backyard.,Bogbonimiz har kuni ertalab orqa hovlidagi gullarni sug'oradi.,,
barracks,noun,B2,kazarma,казарма,A group of buildings where soldiers live.,ˈbæɹəks,22526,places,The soldiers returned to their barracks after the long training session.,"Mashg'ulot tugagach, askarlar kazarmaga qaytishdi.",,
flirt,verb,B1,nozlari oshmoq ko'z suzmoq,флиртовать,"To behave as if you are sexually attracted to someone, often in a playful way.",flɜːt,22528,actions,He likes to flirt with everyone he meets at the party.,U ziyofatda tanishgan har bir odam bilan ko'z suzib gaplashishni yoqtiradi.,tease,
carved,adjective,B2,o'ymakor,резной,"Made by cutting patterns or shapes into wood, stone, or other hard materials.",kɑɹvd,22530,describing,The museum displayed a beautiful chair made of carved wood.,Muzeyda o'ymakor yog'ochdan yasalgan chiroyli stul namoyish etildi.,engraved,
superhero,noun,A2,superqahramon,супергерой,A fictional character with special powers who fights to protect other people.,ˈs(j)upɚhɪɹoʊ,22532,people-family,Children love to dress up as their favorite superhero on holidays.,Bolalar bayramlarda o'zlarining sevimli superqahramonlari kiyimini kiyishni yaxshi ko'rishadi.,,
clapping,noun,A2,qarsak chalish,аплодисменты,The act of hitting your hands together to show that you enjoyed something.,ˈklæpɪŋ,22534,actions,Loud clapping filled the room after the singer finished the song.,"Xonanda qo'shig'ini tugatgach, zalni qarsaklar sadosi tutib ketdi.",applause,
psychiatric,adjective,C1,psixiatriya,психиатрический,Related to the study and treatment of mental illness.,ˌsaɪ.kiˈæt.ɹɪk,22536,ielts,He received psychiatric care at a specialized clinic for his condition.,U o'z kasalligi uchun maxsus klinikada psixiatriya yordamini oldi.,,
snuck,verb,B2,bilintirmay kirmoq,прокрасться,To go somewhere quietly and secretly to avoid being seen.,snʌk,22538,actions,We snuck out of the house while our parents were sleeping.,Ota-onamiz uxlab yotganida biz uydan bilintirmay chiqib ketdik.,sneaked,
raja,noun,C2,roja podsho,раджа,A king or prince in India or other parts of South Asia.,ˈɹɑː.d͡ʒə,22540,people-family,The local raja lived in a massive palace on the hill.,Mahalliy roja tepalikdagi ulkan saroyda yashardi.,monarch ruler,
lump,noun,B2,bo‘lak bo‘rtiq,кусок ком,"A small, hard, or shapeless mass of something.",lʌmp,22542,describing,There is a small lump on my arm that needs checking.,Qo‘limda tekshirtirish kerak bo‘lgan kichik bir bo‘rtiq bor.,chunk mass,
dwarf,noun,C1,pakana mitti,карлик,A person or thing that is much smaller than the normal size.,dwɔɹf,22544,people-family,The gardener planted a dwarf variety of apple tree in the yard.,Bog‘bon hovliga past bo‘yli olma daraxtini ekdi.,runt midget,giant
mam,noun,B1,ona oyijon,мама,An informal and affectionate word for a mother.,mæm,22546,people-family,I am going to visit my mam this weekend in the country.,Bu dam olish kunlari qishloqqa oyijonimni ko‘rgani boraman.,mum mom,
pint,noun,B2,yarim litr,пинта,"A unit of liquid measurement, or a glass of beer containing this amount.",paɪnt,22548,food-drink,He went to the local pub to have a pint with friends.,U do‘stlari bilan yarim litr pivo ichish uchun mahalliy barga bordi.,,
diplomatic,adjective,B2,diplomatik xushmuomala,дипломатичный,Showing skill in dealing with people without causing offense or argument.,ˌdɪpləˈmætɪk,22550,ielts,You need to be diplomatic when telling someone they made a mistake.,Biror kishiga xato qilganini aytganda juda xushmuomala bo‘lish kerak.,tactful polite,rude
gaze,verb,B2,tikilib qaramoq termulmoq,пристально смотреть,To look at something or someone steadily and for a long time.,ɡeɪz,22552,actions,They gazed at the beautiful sunset for a very long time.,Ular uzoq vaqt davomida chiroyli quyosh botishiga tikilib qolishdi.,stare glare,glance
ungrateful,adjective,B2,noshukur,неблагодарный,Not showing or expressing thanks for something that someone has done for you.,ʌnˈɡɹeɪtfəl,22554,describing,It is ungrateful to ignore the help that your friends offered.,Do'stlaringiz taklif qilgan yordamni mensimaslik noshukurlikdir.,unappreciative unthankful,grateful
relieve,verb,B2,yengillatmoq xalos etmoq,облегчать,"To make pain, worry, or a difficult situation less severe or serious.",ɹɪˈliːv,22556,body-health,This medicine will help to relieve the pain in your back.,Bu dori belingizdagi og'riqni yengillatishga yordam beradi.,ease alleviate,aggravate
grandchildren,noun,A2,nabiralar,внуки,The children of your son or daughter.,ˈɡræntʃɪldrən,22558,people-family,The grandmother loves spending time with all of her grandchildren.,Buvi barcha nabiralari bilan vaqt o'tkazishni yaxshi ko'radi.,,
felicity,noun,C2,baxt saodat,счастье,Great happiness or a state of being extremely lucky and satisfied.,fɪˈlɪsɪti,22560,ielts,She found domestic felicity in her quiet life in the countryside.,U qishloqdagi osoyishta hayotida chinakam baxtni topdi.,happiness joy,misery
surprisingly,adverb,B1,hayratlanarli darajada kutilmaganda,удивительно,In a way that is unusual or unexpected and makes you feel surprised.,səˈpɹaɪzɪŋli,22562,describing,The house was surprisingly small for such a very large family.,Bu uy bunchalik katta oila uchun hayratlanarli darajada kichik edi.,unexpectedly unusually,unsurprisingly
shrine,noun,B2,qadamjo muqaddas joy,святыня,A place that is connected with a holy person or event and is visited respectfully.,ʃɹaɪ̯n,22564,places,Thousands of people visit the holy shrine to pray every single year.,Minglab odamlar har yili ibodat qilish uchun muqaddas qadamjoga tashrif buyurishadi.,sanctuary monument,
dorm,noun,B1,talabalar yotoqxonasi,студенческое общежитие,A large building at a college where students live and sleep.,dɔːm,22566,school,I lived in a university dorm during my first year of studies.,O'qishning birinchi yilida universitet yotoqxonasida yashaganman.,dormitory residence,
shiva,noun,C2,motam davri,шива,A week of formal mourning for a relative in the Jewish tradition.,ˈʃɪvə,22568,ielts,The grieving family sat shiva for seven days after the funeral.,Dafn marosimidan so'ng oila a'zolari yetti kun davomida motam tutishdi.,,
robber,noun,A2,o'g'ri qaroqchi,грабитель,A person who steals money or property using force or threats.,ˈɹɒb.ə(ɹ),22570,actions,The bank robber ran out of the building with a bag.,Bank o'g'risi sumka bilan binodan yugurib chiqib ketdi.,thief bandit,
convent,noun,B2,rohibalar monastiri,монастырь,A building where a community of religious women live together.,ˈkɒn.vɛnt,22572,places,She decided to leave her old life and join a convent.,"U o'zining eski hayotini tark etib, monastirga kirishga qaror qildi.",abbey,
barb,noun,C1,kesatiq achchiq gap,колючка зубец,A sharp or hurtful remark intended to upset someone.,bɑː(ɹ)b,22574,ielts,She made a sharp barb about his clothes during the meeting.,U yig'ilish vaqtida uning kiyimiga nisbatan achchiq gap aytdi.,insult jibe,compliment
meth,noun,B2,metamfetamin,мет,A very dangerous and illegal drug that makes people feel high.,mɛθ,22576,body-health,The police launched a campaign against the use of meth.,Politsiya metamfetamin iste'moliga qarshi kurash kampaniyasini boshladi.,crystal methamphetamine,
poppy,noun,B2,ko'knori,мак,A wild plant with bright red flowers that has dark seeds in the center.,ˈpɒpi,22578,nature,The fields were filled with beautiful red poppy flowers in the spring.,Bahorda dalalar chiroyli qizil ko'knori gullari bilan to'lib ketdi.,,
dismiss,verb,B2,ishdan bo'shatmoq haydamoq,увольнять,To officially tell someone that they are no longer needed at their job.,dɪsˈmɪs,22580,work,The manager decided to dismiss several employees due to the budget cuts.,Menejer budjet qisqarishi sababli bir nechta xodimni ishdan bo'shatishga qaror qildi.,fire sack,hire
slavery,noun,B2,qullik,рабство,A system where people are owned by others and forced to work for them.,ˈsleɪvəɹi,22582,ielts,History shows that slavery is a violation of basic human rights.,Tarix qullik insonning asosiy huquqlarini poymol qilishini ko'rsatadi.,servitude bondage,freedom
decorated,adjective,B1,bezatilgan,украшенный,Having decorations or ornaments added to make something look more attractive.,ˈdɛkəɹeɪtɪd,22584,describing,The room was beautifully decorated with flowers and ribbons for the wedding.,To'y uchun xona gullar va lentalar bilan chiroyli bezatilgan edi.,adorned ornamented,plain
pyramid,noun,B1,piramida,пирамида,A large ancient stone building with a square base and four triangular sides.,ˈpɪ.ɹə.mɪd,22586,places,Tourists from all over the world visit the Great Pyramid in Egypt.,Dunyoning turli burchaklaridan sayyohlar Misrdagi Buyuk piramidani ziyorat qilishadi.,,
hum,verb,B2,g'o'ng'illamoq pichirlab aytmoq,напевать,"To make a continuous low sound with your lips closed, often following a melody.",ˈhʌm,22588,actions,We are humming happily along with the music in the car.,Biz mashinada musiqaga qo'shilib xursand bo'lib g'o'ng'illayapmiz.,croon,
rebuild,verb,B1,qayta qurmoq tiklamoq,перестраивать,"To build something again because it was broken, destroyed, or is very old.",ɹiːˈbɪld,22590,home,The government decided to rebuild the old bridge after the storm.,Hukumat bo'rondan keyin eski ko'prikni qayta qurishga qaror qildi.,reconstruct reassemble,
exclaiming,verb,B2,baqirib aytish qichqirib yuborish,восклицать,"To say something loudly and suddenly, often because you are surprised or excited.",ɪkˈskleɪmɪŋ,22592,ielts,She was exclaiming with joy when she heard the good news.,"U xushxabarni eshitib, quvonchdan qichqirib yubordi.",shouting crying,
trumpet,noun,B2,truba karnay,труба,A musical instrument made of metal that you play by blowing into it.,ˈtɹʌmpɪt,22594,ielts,The royal herald sounded a trumpet to announce their arrival.,Qirol jarchisi ularning kelganini e'lon qilish uchun karnay chaldi.,,
ammo,noun,B2,o'q-dori,боеприпасы,Objects like bullets or shells that are fired from weapons.,ˈæ.məʊ,22596,ielts,The soldiers had to reload their weapons because they were out of ammo.,O'q-dorilari tugagani uchun askarlar qurollarini qayta o'qlashga majbur bo'lishdi.,ammunition,
hamlet,noun,C1,qishloqcha kichik qishloq,деревушка,"A very small group of houses in the countryside, smaller than a village.",ˈhæm.lɪt,22598,places,We drove through a quiet hamlet on our way to the mountains.,Tog'lar sari yo'limizda sokin bir qishloqcha yonidan o'tib ketdik.,thorp,
comedian,noun,B1,qiziqchi komik,комик,A person whose job is to make people laugh by telling jokes.,kəˈmiː.di.ən,22600,people-family,The comedian told many funny stories that made the audience laugh loudly.,Qiziqchi tomoshabinlarni qah-qah urib kuldiradigan ko'plab qiziqarli voqealar aytib berdi.,comic,
missus,noun,B2,ayoli rafiqasi,супруга,A word used to talk about someone's wife or partner.,ˈmɪs.əz,22602,people-family,Harry had to go home early because his missus needed his help.,"Harri uyga erta ketishi kerak edi, chunki ayolining yordamiga ehtiyoji bor edi.",,
housekeeper,noun,B1,uy xizmatchisi uy bekasi,экономка,A person employed to manage the cleaning and cooking in a house.,ˈhaʊskiːpə,22604,work,The housekeeper ensures that all the rooms are clean and well prepared.,Uy xizmatchisi barcha xonalar ozoda va tartibli bo'lishini nazorat qiladi.,,
vile,adjective,C1,jirkanch yaramas,подлый,"Extremely unpleasant, bad, or morally wrong.",vaɪl,22606,describing,He was arrested for committing a vile crime against an innocent person.,U begunoh insonga nisbatan jirkanch jinoyat sodir etgani uchun hibsga olindi.,despicable base,noble
imaginary,adjective,B1,xayoliy tasavvuriy,воображаемый,Existing only in your mind and not in the real world.,ɪˈmæd͡ʒɪnəɹi,22608,describing,"As a child, I used to have an imaginary friend at home.",Bolaligimda uyda xayoliy do'stim bo'lardi.,fictional unreal,real
artillery,noun,C1,artilleriya to'p,артиллерия,Large guns used in warfare that are moved on wheels or mounted on vehicles.,ɑːˈtɪləɹi,22610,ielts,The soldiers prepared the heavy artillery for the upcoming big battle.,Askarlar yaqinlashib kelayotgan katta jang uchun og'ir artilleriyani tayyorlashdi.,cannon,
cereal,noun,A2,bovlam nonushta yormasi,хлопья,"A popular breakfast food made from processed grains, usually eaten with milk.",ˈsɪə.ɹɪ.əl,22612,food-drink,Would you like to have some cereal for your breakfast today?,Bugun nonushtaga donli mahsulotlardan yeyishni xohlaysizmi?,grains,
irony,noun,C1,kinoya istehzo,ирония,"A situation where the opposite of what is expected happens, or using humorous language.",ˈaɪə.ɹə.ni,22614,ielts,The irony of the situation was that he failed the easy test.,"Vaziyatning kinoyasi shunda ediki, u oson imtihondan yiqildi.",sarcasm,
slit,noun,B2,tirqish yoriq,щель,"A long, narrow cut or opening in something.",ˈslɪt,22616,home,The cat escaped through a small slit in the garden fence.,Mushuk bog' panjarasidagi kichik tirqishdan chiqib ketdi.,slot gap,
despise,verb,B2,yomon ko'rmoq nafratlanmoq,презирать,To dislike and have no respect for someone or something at all.,dɪˈspaɪz,22618,feelings,I honestly despise people who treat animals with cruelty and neglect.,"Rostini aytsam, hayvonlarga nisbatan shafqatsiz va loqayd munosabatda bo'ladigan odamlardan nafratlanaman.",hate scorn,admire
waltz,noun,B2,vals,вальс,A ballroom dance in which partners turn around as they move across the floor.,wɒlts,22620,actions,The couple performed a beautiful waltz during their wedding reception party.,Juftlik to'y ziyofati paytida go'zal vals ijro etdi.,,
humour,noun,B1,hazil-mutoyiba,юмор,The quality of being funny or the ability to laugh at things.,ˈhjuː.mə(ɹ),22622,feelings,She has a great sense of humour and always makes me laugh.,Uning hazil-mutoyiba tuyg'usi juda kuchli va meni doim kuldiradi.,comedy wit,
stammering,noun,B2,duduqlanish,заикание,The condition of having difficulty speaking smoothly by repeating the first sounds of words.,ˈstæmərɪŋ,22624,body-health,He spoke with a slight stammering that became worse when he was nervous.,U asabiylashganda ozgina duduqlanib gapiradigan bo'lib qolardi.,stuttering,
await,verb,B2,kutmoq intizor bo'lmoq,ожидать,To wait for a person or event to happen in a formal way.,əˈweɪt,22626,ielts,We eagerly await your response regarding the job application next week.,Ishga qabul qilish yuzasidan javobingizni intizorlik bilan kutib qolamiz.,expect wait,
gag,verb,B2,qusgi kelmoq bo'g'ilmoq,вызывать рвотный рефлекс,To feel as if you are about to vomit because of a bad smell or taste.,ˈɡæɡ,22628,body-health,The terrible smell from the trash made everyone gag instantly.,Axlatxona tomondan kelayotgan badbo'y hid barchaning ko'nglini aynitdi.,choke retch,
babysitter,noun,A2,enaga bolalar qarovchisi,няня,A person who looks after children for a short time while parents are away.,ˈbeɪ̯biˌsɪtə,22630,people-family,We hired a babysitter to look after the kids on Friday night.,Juma oqshomi bolalarga qarab turishi uchun enaga yolladik.,sitter,
bliss,noun,C1,rohat huzur,блаженство,A state of extreme happiness and complete peace.,blɪs,22632,feelings,Spending the quiet afternoon at the garden was pure bliss.,Bog'da osoyishta o'tgan tushdan keyingi vaqt haqiqiy huzur bag'ishladi.,joy happiness,misery
shameless,adjective,B2,uyatsiz yuzsiz,бесстыдный,Showing no shame or guilt even when doing something wrong.,ˈʃeɪ̯mlɪs,22634,describing,He made a shameless lie to get out of doing his work.,U ishini qilmaslik uchun uyalmay yolg'on gapirdi.,brazen impudent,modest
turf,noun,C1,chim maysa,дёрн,A layer of earth covered with grass and roots.,tɝf,22636,nature,They laid down new turf to make the backyard look green.,Hovlini yam-yashil qilish uchun yangi chim yotqizishdi.,sod lawn,
tang,noun,C2,o'tkir ta'm achchiq ta'm,резкий вкус,A strong and sharp flavor or smell.,ˈtæŋ,22638,food-drink,The lemon juice added a lovely tang to the fruit salad.,Limon suvi mevali salatga o'zgacha o'tkir ta'm qo'shdi.,bite piquancy,blandness
psychologist,noun,B2,psixolog,психолог,A person trained to study human behavior and treat mental health.,ˌsaɪˈkɑl.ə.d͡ʒɪst,22640,people-family,The psychologist helped her manage stress after her difficult exams.,Psixolog unga qiyin imtihonlardan keyin stressni yengishga yordam berdi.,therapist counselor,
wrath,noun,C2,g'azab qahr,гнев,Extreme anger or a strong feeling of wanting to punish someone.,ɹɒθ,22642,ielts,The villagers feared the gods would unleash their wrath upon the land.,Qishloqdagilar xudolar o'z g'azabini bu yurtga sochishidan qo'rqishardi.,fury ire,
sew,verb,B1,tikmoq,шить,To join pieces of cloth together using a needle and thread.,ˈsəʊ̯,22644,actions,She decided to sew a new dress for her daughter's birthday party.,U qizining tug'ilgan kuni uchun yangi ko'ylak tikishga qaror qildi.,,
peacefully,adverb,B1,tinch tinchgina,мирно,In a calm way without any violence or trouble.,ˈpiːsfəli,22646,describing,The elderly man passed away peacefully in his sleep last night.,Keksaygan erkak o'tgan kecha uyqusida tinchgina olamdan o'tdi.,calmly quietly,violently
rag,noun,B2,lavta latta,тряпка,"A piece of old, often dirty cloth used for cleaning.",ˈɹæɡ,22648,home,He used an old rag to wipe the dust off the shelf.,U tokchadagi changni artish uchun eski lattadan foydalandi.,cloth shred,
stern,adjective,C1,qattiqqo'l jiddiy,строгий,Showing a serious and severe manner that expects obedience.,stɜːn,22650,describing,The teacher gave a stern look to the students talking in class.,O'qituvchi darsda gaplashayotgan o'quvchilarga qattiqqo'l nigoh bilan qaradi.,grim severe,lenient
condolences,noun,B2,ta'ziya hamdardlik,соболезнования,A message of sympathy expressed to someone who has lost a loved one.,kənˈdoʊlənsəz,22652,feelings,I would like to offer my deepest condolences for your tragic loss.,Og'ir judoligingiz munosabati bilan chuqur hamdardligimni bildiraman.,sympathy compassion,
dearly,adverb,C1,qimmatga qimmat,дорого,To pay a very high price for a mistake or bad decision.,ˈdɪɹli,22654,ielts,He paid dearly for his mistake in the final exam last year.,O'tgan yili imtihondagi xatosi uchun u juda qimmat to'ladi.,heavily,
humiliation,noun,C1,xo'rlik sharmandalik,унижение,A feeling of deep shame or loss of pride before other people.,hjuːˌmɪliˈeɪʃən,22656,feelings,The team felt great humiliation after losing the match so badly.,"Jamoa o'yinni bunchalik yomon yutqazgach, juda qattiq xo'rlikni his qildi.",shame embarrassment,pride
disrespect,noun,B2,hurmatsizlik bepisandlik,неуважение,The state of showing no politeness or consideration for someone or something.,dɪsɹɪˈspɛkt,22658,ielts,His constant rudeness shows a complete lack of respect for others.,Uning doimiy qo'polligi boshqalarga nisbatan hurmatsizlikni bildiradi.,rudeness impoliteness,respect
shhh,interjection,A1,pishh jim,тсс,A sound made to tell someone to be quiet or stop talking.,ʃːː,22660,basics,"Shhh, the baby is finally sleeping in the next room.","Pishh, chaqaloq nihoyat yon xonada uxlayapti.",hush silence,
underworld,noun,C1,jinoyatchilar dunyosi yashirin olam,преступный мир,The part of society involved in organized crime and illegal activities.,ˈʌndəˌwɜːld,22662,ielts,The local police are trying to investigate links to the underworld.,Mahalliy politsiya jinoyatchilar dunyosi bilan bog'liq izlarni tekshirmoqda.,mafia crime-world,
curly,adjective,A2,jingalak jingalaksoch,кудрявый,"Having hair that grows in a curved, spiral shape rather than straight.",ˈkɜːli,22664,describing,She looks very beautiful with her long and natural curly hair.,U uzun va tabiiy jingalak sochlari bilan juda go'zal ko'rinadi.,wavy kinky,straight
pentagon,noun,B1,beshburchak,пятиугольник,A flat shape with five straight sides and five angles.,ˈpɛn.təˌɡɑn,22666,ielts,The students drew a perfect pentagon on the blackboard for geometry.,O'quvchilar geometriya uchun doskaga mukammal beshburchak chizishdi.,,
oppa,noun,B1,aka,оппа,A polite word used by a female to address an older man.,ˈɒpə,22668,people-family,I asked my oppa to help me with my Korean homework yesterday.,Kecha koreys tili darsimni bajarishda akamdan yordam so'radim.,,
tow,verb,B2,shatakka olmoq tortmoq,буксировать,To pull a vehicle or boat using a rope or chain.,təʊ,22670,travel,Our car broke down and we had to tow it to service.,Mashinamiz buzilib qoldi va uni servizgacha shatakka olishimizga to'g'ri keldi.,haul pull,
seduce,verb,C1,yo'ldan ozdirmoq vasvasaga solmoq,соблазнять,To persuade someone to do something wrong or to engage in a sexual relationship.,sɪˈdjuːs,22672,ielts,The luxury lifestyle was enough to seduce him into quitting his job.,Hashamatli turmush tarzi uni ishdan ketishga vasvasaga solish uchun yetarli edi.,tempt lure,
bathtub,noun,A2,vanna,ванна,"A large, long container that you fill with water to wash your body.",ˈbɑːθtʌb,22674,home,I like to relax in the bathtub after a long day's work.,Ishdan keyin vannada dam olishni yaxshi ko'raman.,tub,
goa,noun,C2,tibet jayroni,тибетский дзерен,A type of small antelope found in the high mountains of Tibet.,ˈɡəʊə,22676,nature,The rare goa can be seen grazing on the vast Tibetan Plateau.,Nodir tibet jayronini Tibet platosida o'tlab yurganini ko'rish mumkin.,antelope,
hotter,adjective,A1,issiqroq,горячее,"The comparative form of hot, meaning having a higher temperature.",ˈhɒtər,22678,describing,"Today is much hotter than yesterday, so please drink plenty of water.","Bugun kechagidan ancha issiqroq, shuning uchun ko'proq suv iching.",warmer,colder
contempt,noun,C1,mensimaslik kamsitish,презрение,A strong feeling that someone or something is not important or deserves no respect.,kənˈtɛmpt,22680,ielts,She looked at the rude man with nothing but complete and utter contempt.,U qo'pol odamga nafrat va mensimaslik bilan qaradi.,disdain scorn,respect
compartment,noun,B1,bo'lim qism,отделение,One of the separate areas that a vehicle or container is divided into.,kəmˈpɑɹtmənt,22682,travel,He opened the small compartment in his bag to find his passport.,U pasportini topish uchun sumkasidagi kichik bo'limni ochdi.,section part,
hustle,verb,B2,shoshilish g'ayrat qilish,спешить,To move or work in a quick and busy way to get something done.,ˈhʌsəl,22684,actions,We really have to hustle if we want to arrive by nine o'clock.,"Agar soat to'qqizda yetib bormoqchi bo'lsak, rostdan ham shoshilishimiz kerak.",hurry rush,
supernatural,adjective,B2,g'ayritabiiy,сверхъестественный,Something that cannot be explained by science or the known laws of nature.,ˌs(j)uː.pəˈnæ.tʃə.ɹəl,22686,ielts,Many people believe in ghosts and other kinds of supernatural events.,Ko'pchilik arvohlar va boshqa g'ayritabiiy hodisalarga ishonadi.,paranormal mystical,natural
taco,noun,B1,tako,тако,"A Mexican snack food made of a folded tortilla filled with meat, vegetables, and cheese.",ˈtɑkoʊ,22688,food-drink,We went to a local restaurant to eat some delicious beef tacos.,Mazali mol go'shtli takolarni yeyish uchun mahalliy restoranga bordik.,,
brigade,noun,B2,brigada guruh,бригада,A group of people organized to work together for a specific purpose or task.,bɹɪˈɡeɪd,22690,work,A volunteer fire brigade helped to extinguish the flames in the forest.,Ko'ngilli o't o'chiruvchilar brigadasi o'rmondagi yong'inni o'chirishga yordam berdi.,team group,
bankrupt,adjective,C1,bankrot kasod,обанкротившийся,Unable to pay what you owe because you have no money left.,ˈbæŋk.ɹəpt,22692,ielts,The business went bankrupt after losing all its major contracts this year.,"Bu yil barcha yirik shartnomalarni yo'qotgach, biznes bankrot bo'ldi.",insolvent broke,solvent
lookout,noun,B2,kuzatuvchi kuzatuv nuqtasi,наблюдатель,A person whose job is to watch for danger or someone approaching.,ˈlʊkaʊt,22694,actions,He acted as a lookout while his friends entered the restricted building.,Do'stlari taqiqlangan binoga kirayotganda u kuzatuvchi vazifasini bajardi.,watchman sentry,
slippery,adjective,A2,sirpanchiq,скользкий,"Difficult to hold or stand on because it is smooth, wet, or covered in ice.",ˈslɪpəɹi,22696,describing,"Be careful when walking outside, the road is very slippery due to ice.","Tashqarida yurganda ehtiyot bo'ling, muz tufayli yo'l juda sirpanchiq.",slimy slick,grippy
duchess,noun,C1,gersoginya,герцогиня,A woman who is married to a duke or holds the rank of a duke.,ˈdʌt͡ʃɪs,22698,people-family,The Duchess attended the charity event to support children in need of help.,Gersoginya yordamga muhtoj bolalarni qo'llab-quvvatlash uchun xayriya tadbirida qatnashdi.,,
ripping,adjective,B2,juda ajoyib juda yaxshi,потрясающий,"Extremely good, exciting, or excellent in quality.",ˈɹɪpɪŋ,22700,describing,We had a ripping time at the party with all our friends.,Do'stlarimiz bilan kechada juda ajoyib vaqt o'tkazdik.,excellent wonderful,
flock,verb,B2,to'planmoq oqib kelmoq,стекаться,To go to a particular place in large numbers.,flɒk,22702,actions,Thousands of people flocked to the beach during the hot summer weekend.,Issiq yoz kunlarida minglab odamlar plyajga oqib kelishdi.,gather crowd,
potion,noun,C1,sehrli ichimlik damlama,зелье,A liquid that is believed to have magical or medicinal powers.,ˈpəʊ.ʃən,22704,ielts,The old witch brewed a magical potion to help the lost boy.,Kampir adashib qolgan bolaga yordam berish uchun sehrli ichimlik tayyorladi.,elixir tonic,
fiance,noun,B2,kuyovnavkar kuyov,жених,A man who is engaged to be married.,fiˈɒ̃seɪ,22706,people-family,Sarah is going to introduce her fiance to her parents this evening.,Sara bugun kechqurun kuyovini ota-onasiga tanishtirmoqchi.,betrothed groom,
glimpse,noun,B2,ko'z tushishi nazari tushishi,беглый взгляд,A very brief look at someone or something.,ˈɡlɪm(p)s,22708,actions,I caught a brief glimpse of the deer before it ran away.,Kiyik qochib ketgunicha unga ko'zim tushib qoldi.,glance peek,
invincible,adjective,C1,yengilmas mag'lub etib bo'lmas,непобедимый,Too strong to be defeated or overcome by anyone or anything.,ɪnˈvɪn.sə.bəl,22710,ielts,The team felt invincible after winning ten games in a row.,"Ketma-ket o'nta o'yinda g'alaba qozongach, jamoa o'zini yengilmas his qildi.",unconquerable unbeatable,vincible
kettle,noun,A2,choynak,чайник,A metal container used for boiling water for tea or coffee.,ˈkɛ.təl,22712,home,Please put the kettle on so we can have some hot tea.,"Iltimos, choynakni qaynatib yubor, issiq choy ichamiz.",teakettle,
stroll,verb,B1,sayr qilmoq aylanmoq,прогуливаться,To walk in a slow and relaxed way.,stɹəʊl,22714,actions,We decided to stroll through the park after finishing our lunch.,"Tushlik qilib bo'lgach, bog'da sayr qilishga qaror qildik.",wander walk,
cafeteria,noun,B1,oshxona,столовая,A place in a school or workplace where you can buy and eat a meal.,ˌkafəˈtɪə̯.ɹi.ə,22716,school,We met in the school cafeteria to eat lunch together today.,Tushlik qilish uchun bugun maktab oshxonasida uchrashdik.,canteen,
sane,adjective,B2,sog'lom aqlli,здравомыслящий,Having a healthy and normal mind; able to think clearly and make sensible decisions.,seɪn,22718,describing,"After such a long and busy day, it is hard to stay sane.",Shunchalik uzun va tig'iz kundan keyin sog'lom fikrlash qiyin.,rational sensible,insane
medic,noun,B2,shifokor tibbiyot xodimi,медик,"A person who is trained to give medical care, especially in the army.",ˈmɛdɪk,22720,body-health,The army medic quickly bandaged the injured soldier on the battlefield.,Harbiy shifokor jang maydonida yarador askarga zudlik bilan bint bog'ladi.,doctor paramedic,
peek,verb,B2,mo'ralamoq ko'z tashlamoq,заглядывать,"To look at something secretly or quickly, usually for a short time.",piːk,22722,actions,Do not peek at your presents before your birthday party starts.,Tug'ilgan kuning boshlanmasidan oldin sovg'alaringga mo'ralama.,glance peep,
sewer,noun,B2,kanalizatsiya oqova suvlari quvuri,канализация,A large pipe underground that carries waste water and sewage away from buildings.,ˈs(j)uːə,22724,home,The city workers are repairing the damaged sewer under the main street.,Shahar ishchilari asosiy ko'cha ostidagi shikastlangan kanalizatsiya quvurini ta'mirlashmoqda.,drain conduit,
toad,noun,B2,baqa gursuvola,жаба,An amphibian that looks like a frog but has drier skin and shorter legs.,toʊd,22726,animals,The toad hopped slowly across the damp grass near the small pond.,Baqa kichik hovuz yaqinidagi nam o'tlar ustidan sekin sakrab o'tdi.,amphibian,
moose,noun,B2,los,лось,A large deer with big flat antlers that lives in cold northern forests.,muːs,22728,animals,We saw a moose standing at the edge of the thick woods.,Biz quyuq o'rmon chetida turgan losni ko'rdik.,,
stitch,noun,B1,chok tig',стежок,A single movement of a needle in sewing or a loop of thread.,stɪt͡ʃ,22730,home,She added one final stitch to fix the hole in her sweater.,U sviteridagi teshikni yopish uchun oxirgi bitta chok qo'ydi.,seam,
compass,noun,B1,kompas,компас,A tool with a magnetic needle that shows you which direction is north.,ˈkʌmpəs,22732,travel,The explorer used a compass to find his way through the forest.,Sayohatchi o'rmon ichida yo'lini topish uchun kompasdan foydalandi.,,
dislike,verb,A2,yomon ko'rmoq yoqtirmaslik,не любить,To not like someone or something.,dɪsˈlaɪk,22734,feelings,I dislike the taste of olives so I never eat them.,"Men zaytun ta'mini yomon ko'raman, shuning uchun uni umuman yemayman.",hate,like
rib,noun,B2,qovurg'a,ребро,One of the curved bones in the chest protecting your heart and lungs.,ɹɪb,22736,body-health,He broke a rib while playing football with his friends yesterday.,U kecha do'stlari bilan futbol o'ynayotganda qovurg'asini sindirib oldi.,,
brace,verb,B2,tayyorlanmoq moslashmoq,готовиться,To prepare yourself physically or mentally for something difficult or unpleasant.,bɹeɪs,22738,actions,You should brace yourself for some bad news about the project.,Loyiha haqidagi yomon xabarga o'zingni tayyorlab qo'yishing kerak.,prepare ready,
thrust,verb,C1,itermoq majburlamoq,навязывать,To push something or someone suddenly and with a lot of force.,θɹʌst,22740,ielts,They tried to thrust the new responsibilities upon me without asking.,"Ular so'ramasdan, yangi majburiyatlarni zimmamga yuklamoqchi bo'lishdi.",push shove,
monastery,noun,C1,monastir,монастырь,A place where monks live and work together away from the outside world.,ˈmɒnəstɹi,22742,places,The old monastery is located high up in the quiet mountains.,Qadimiy monastir baland va sokin tog'larda joylashgan.,abbey,
impatient,adjective,B1,toqatsiz sabrsiz,нетерпеливый,Feeling annoyed because you have to wait or things are taking too long.,ɪmˈpeɪʃənt,22744,feelings,He became impatient when the bus did not arrive on time.,"Avtobus vaqtida kelmagach, u toqati toq bo'lib kutishdan charchadi.",restless eager,patient
ignorance,noun,C1,bilimsizlik nodonlik,невежество,"The state of lacking knowledge, information, or education about something.",ˈɪɡ.nə.ɹəns,22746,ielts,Their ignorance of the local customs led to some awkward social situations.,Ularning mahalliy urf-odatlarni bilmasligi noqulay vaziyatlarga sabab bo'ldi.,unawareness inexperience,knowledge
civilized,adjective,B2,sivilizatsiyalashgan madaniyatli,цивилизованный,"Having a well-organized society with advanced social, moral, and cultural standards.",ˈsɪv.ɪ.laɪzd,22748,ielts,We should resolve our disagreements in a civilized and respectful manner.,Biz kelishmovchiliklarimizni madaniyatli va hurmatli yo'l bilan hal qilishimiz kerak.,polite cultured,uncivilized
artery,noun,B2,arteriya qon tomiri,артерия,A blood vessel that carries blood from the heart to other parts of the body.,ˈɑː.tə.ɹi,22750,body-health,High blood pressure can cause serious damage to your main artery.,Yuqori qon bosimi asosiy arteriyangizga jiddiy zarar yetkazishi mumkin.,vessel,
voiceover,noun,B2,ovoz berish diktorlik ovozi,закадровый голос,A recorded voice that speaks over a film or television program without being seen.,ˈvɔɪsˌəʊvə,22752,work,The documentary features a voiceover explaining the history of the ancient city.,Hujjatli filmda qadimiy shahar tarixini tushuntirib beruvchi diktor ovozi eshitiladi.,narration dubbing,
ark,noun,C1,ark qo‘rg‘on,крепость,A strong stone fortress or a building used as a place of safety.,ɑːk,22754,places,We visited the historic Ark of Bukhara during our trip to Uzbekistan.,O‘zbekistonga safarimiz davomida tarixiy Buxoro arkini ko‘rib keldik.,fortress citadel,
carpenter,noun,A2,duradgor,плотник,A person who builds or repairs structures made of wood.,ˈkɑː.pən.tə,22756,work,The carpenter used his tools to build a new wooden table for us.,Duradgor o‘z asboblari yordamida biz uchun yangi yog‘och stol yasadi.,woodworker,
upsetting,adjective,B1,tashvishli iztirobli,расстраивающий,"Making someone feel sad, worried, or uncomfortable.",ʌpˈsetɪŋ,22758,feelings,It was very upsetting to hear the bad news about my friend.,Do‘stim haqidagi yomon xabarni eshitish juda iztirobli edi.,distressing painful,comforting
bluff,verb,B2,aldash parda qilish,блефовать,To pretend you have something to gain an advantage over others.,blʌf,22760,actions,"He did not actually have a winning hand, so he decided to bluff.","Uning qo‘lida aslida yutadigan karta yo‘q edi, shuning uchun u aldab ko‘rishga qaror qildi.",deceive mislead,
unbearable,adjective,B2,chidab bo‘lmas toqat qilib bo‘lmas,невыносимый,So painful or unpleasant that it is impossible to tolerate.,ʌnˈbeərəbl,22762,describing,The heat during the summer afternoon was simply unbearable for everyone.,Yozgi tush paytidagi issiqqa hamma ham chidab bo‘lmas edi.,intolerable insufferable,bearable
narcotics,noun,C1,giyohvandlik moddalari narkotiklar,наркотики,Illegal drugs that affect the mind or body and are used for non-medical purposes.,nɑːˈkɒtɪks,22764,body-health,The government has launched a new campaign to stop the sale of narcotics.,Hukumat narkotiklar savdosiga qarshi kurashish uchun yangi kampaniya boshladi.,drugs narcotics,
juicy,adjective,B1,suli serob shiralik,сочный,"Full of juice and pleasant to eat; also, very interesting and exciting information.",ˈd͡ʒuːsi,22766,food-drink,I bit into the juicy peach and felt refreshed on a hot day.,"Issiq kunda shirin shaftolini tishlab, tetiklashib qoldim.",succulent tasty,dry
eerie,adjective,B2,daxshatli g'alati,жуткий,Strange and frightening in a way that makes you feel uneasy.,ˈɪəɹi,22768,describing,An eerie silence fell over the forest as the sun went down.,Quyosh botishi bilan o'rmonda g'alati sukunat hukm surdi.,creepy spooky,
mwah,interjection,A2,mua o'pich,чмок,"A word representing the sound of a kiss, often used in messages.",mwɑː,22770,feelings,"Thanks for your help, mwah, see you later tonight!","Yordaming uchun rahmat, mua, kechqurun ko'rishamiz!",,
slippers,noun,A1,uy tufli shippak,тапочки,"Soft, comfortable shoes that you wear only inside your house.",ˈslɪpə(ɹ)z,22772,home,Please take off your shoes and put on these comfortable slippers.,"Iltimos, oyoq kiyimingizni yechib, mana bu yumshoq shippaklarni kiying.",,
