headword,pos,cefr_level,translation_uz,translation_ru,definition_en,ipa,frequency_rank,category,example_en,example_uz,synonyms,antonyms
carolina,noun,C1,Karolina,Каролина,A geographical name used for states in the United States of America.,ˌkærəˈlaɪnə,16000,places,They moved to South Carolina to enjoy the warm coastal climate.,Ular iliq qirg'oq iqlimidan bahramand bo'lish uchun Janubiy Karolinaga ko'chib o'tishdi.,,
william,noun,B1,Uilyam,Уильям,A common male given name of Germanic origin.,ˈwɪljəm,16002,people-family,William works as an engineer at a large technology company today.,Uilyam bugungi kunda yirik texnologiya kompaniyasida muhandis bo'lib ishlaydi.,,
mary,noun,A1,Meri,Мэри,A traditional female given name of Hebrew origin.,ˈmɛɚ.i,16006,people-family,Mary is my best friend and we go to school together.,Meri mening eng yaqin do'stim va biz birga maktabga boramiz.,,
francisco,noun,B1,Fransisko,Франциско,A common male given name in Spanish and Portuguese speaking countries.,frænˈsɪskoʊ,16012,people-family,Francisco enjoys playing football in the park every single Sunday morning.,Fransisko har yakshanba tongida bog'da futbol o'ynashni yoqtiradi.,,
chris,noun,A2,Kris,Крис,A short form of male or female names like Christopher or Christine.,krɪs,16014,people-family,Chris is coming over to my house to watch a movie.,Kris kino ko'rish uchun uyimga kelyapti.,,
honda,noun,C2,arqon halqasi sirtmoq,петля лассо,A small loop at the end of a rope used to form a large lasso.,ˈhɒndə,16016,animals,The cowboy adjusted the honda to make sure his rope opened easily.,Chorvador arqonini osonroq yozilishi uchun sirtmoqni to'g'rilab oldi.,loop eyelet,
pmid,noun,C2,tibbiy identifikator,идентификатор статьи в PubMed,A unique identification number assigned to each medical article in the PubMed database.,piː em aɪ diː,16022,work,You can find the full research paper using its unique PMID number.,To'liq ilmiy maqolani uning noyob PMID raqami orqali topishingiz mumkin.,id reference,
medline,noun,C2,tibbiy ma'lumotlar bazasi,медицинская база данных,A large database of references and abstracts on life sciences and biomedical topics.,ˈmedlaɪn,16024,work,The study was published in a journal indexed within the Medline database.,Tadqiqot Medline bazasida indekslangan jurnalda chop etildi.,database repository,
alex,noun,A1,aleks ismi,Алекс,A popular given name often used as a shortened form of Alexander or Alexandra.,ˈælɪks,16030,people-family,Alex works as a software engineer at a large technology company downtown.,Aleks shahar markazidagi yirik texnologiya kompaniyasida dasturchi bo'lib ishlaydi.,,
steven,noun,C2,ovoz sado,голос,"The sound made by a person's voice, especially when it is loud or distinct.",ˈstiːvən,16032,ielts,The bird filled the morning air with a sweet and clear steven.,Qush tonggi havoni shirali va tiniq ovozi bilan to'ldirdi.,voice cry,silence
kent,noun,C2,choʻpon tayogʻi,посох пастуха,A long stick used by shepherds to help them walk or guide sheep.,kɛnt,16036,nature,The old shepherd leaned heavily on his kent as he walked home.,"Chol uyga qaytayotganda choʻpon tayogʻiga tayanib, sekin yurib bordi.",staff crook,
anna,noun,C2,eski hind tangasi,анна,A historical unit of currency that was used in India and Pakistan long ago.,ˈænə,16038,ielts,My grandfather found an old anna coin in his wooden box today.,Bobom bugun yog'och qutisidan qadimiy anna tangasini topib oldi.,coin currency,
bulgaria,noun,A2,Bolgariya,Болгария,A country located in Southeast Europe on the coast of the Black Sea.,bʌlˈɡɛəriə,16042,places,Many tourists enjoy visiting the beautiful sandy beaches of Bulgaria in summer.,Ko'plab sayyohlar yozda Bolgariyaning go'zal qumli sohillarida dam olishni xush ko'rishadi.,,
tokyo,noun,A2,Tokio,Токио,"The capital city of Japan, which is a very large and busy modern city.",ˈtəʊkiəʊ,16044,places,"Tokyo is famous for its bright lights, tall buildings, and delicious food.","Tokio o'zining yorqin chiroqlari, baland binolari va mazali taomlari bilan mashhur.",,
thai,adjective,A2,taylandlik,тайский,"Relating to the country of Thailand, its people, or its language.",taɪ,16048,travel,I really love eating spicy Thai food at the local night market.,Men mahalliy tungi bozorda achchiq tayland taomlarini yeyishni juda yaxshi ko'raman.,,
cyprus,noun,A2,kipr,кипр,An island country located in the eastern Mediterranean Sea.,ˈsaɪ.prəs,16050,places,We are planning to spend our summer vacation on the island of Cyprus.,Biz yozgi ta'tilimizni Kipr orolida o'tkazishni rejalashtiryapmiz.,,
cuba,noun,A2,kuba,куба,A large island nation located in the Caribbean Sea.,ˈkjuː.bə,16052,places,Many people travel to Cuba to enjoy the beautiful beaches and old cars.,Ko'p odamlar chiroyli sohillar va eski mashinalardan zavqlanish uchun Kubaga sayohat qilishadi.,,
kenya,noun,A2,Keniya,Кения,A country in East Africa known for its wildlife and beautiful national parks.,ˈkenjə,16054,places,Many tourists visit Kenya to see wild animals in their natural habitat.,Ko'plab sayyohlar yovvoyi tabiatni ko'rish uchun Keniyaga tashrif buyurishadi.,,
memphis,noun,B1,Memfis,Мемфис,A large city located in the state of Tennessee in the United States.,ˈmemfɪs,16056,places,They are planning to travel to Memphis for their summer vacation this year.,Ular bu yil yozgi ta'til uchun Memfisga borishni rejalashtirishmoqda.,,
harvard,noun,B2,Garvard,Гарвард,"A famous and highly respected private university located in Massachusetts, USA.",ˈhɑːrvərd,16058,school,She worked very hard to get accepted into Harvard University last year.,U o'tgan yili Garvard universitetiga kirish uchun juda qattiq ishladi.,,
ottawa,noun,B1,Ottava,Оттава,The capital city of Canada.,ˈɒtəwə,16062,places,We visited the beautiful city of Ottawa during our trip to Canada.,Kanadaga safarimiz davomida biz go'zal Ottava shahriga tashrif buyurdik.,,
alice,noun,A1,Alisa,Алиса,A common feminine first name.,ˈælɪs,16068,people-family,Alice is reading a very interesting book in the garden right now.,Alisa hozir bog'da juda qiziqarli kitob o'qiyapti.,,
dealtime,noun,B2,narxlar taqqoslash xizmati,сервис сравнения цен,An online service used to compare prices of products from different stores.,ˈdiːlˌtaɪm,16070,work,I used Dealtime to find the best price for my new laptop.,Men yangi noutbukim uchun eng yaxshi narxni topish maqsadida narxlar taqqoslash xizmatidan foydalandim.,price-comparison,
mercedes,noun,A1,mersedes,мерседес,A type of expensive luxury car produced by a German company.,mɜːˈseɪdiːz,16072,travel,He drives a black Mercedes to work every single morning.,U har kuni ertalab ishga qora mersedesda boradi.,car vehicle,
romania,noun,A1,ruminiya,румыния,A country located in Southeast Europe.,rəʊˈmeɪniə,16074,places,My friend is planning to visit Romania for her summer vacation.,Dostim yozgi tatilda Ruminiyaga bormoqchi.,,
ncaa,noun,C1,AQSH talabalar sporti assotsiatsiyasi,Национальная ассоциация студенческого спорта,An organization that regulates student athletics in universities and colleges across the United States.,ˌen siː siː ˈeɪ,16076,ielts,The NCAA tournament is a major event for college basketball players in America.,NCAA turniri Amerikadagi talaba basketbolchilar uchun juda muhim musobaqa hisoblanadi.,,
pentium,noun,B2,kompyuter protsessori markasi,Пентиум,A brand name for a series of microprocessors developed and sold by the Intel corporation.,ˈpɛntiəm,16078,work,My old laptop used to run on a fast Pentium processor for years.,Mening eski noutbugim yillar davomida tezkor Pentium protsessorida ishlagan.,processor,
murray,noun,B2,familiya,Мюррей,A common Scottish surname often used to refer to a person or place.,ˈmʌri,16080,people-family,The famous tennis player Andy Murray won many championships during his long career.,Mashhur tennischi Endi Myurrey o'zining uzoq faoliyati davomida ko'plab chempionliklarni qo'lga kiritdi.,,
durham,noun,C1,angliya shahri,Дарем,A historic city in northeast England that is well known for its university and cathedral.,ˈdʌrəm,16082,places,We visited the ancient university city of Durham during our trip to England.,Angliyaga sayohatimiz davomida qadimiy Durham universitet shaharchasiga tashrif buyurdik.,,
robinson,noun,B2,familiya,Робинсон,A common English surname derived from the name Robert.,ˈrɒbɪnsən,16084,people-family,Jackie Robinson was an influential figure in the history of American professional sports.,Jeki Robinson Amerika professional sporti tarixidagi juda ta'sirli shaxs bo'lgan.,,
jacksonville,noun,C1,florida shahri,Джексонвилл,"A large city located on the Atlantic coast of the state of Florida, USA.",ˈdʒæksənvɪl,16086,places,Jacksonville is the most populous city in the state of Florida.,Jeksonvill - Florida shtatidagi eng ko'p aholiga ega shahar.,,
hewlett,noun,C1,familiya,Хьюлетт,A surname famously associated with the co-founder of the global technology company HP.,ˈhjuːlɪt,16090,people-family,Bill Hewlett helped create one of the most successful technology companies in history.,Bill Hyulett tarixdagi eng muvaffaqiyatli texnologiya kompaniyalaridan birini yaratishga yordam bergan.,,
delhi,noun,A1,Dehli,Дели,The capital city of India.,ˈdɛli,16094,places,I am planning to visit the busy city of Delhi next year.,Men kelasi yili Dehli shahriga borishni rejalashtiryapman.,,
barcelona,noun,A1,Barselona,Барселона,A large and famous coastal city in Spain.,ˌbɑːrsəˈloʊnə,16096,places,We spent our summer holidays in beautiful Barcelona last July.,O'tgan iyul oyida biz yozgi ta'tilni go'zal Barselonada o'tkazdik.,,
moscow,noun,A1,Moskva,Москва,The capital city of Russia.,ˈmɒskoʊ,16098,places,Moscow is a very large city with a long history.,Moskva boy tarixga ega juda katta shahardir.,,
palestinian,adjective,B2,falastinlik,палестинский,Relating to the people or land of Palestine.,ˌpæləˈstɪniən,16100,ielts,The students are studying the rich history of Palestinian culture.,Talabalar falastin madaniyatining boy tarixini o'rganishmoqda.,,
louisville,noun,B2,Luisvill,Луисвилл,A large city located in the state of Kentucky in the United States.,ˈluːivɪl,16104,places,He moved to Louisville to start his career in a new city.,U o'z faoliyatini boshlash uchun Luisvill shahriga ko'chib o'tdi.,,
monica,noun,A1,Monika,Моника,A common female given name of Greek origin.,ˈmɒnɪkə,16106,people-family,My best friend Monica is visiting us for the weekend holiday.,Eng yaqin do'stim Monika dam olish kunlari biznikiga mehmonga kelyapti.,,
lynn,noun,A2,Linn,Линн,A common name for a person or a small natural lake.,lɪn,16108,people-family,I met Lynn at the conference and we talked for an hour.,Men Linn bilan konferensiyada tanishdim va biz bir soat suhbatlashdik.,,
stanley,noun,A2,Stenli,Стэнли,A common surname or first name of English origin.,ˈstænli,16110,people-family,Stanley works as a manager in a large international tech company.,Stenli katta xalqaro texnologiya kompaniyasida menejer bo'lib ishlaydi.,,
brooklyn,noun,B1,Bruklin,Бруклин,A major and well-known borough of New York City in the USA.,ˈbrʊklɪn,16112,places,Many artists live in Brooklyn because it has a creative atmosphere.,"Ko'plab san'atkorlar Bruklinda yashaydi, chunki u yerda ijodiy muhit mavjud.",,
liverpool,noun,B2,Liverpul,Ливерпуль,A city in England famous for its port and football team.,ˈlɪvəpuːl,16114,places,Liverpool is a historic city located in the northwest of England.,Liverpul Angliyaning shimoli-g'arbida joylashgan tarixiy shahardir.,,
norman,noun,C1,oddiy odam,обычный человек,A person who is considered ordinary or conventional in their lifestyle.,ˈnɔɹmən,16118,describing,He is just a norman who prefers a quiet and simple life.,U oddiy va osoyishta hayotni afzal ko'radigan odamdir.,normie,eccentric
asin,noun,C2,arksinus,арксинус,A mathematical function that finds the angle when the value of its sine is known.,ˈeɪ saɪn,16120,school,"In trigonometry, you use the asin function to calculate the missing angle size.",Trigonometriyada noma’lum burchak o‘lchamini topish uchun arksinus funksiyasidan foydalanasiz.,arcsin,
arabic,adjective,B1,arab arabiy,арабский,"Relating to the Arab people, their culture, or their language.",ˈæɹəbɪk,16122,ielts,Many people across the Middle East speak the Arabic language daily.,Yaqin Sharqdagi ko'plab odamlar har kuni arab tilida gaplashishadi.,,
luxembourg,noun,A2,lyuksemburg,люксембург,"A small country in Western Europe located between France, Germany, and Belgium.",ˈlʌksəmbɜːɡ,16124,travel,Luxembourg is one of the smallest and richest countries in Europe.,Lyuksemburg Yevropadagi eng kichik va boy davlatlardan biri hisoblanadi.,,
olympus,noun,B2,olimp,олимп,"A high mountain in Greece, known as the home of the ancient gods.",əˈlɪmpəs,16126,places,Mount Olympus is the highest mountain peak in the country of Greece.,Olimp tog'i Gretsiyadagi eng baland tog' cho'qqisi hisoblanadi.,,
atm,noun,A2,bankomat,банкомат,A machine used to take out cash or check your bank account balance.,ˌeɪtiːˈem,16128,travel,I need to find an ATM to withdraw some money for dinner.,Kechki ovqat uchun naqd pul yechib olishim kerak bo'lgan bankomat topishim kerak.,cash machine,
lang,noun,B2,til,язык,"A short form used for the word language, often found in technical or computer contexts.",ˈlæŋ,16130,school,Please specify the programming lang you want to use for this project.,Iltimos ushbu loyiha uchun qaysi dasturlash tilidan foydalanmoqchi ekanligingizni ayting.,language,
solaris,noun,C2,operatsion tizim,операционная система,A computer operating system originally developed by Sun Microsystems for servers and workstations.,səˈlɑːrɪs,16132,work,The company migrated its database servers to the Solaris operating system recently.,Kompaniya yaqinda o'z ma'lumotlar bazasi serverlarini Solaris tizimiga o'tkazdi.,unix,
yamaha,noun,A2,musiqa asbobi brendi,бренд музыкальных инструментов,"A company that manufactures musical instruments, motorcycles, and other electronic equipment.",jəˈmɑːhə,16136,work,She practices her music lessons every day on a new Yamaha piano.,U har kuni yangi Yamaha pianinosida musiqa darslarini mashq qiladi.,,
rochester,noun,B2,shahar nomi,название города,"A name of a city in the United States, often associated with industrial innovation.",ˈrɒtʃɪstər,16138,places,He moved to Rochester to study at the university located there.,U u yerdagi universitetda o'qish uchun Rochesterga ko'chib o'tdi.,,
solomon,noun,B1,ism,имя,"A common male given name, historically known for a wise ancient biblical king.",ˈsɒləmən,16140,people-family,My grandfather Solomon was a very respected man in our small village.,Bobom Sulaymon bizning kichik qishlog'imizda juda hurmatli inson edi.,,
scsi,noun,C2,interfeys tizimi,интерфейс передачи данных,A set of standards for physically connecting and transferring data between computers and devices.,ˈskʌzi,16142,work,The old hard drive was connected to the computer using a SCSI interface.,Eski qattiq disk kompyuterga SCSI interfeysi yordamida ulangan edi.,interface,
travesti,noun,C2,transgender,травести,A person whose gender identity differs from the sex they were assigned at birth.,ˈtravɛsti,16148,ielts,The artist identifies as a travesti and advocates for more inclusive community rights.,San'atkor o'zini travesti deb biladi va jamoatchilik huquqlarini himoya qiladi.,transgender transwoman,cisgender
theories,noun,B2,nazariyalar fikrlar,теории,Ideas or sets of principles used to explain why something happens or how it works.,ˈθɪəɹiz,16150,ielts,Scientists have many different theories about how the universe first began.,Olimlarning koinot qanday paydo bo'lgani haqida turli xil nazariyalari mavjud.,hypotheses,facts
ecuador,noun,A2,Ekvador,Эквадор,A country located in South America on the equator.,ˈɛkwədɔːr,16152,places,My friend is traveling across South America and visiting Ecuador this summer.,Do'stim Janubiy Amerika bo'ylab sayohat qilib yozda Ekvadorga bormoqchi.,,
colin,noun,C2,bedana,перепел,A type of small bird known as a quail that lives in North America.,ˈkoʊlɪn,16154,animals,The colin is a small bird often found running in the open fields.,Bedana ko'pincha ochiq dalalarda yugurib yuradigan kichik qush hisoblanadi.,quail,
macromedia,noun,C1,dasturiy ta'minot,программное обеспечение,A large software company that creates tools for digital design and multimedia content.,ˌmækrəˈmiːdiə,16162,work,The designers used software from Macromedia to create the website animations.,Dizaynerlar veb-sayt animatsiyalarini yaratish uchun Macromedia dasturlaridan foydalanishdi.,software,
ashley,noun,A1,Eshli,Эшли,A common given name that can be used for both men and women.,ˈæʃli,16164,people-family,Ashley decided to organize a small party for her close friends.,Eshli yaqin do'stlari uchun kichik bazm uyushtirishga qaror qildi.,,
victorian,adjective,B2,viktorian viktoriya,викторианский,Relating to the period of the reign of Queen Victoria in the United Kingdom.,vɪkˈtɔːriən,16166,ielts,The museum has a large collection of beautiful Victorian era wooden furniture.,Muzeyda chiroyli Viktoriya davriga oid yog'och mebellarning katta to'plami saqlanadi.,,
baptist,noun,B2,baptist,баптист,A member of a Christian group that practices baptism by immersing the whole body.,ˈbæptɪst,16168,ielts,Many Baptist churches focus on community service and reading the holy bible.,Ko'pgina baptist cherkovlari jamoat xizmati va muqaddas kitobni o'qishga katta e'tibor beradi.,protestant christian,
slovenia,noun,A2,sloveniya,Словения,A country in Central Europe located between the Alps and the Adriatic Sea.,sləˈviːniə,16170,places,We are planning to visit the beautiful mountain regions of Slovenia next summer.,Biz kelasi yozda Sloveniyaning go'zal tog'li hududlariga sayohat qilishni rejalashtiryapmiz.,,
practitioners,noun,B2,amaliyotchilar mutaxassislar,"практикующие врачи, специалисты",People who actively work in a specific professional field such as medicine or law.,prækˈtɪʃənərz,16172,work,Medical practitioners must stay updated with the latest research in their field.,Shifokorlar o'z sohasidagi eng yangi tadqiqotlardan doimo xabardor bo'lishlari kerak.,professionals specialists,
mono,adjective,B2,birxil rangli,монохромный,Using only one color or shades of a single color instead of many colors.,ˈmɒn.əʊ,16174,describing,The artist took a beautiful photo in classic black and white mono.,Rassom klassik qora va oq ranglarda chiroyli suratga oldi.,monochrome,colorful
webster,noun,C2,toquvchi,ткач,A person whose job is making cloth on a machine known as a loom.,ˈwɛbstə,16176,work,The old webster spent all day producing fine linen for the village.,Keksayib qolgan toquvchi butun kun davomida qishloq uchun mayin zigir matosi to'qidi.,weaver,
chem,noun,B2,kimyo fani,химия,The academic subject that studies substances and their reactions.,kɛm,16180,school,I have to finish my chem assignment before the class starts.,Dars boshlanmasdan oldin kimyodan berilgan vazifani bajarib qo'yishim kerak.,chemistry,
decorating,noun,B1,bezatish,декорирование,The activity of making a room or object look more attractive with paint or items.,ˈdekəreɪtɪŋ,16182,home,We spent the whole weekend decorating our new living room together.,Biz butun dam olish kunini yangi mehmonxonamizni bezatish bilan o'tkazdik.,decor ornamentation,
shakespeare,noun,B2,shekspir,Шекспир,A famous English writer known for his influential plays and poems during the Elizabethan era.,ˈʃeɪkspɪə,16184,ielts,We studied several plays by Shakespeare during our literature class this year.,Biz adabiyot darsida Shekspirning bir nechta pyesalarini o‘qib o‘rgandik.,bard playwright,
americas,noun,B1,amerika qit'alari,Америка,The combined landmasses of North and South America in the Western Hemisphere.,əˈmerɪkəz,16186,places,Indigenous cultures have existed across the Americas for many thousands of years.,Amerika qit'alarida tub joyli madaniyatlar ming yillar davomida mavjud bo‘lgan.,new world,
latvia,noun,A2,latviya,Латвия,A country located in Northern Europe on the eastern coast of the Baltic Sea.,lætˈviə,16190,places,The capital city of Latvia is famous for its beautiful historical town center.,Latviya poytaxti o‘zining chiroyli tarixiy shahar markazi bilan mashhur.,,
offerings,noun,B2,takliflar ehsonlar,предложения подношения,Things that are produced or provided to be given to others or for religious use.,ˈɒfəɹɪŋz,16194,ielts,The bakery displayed its delicious morning offerings on the wooden shop counter.,Nonvoyxona o‘zining mazali tongi mahsulotlarini yog‘och peshtaxtaga qo‘yib qo‘ydi.,provisions gifts,
martha,noun,A1,marta,Марта,A common female given name used in many countries around the world.,ˈmɑːθə,16196,people-family,My friend Martha is planning to visit us during the summer holidays.,Dostim Marta yozgi ta'til paytida biznikiga kelmoqchi.,,
guatemala,noun,A2,gvatemala,Гватемала,A country in Central America known for its volcanoes and ancient Mayan sites.,ˌɡwɑːtəˈmɑːlə,16198,places,We are going to travel to Guatemala to explore the Mayan ruins there.,U yerdagi mayya xarobalarini ko‘rish uchun Gvatemalaga sayohat qilamiz.,,
bangkok,noun,C1,somon shapka,соломенная шляпа,A type of light hat made from woven straw to protect you from the sun.,ˈbæŋkɒk,16200,clothes,He wore a wide bangkok to keep the hot sun off his face.,U quyoshdan saqlanish uchun boshiga keng somon shapka kiyib oldi.,straw hat,
jerusalem,noun,B1,quddus,иерусалим,An ancient city in the Middle East that is holy to several major religions.,dʒəˈruːsələm,16206,places,Many pilgrims travel to Jerusalem every year to visit the sacred sites.,Har yili ko'plab ziyoratchilar muqaddas joylarni ko'rish uchun Quddusga borishadi.,,
tries,verb,A1,urinmoq harakat qilmoq,пытаться,To make an effort to do something or achieve a specific result.,tɹaɪz,16208,actions,She tries to learn a new language every single summer day.,U har yozda yangi til o'rganishga harakat qiladi.,attempts strives,gives-up
inline,adjective,B2,qator ichidagi ketma-ket,внутристрочный,Placed within a line of text or connected in a single straight row.,ˈɪnlaɪ̯n,16210,work,The images are inline with the text to save extra space.,Joy tejash uchun rasmlar matn qatori ichiga joylashtirilgan.,aligned,separate
enquiries,noun,B2,so'rovlar savollar,запросы,Acts of asking for information or official investigations into a specific matter.,ɪnˈkwaɪəriz,16212,ielts,We received many enquiries regarding the new office opening next month.,Kelasi oy ochiladigan yangi ofis bo'yicha bizga ko'plab savollar keldi.,queries investigations,
dist,noun,B2,tarqatish taqsimot,распространение,The act of sharing or distributing software files to users online.,dɪst,16214,work,I downloaded the latest software dist for my computer last night.,Kecha kompyuterim uchun dasturiy taʼminotning yangi tarqatilishini yuklab oldim.,distribution,
randy,adjective,C1,shahvoniy jinsiy ehtiyojli,озабоченный,Feeling a strong sexual desire or being sexually excited.,ˈɹændi,16216,feelings,He had a drink and started acting a bit randy with me.,"U spirtli ichimlik ichib olgach, menga nisbatan shahvoniy munosabatda bo'la boshladi.",horny lustful,
timothy,noun,C2,timofeyka,тимофеевка,A type of grass often grown for feeding farm animals like horses or cows.,ˈtɪməθi,16218,nature,The horses in the field were eating fresh timothy grass all day.,Daladagi otlar kun bo'yi yangi timofeyka o'tini yeb yurishdi.,,
columnists,noun,B2,sharhlovchi sharhlovchilar,обозреватели,A person who writes regular articles for a newspaper or a news website.,ˈkɒləmnɪsts,16220,work,The famous columnists share their thoughts on the current political situation daily.,Mashhur sharhlovchilar kundalik siyosiy vaziyat bo‘yicha o‘z fikrlari bilan bo‘lishishadi.,writer journalist,
reno,verb,B2,ta'mirlamoq yangilamoq,ремонтировать,To repair or improve an old building or a room.,ˈɹɛnoʊ,16222,home,We decided to reno our kitchen to make it more modern today.,Biz oshxonani zamonaviyroq qilish uchun uni ta'mirlashga qaror qildik.,renovate restore,
donna,noun,C1,xonim,донна,A formal title used for a noblewoman or a lady in Italy.,ˈdɒn.ə,16224,people-family,The Donna entered the room with grace and greeted all the guests.,"Xonim xonaga kirib, barcha mehmonlar bilan xushmuomalalik bilan salomlashdi.",lady madam,
adidas,noun,B2,tovuq panjalari,куриные лапки,Grilled chicken feet served on a stick as a popular street snack.,ˈædɪdæs,16232,food-drink,The street vendor sold grilled adidas to hungry people passing by.,Ko'cha sotuvchisi o'tib ketayotgan och odamlarga qovurilgan tovuq panjalarini sotdi.,,
perth,noun,A2,Pert,Перт,A large city on the western coast of Australia.,pɜːθ,16234,places,My cousin moved to Perth last year to study at university.,Amakimning o'g'li o'tgan yili universitetda o'qish uchun Pertga ko'chib ketdi.,,
syria,noun,A2,Suriya,Сирия,A country in the Middle East with a long and complex history.,ˈsɪriə,16236,places,Syria is a nation in the Middle East with many ancient sites.,Suriya - Yaqin Sharqdagi qadimiy joylarga boy mamlakat.,,
diy,noun,B1,o'z qo'li bilan yasalgan ta'mirlash,сделай сам,The activity of repairing or making things in your house yourself instead of hiring professionals.,diː aɪ ˈwaɪ,16238,home,My father enjoys DIY projects like building shelves for the living room.,Otam uy uchun javonlar yasash kabi o'z qo'li bilan bajariladigan ishlarni yoqtiradi.,home-improvement,
shanghai,verb,C2,majburlab olib ketmoq aldab jalb qilmoq,"принуждать, завлекать обманом",To trick or force someone into doing something or going somewhere they do not want.,ˈʃæŋ.haɪ,16242,ielts,They tried to shanghai me into joining their long and boring meeting.,Ular meni aldab o'zlarining zerikarli yig'ilishiga tortib kirgizmoqchi bo'lishdi.,trick coerce,persuade
pharmacies,noun,A2,dorixonalar,аптеки,Places where you can buy medicine and other health products.,ˈfɑːrməsiz,16244,body-health,There are several pharmacies located near the hospital in the city center.,Shahar markazidagi shifoxona yaqinida bir nechta dorixona bor.,chemists drugstores,
latino,noun,B2,lotinamerikalik,латиноамериканец,A person of Latin American origin living in the United States.,ləˈtiːnoʊ,16246,people-family,The Latino community in this neighborhood holds a festival every summer.,Bu mahalladagi lotinamerikaliklar jamoasi har yozda festival o'tkazadi.,hispanic,
shareholders,noun,B2,aksiyadorlar hissadorlar,акционеры,People who own shares in a company and therefore own a part of it.,ˈʃeəˌhəʊldəz,16248,ielts,The company held a meeting to discuss profits with its main shareholders.,Kompaniya asosiy aksiyadorlari bilan foydani muhokama qilish uchun yig'ilish o'tkazdi.,investors stockholders,
developmental,adjective,C1,rivojlanish taraqqiyot,развивающийся,Relating to the process of growth or change in a person or thing.,dɪˌvɛləpˈmɛntəl,16250,ielts,Developmental psychology examines how children learn and grow over their early years.,Rivojlanish psixologiyasi bolalar dastlabki yillarda qanday o'sishi va o'rganishini o'rganadi.,evolutionary formative,
zope,noun,C2,sinets balig'i,синец,A type of freshwater fish found in rivers and lakes across Eurasia.,zəʊp,16252,nature,"The zope is a slender fish often found in large, slow-moving rivers.",Sinets ko'pincha katta va sekin oqadigan daryolarda uchraydigan ingichka baliqdir.,blue-bream,
polar,adjective,B2,qutbiy,полярный,Relating to the North or South Pole or the regions near them.,ˈpəʊ.lə,16254,nature,The polar regions are extremely cold and covered in thick ice.,Qutb hududlari juda sovuq va qalin muz bilan qoplangan.,arctic glacial,tropical
transexual,adjective,C1,transseksual,транссексуальный,Relating to a person who has changed their physical sex to match their gender identity.,ˌtranzˈsek.ʃu.əl,16256,body-health,She shared her journey as a transexual woman in a recent documentary.,U yaqinda chiqqan hujjatli filmda transseksual ayol sifatidagi tajribasini bo'lishdi.,transgender trans,
journalists,noun,B1,jurnalistlar muxbirlar,журналисты,"People who write news stories for newspapers, magazines, television, or radio.",ˈdʒɜːnəlɪsts,16258,work,Many journalists gathered at the scene to report on the new event.,Ko‘plab jurnalistlar yangi voqea haqida xabar berish uchun o‘sha yerga yig‘ilishdi.,reporters correspondents,
bosnia,noun,B2,Bosniya,Босния,A country located in the Balkan Peninsula in southeastern Europe.,ˈbɒzniə,16262,places,The history of Bosnia is very complex and interesting to many students.,Bosniya tarixi juda murakkab va ko‘plab talabalar uchun qiziqarli.,,
browsers,noun,A2,brauzerlar internet-dasturlar,браузеры,Computer programs used to access and view websites on the internet.,ˈbɹaʊ.zəs,16264,work,Most web browsers allow you to save your favorite websites for later.,Ko'pchilik brauzerlar sevimli saytlaringizni saqlab qo'yish imkonini beradi.,web-browsers,
quotations,noun,B2,iqtiboslar sitatalar,цитаты,Groups of words taken from a text or speech and repeated by someone else.,kwoʊˈteɪʃənz,16266,ielts,The book contains many famous quotations about the importance of hard work.,Kitobda mehnatsevarlikning ahamiyati haqida ko'plab mashhur iqtiboslar keltirilgan.,quotes,
midwest,noun,B2,o'rta g'arb,средний запад,The region in the northern central part of the United States.,mɪdˈwest,16268,places,They decided to move to the Midwest for a quieter life.,Ular osoyishta hayot kechirish uchun O'rta G'arbga ko'chib o'tishga qaror qilishdi.,,
karl,noun,C2,ozod odam,свободный человек,A free person or commoner in medieval Scandinavian society.,kɑːl,16270,ielts,The karl worked on his own land during the Viking age.,Karl vikinglar davrida o'z yerida mehnat qilgan erkin dehqon bo'lgan.,freeman,
officially,adverb,B2,rasman,официально,In a way that is approved or confirmed by someone in authority.,əˈfɪʃ.(ə.)li,16272,ielts,The government officially announced that the new project will start next month.,Hukumat yangi loyiha kelasi oydan boshlanishini rasman e'lon qildi.,formally,unofficially
consortium,noun,C1,konsorsium uyushma,консорциум,A group of companies or organizations working together on a specific project.,kənˈsɔː(ɹ).ʃəm,16274,ielts,A consortium of international banks funded the construction of the new airport.,Xalqaro banklar konsorsiumi yangi aeroport qurilishini moliyalashtirdi.,alliance coalition,
terrace,noun,B1,terrasa ayvon,терраса,"A flat, open area outside a building where people can sit and relax.",ˈtɛɹəs,16276,home,We enjoyed our breakfast on the hotel terrace overlooking the sea.,Biz mehmonxona terrasasida dengizga qarab nonushta qildik.,patio,
seafood,noun,A2,dengiz mahsulotlari,морепродукты,"Food that comes from the sea, such as fish and shellfish.",ˈsiːfuːd,16280,food-drink,They serve fresh seafood at the restaurant near the old harbor.,Ular eski port yaqinidagi restoranda yangi dengiz mahsulotlarini tortishadi.,,
ought,verb,B1,kerak lozim,должен,Used to show that something is the right or sensible thing to do.,ɔːt,16284,actions,You ought to tell your parents about your decision before you leave.,Ketishingdan oldin ota-onangga qaroring haqida aytib qo'yishing kerak.,should,
jail,noun,A2,qamoqxona hibsxona,тюрьма,A place where people are kept when they have broken the law.,d͡ʒeɪl,16286,places,The man was sent to jail after he was caught stealing cars.,Haligi odam mashina o'g'irlagani uchun qamoqqa tashlandi.,prison,
safely,adverb,A2,xavfsiz bexatar,безопасно,Doing something in a way that avoids danger or harm.,ˈseɪfli,16288,actions,You should cross the street only when it is safe to do so.,Ko'chani faqat xavfsiz bo'lganda kesib o'tishingiz kerak.,securely carefully,dangerously
finite,adjective,C1,cheklangan tugaydigan,конечный,Having a clear end or a limit that can be counted.,ˈfaɪ.naɪt,16290,ielts,Our planet has finite natural resources that we must protect carefully.,Sayyoramizning tabiiy resurslari cheklangan va biz ularni asrashimiz kerak.,limited bounded,infinite
kidney,noun,B2,buyrak,почка,A part of your body that cleans your blood and produces urine.,ˈkɪdni,16292,body-health,Drinking plenty of water helps your kidneys work much better.,Ko'p suv ichish buyraklaringizning ancha yaxshi ishlashiga yordam beradi.,,
periodically,adverb,B2,vaqti-vaqti bilan,периодически,Happening occasionally or at regular intervals of time.,ˌpɪə.riˈɒd.ɪ.kli,16294,time,You should update your computer software periodically to fix bugs.,Xatolarni tuzatish uchun kompyuter dasturlarini vaqti-vaqti bilan yangilab turish kerak.,occasionally sometimes,
durable,adjective,B2,pishiq chidamli,прочный,Able to last for a long time without breaking or wearing out.,ˈdʊɹəbəl,16296,describing,These shoes are very durable and will last for several years.,Bu poyabzallar juda pishiq va bir necha yilga yetadi.,long-lasting tough,fragile
moisture,noun,B2,namlik nam,влага,"A very small amount of liquid, often found on the surface of something.",ˈmɔɪs.t͡ʃə,16298,nature,Plants need enough moisture in the soil to grow properly.,O'simliklar to'g'ri o'sishi uchun tuproqda yetarli namlik bo'lishi kerak.,dampness humidity,
roster,noun,B2,ish rejasi navbatchilik ro'yxati,список дежурных,A list of names showing when each person must perform a specific task or shift.,ˈɹɒs.tə,16300,work,The manager posted the new work roster on the office wall today.,Menejer bugun ofis devoriga yangi ish rejasini osib qo'ydi.,schedule rota,
referring,verb,B1,nazarda tutish ishora qilish,иметь в виду ссылаться,To speak about or mention someone or something while you are talking or writing.,ɹɪˈfɜː.ɹɪŋ,16302,actions,I am referring to the report that you submitted to me yesterday.,Men kecha menga topshirgan hisobotingizni nazarda tutyapman.,mentioning indicating,
timer,noun,A2,taymer vaqt o'lchagich,таймер,A device that measures time and signals when a set period has finished.,ˈtaɪmɚ,16306,time,I set the kitchen timer for ten minutes to bake the cake.,Keks pishirish uchun oshxona taymerini o‘n daqiqaga belgilab qo‘ydim.,stopwatch clock,
educators,noun,B2,o'qituvchilar pedagoglar,педагоги,People whose job is to teach or educate others in schools or universities.,ˈedʒukeɪtərz,16308,school,Modern educators often use digital tools to engage their students more effectively.,Zamonaviy o‘qituvchilar o‘quvchilarni yaxshiroq jalb qilish uchun raqamli vositalardan foydalanadilar.,teachers instructors,
verse,noun,C1,misra she'riy band,стих,A single section or part of a poem or song.,ˈvɝs,16310,ielts,The singer forgot the words to the second verse of the song.,Qo‘shiqchi qo‘shiqning ikkinchi bandidagi so‘zlarni esidan chiqarib qo‘ydi.,stanza poetry,
humanities,noun,C1,gumanitar fanlar,гуманитарные науки,"Subjects like history, literature, and art that study human culture and society.",hjuˈmæn.ɪ.tiz,16312,ielts,Students in the humanities often analyze historical texts to understand past cultures.,Gumanitar fanlar talabalari o‘tgan madaniyatni tushunish uchun tarixiy matnlarni tahlil qiladilar.,arts philosophy,
independently,adverb,B2,mustaqil ravishda o'zicha,независимо,Doing something alone without help or influence from other people.,ˌɪndɪˈpɛndəntli,16314,actions,The students were asked to complete the assignment independently at home.,Talabalardan uy vazifasini uyda mustaqil ravishda bajarish so‘raldi.,alone separately,dependently
scratch,verb,B1,qashimoq tirnamoq,царапать,To rub your skin with your nails to stop an uncomfortable itchy feeling.,skɹæt͡ʃ,16316,body-health,"If you get a mosquito bite, try not to scratch the itchy skin.","Agar chivin chaqib olsa, qichishgan joyni qashimaslikka harakat qiling.",rub scrape,
alignment,noun,B2,tekislash moslashuv,выравнивание,The state of being positioned in a straight line or in correct relative order.,əˈlaɪn.mənt,16318,ielts,The wheels of the car need alignment to drive straight on road.,Mashina to'g'ri yurishi uchun g'ildiraklarining tekislanishi kerak.,arrangement ordering,misalignment
competitors,noun,B1,raqobatchilar musobaqalashuvchilar,конкуренты,People or organizations that try to be more successful than others in the same field.,kəmˈpet.ɪ.tərz,16320,work,We must offer better prices than our competitors to win more sales.,Ko'proq savdo qilish uchun raqobatchilardan yaxshiroq narx taklif qilishimiz kerak.,rivals opponents,partners
rocket,noun,B2,raketa,ракета,A vehicle or projectile that is powered by an engine releasing burning gases.,ˈɹɒk.ɪt,16322,travel,The space agency is planning to launch a new rocket next month.,Kosmik agentlik kelasi oy yangi raketa uchirishni rejalashtirmoqda.,missile,
aye,interjection,C1,ha,да,A formal or old-fashioned way of saying yes.,eɪ,16324,actions,The committee voted with a loud chorus of ayes to the proposal.,"Qo'mita a'zolari taklifga ovoz berib, bir ovozdan 'ha' deb tasdiqlashdi.",yes,nay
bullet,noun,B2,o'q,пуля,A small piece of metal shot from a gun.,ˈbʊlɪt,16326,actions,The police found a bullet hole in the wall of the building.,Politsiya bino devorida o'q izini topdi.,slug,
lace,noun,B2,bog'ich shnurka,шнурок,A thin string used to tie a shoe closed.,leɪs,16328,clothes,He knelt down to tie his shoelace before starting the race.,U poygalarni boshlashdan oldin poyabzal bog'ichlarini bog'lash uchun tiz cho'kdi.,cord,
nasty,adjective,B2,badbo'y yoqimsiz,отвратительный,"Extremely unpleasant, dirty, or offensive.",ˈnaː.sti,16330,describing,There was a nasty smell coming from the old garbage bin outside.,Tashqaridagi eski axlat qutisidan juda badbo'y hid kelayotgan edi.,awful unpleasant,pleasant
visibility,noun,B2,ko'rinish,видимость,"How clearly objects can be seen, often depending on weather conditions.",ˌvɪz.əˈbɪl.ɪ.ti,16332,nature,Driving was difficult because the visibility was very low due to fog.,Tuman tufayli ko'rinish juda past bo'lgani uchun mashina haydash qiyin edi.,,
latitude,noun,C1,kenglik,широта,A position north or south of the Earth's equator.,ˈlætɪtjuːd,16334,ielts,Countries at a high latitude experience very long winters and cold weather.,Yuqori kenglikdagi mamlakatlarda qish juda uzoq davom etadi va havo sovuq bo'ladi.,parallel,
consciousness,noun,C1,ong,сознание,The state of being aware of oneself and the surroundings.,ˈkɒnʃəsnəs,16336,ielts,The injured player slowly regained consciousness after the accident on the field.,Maydondagi baxtsiz hodisadan so'ng jarohatlangan futbolchi asta-sekin o'ziga keldi.,awareness,
tumor,noun,C1,o'sma o'simta,опухоль,A mass of tissue in the body that grows in an uncontrolled way.,tjuː.mə,16338,body-health,The doctor checked the patient to see if the tumor was dangerous.,Shifokor o'smada xavfli belgilar bor-yo'qligini tekshirib ko'rdi.,growth lump,
ugly,adjective,A2,hunuq xunuk,некрасивый,Something that is very unpleasant to look at.,ˈʌɡli,16340,describing,I think this old building is very ugly and needs to be painted.,Menimcha bu eski bino juda xunuk va uni bo'yash kerak.,hideous unattractive,beautiful
mistress,noun,B2,beka uy bekasi,хозяйка,A woman who has power or authority over a house or group.,ˈmɪs.tɹɪs,16342,people-family,She acts like the mistress of this house and gives everyone orders.,U o'zini bu uyning bekasidek tutib hammaga buyruq beradi.,boss ruler,
hart,noun,C2,bugu,самец оленя,"An adult male red deer, usually older than five years of age.",hɑːt,16344,animals,The hunters tracked the large hart through the thick forest.,Ovchilar quyuq o'rmon ichida katta buguni izlab topishdi.,buck stag,
forty,noun,A1,qirq,сорок,The number equal to four times ten.,ˈfɔːti,16346,basics,She has been working at the same company for forty years.,U o'sha kompaniyada qirq yildan beri ishlab kelmoqda.,,
col,noun,C2,tog' dovoni,горный перевал,A low point on a mountain ridge between two higher peaks.,kɒl,16348,nature,The climbers rested briefly at the col before the final ascent.,Alpinistlar so'nggi cho'qqiga ko'tarilishdan oldin dovonda biroz dam olishdi.,nek,
priest,noun,B2,ruhoniy,священник,A person trained to lead religious ceremonies in a church or temple.,ˈpɹiːst,16350,people-family,The priest prayed for peace during the Sunday morning service.,Yakshanba kungi ibodat paytida ruhoniy tinchlik so'rab duo qildi.,,
queue,noun,B1,navbat qator,очередь,A line of people or vehicles waiting for their turn to be served.,kjuː,16352,travel,We stood in a long queue for over an hour at bank.,Bankda bir soatdan ortiq uzun navbatda turdik.,line,
trance,noun,C1,trans g'aflat,транс,A mental state where someone is not fully aware of their surroundings.,tɹɑːns,16354,ielts,He seemed to be in a deep trance during the quiet meditation.,Chuqur meditatsiya paytida u go‘yo g‘aflatga tushib qolgandek edi.,hypnosis,
locale,noun,C1,joy makon,место действия,The specific place where something happens or is set.,ləʊˈkɑːl,16356,ielts,This quiet garden was the perfect locale for our afternoon meeting.,Bu osoyishta bog‘ tushdan keyingi uchrashuvimiz uchun eng qulay joy edi.,location,
bundle,noun,B2,bog'lam dasta,связка,A collection of things tied or wrapped together.,ˈbʌn.dl̩,16358,home,She carried a large bundle of firewood into the house.,U uyga bir bog‘am o‘tin ko‘tarib kirdi.,package collection,
hammer,noun,A2,bolg'a,молоток,A hand tool used for hitting nails into wood or breaking things.,ˈhæm.ə(ɹ),16360,basics,I need a hammer to fix this loose board on the floor.,Poldagi bo‘shab qolgan taxtani tuzatish uchun menga bolg‘a kerak.,mallet,
invasion,noun,B2,bosqin istilo,вторжение,An occasion when an army enters a country by force to take control of it.,ɪnˈveɪʒən,16362,ielts,The historical document describes the sudden invasion of the northern coastal towns.,Tarixiy hujjatda shimoliy qirg‘oq shaharlariga qilingan to‘satdan bosqin tasvirlangan.,attack assault,defense
runner,noun,A2,yuguruvchi,бегун,"A person who runs, especially as a sport or for exercise.",ˈɹʌnɚ,16364,actions,The marathon runner trained every single morning for six months before competing.,Marafon yuguruvchisi musobaqadan oldin olti oy davomida har kuni tongda mashq qildi.,athlete,
administered,verb,B2,boshqarilgan tayinlangan,управляемый,"To manage the operation of a business, organization, or give something officially.",ədˈmɪnɪstɚd,16366,ielts,The company was administered by a board of directors for ten years.,Kompaniya o‘n yil davomida direktorlar kengashi tomonidan boshqarildi.,managed directed,
beneath,preposition,B1,ostida pastida,под,In a lower position than something else.,bɪˈniːθ,16368,describing,They sat on the grass beneath the shade of a large oak tree.,Ular katta eman daraxti soyasidagi maysalar ustida o‘tirishdi.,under below,above
strengthen,verb,B1,kuchaytirmoq mustahkamlamoq,усиливать,To become stronger or make something stronger.,ˈstɹɛŋ(k)θən,16370,actions,Regular exercise will help to strengthen your muscles and improve your health.,Doimiy mashqlar mushaklaringizni mustahkamlashga va sog‘lig‘ingizni yaxshilashga yordam beradi.,fortify reinforce,weaken
defend,verb,B1,himoya qilmoq,защищать,To protect someone or something from attack or criticism.,dɪˈfɛnd,16372,ielts,The soldiers were prepared to defend their country against any external threats.,Askarlar o‘z mamlakatlarini har qanday tashqi tahdidlardan himoya qilishga tayyor edilar.,protect guard,attack
infrared,adjective,B2,infraqizil,инфракрасный,"Relating to invisible light waves that carry heat, used in remote controls and sensors.",ˌɪnfɹəˈɹɛd,16374,describing,The security camera uses infrared technology to see clearly in the dark.,Xavfsizlik kamerasi qorong'uda aniq ko'rish uchun infraqizil texnologiyadan foydalanadi.,,ultraviolet
seventh,adjective,A2,yettinchi,седьмой,Coming after the sixth thing in a sequence or order.,ˈsɛvnθ,16376,basics,We are going on holiday for the seventh time this year.,Biz bu yil yettinchi marta ta'tilga ketyapmiz.,7th,
welsh,verb,C1,qarzni qaytarmaslik aldamoq,не отдавать долг,To fail to pay a debt or break a promise you made to someone.,wɛlʃ,16378,actions,He promised to pay me back but decided to welsh instead.,"U menga qarzini qaytarishga va'da bergandi, lekin oxirida aldaydigan bo'ldi.",cheat swindle,
belly,noun,B1,qorin,живот,The part of the body that contains the stomach and intestines.,ˈbɛli,16380,body-health,You have grown a big belly since you started eating more junk food.,Ko‘p fast-fud yeya boshlaganingdan beri qorning ancha chiqib ketibdi.,stomach abdomen,
aggressive,adjective,B2,tajovuzkor janjalkash,агрессивный,Ready to attack or argue in an unfriendly way.,əˈɡɹɛs.ɪv,16382,ielts,His aggressive behavior during the meeting made everyone feel very uncomfortable.,Majlisdagi tajovuzkor xulq-atvori barchani juda noqulay ahvolga solib qo‘ydi.,hostile confrontational,peaceful
stolen,adjective,A2,o‘g‘irlangan,украденный,Something that was taken by someone without permission.,ˈstəʊ.ln̩,16384,actions,The police found the stolen car parked near the old city bridge.,Politsiya o‘g‘irlangan mashinani eski shahar ko‘prigi yaqinida to‘xtab turgan holda topdi.,taken robbed,
fist,noun,B1,musht,кулак,A hand with the fingers curled tightly into the palm.,fɪst,16386,body-health,The boxer's fists rained down on his opponent in the last round.,Bokschi raqibiga ketma-ket musht yog'dirdi.,,
lenders,noun,B2,kreditorlar qarz beruvchilar,кредиторы,People or organizations that give money to others to be paid back later.,ˈlendərz,16388,work,Many lenders require a good credit score before giving out a loan.,Ko'plab kreditorlar qarz berishdan oldin yaxshi kredit reytingini talab qiladi.,creditors,borrowers
pharmacology,noun,C1,farmakologiya,фармакология,The scientific study of medicine and how it affects the body.,ˌfɑɹməˈkɒləd͡ʒi,16390,ielts,She decided to study pharmacology to learn how new drugs work.,U dorilar qanday ishlashini o'rganish uchun farmakologiyani tanladi.,,
fitting,noun,B2,moslash moslama,фитинг,A small part used to connect or repair pieces of a machine or pipe.,ˈfɪtɪŋ,16392,home,The plumber replaced a broken pipe fitting to stop the water leak.,Santexnik suv sizib chiqishini to'xtatish uchun singan quvur moslamasini almashtirdi.,component attachment,
fixtures,noun,B2,jihozlar anjomlar,приспособления,"Objects that are attached to a house, like sinks or light switches.",ˈfɪkstʃərz,16394,home,The house is sold with all the bathroom fixtures included.,Uy hammomdagi barcha jihozlar bilan birga sotiladi.,equipment installations,
quantities,noun,B2,miqdorlar,количества,Amounts or numbers of something that can be counted or measured.,ˈkwɑntɪtiz,16396,ielts,The factory produces huge quantities of food every single day.,Zavod har kuni juda katta miqdorda oziq-ovqat mahsulotlarini ishlab chiqaradi.,amounts sums,
consistently,adverb,B2,izchil ravishda,последовательно,Always behaving or happening in the same way over a period of time.,kənˈsɪstəntli,16398,ielts,The team has been consistently performing well throughout the entire season.,Jamoa butun mavsum davomida izchil ravishda yaxshi o‘yin ko‘rsatmoqda.,invariably uniformly,
elder,adjective,B1,katta,старший,"Used to describe someone who is older than another person, usually a family member.",ˈeldə,16400,people-family,My elder brother is currently studying medicine at the university.,Mening katta akam hozir universitetda tibbiyot yo‘nalishida o‘qiyapti.,senior,younger
sonic,adjective,B2,tovushga oid,звуковой,Relating to or involving sound waves or the speed of sound.,ˈsɒnɪk,16402,describing,The aircraft is designed to travel at a supersonic speed.,Samolyot tovushdan tez uchish uchun mo‘ljallangan.,,
cheers,interjection,A2,rahmat xayr,спасибо пока,An informal way to say thank you or goodbye to someone.,tʃɪəz,16404,basics,"Thanks for your help with the project, cheers!","Loyiha bo‘yicha yordamingiz uchun rahmat, xayr!",,
dig,verb,A2,qazimoq kovlamoq,копать,To make a hole in the ground by moving earth with a tool or hands.,dɪɡ,16406,actions,They dug an eight-foot ditch along the side of the road.,Ular yo'l cheti bo'ylab sakkiz futlik ariq qazishdi.,,
punishment,noun,B1,jazo jazolash,наказание,An action intended to make someone suffer because they have done something wrong.,ˈpʌnɪʃmənt,16408,ielts,The naughty children were given a punishment by their teachers.,Sho'x bolalar o'qituvchilari tomonidan jazolandi.,discipline correction,reward
appreciation,noun,B2,minnatdorchilik qadrlash,признательность,The feeling of being grateful or recognizing the good qualities of someone or something.,əˌpɹiː.ʃiˈeɪ.ʃən,16410,feelings,We give you this trophy as a token of our appreciation.,Biz sizga bu sovrinni minnatdorchilik belgisi sifatida topshiramiz.,gratitude recognition,
subsequently,adverb,C1,keyinchalik so'ngra,впоследствии,Happening after something else in time.,ˈsʌb.sɪ.kwənt.li,16412,ielts,He was subsequently promoted to the position of department manager.,U keyinchalik bo'lim boshlig'i lavozimiga ko'tarildi.,afterwards later,
providence,noun,C2,taqdir ilohiy ko'mak,провидение,The protective care of God or a spiritual power as a guiding force.,ˈpɹɒvɪdəns,16414,ielts,It was only by divine providence that they survived the accident.,Faqat ilohiy qudrat tufayli ular halokatdan omon qolishdi.,fate destiny,
thumb,noun,A2,bosh barmoq,большой палец,The short thick finger on the side of your hand.,ˈθʌm,16416,body-health,I thumbed through the book and decided not to read it.,Men kitobni varaqlab chiqdim va uni o'qimaslikka qaror qildim.,,
restriction,noun,B2,cheklash taqiq,ограничение,A rule or limit that prevents something from growing or being done freely.,ɹɪˈstɹɪkʃən,16418,ielts,The government imposed a new restriction on the import of foreign goods.,Hukumat chet el tovarlarini olib kirishga yangi cheklovlar o'rnatdi.,limitation constraint,freedom
treasurer,noun,B2,g'aznachi hisobchi,казначей,A person responsible for the money and financial records of an organization or club.,ˈtɹɛʒəɹə(ɹ),16420,work,The club treasurer keeps a detailed record of all the expenses.,Klub g'aznachisi barcha xarajatlarning batafsil hisobini yuritadi.,bursar cashier,
lightweight,adjective,B1,yengil vaznli,легковесный,Having a very low weight; not heavy.,ˈlaɪt.weɪt,16422,describing,This lightweight jacket is perfect for a cool summer evening walk.,Bu yengil kurtka yozning salqin oqshom sayrlari uchun ayni muddao.,light portable,heavy
mighty,adjective,C1,qudratli kuchli,могущественный,"Having great power, strength, or importance.",ˈmaɪti,16424,describing,The mighty river flows through the heart of the ancient city.,Bu qudratli daryo qadimiy shaharning qoq markazidan oqib o'tadi.,powerful strong,weak
humanity,noun,B2,insoniyat odamiylik,человечество,All the people in the world considered as a single group.,hjuˈmænɪti,16426,ielts,We must act together to solve problems that threaten all of humanity.,Butun insoniyatga tahdid solayotgan muammolarni hal qilish uchun birlashishimiz kerak.,humankind mankind,
transcription,noun,C1,transkripsiya ko'chirma,транскрипция,A written copy of words that were spoken or recorded.,tɹænˈskɹɪpʃən,16428,ielts,I need a written transcription of this recorded legal interview.,Menga ushbu yozib olingan sud suhbatining yozma ko'chirmasi kerak.,copy record,
complications,noun,B2,asoratlar murakkabliklar,осложнения,New problems or medical issues that make a situation more difficult to deal with.,kɒmplɪˈkeɪʃənz,16430,body-health,The surgery was successful but there were some minor complications afterwards.,Operatsiya muvaffaqiyatli o'tdi ammo keyinchalik ba'zi kichik asoratlar kuzatildi.,difficulties problems,simplicity
snapshot,noun,B2,surat lavha,снимок,A quick photograph or a brief look at a situation at one specific time.,ˈsnæpʃɒt,16432,describing,This report provides a snapshot of the current economic situation in the country.,Ushbu hisobot mamlakatdagi hozirgi iqtisodiy vaziyat haqida qisqacha ma'lumot beradi.,photo glimpse,
worn,adjective,B1,eskirgan nimjon,поношенный,Damaged or looking thin because it has been used for a very long time.,wɔːn,16434,describing,He wore a pair of very worn shoes to the interview yesterday.,U suhbatga juda eskirgan poyabzal kiyib bordi.,shabby tattered,new
testament,noun,C1,dalolat guvohlik,доказательство,A clear sign or proof that something is true or exists.,ˈtɛs.tə.mənt,16436,ielts,This success is a testament to the hard work of our team.,Bu muvaffaqiyat jamoamizning qattiq mehnati samarasidir.,proof evidence,
expo,noun,B2,ko'rgazma,выставка,"A large public exhibition of products, art, or new technology.",ˈɛkspəʊ,16438,travel,We visited the international technology expo to see the latest inventions.,Biz eng so'nggi ixtirolarni ko'rish uchun xalqaro texnologiya ko'rgazmasiga bordik.,exhibition,
twist,verb,B1,buramoq eshmoq,крутить,To turn something by moving your hand around it.,twɪst,16440,actions,You need to twist the cap to open the plastic bottle.,Plastik idishni ochish uchun uning qopqog'ini burashingiz kerak.,turn rotate,
partially,adverb,B2,qisman,частично,Not completely; only for a part of something.,ˈpɑɹʃəli,16442,describing,The project was only partially successful due to a lack of funds.,Mablag' yetishmasligi sababli loyiha faqat qisman muvaffaqiyatli bo'ldi.,somewhat partly,fully
buried,adjective,B2,ko'milgan yashiringan,погребенный,Placed under the ground or hidden and difficult to find.,ˈbɛ.ɹid,16444,describing,The pirate gold was buried deep under the sand on the island.,Qaroqchilar oltini oroldagi qum ostiga chuqur ko'mib tashlangan edi.,hidden covered,
newbie,noun,B1,yangi kelgan,новичок,"A person who is new to a job, activity, or place.",ˈnjuːbi,16446,people-family,"I am a bit of a newbie here, could you help me?","Men bu yerda yangiman, menga yordam bera olasizmi?",beginner novice,expert
wilderness,noun,C1,yovvoyi tabiat cho'l,дикая природа,"An area of land in its natural state, not used for farming or living by humans.",ˈwɪldənəs,16448,nature,The mountain range is a vast wilderness where few people ever travel.,"Bu tog' tizmasi juda katta yovvoyi tabiat hududi bo'lib, u yerga kam odam boradi.",wilds wildland,
debut,noun,B2,ilk chiqish debyut,дебют,"The first public performance or appearance of a person, group, or work of art.",ˈdɛbjuː,16450,ielts,The young actor made his debut in a very popular television series.,Yosh aktyor o'zining ilk chiqishini juda mashhur teleserialda qildi.,premiere,
deny,verb,B1,inkor etmoq,отрицать,To say that something is not true or to refuse to accept it.,dɪˈnaɪ,16452,actions,He continues to deny that he had anything to do with the accident.,U baxtsiz hodisaga aloqadorligini inkor etishda davom etmoqda.,refute contradict,confirm
anatomy,noun,B2,anatomiya tuzilish,анатомия,"The scientific study of the physical structure of humans, animals, or plants.",əˈnætəmi,16454,body-health,Medical students must spend many hours studying human anatomy in the laboratory.,Tibbiyot talabalari laboratoriyada inson anatomiyasini o'rganishga ko'p vaqt sarflashlari kerak.,structure,
sponsorship,noun,B2,homiylik,спонсорство,"Financial or material support provided to a person, group, or event by a sponsor.",ˈspɒnsəʃɪp,16456,work,The local bank provided sponsorship for the charity event held last weekend.,Mahalliy bank o'tgan dam olish kunlari o'tkazilgan xayriya tadbiriga homiylik qildi.,backing,
headphones,noun,A1,quloqchin,наушники,A device worn over the ears to listen to sound privately.,ˈhɛdfəʊnz,16458,basics,I put on my headphones to listen to music at work.,Ishda musiqa tinglash uchun quloqchinlarimni taqib oldim.,earphones,
trio,noun,B1,uchlik uchovlon,трио,A group of three people or things working or performing together.,ˈtɹi.əʊ,16460,describing,The jazz trio played beautiful music at the restaurant last night.,Jaz uchligi kecha restoranda juda chiroyli musiqa ijro etdi.,threesome,
cube,noun,A2,kub,куб,A solid object with six equal square sides.,kjuːb,16462,school,He put one sugar cube into his hot cup of tea.,U choyiga bitta qand soldi.,,
uncertainty,noun,B2,noaniqlik ikkilanish,неуверенность,The state of feeling doubt or not being sure about something.,ʌnˈsɜːtənti,16464,ielts,There is still much uncertainty regarding the future of the project.,Loyiha kelajagi borasida hali ham katta noaniqlik mavjud.,doubt hesitation,certainty
breakdown,noun,B2,buzilish nosozlik,поломка,A failure of a machine or vehicle to work correctly.,ˈbɹeɪkdaʊn,16466,travel,The car had a breakdown in the middle of the highway.,Mashina shosse o'rtasida buzilib qoldi.,failure,
marker,noun,A2,flomaster belgi,маркер,A pen with a thick felt tip used for writing or drawing in bold colors.,ˈmɑː(ɹ)kə(ɹ),16468,school,Use a red marker to highlight the important words on the page.,Sahifadagi muhim soʻzlarni belgilash uchun qizil flomasterdan foydalaning.,felt-tip,
reconstruction,noun,B2,qayta tiklash,реконструкция,The process of building or repairing something that was damaged or destroyed.,ˌɹiːkənˈstɹʌkʃən,16470,ielts,The reconstruction of the old city bridge began early last year.,Eski shahar koʻprigini qayta tiklash ishlari oʻtgan yilning boshida boshlandi.,restoration renovation,destruction
subsidiary,noun,C1,shoxobcha filial,дочерняя компания,A company that is owned or controlled by a larger parent company.,sʌbˈsɪ.di.əɹ.i,16472,work,The large car manufacturer opened a new subsidiary in the country.,Yirik avtomobil ishlab chiqaruvchi kompaniya mamlakatda yangi filial ochdi.,branch division,
rugs,noun,A2,gilamchalar,коврики,Small pieces of thick fabric used to cover a part of the floor.,rʌɡz,16474,home,She bought two beautiful rugs for her new living room floor.,U yangi mehmonxonasi uchun ikkita chiroyli gilamcha sotib oldi.,mats carpets,
furnished,adjective,B1,jihozlangan,меблированный,"Containing furniture, such as beds, tables, and chairs.",ˈfɝnɪʃt,16476,home,We rented a fully furnished apartment near the city center today.,Bugun shahar markazi yaqinidan toʻliq jihozlangan kvartira ijaraga oldik.,equipped,unfurnished
settled,adjective,B1,o'rnashgan qaror topgan,устроившийся,Feeling calm and comfortable after a period of change or moving to a new place.,ˈsɛtl̩d,16478,describing,It took me a while to feel settled after I moved to this city.,Bu shaharga ko'chib kelganimdan so'ng o'rnashib olishim uchun bir oz vaqt kerak bo'ldi.,stable secure,unsettled
airfare,noun,B1,aviachipta narxi,стоимость авиабилета,The amount of money you must pay for a flight on an airplane.,ˈeəfeə,16480,travel,"I would love to visit Paris, but I cannot afford the airfare.","Parijga borgim keladi, lekin aviachiptaga pulim yetmaydi.",flight cost,
vaccine,noun,B2,vaksina emlash,вакцина,A medicine used to protect the body from catching a specific infectious disease.,vækˈsin,16482,body-health,My dog has had two vaccines this year to keep him healthy.,Itim sog'lom bo'lishi uchun bu yil ikki marta emlandi.,immunization inoculation,
fate,noun,B2,taqdir qismat,судьба,The power that is thought to decide everything that happens in the future.,feɪt,16484,ielts,Sometimes it feels like fate brought us together at the right time.,Ba'zan taqdir bizni aynan kerakli vaqtda uchrashtirgandek tuyuladi.,destiny fortune,free will
penny,noun,B1,pens tiyin,пенни,A small British coin equal to one hundredth of a pound sterling.,ˈpɛni,16486,basics,I do not have a single penny left in my empty wallet.,Hamyonimda bir tiyin ham qolmadi.,cent coin,
bookings,noun,B1,band qilish bron,бронирования,"Arrangements to use a service, such as a hotel room or flight, at a later time.",ˈbʊkɪŋz,16488,travel,The hotel is full because there are many bookings for the holidays.,Bayram kunlari uchun ko‘p bronlar bo‘lgani sababli mehmonxona to‘la.,reservations appointments,
threatened,adjective,B2,xavf ostidagi tahdid qilingan,находящийся под угрозой,A species or environment that is at risk of disappearing in the near future.,ˈθɹɛt.n̩d,16490,nature,Pandas are a threatened species that requires our protection and care.,Pandalar himoyaga muhtoj bo‘lgan xavf ostidagi tur hisoblanadi.,endangered vulnerable,safe
porter,noun,B2,yuk tashuvchi hammol,носильщик,A person whose job is to carry luggage for guests at a hotel or station.,ˈpɔɹtɚ,16492,work,"By the time I reached the train station, a porter was waiting there.","Temiryo‘l bekatiga yetib borganimda, u yerda yuk tashuvchi kutib turgan edi.",carrier luggage-handler,
jungle,noun,B1,jungli tropik o‘rmon,джунгли,"A thick, tropical forest with many different types of plants and wild animals.",ˈd͡ʒʌŋ.ɡ(ə)l,16494,nature,The wild animals live deep inside the dark and dangerous tropical jungle.,Yovvoyi hayvonlar qorong‘u va xavfli tropik o‘rmonning qoq markazida yashaydi.,rainforest wilderness,
rim,noun,B2,qirra chet,край,The outer edge of something that is round or circular.,ˈɹʷɪm,16496,describing,Palm trees follow the curved rim of the sandy beach.,Palma daraxtlari qumli sohildagi qirra bo'ylab o'sib yotibdi.,edge border,
zen,adjective,C1,xotirjam osoyishta,спокойный,"Feeling extremely calm, relaxed and free from worry.",ˈzɛn,16498,feelings,I try to keep a zen state of mind during busy days.,Men serhasham kunlarda ham xotirjam qolishga harakat qilaman.,calm peaceful,stressed
ivory,noun,C1,fil suyagi,слоновая кость,A hard white material that comes from the tusks of elephants.,ˈaɪv(ə)ɹi,16500,nature,The antique carving was made of high quality polished ivory.,Bu qadimiy o'ymakorlik yuqori sifatli sayqallangan fil suyagidan yasalgan.,,
alpine,adjective,C1,alp tog'lari tog',альпийский,"Relating to high mountains, especially those above the level where trees grow.",ˈæl.paɪn,16502,nature,The hikers enjoyed the beautiful view of the alpine meadows.,Sayohat qiluvchilar alp tog'lari yaylovlarining go'zal manzarasidan zavqlanishdi.,montane,
prediction,noun,B2,bashorat oldindan aytish,прогноз,A statement about what you think will happen in the future.,pɹɪˈdɪkʃən,16504,ielts,Her prediction about the change in market prices was exactly right.,Uning bozor narxlari o'zgarishi haqidagi bashorati aynan to'g'ri chiqdi.,forecast prediction,
fabulous,adjective,B2,ajoyib a'lo,потрясающий,"Extremely good, wonderful, or very impressive.",ˈfæbjʊləs,16506,describing,You look absolutely fabulous in that new red dress tonight.,Bu yangi qizil ko'ylakda juda ham ajoyib ko'rinyapsiz.,wonderful amazing,awful
remix,noun,B2,remiks,ремикс,A new version of a song that has been changed or rearranged.,ˈɹiːˌmɪks,16508,actions,The DJ played a cool dance remix of my favorite song.,DJ sevimli qo'shig'imning juda zo'r raqsbop remiksini qo'ydi.,,
alias,noun,C1,taxallus,псевдоним,A fake or secondary name that a person uses instead of their real one.,ˈeɪ.li.əs,16510,ielts,The spy operated under an alias to hide his true identity.,Josus o'z haqiqiy shaxsini yashirish uchun taxallus bilan ishlagan.,pseudonym,
thesaurus,noun,B2,sinonimlar lug'ati,словарь синонимов,A book or software that lists words with similar or related meanings.,θɪˈsɔːɹəs,16512,school,Use a thesaurus to find more interesting words for your essay.,Inshongiz uchun qiziqarliroq so'zlar topish uchun sinonimlar lug'atidan foydalaning.,,
individually,adverb,B2,alohida yakka holda,индивидуально,"Happening to one person or thing separately, rather than as a group.",ˌɪndɪˈvɪd͡ʒ(u)əli,16514,actions,The teacher checked the homework of every student individually today.,Bugun o'qituvchi har bir o'quvchining uy vazifasini alohida tekshirib chiqdi.,separately independently,collectively
battlefield,noun,B2,jang maydoni,поле боя,The place where a war or a large fight takes place.,ˈbætəlˌfiːld,16516,places,Many soldiers lost their lives on the battlefield during the war.,Urush paytida ko'plab askarlar jang maydonida halok bo'ldi.,battleground,
literally,adverb,B2,chindan ham,буквально,"Used to emphasize that what you are saying is true, even if surprising.",ˈlɪtəɹəli,16518,ielts,It was literally the most exciting thing that ever happened to me.,Bu rostdan ham hayotimda sodir bo'lgan eng hayajonli voqea edi.,actually really,
newer,adjective,A2,yangi yangiroq,более новый,More recent or recently made than the previous version.,ˈnjuː.ə,16520,describing,I bought a newer model of this phone last week.,Men o'tgan haftada bu telefonning yangiroq modelini sotib oldim.,recent,older
ecological,adjective,B2,ekologik tabiatga zarar yetkazmaydigan,экологический,Relating to things that do not cause damage to the natural world.,ˌiːkəˈlɒd͡ʒɪkl̩,16524,nature,We should buy more ecological products to help save the planet.,Sayyoramizni asrash uchun tabiatga zarar yetkazmaydigan mahsulotlar xarid qilishimiz kerak.,green eco-friendly,
spice,noun,B1,ziravor,специя,Dried parts of plants used to add flavor to food.,spaɪs,16526,food-drink,She added a special spice to the soup to make it tasty.,U sho'rvani mazali qilish uchun maxsus ziravor qo'shdi.,seasoning flavoring,
oval,adjective,A2,oval tuxumsimon,овальный,Having the shape of an egg or an elongated circle.,ˈəʊvəl,16528,describing,The artist drew an oval shape on the piece of paper.,Rassom qog'oz varag'iga tuxumsimon shakl chizdi.,egg-shaped elliptical,
implies,verb,C1,anglatadi nazarda tutadi,подразумевать,To express something indirectly without saying it clearly in words.,ɪmˈplaɪz,16530,ielts,His silence implies that he does not agree with the plan.,Uning sukuti rejaga rozi emasligini anglatadi.,suggest indicate,
soma,noun,C2,tana jism,тело,"The physical body of an animal or human, excluding internal cells.",ˈsoʊmə,16532,body-health,The study focused on the development of the soma in early stages.,Tadqiqot dastlabki bosqichlarda tananing rivojlanishiga qaratilgan.,body physique,
cooler,noun,B1,sovutkich muzxonali quti,охладитель,An insulated box used to keep food and drinks cold while traveling.,ˈkuː.lə(ɹ),16536,travel,We kept our drinks in a cooler during the long summer trip.,Yozgi uzoq safar davomida ichimliklarimizni sovutkich qutida saqladik.,fridge icebox,
appraisal,noun,C1,baholash baho,оценка,A professional opinion about how much something is worth or how well someone is performing.,əˈpɹeɪzəl,16538,work,The manager gave me a fair appraisal of my work this year.,Menejer yil davomida qilgan ishimga adolatli baho berdi.,assessment evaluation,
maritime,adjective,C1,dengiz dengizga oid,морской,"Connected with the sea, ships, or navigation.",ˈmæ.ɹɪˌtaɪm,16540,ielts,The country has a long history of maritime trade and exploration.,Bu mamlakat uzoq tarixga ega dengiz savdosi va kashfiyotlari bilan mashhur.,nautical marine,
submitting,verb,B2,topshirish taqdim etish,подача,Giving a document or proposal to someone so they can consider it or approve it.,səbˈmɪtɪŋ,16542,actions,I am submitting my final project report to the professor today.,Men bugun professorga yakuniy loyiha hisobotimni topshiryapman.,handing delivering,
overhead,adjective,B2,tepada joylashgan,над головой,Located above the level of your head; up in the sky or ceiling.,ˈəʊvəˌhɛd,16544,describing,You should store your bag in the overhead locker during the flight.,Parvoz paytida sumkangizni tepadagi javonga joylashtirishingiz kerak.,above upper,underground
ascii,noun,C1,kompyuter kodi,код ASCII,A standard code used for representing text in computers and other devices.,ˈæski,16546,ielts,The file was saved in plain ASCII text format for better compatibility.,Fayl yaxshiroq moslashuvchanlik uchun oddiy ASCII matn formatida saqlandi.,,
shipment,noun,B1,yuk yuborish jo‘natma,отгрузка,"A quantity of goods that is sent to a place by ship, truck, or plane.",ˈʃɪpmənt,16548,work,We are expecting a new shipment of products to arrive on Monday.,Dushanba kuni mahsulotlarning yangi jo‘natmasi kelishini kutyapmiz.,delivery load,
geographical,adjective,B2,geografik,географический,"Relating to the physical features, layout, or location of an area.",d͡ʒiəˈɡɹæfɪkl̩,16550,ielts,There are many geographical differences between the two regions of the country.,Mamlakatning bu ikki hududi o‘rtasida ko‘plab geografik farqlar mavjud.,geographic,
donor,noun,B2,homiy donor,донор,"A person who gives money, organs, or blood to help others.",ˈdoʊnɚ,16552,people-family,The charity hospital relies on funding from a generous anonymous donor.,Xayriya shifoxonasi saxovatpesha noma’lum homiy tomonidan ajratilgan mablag‘ga tayanadi.,contributor benefactor,
tension,noun,B2,taranglik ziddiyat,напряжённость,"A state of worry, nervousness or serious disagreement between people or groups.",ˈtɛnʃən,16554,ielts,The tension between the two countries has increased over the last week.,Oxirgi haftada ikki mamlakat oʻrtasidagi ziddiyat yanada kuchaydi.,strain pressure,calm
trash,noun,A2,axlat chiqindi,мусор,Things that are unwanted or of no use and should be thrown away.,tɹæʃ,16556,home,Please take out the trash before you leave the house tonight.,Uyga ketishdan oldin iltimos axlatni tashlab yuboring.,rubbish litter,
tier,noun,C1,qavat pog'ona,ярус,One of several levels or layers in a structure or organization.,ˈtaɪ.ə(ɹ),16558,ielts,The stadium was built with a second tier to hold more fans.,Stadion koʻproq muxlis sigʻishi uchun ikkinchi qavat bilan kengaytirildi.,layer level,
earl,noun,C2,graf,граф,"A British nobleman who holds a high rank, above a viscount and below a marquess.",ɜːl,16562,ielts,The earl invited several guests to his private estate for the weekend.,Graf dam olish kunlari o'z mulkiga bir nechta mehmonni taklif qildi.,count nobleman,
manor,noun,B2,mulk qarorgoh,поместье,A large country house with the land that belongs to it.,ˈmænə,16564,places,They walked through the beautiful gardens surrounding the old stone manor.,Ular qadimiy tosh qarorgohni o'rab turgan go'zal bog'lar bo'ylab sayr qilishdi.,estate mansion,
envelope,noun,A2,konvert,конверт,A flat paper container used for sending letters or documents by mail.,ˈɛnvələʊp,16566,basics,I put the letter into an envelope and wrote the address clearly.,Men xatni konvertga soldim va manzilni aniq qilib yozib qo'ydim.,packet,
homeland,noun,B2,vatan ona yurt,родина,The country where a person was born or where they feel they belong.,ˈhəʊmˌlænd,16568,ielts,"After many years abroad, he decided to return to his homeland.","Ko'p yillar xorijda yashagach, u o'z vataniga qaytishga qaror qildi.",motherland country,
disco,noun,B1,diskoteka,дискотека,A place or party where people go to dance to recorded pop music.,ˈdɪskəʊ,16570,places,They went to a local disco to dance with their friends tonight.,Ular bugun oqshom do'stlari bilan raqsga tushish uchun mahalliy diskotekaga borishdi.,club nightclub,
bailey,noun,C1,qal’a hovlisi,внутренний двор замка,The open area enclosed within the outer defensive walls of a castle or fortress.,ˈbeɪli,16572,places,The soldiers gathered in the castle bailey to prepare for the defense.,Askarlar qal’ani himoya qilishga tayyorgarlik ko‘rish uchun hovliga yig‘ilishdi.,courtyard enclosure,
endif,noun,C1,shart tugashi,конец условия,A command in computer programming that marks the end of a conditional if statement.,ˈendɪf,16574,work,You must include the endif statement to close the block of code correctly.,Kod blokini to‘g‘ri yopish uchun endif buyrug‘ini qo‘shishingiz kerak.,,
emotions,noun,B1,hissiyotlar tuyg‘ular,эмоции,"Strong feelings such as joy, sadness, anger, or love experienced by a person.",ɪˈməʊ.ʃənz,16576,feelings,It is healthy to express your emotions instead of keeping them inside.,Hissiyotlaringizni ichingizda saqlagandan ko‘ra ularni ifodalash sog‘lomroqdir.,feelings sentiments,
wellington,noun,B2,rezina etik,резиновые сапоги,"A tall waterproof rubber boot worn to keep feet dry in wet, muddy weather.",ˈwɛlɪŋtən,16578,clothes,She put on her wellingtons before walking through the muddy forest paths.,Loyli o‘rmon yo‘llaridan yurishdan oldin u rezina etiklarini kiyib oldi.,gumboots,
eternal,adjective,B2,abadiy mangu,вечный,Something that has no end and will last for all time.,ɪˈtɜː.nl̩,16582,ielts,The stars seemed to shine with an eternal light in the sky.,Yulduzlar osmonda xuddi abadiy nur sochayotgandek tuyuldi.,endless everlasting,ephemeral
aboriginal,adjective,C1,tub mahalliy,коренной,Relating to the people or things that have existed in a place from the beginning.,ˌæb.əˈɹɪd͡ʒ.n̩.l̩,16584,ielts,The museum displays many artifacts from the country's aboriginal people.,Muzeyda mamlakatning tub aholisiga tegishli ko'plab buyumlar namoyish etilgan.,indigenous native,
remarkable,adjective,B1,ajoyib aqlbovar-qilmas,замечательный,Very unusual or special in a way that makes people notice it.,ɹɪˈmɑː.kə.bl̩,16586,describing,She made a remarkable recovery after being very ill for two weeks.,U ikki hafta juda qattiq kasal bo'lgandan keyin ajoyib tarzda tuzalib ketdi.,extraordinary notable,unremarkable
rotation,noun,B2,aylanish almashinish,вращение,The action of turning around a central point or an axis.,ɹoʊˈteɪʃən,16588,ielts,The Earth's rotation causes the change between day and night.,Yerdagi kun va tun almashinuvi uning o'z o'qi atrofida aylanishi tufayli sodir bo'ladi.,turn revolution,
productive,adjective,B2,samarali unumdor,продуктивный,Doing or achieving a lot of work or good results.,pɹəˈdʌk.tɪv,16590,work,We had a very productive meeting and solved most of our problems.,Biz juda samarali yig'ilish o'tkazdik va muammolarimizning aksariyatini hal qildik.,fruitful effective,unproductive
boulevard,noun,B2,katta ko'cha shohko'cha,бульвар,"A wide city street, often with trees planted along the sides.",ˈbuː.ləˌvɑːd,16592,places,We live on a beautiful tree-lined boulevard in the city center.,Biz shaharning qoq markazidagi manzarali shohko'chada yashaymiz.,avenue street,
pig,noun,A1,cho'chqa,свинья,"A farm animal with a pinkish body, used for its meat.",pɪɡ,16594,animals,The farmer feeds his pigs early every morning on the farm.,Fermer har kuni ertalab fermadagi cho'chqalarini boqadi.,hog swine,
metric,noun,C1,o'lchov ko'rsatkich,метрика,A standard or set of numbers used to measure or evaluate something.,ˈmɛt.ɹɪk,16596,ielts,They use specific business metrics to track their monthly company growth.,Ular kompaniyaning oylik o'sishini kuzatish uchun maxsus biznes ko'rsatkichlaridan foydalanadilar.,measurement gauge,
compliant,adjective,C1,itoatkor qoidalarga mos,послушный,Following rules or doing what is expected by others without complaining.,kəmˈplʌɪənt,16598,ielts,The company must be compliant with the new environmental safety regulations.,Kompaniya yangi ekologik xavfsizlik qoidalariga rioya qilishi shart.,obedient submissive,incompliant
minus,preposition,A2,minus ayirilgan,минус,Reduced by a certain amount; without something.,ˈmaɪ.nəs,16600,basics,Ten minus four equals six in this simple math problem.,Bu oddiy misolda o'n ayirilgan to'rt oltiga teng.,less lacking,plus
penalties,noun,B2,jarimalar jazo,штрафы,Punishments or fines imposed for breaking a rule or law.,ˈpɛnəltiz,16602,ielts,There are severe penalties for companies that ignore the new regulations.,Yangi qoidalarga e'tibor bermaydigan kompaniyalar uchun qattiq jarimalar mavjud.,fines punishments,
imagination,noun,B1,tasavvur xayol,воображение,The ability to form new ideas or mental images of things not present.,ɪˌmæd͡ʒəˈneɪʃən,16604,ielts,Children often use their imagination to create wonderful stories and games.,Bolalar ajoyib hikoyalar va o'yinlar o'ylab topish uchun tez-tez xayol kuchidan foydalanadilar.,creativity fantasy,
activated,verb,B2,faollashtirilgan ishga tushirilgan,активированный,Made something start working or become active.,ˈæktɪveɪtɪd,16606,actions,She activated the security alarm as soon as she entered the house.,U uyga kirishi bilan xavfsizlik signalizatsiyasini ishga tushirdi.,triggered started,deactivated
actress,noun,A1,aktrisa,актриса,"A woman who performs in plays, movies, or television shows.",ˈæk.tɹɪs,16608,people-family,The famous actress won an award for her role in the film.,Mashhur aktrisa filmdagi roli uchun mukofotni qo'lga kiritdi.,performer,
mess,noun,A2,tartibsizlik palapartishlik,беспорядок,A dirty or untidy state of things that is unpleasant or confusing.,mɛs,16610,home,Your bedroom is such a mess that I cannot find my socks.,Yotoqxonang shunchalik tartibsizki paypoqlarimni topa olmayapman.,disorder chaos,order
politicians,noun,B1,siyosatchilar,политики,People who are professionally involved in politics or hold a government office.,ˌpɒl.ɪˈtɪʃ.ənz,16612,ielts,Politicians should work hard to improve the lives of all citizens.,Siyosatchilar barcha fuqarolarning hayotini yaxshilash uchun qattiq ishlashlari kerak.,statesmen leaders,
lit,adjective,B2,yoritilgan,освещённый,Provided with light so that things can be clearly seen.,ˈlɪt,16614,describing,He walked down the brightly lit corridor to reach the main hall.,U asosiy zalga yetib borish uchun yorug' yoritilgan yo'lakdan yurdi.,illuminated lighted,dark
aurora,noun,C1,qutb yog'dusi,полярное сияние,"A natural light display in the Earth's sky, seen mainly in high-latitude regions.",əˈɹɔː.ɹə,16616,nature,We traveled north specifically to watch the beautiful aurora in the sky.,Biz osmondagi go'zal qutb yog'dusini tomosha qilish uchun maxsus shimolga bordik.,polar light,
premiere,noun,B2,premyera,премьера,"The first public performance of a movie, play, or show.",pɹəˈmɪɚ,16618,ielts,The director attended the red carpet premiere of his latest action movie.,Rejissyor o'zining eng yangi jangari filmi premyerasida qizil yo'lakda ishtirok etdi.,first night,
lender,noun,B2,qarz beruvchi,кредитор,"A person or organization, like a bank, that allows you to borrow money.",ˈlɛndɚ,16620,work,The lender required a signature before approving the loan for my business.,Kredit beruvchi biznesim uchun qarzni ma'qullashdan oldin imzoyimni talab qildi.,creditor,borrower
shade,noun,B1,soya,тень,An area that is dark because something is blocking direct sunlight.,ʃeɪd,16622,nature,The old oak tree gave shade in the heat of the day.,Kun qiziganda qari eman daraxti soya berib turdi.,,sunlight
chorus,noun,B2,xor qismi,хор,A large group of people who sing together in a performance.,ˈkɔːɹəs,16624,ielts,The school chorus performed beautifully at the annual winter concert.,Maktab xori yillik qishki konsertda juda chiroyli kuyladi.,choir,
rhythm,noun,B1,ritm marom,ритм,A regular and repeated pattern of sounds or movements.,ˈɹɪð.m̩,16626,ielts,"Once you get the rhythm of it, the job will become easy.","Bir marta maromini tushunib olsangiz, ish juda osonlashadi.",beat tempo,
digit,noun,B1,raqam,цифра,Any of the numbers from 0 to 9.,ˈdɪd͡ʒɪt,16628,school,The passcode consists of four digits that are easy to remember.,Parol eslab qolish oson bo'lgan to'rtta raqamdan iborat.,figure number,
dietary,adjective,B2,parhezga oid,диетический,Relating to the food that a person or animal eats regularly.,ˈdaɪət(ə)ɹi,16630,body-health,"If you have any dietary requirements, please inform the kitchen staff.","Agar parhezingiz bilan bog'liq maxsus talablar bo'lsa, oshxona xodimlariga ayting.",,
symphony,noun,C1,simfoniya,симфония,A long and complex piece of music written for an orchestra.,ˈsɪm.fə.ni,16632,ielts,The orchestra played a famous symphony by Beethoven at the gala.,Galada orkestr Betxovenning mashhur simfoniyasini ijro etdi.,,
sudden,adjective,B1,kutilmagan to'satdan,внезапный,Happening or done very quickly and without warning.,ˈsʌd.ən,16634,describing,The sudden change in the weather caught us all by surprise.,Ob-havoning kutilmagan o'zgarishi barchamizni hayron qoldirdi.,abrupt unexpected,gradual
precipitation,noun,C1,yog'in yog'ingarchilik,осадки,"Water that falls from the sky to the ground as rain, snow, or hail.",pɹɪˌsɪpɪˈteɪʃn̩,16636,nature,The region receives very little precipitation throughout the entire year.,Bu hududga yil davomida juda kam yog'in tushadi.,rainfall,
lyric,noun,B2,qo'shiq matni,текст песни,The words of a song or a poem expressing personal thoughts and feelings.,ˈlɪɹɪk,16638,ielts,"I really love the lyrics of this song, they are so emotional.","Menga bu qo'shiqning matni juda yoqadi, u juda ta'sirli.",songword,
isolation,noun,B2,yakkalik ajralish,изоляция,The state of being alone and separated from other people or things.,ˌaɪsəˈleɪʃən,16640,ielts,"She lived her final year in complete isolation, not wanting to see anybody.",U oxirgi yilini hech kimni ko'rishni istamay butunlay yolg'izlikda o'tkazdi.,aloneness seclusion,
approximate,adjective,B2,taxminiy chamalab,приблизительный,"Nearly correct or accurate, but not completely exact.",əˈpɹɒk.sɪ.mət,16642,ielts,Can you give me an approximate cost for fixing the broken car?,Buzilgan mashinani tuzatish uchun taxminiy narxni ayta olasizmi?,crude,
rope,noun,A2,arqon,верёвка,"A long, thick piece of string made of twisted threads used for tying things.",ɹəʊp,16644,basics,The sailors used a thick rope to tie the boat to land.,Dengizchilar qayiqni qirg'oqqa bog'lash uchun yo'g'on arqondan foydalanishdi.,line cord,
programmer,noun,B1,dasturchi,программист,A person whose job is to write computer programs.,ˈpɹəʊɡɹæmə,16646,work,My brother works as a programmer at a large software company.,Akam yirik dasturiy ta'minot kompaniyasida dasturchi bo'lib ishlaydi.,coder,
dump,noun,B1,axlatxona chiqindixona,свалка,A place where people take their unwanted waste and leave it.,dʌmp,16648,places,We drove to the local dump to throw away our old furniture.,Eski mebellarimizni tashlab yuborish uchun mahalliy axlatxonaga bordik.,,
incomplete,adjective,B1,chala tugallanmagan,неполный,Not having all the parts that are needed; not finished.,ɪn.kəmˈpliːt,16650,describing,The report was incomplete because he forgot to add the final numbers.,"Hisobot chala edi, chunki u oxirgi raqamlarni qo'shishni unutib qo'ydi.",,complete
chronicle,noun,C1,yilnoma xronika,летопись,A book or record that describes past events in the order they happened.,ˈkɹɒnɪkəl,16652,ielts,The book is a detailed chronicle of the city's early development.,Bu kitob shaharning ilk rivojlanish davri haqidagi batafsil yilnomadir.,record history,
fountain,noun,B1,favvora,фонтан,A structure that shoots water into the air in a garden or public place.,ˈfaʊn.tɪn,16654,places,His house is right beside that fountain on Street 15.,Uning uyi 15-ko'chadagi o'sha favvora yonida joylashgan.,spring,
chubby,adjective,B1,to'ladan kelgan semizroq,пухлый,"Someone who is slightly overweight and has a rounded, soft appearance.",ˈt͡ʃʌbi,16656,body-health,It’s quite normal for healthy babies to have chubby cheeks.,Sog'lom chaqaloqlarning yonoqlari to'lachadan kelgan bo'lishi tabiiy hol.,plump chunky,thin
grave,adjective,B2,jiddiy o'ta muhim,серьезный,Very serious and worrying in a way that suggests potential danger or disaster.,ɡɹeɪv,16658,ielts,"The situation is grave, and we must act very quickly now.",Vaziyat juda jiddiy va biz hozir zudlik bilan harakat qilishimiz kerak.,serious solemn,trivial
biographies,noun,B1,tarjimayi hollar,биографии,Books that tell the true story of a person's life.,baɪˈɒɡrəfiz,16660,school,She enjoys reading biographies of famous people from the past.,U o'tmishdagi mashhur insonlarning tarjimayi hollarini o'qishni yoqtiradi.,life-stories,
burner,noun,B2,yondirgich bir marta ishlatiladigan telefon,горелка,A cheap mobile phone bought for short-term use and then discarded.,ˈbɜːnə,16662,work,The spy used a burner phone so he could not be tracked.,Josus kuzatilmasligi uchun bir marta ishlatiladigan telefondan foydalandi.,,
investigator,noun,B2,tergovchi surishtiruvchi,следователь,A person whose job is to examine facts to find the truth about something.,ɪnˈvɛs.tɪˌɡeɪ̯.təː,16664,work,The lead investigator examined all the evidence found at the crime scene.,Bosh tergovchi jinoyat joyidan topilgan barcha dalillarni ko‘zdan kechirdi.,detective,
plaintiff,noun,C2,da’vogar,истец,A person who brings a legal case against someone else in a court of law.,ˈpleɪntɪf,16666,ielts,The plaintiff asked the judge for financial compensation for their damaged property.,Da’vogar sudyadan yetkazilgan zarar uchun tovon puli to‘lab berishni so‘radi.,claimant litigant,defendant
gentle,adjective,A2,muloyim mehribon,нежный,"Kind, calm, and careful not to hurt anyone or anything.",ˈdʒɛntl̩,16668,feelings,She gave the baby a gentle touch on the cheek to wake him.,U go‘dakni uyg‘otish uchun yuzini muloyimlik bilan siladi.,tender kind,rough
prisoners,noun,B1,mahbuslar mahkumlar,заключенные,People who are kept in a prison as a punishment for a crime.,ˈpɹɪzənɚz,16670,places,The prison guards watched over the prisoners throughout the long cold night.,Qamoqxona qo‘riqchilari tun bo‘yi mahbuslarni kuzatib chiqishdi.,inmates captives,
deeper,adjective,A2,chuqurroq,глубже,Extending further down from the top or surface than something else.,ˈdipɚ,16672,describing,We had to dig deeper into the ground to find any water.,Suv topish uchun yerni chuqurroq qazishimizga to‘g‘ri keldi.,,shallower
hose,noun,B1,shlang,шланг,A flexible pipe used to carry water to flowers or put out fires.,həʊz,16674,home,Use the garden hose to wash the dirt off your car wheels.,Mashinangiz g‘ildiraklaridagi loyni yuvish uchun bog‘ shlangidan foydalaning.,,
mediterranean,adjective,B2,o'rta yer dengizi,средиземноморский,"Relating to the sea between Europe, Africa, and Asia or the countries around it.",ˌmedɪtəˈreɪniən,16676,places,The Mediterranean diet is famous for being healthy and rich in vegetables.,O'rta yer dengizi parhezi sog'lom va sabzavotlarga boy ekanligi bilan mashhur.,,
nightlife,noun,B1,tungi hayot,ночная жизнь,Social and entertainment activities that happen in the evening and at night.,ˈnaɪtˌlaɪf,16678,places,Rio de Janeiro boasts the best nightlife in South America.,Rio-de-Janeyro Janubiy Amerikadagi eng yaxshi tungi hayoti bilan ajralib turadi.,,
footage,noun,B2,video lavha tasvir,видеоматериал,A length of film or video that has been recorded.,ˈfʊtɪd͡ʒ,16680,ielts,The footage we shot at the event yesterday was very clear.,Kecha tadbirda yozib olgan video lavhamiz juda tiniq chiqdi.,,
worthy,adjective,B2,loyiq munosib,достойный,"Deserving of respect, attention, or a particular reward.",ˈwɜːði,16682,describing,She is a worthy winner of this prestigious international award.,U ushbu nufuzli xalqaro mukofotning munosib g'olibidir.,deserving commendable,unworthy
duo,noun,B2,juftlik,дуэт,A pair of two people who work or perform together.,ˈdjuː.əʊ,16684,people-family,The famous musical duo played their best songs at the concert.,Mashhur musiqiy juftlik konsertda o'zlarining eng yaxshi qo'shiqlarini ijro etishdi.,pair,
excessive,adjective,B2,ortiqcha haddan tashqari,чрезмерный,"Much more than is necessary, normal, or reasonable.",ɪkˈsɛsɪv,16686,ielts,The movie's excessive use of special effects distracted from the plot.,Filmda maxsus effektlarning haddan tashqari ko'pligi syujetdan chalg'itib qo'ydi.,immoderate extravagant,insufficient
screensaver,noun,B1,ekran himoyachisi zastaavka,заставка,A program that shows moving images on a screen when it is not being used.,ˈskriːnˌseɪvə,16688,home,I configured my screensaver to appear after only two minutes of inactivity.,Men ekran himoyachisini ikki daqiqa harakatsizlikdan so'ng chiqadigan qilib sozladim.,,
valuation,noun,C1,baholash narx,оценка,The act of deciding how much money something is worth.,ˌvæ.ljuːˈeɪ.ʃən,16690,ielts,The bank requested a professional valuation of the house before approving the loan.,Bank kreditni tasdiqlashdan oldin uyni professional tarzda baholashni talab qildi.,assessment appraisal,
unexpected,adjective,B1,kutilmagan to'satdan,неожиданный,Surprising because you did not think that it would happen.,ʌnɪkˈspɛktɪd,16692,describing,We had an unexpected visitor at the house late last night.,Kecha tunda uyimizga kutilmagan mehmon tashrif buyurdi.,unforeseen surprising,expected
cigarette,noun,A2,sigaret,сигарета,A thin cylinder of tobacco rolled in paper for smoking.,ˈsɪ.ɡə.ɹɛt,16694,body-health,He decided to quit smoking and threw away his last cigarette.,U chekishni tashlashga qaror qildi va oxirgi sigaretini tashlab yubordi.,,
fog,noun,B1,tuman,туман,A thick cloud near the ground that makes it difficult to see.,fɒɡ,16696,nature,It was difficult to drive home because of the thick morning fog.,Qalin ertalabki tuman tufayli uyga mashinada qaytish qiyin bo'ldi.,mist haze,
characteristic,noun,B2,xususiyat belgi,характерная черта,A special quality or feature that makes a person or thing easy to recognize.,ˌkæɹəktəˈɹɪstɪk,16698,ielts,A key characteristic of this bird is its bright yellow beak.,Bu qushning asosiy xususiyati uning yorqin sariq tumshugʻidir.,feature trait,
lobby,noun,B1,foyening kutish zali,вестибюль,A large open area just inside the main entrance of a building like a hotel.,ˈlɒb.i,16700,places,I waited in the hotel lobby for my friends to arrive.,Doʻstlarim kelguncha mehmonxona foyesida kutib turdim.,foyer entrance,
consequently,adverb,B2,natijada shu sababli,следовательно,As a result of a particular action or situation.,ˈkɒnsɪˌkwɛntli,16702,ielts,"It rained heavily and, consequently, the football match was cancelled.",Kuchli yomgʻir yogʻdi va shu sababli futbol oʻyini bekor qilindi.,therefore accordingly,
headline,noun,B1,sarlavha maqola sarlavhasi,заголовок,"The title of a newspaper article, printed in large letters at the top.",ˈhɛd.laɪn,16704,work,The headline of the morning newspaper was about the new government plan.,Ertalabki gazeta sarlavhasi hukumatning yangi rejasi haqida edi.,title header,
punch,verb,B1,mushtlamoq urmoq,ударить кулаком,To hit someone or something hard with a closed hand.,pʌnt͡ʃ,16706,actions,"If she punches me, I am going to be very angry.","Agar u meni mushtlasa, juda jahlim chiqadi.",hit strike,
gotta,verb,B1,kerak majbur,должен,A casual way of saying that you must or need to do something.,ˈɡɒtə,16710,actions,I gotta learn these new English words for my exam.,Imtihon uchun mana bu yangi inglizcha so‘zlarni yodlashim kerak.,must have to,
cowboy,noun,B2,kovboy chorvador,ковбой,A man who works on a ranch looking after horses and cows.,ˈkaʊˌbɔɪ,16712,people-family,The cowboy spent his entire day riding across the large farm.,Kovboy butun kunini katta fermada otdan tushmay o‘tkazdi.,,
narrative,noun,C1,hikoya bayon,повествование,A written or spoken account of events that happened in a story.,ˈnæɹətɪv,16714,ielts,The author wrote a fascinating narrative about his travels in Asia.,Muallif o‘zining Osiyo bo‘ylab sayohatlari haqida qiziqarli hikoya yozdi.,story account,
karma,noun,C1,karma taqdir,карма,The belief that your actions cause good or bad things to happen to you.,kərm(ə),16716,feelings,She believes in karma and always tries to be kind to everyone.,U karmaga ishonadi va har doim hammaga yaxshilik qilishga harakat qiladi.,fate destiny,
quantitative,adjective,C1,miqdoriy,количественный,Relating to information that can be measured or counted rather than just described.,ˈkwɒntɪtətɪv,16718,ielts,The researchers conducted a quantitative analysis of the collected survey data.,Tadqiqotchilar to'plangan so'rovnoma ma'lumotlarini miqdoriy tahlil qilishdi.,statistical numerical,qualitative
subdivision,noun,B2,kichik bo'lim qism,подразделение,A part of something that has already been divided into smaller sections.,ˈsʌbdɪvɪʒən,16720,work,The main department was further organized into several smaller subdivisions.,Asosiy bo'lim keyinchalik bir nechta kichik qismlarga ajratildi.,section part,
defeat,verb,B1,yengmoq mag'lub etmoq,побеждать,"To win a victory over someone in a battle, game, or competition.",dɪˈfiːt,16722,actions,Our team managed to defeat the current champions in the final match.,Jamoamiz final o'yinida amaldagi chempionlarni yengishga muvaffaq bo'ldi.,beat conquer,lose
distinction,noun,C1,farq farqlilik,различие,A clear difference or contrast between two similar people or things.,dɪˈstɪŋkʃən,16724,ielts,There is a sharp distinction between healthy debate and angry arguments.,Sog'lom munozara bilan janjalli tortishuvlar o'rtasida katta farq bor.,difference contrast,similarity
naughty,adjective,A2,sho'x,непослушный,Used to describe a child who behaves badly or does not obey rules.,ˈnɔːti,16726,people-family,The naughty child was sent to his room for misbehaving at dinner.,Sho'x bola kechki ovqat paytida yomon xulqi uchun xonasiga yuborildi.,misbehaved impish,obedient
insured,adjective,B2,sug'urtalangan,застрахованный,Protected against loss or damage by an insurance policy.,ɪnˈʃʊəd,16728,work,All your expensive equipment should be fully insured against theft or damage.,Barcha qimmatbaho jihozlaringiz o'g'rilik yoki shikastlanishdan to'liq sug'urtalangan bo'lishi kerak.,covered protected,uninsured
harper,noun,C2,arfechi,арфист,A person who plays the harp as a musical instrument.,ˈhɑː(ɹ)pə(ɹ),16730,people-family,The harper performed a beautiful melody at the king's traditional wedding feast.,Arfechi qirolning an'anaviy to'y ziyofatida go'zal kuyni ijro etdi.,harpist,
exemption,noun,C1,ozod qilish imtiyoz,освобождение,Special permission to not do something or not pay something that others must do.,ɪɡˈzɛm(p).ʃən,16732,ielts,Students can apply for an exemption from taking the final exam.,Talabalar yakuniy imtihondan ozod bo'lish uchun ariza topshirishlari mumkin.,immunity exception,liability
sustainability,noun,B2,barqarorlik,устойчивость,The ability to continue a process or activity without causing damage to the environment.,səˌsteɪnəˈbɪlɪti,16734,ielts,Many companies are now focusing on environmental sustainability in their production.,Ko'pgina kompaniyalar hozirda ishlab chiqarishda ekologik barqarorlikka e'tibor qaratmoqda.,stability endurance,
tattoo,noun,B1,tatuirovka nakolka,татуировка,A permanent picture or pattern made on the skin using ink and needles.,tæˈtuː,16736,body-health,He has a small tattoo of a bird on his arm.,Uning qo'lida qush tasviri tushirilgan kichik tatuirovka bor.,,
shake,verb,A2,silkitmoq qimirlatmoq,трясти,To move something quickly up and down or from side to side.,ˈʃeɪk,16738,actions,Please shake the bottle well before you pour the juice.,"Iltimos, sharbatni quyishdan oldin idishni yaxshilab silkitib oling.",tremble vibrate,
algebra,noun,B1,algebra,алгебра,A type of mathematics that uses letters to represent unknown numbers in equations.,ˈæl.dʒɪ.bɹə,16740,school,I found algebra very difficult to understand when I was at school.,Maktabda o'qib yurganimda algebra menga juda qiyin tuyulardi.,,
holly,noun,B2,muqaddas daraxt g'urrak,остролист,"A small evergreen tree with prickly leaves and red berries, often used at Christmas.",ˈhɒli,16742,nature,We decorated the front door with a wreath made of holly.,Biz kirish eshigini g'urrakdan yasalgan gulchambar bilan bezatdik.,,
formatting,noun,B2,formatlash rasmiylashtirish,форматирование,The way in which text or data is arranged on a page or screen.,ˈfɔː.mæt.iŋ,16744,work,The formatting of your document looks very professional and clean.,Hujjatlaringizning formatlanishi juda professional va tartibli ko'rinadi.,arrangement layout,
silly,adjective,A2,ahmoqona tentakona,глупый,Showing a lack of good sense or appearing foolish in a funny way.,ˈsɪl.i,16746,describing,They were all laughing because he told a very silly joke.,U juda ahmoqona hazil aytgani uchun hamma kulardi.,foolish ridiculous,sensible
nutritional,adjective,B2,ozuqa oziq-ovqat,питательный,Relating to the process of providing or obtaining the food necessary for health.,njuːˈtɹɪʃ.ə.nəl,16748,food-drink,Check the label for the nutritional information before you buy this snack.,Bu gazakni sotib olishdan oldin uning ozuqaviy qiymatini o‘qib chiqing.,nourishing healthy,
mercy,noun,B2,rahmdillik shafqat,милосердие,Kind treatment towards someone who has the power to harm or punish you.,ˈmɜːsi,16750,ielts,The judge showed mercy by giving the man a lighter sentence.,"Sudya kishiga yengilroq jazo tayinlab, rahm-shafqat ko‘rsatdi.",pity compassion,mercilessness
freely,adverb,B1,erkin bemalol,свободно,Without restriction or interference from anyone else.,ˈfɹiːli,16752,actions,"In this classroom, students are encouraged to express their thoughts freely.",Bu sinfxonada o‘quvchilarga o‘z fikrlarini erkin ifodalash tavsiya etiladi.,openly voluntarily,
sunrise,noun,A2,quyosh chiqishi tong,рассвет,The time of day when the sun first appears in the morning sky.,ˈsʌnɹaɪz,16754,time,We woke up early to watch the beautiful sunrise over the mountains.,Tog‘lar uzra quyosh chiqishini tomosha qilish uchun erta uyg‘ondik.,daybreak sunup,sunset
wrapping,noun,B1,o'rash qog'ozi qadoq,обертка,Paper or other material used to cover an object to protect or decorate it.,ˈɹæp.ɪŋ,16756,home,She carefully removed the shiny gold wrapping from the birthday present.,U tug'ilgan kun sovg'asining yaltiroq tillarang qog'ozini ehtiyotkorlik bilan oldi.,casing packaging,
fur,noun,A2,mo'yna jun,мех,The thick soft hair that covers the bodies of some animals.,fɜː,16758,animals,"The cat has very soft, thick fur that keeps it warm outside.",Mushukning tashqarida isib turishiga yordam beradigan juda yumshoq va qalin juni bor.,,
timeline,noun,B2,vaqt jadvali xronologiya,временная шкала,A plan showing when events will happen or have happened in order.,ˈtaɪmˌlaɪn,16760,ielts,The manager created a timeline for completing the project by next month.,Menejer loyihani kelasi oyga qadar tugatish uchun vaqt jadvalini ishlab chiqdi.,chronology schedule,timepoint
tar,noun,B2,qora smola,деготь,"A thick, black, sticky substance used for making roads or roofs.",tɑː,16762,places,Workers were busy pouring hot tar onto the new road surface.,Ishchilar yangi yo'l yuzasiga qaynayotgan qora smolani quyish bilan band edilar.,,
readily,adverb,B2,jon deb osonlikcha,охотно,Happening quickly and easily without any waiting or problems.,ˈɹɛdɪli,16764,describing,The company readily accepted our suggestions for improving the work process.,Kompaniya ish jarayonini yaxshilash bo'yicha takliflarimizni jon deb qabul qildi.,,
affiliation,noun,C1,aloqa a'zolik,связь,A connection with a larger group or organization.,əˌfɪliˈeɪʃən,16766,ielts,His political affiliation with the party helped him find many new friends.,Uning partiya bilan siyosiy aloqasi ko'plab yangi do'stlar orttirishiga yordam berdi.,connection membership,
fence,noun,B1,panjara tosiq,забор,A structure made of wood or metal that separates two pieces of land.,fɛns,16768,home,We decided to build a wooden fence around our backyard garden.,Biz hovlimiz atrofini yog‘och panjara bilan o‘rashga qaror qildik.,railing barrier,
nudist,noun,C1,yalang‘och kishi,нудист,A person who prefers not to wear any clothes in public places.,ˈnudɪst,16770,people-family,The nudist spent his entire summer holiday at a private beach.,U yalang‘och kishilar uchun ajratilgan xususiy sohil bo‘yida butun yozgi ta’tilini o‘tkazdi.,naturist,clothist
infinite,adjective,C1,cheksiz behisob,бесконечный,Having no limits or end; impossible to measure or count.,ˈɪnfɪnɪt,16772,ielts,The universe seems to be infinite in its scale and complexity.,Koinot o‘zining ko‘lami va murakkabligi jihatidan cheksizdek ko‘rinadi.,boundless endless,finite
clan,noun,B2,urug‘ qabila,клан,A large group of families who are all related to the same ancestor.,klæn,16774,people-family,Members of the clan gathered annually to celebrate their shared heritage.,Urug‘ a’zolari o‘zlarining umumiy merosini nishonlash uchun har yili yig‘ilishardi.,tribe family,
legally,adverb,B2,qonuniy ravishda,законно,In a way that is allowed by the rules or the law.,ˈliːɡəli,16776,ielts,You are legally required to show your passport at the border.,Chegarada pasportingizni ko‘rsatishingiz qonunan talab qilinadi.,lawfully legitimately,illegally
shame,noun,B1,uyat sharmandalik,стыд,An uncomfortable feeling when you have done something wrong or embarrassing.,ʃeɪm,16778,feelings,He felt great shame after telling a lie to his best friend.,Eng yaqin do‘stiga yolg‘on gapirganidan keyin u qattiq uyaldi.,guilt embarrassment,pride
satisfactory,adjective,B1,qoniqarli yetarli,удовлетворительный,Good enough to meet a need or requirement.,sætɪsˈfækt(ə)ɹi,16780,describing,The satisfactory results of the survey led to his promotion.,So'rovnomaning qoniqarli natijalari uning lavozimi ko'tarilishiga sabab bo'ldi.,adequate sufficient,unsatisfactory
revolutionary,adjective,B2,inqilobiy yangicha,революционный,Involving or causing a complete or dramatic change.,ˌɹɛvəˈluʃənɛɹi,16782,ielts,The company introduced a revolutionary new tool for data analysis.,Kompaniya ma'lumotlarni tahlil qilish uchun inqilobiy yangi vositani taqdim etdi.,innovative ground-breaking,
sync,verb,B2,moslashtirmoq sinxronlashtirmoq,синхронизировать,To make things work at the same time or speed.,sɪŋk,16784,actions,He synced his phone to the laptop to transfer data.,U ma'lumotlarni ko'chirish uchun telefonini noutbuk bilan sinxronlashtirdi.,synchronize match,
civilian,noun,B2,tinch aholi fuqaro,гражданский,A person who is not a member of the armed forces.,sɪˈvɪl.jən,16786,ielts,Three civilians were apprehended by the soldiers and taken away.,"Uch nafar tinch aholi vakili askarlar tomonidan qo'lga olinib, olib ketildi.",non-combatant,military
telephony,noun,C1,telefoniya aloqa,телефония,The technology or system used for sending sounds over a distance.,təˈlɛf.ə.ni,16788,ielts,The new mobile network uses advanced digital telephony standards.,Yangi mobil tarmoq ilg'or raqamli telefoniya standartlaridan foydalanadi.,,
mesa,noun,C1,yassi tog' tepalik,столовая гора,A flat area of land that is higher than the surrounding land.,ˈmeɪ.sə,16790,nature,A few more miles brought us around a low mesa.,"Yana bir necha mil yo'l bosib, biz past yassi tog' atrofidan o'tdik.",plateau,
fatal,adjective,B2,o'limga olib keladigan halokatli,смертельный,Causing or ending in death or serious destruction.,ˈfeɪ.təl,16792,body-health,The car accident resulted in a fatal injury to the driver.,Avtohalokat haydovchining o'limiga olib keladigan darajada jarohatlanishiga sabab bo'ldi.,deadly lethal,
realtors,noun,B2,ko'chmas mulk agentlari,риелторы,People whose job is to sell or rent houses and land.,ˈɹiːəl.tərz,16794,work,The realtors helped us find a nice apartment in the city.,Ko'chmas mulk agentlari shahardan yaxshi kvartira topishimizga yordam berishdi.,estate agents,
thickness,noun,B1,qalinlik,толщина,The measurement of how thick an object is from one side to the other.,ˈθɪknəs,16796,describing,The wall has a thickness of thirty centimeters to keep us warm.,Devorning qalinligi bizni issiq saqlash uchun o'ttiz santimetrni tashkil qiladi.,depth,thinness
graphical,adjective,B2,grafik tasviriy,графический,"Relating to visual images, charts, or drawings that are easy to understand.",ˈɡɹæfɪkəl,16798,ielts,Modern computer games feature very high quality graphical elements and animations.,Zamonaviy kompyuter o'yinlari juda yuqori sifatli grafik elementlar va animatsiyalarga ega.,visual pictorial,
genius,noun,B2,daho o'tkir-zehn,гений,A person with a very high level of intelligence or great natural ability.,ˈd͡ʒiː.ni.əs,16800,people-family,Albert Einstein was a genius who changed our understanding of the universe.,Albert Eynshteyn koinot haqidagi tushunchamizni o'zgartirgan daho bo'lgan.,mastermind talent,idiot
aerospace,noun,C1,aerokosmik,аэрокосмический,"The industry that designs and builds aircraft, spacecraft, and satellites.",[ˈɛə̯.ɹəʊˌspeɪs],16802,work,She works as an engineer in the growing aerospace industry in our city.,U shahrimizdagi rivojlanib borayotgan aerokosmik sanoatida muhandis bo'lib ishlaydi.,,
fighter,noun,B1,jangchi kurashchi,боец,A person who fights in a war or a competitive sport.,ˈfaɪ.tə(ɹ),16804,people-family,The young fighter trained hard every day to win the championship belt.,Yosh jangchi chempionlik kamarini yutish uchun har kuni qattiq shug'ullandi.,warrior combatant,
meaningful,adjective,B2,mazmunli ahamiyatli,значимый,"Important, useful, or having a serious purpose.",ˈmiː.nɪŋ.fl̩,16806,ielts,We had a meaningful discussion about our future plans for the company.,Biz kompaniya uchun kelajak rejalarimiz haqida mazmunli suhbat qurdik.,significant purposeful,
flesh,noun,C1,et go'sht,плоть,"The soft parts of the body, mainly muscle and fat, covering the bones.",flɛʃ,16808,body-health,The tiger has powerful muscles and flesh that allow it to hunt quickly.,Yo'lbarsning kuchli mushaklari va eti unga tez ov qilish imkonini beradi.,tissue meat,
retreat,verb,B2,chekinish ortga qaytish,отступление,"To move away from a place or situation, often because of danger or pressure.",ɹɪˈtɹiːt,16810,actions,The soldiers had to retreat when they realized the enemy was too strong.,Dushman juda kuchli ekanini tushungan askarlar chekinishga majbur bo'ldi.,withdraw pull-back,advance
barely,adverb,B2,zo‘rg‘a arang,едва,Only just; by a very small amount or margin.,ˈbɛə(ɹ).li,16812,describing,I was so tired that I could barely keep my eyes open.,"Shunchalik charchagan edimki, ko‘zlarimni zo‘rg‘a ochib turgandim.",hardly scarcely,easily
wherever,conjunction,B1,qayerda bo'lsa ham,где бы ни,In or to any place; it does not matter where.,(h)wɛɹˈɛvɚ,16814,places,You can sit wherever you like in the empty theater.,Bo‘sh teatrda qayerga xohlasangiz o‘sha yerga o‘tiravering.,anywhere,
rug,noun,A2,gilamcha,коврик,A small piece of thick fabric used to cover part of a floor.,ˈɹʌɡ,16816,home,She placed a soft rug in front of the warm fireplace.,U issiq kamin oldiga yumshoq gilamcha to‘shadi.,mat carpet,
democrat,noun,B2,demokrat,демократ,A person who believes in or supports the principles of democracy.,ˈdɛm.ə.kɹæt,16818,ielts,Every true democrat believes in the importance of fair and free elections.,Har bir haqiqiy demokrat adolatli va erkin saylovlar muhimligiga ishonadi.,,autocrat
borough,noun,B2,shahar okrugi,район,A town or part of a large city that has its own local government.,ˈbʌ.ɹə,16820,places,He lives in a quiet borough on the outskirts of the city.,U shaharning chekkasidagi sokin bir tumanda yashaydi.,district,
shortcuts,noun,B1,qisqa yo‘llar,короткие пути,A path or route that is quicker than the normal way.,ˈʃɔːtkʌts,16822,actions,We know several shortcuts to get home before the traffic gets bad.,Yo‘llarda tirbandlik boshlanmasidan oldin uyga yetib olish uchun bir nechta qisqa yo‘llarni bilamiz.,ways,
marble,noun,B2,marmar,мрамор,"A hard stone that is smooth and shiny when polished, used for building or art.",ˈmɑː.bəl,16824,nature,The floor of the grand hall was made of white marble.,Katta zalning poydevori oq marmardan qilingan edi.,limestone,
specifies,verb,B2,aniqlashtiradi belgilaydi,определяет,To state clearly and exactly what is needed or required.,ˈspes.ɪ.faɪz,16826,ielts,The contract specifies that the work must be finished by Friday.,Shartnomada ish juma kunigacha tugatilishi kerakligi aniq belgilangan.,defines states,
hull,noun,C1,korpus kema korpusi,корпус,The main body or frame of a ship or other large water vessel.,hʌl,16828,travel,The ship suffered a large hole in its outer hull.,Kemaning tashqi korpusida katta teshik paydo bo‘ldi.,fuselage frame,
accreditation,noun,C1,akkreditatsiya tasdiqlash,аккредитация,The official act of giving a school or organization formal approval to operate.,əˌkɹɛd.ɪˈteɪ.ʃən,16830,ielts,The university is seeking accreditation for its new engineering degree program.,Universitet o‘zining yangi muhandislik yo‘nalishi uchun akkreditatsiyadan o‘tmoqchi.,certification authorization,
blackberry,noun,B1,yeryong‘oq kabi qora mayda meva,ежевика,A small dark purple or black fruit that grows on a prickly bush.,ˈblækbəɹi,16832,food-drink,We spent the whole afternoon picking blackberries in the wild forest.,Biz butun tushdan keyin o‘rmonda yovvoyi maymunjon terib o‘tkazdik.,bramble,
highland,noun,B2,tog‘li hudud balandlik,нагорье,An area of land that is high above the level of the sea.,ˈhaɪ.lənd,16834,nature,Many rare flowers grow naturally in the highland regions of the country.,Mamlakatning tog‘li hududlarida juda ko‘p noyob gullar o‘sadi.,upland,lowland
meditation,noun,B2,meditatsiya fikrni jamlash,медитация,The practice of clearing your mind to feel calm and relaxed.,mɛdɪˈteɪʃn̩,16836,body-health,She practices daily meditation to help reduce her stress and anxiety.,U stress va xavotirni kamaytirish uchun har kuni meditatsiya bilan shug‘ullanadi.,contemplation,
modular,adjective,C1,modulli qismlarga ajraladigan,модульный,Made of separate parts that can be joined together to build something.,ˈmɒdjʊlə(ɹ),16838,ielts,The new kitchen is built using a flexible and efficient modular design.,Yangi oshxona moslashuvchan va samarali modulli dizayn asosida qurilgan.,sectional,
microphone,noun,A2,mikrofon,микрофон,A piece of equipment that records sound or makes it louder.,ˈmaɪ.kɹəˌfəʊn,16840,home,Please speak clearly into the microphone so everyone can hear you.,"Iltimos, hamma eshitishi uchun mikrofonga aniq gapiring.",mic,
instrumental,adjective,B2,muhim hal qiluvchi,играющий важную роль,Being an important reason for something happening or being done.,ɪnstɹəˈmɛntəl,16842,ielts,She was instrumental in the success of the new company project.,U kompaniyaning yangi loyihasi muvaffaqiyatida hal qiluvchi rol o'ynadi.,influential key,unimportant
balloon,verb,B2,keskin o'smoq tez ko'paymoq,быстро расти,"To increase in size, quantity, or price very quickly.",bəˈluːn,16844,actions,Public debt will balloon if the government keeps spending so much.,"Agar hukumat xarajatni ko'paytiraversa, davlat qarzi keskin oshib ketadi.",expand grow,shrink
memo,noun,B1,eslatma xotira,записка,A short piece of writing sent to people in an organization.,ˈmɛməʊ̯,16846,work,The manager sent a memo about the upcoming office meeting.,Menejer bo'lajak ofis yig'ilishi haqida eslatma yubordi.,note message,
ham,noun,A2,duxovkada pishirilgan cho'chqa go'shti,ветчина,"Meat from the leg of a pig, often prepared for eating.",ˈhæm,16848,food-drink,We had some sandwiches made with fresh ham and lettuce.,Biz yangi vetchina va salat bargidan sendvichlar tayyorladik.,,
tide,noun,B2,suv sathi ko'tarilishi va pasayishi,прилив и отлив,The regular rise and fall of the sea level caused by the moon.,taɪd,16850,nature,"The tide is coming in, so the beach is getting smaller.","Suv sathi ko'tarilmoqda, shuning uchun sohil kichrayib boryapti.",flow current,
standings,noun,B2,turnir jadvali reyting,турнирная таблица,A list showing the positions of teams based on their points in a league.,ˈstændɪŋz,16852,ielts,I check the league standings every week to see my team's position.,Jamoamning o‘rnini bilish uchun har hafta turnir jadvaliga qarab turaman.,ranking,
partition,noun,C1,bo‘linish ajratish,разделение,The act of dividing a country or an area into two or more parts.,pɑːˈtɪ.ʃən,16854,ielts,The partition of the country caused many families to live far apart.,Mamlakatning bo‘linishi ko‘plab oilalarning bir-biridan yiroqda yashashiga sabab bo‘ldi.,division separation,unification
invisible,adjective,B1,ko‘rinmas ko‘zga tashlanmas,невидимый,Impossible to be seen by the human eye.,ɪnˈvɪzəb(ə)l,16856,describing,Some bacteria are invisible to the naked eye without a microscope.,Ba'zi bakteriyalarni mikroskopsiz oddiy ko‘z bilan ko‘rib bo‘lmaydi.,unseen hidden,visible
funk,noun,B2,fank musiqasi,фанк,A style of dance music with a strong rhythm and a loud bass guitar.,fʌŋk,16858,actions,We listened to some classic funk music at the party last night.,Kecha bazmda klassik fank musiqalarini eshitib o‘tirdik.,,
magnet,noun,A2,magnit,магнит,An object that can pull certain metals toward itself.,ˈmæɡ.nɪt,16860,nature,The magnet stuck firmly to the metal door of the fridge.,Magnit muzlatgichning metall eshigiga mahkam yopishdi.,,
porsche,noun,B1,porshe,порше,A brand of high-performance and expensive luxury sports cars.,ˈpɔːrʃə,16862,travel,He saved all his money to buy a fast red Porsche.,U tez yurar qizil Porshe sotib olish uchun barcha pulini tejab qo'ydi.,,
cayman,noun,B2,kayman,кайман,A tropical reptile that looks like a small alligator.,ˈkeɪmən,16864,animals,The cayman waited patiently in the river for its next meal.,Kayman daryoda o'z yemagini sabr bilan kutib turdi.,caiman,
jaguar,noun,B1,yaguar,ягуар,"A large, powerful wild cat with black spots that lives in the Americas.",ˈd͡ʒæɡ.jʊə,16866,animals,The jaguar moved silently through the thick jungle grass.,Yaguar qalin o'rmon o'tlarida jimjit harakatlanardi.,,
reel,verb,B2,o'rash charxlash,наматывать,"To wind thread, string, or wire onto a spool or wheel.",ɹiːl,16868,actions,The fisherman began to reel the heavy fish toward the boat.,Baliqchi katta baliqni qayiqqa tomon tortib o'ray boshladi.,wind coil,
sheer,adjective,C1,mutlaq sof,совершенный,"Used to emphasize the total size, degree, or amount of something.",ʃɪə̯,16870,ielts,The success of the project was due to sheer hard work.,Loyiha muvaffaqiyati faqatgina qilingan mehnat evaziga bo'ldi.,utter complete,
posing,verb,B2,pozitsiya egallash kibrlanish,позирование,Acting in a way that is not natural just to impress others.,ˈpəʊzɪŋ,16872,ielts,He is just posing to look cool in front of his friends.,U shunchaki do'stlari oldida zo'r ko'rinish uchun kibrlanib yuribdi.,pretending posturing,
kilometers,noun,A1,kilometrlar,километры,Units of length equal to one thousand meters.,ˈkɪl.əˌmiː.təz,16874,basics,We drove many kilometers to reach the beautiful mountain lake.,Go'zal tog' ko'liga yetib borish uchun ko'p kilometr yo'l bosdik.,,
indication,noun,B2,belgi ishora,признак,A sign or piece of information that suggests something is true or may happen.,ɪndɪˈkeɪʃən,16876,ielts,There is no indication that the fire was started by a person.,Yong'in qasddan sodir etilganiga hech qanday belgi yo'q.,sign evidence,
congratulations,interjection,A1,tabriklayman,поздравляю,A word used to tell someone that you are happy for their success or achievement.,kənˌɡɹæt͡ʃəˈleɪʃ(ə)nz,16878,basics,Warm congratulations to you both on your wonderful wedding day!,Sizlarni to'y kuningiz bilan chin qalbimdan tabriklayman!,,
puppy,noun,A1,kuchukcha,щенок,A very young dog.,ˈpʌpi,16880,animals,We bought a small brown puppy from the animal shelter yesterday.,Biz kecha hayvonlar boshpanasidan kichkina qo'ng'ir kuchukcha oldik.,,
acre,noun,B2,gekr yer o'lchov birligi,акр,"A unit of land area equal to about 4,000 square metres.",ˈeɪ.kə,16882,nature,The farmer owns more than fifty acres of wheat fields nearby.,Fermer yaqin atrofdagi ellik akrdan ortiq bug'doyzorga egalik qiladi.,,
surround,verb,B1,o'rab olmoq,окружать,To be all around someone or something on every side.,səˈɹaʊnd,16884,actions,The police decided to surround the building to catch the criminal.,Politsiya jinoyatchini ushlash uchun binoni qurshab olishga qaror qildi.,encircle enclose,
revenge,noun,B2,o'ch qasos,месть,Action taken to hurt someone because they did something bad to you.,ɹəˈvɛnd͡ʒ,16886,feelings,He wanted revenge after his colleague lied to get him fired.,Hamkasbi uni ishdan bo'shatish uchun yolg'on gapirganidan keyin u o'ch olmoqchi bo'ldi.,payback,
consultancy,noun,C1,maslahat xizmati konsalting,консалтинг,A business that provides expert advice to other companies or individuals.,kənˈsʌltənsi,16888,work,They hired a top IT consultancy to improve their digital security systems.,Ular raqamli xavfsizlik tizimlarini yaxshilash uchun nufuzli IT maslahat firmasini yollashdi.,,
patrol,verb,B2,patrullik qilmoq,патрулировать,To walk or drive around an area regularly to keep it safe and secure.,pəˈtɹəʊl,16890,work,The police officers patrol the city streets throughout the long night shift.,Ichki ishlar xodimlari tunda shahar ko'chalarida patrullik qilishadi.,guard monitor,
smell,verb,A2,hidlamoq hid kelmoq,пахнуть,To use your nose to notice a scent or to have a particular scent.,smɛl,16892,body-health,I can smell fresh coffee brewing in the kitchen early this morning.,Ertalab oshxonadan yangi damlangan qahva hidi kelayotganini sezdim.,detect sense,
pest,noun,B2,zararkunanda hasharot,вредитель,An animal or insect that destroys crops or food or is very annoying.,pɛst,16894,nature,Farmers use special methods to protect their crops from every common pest.,Dehqonlar hosilini turli zararkunandalardan himoya qilish uchun maxsus usullardan foydalanadilar.,parasite nuisance,
carnival,noun,B1,sayil karnaval,карнавал,"A public festival with music, dancing, parades, and fun activities for people.",ˈkɑːnɪvəl,16896,travel,The whole town celebrates during the annual carnival with food and music.,Butun shahar aholisi yillik sayil vaqtida musiqa va taomlar bilan bayram qilishadi.,festival fair,
roughly,adverb,B2,taxminan chamasi,примерно,Used to show that a number or amount is not exact but close.,ˈɹʌf.li,16898,ielts,The journey to the capital city takes roughly three hours by train.,Poytaxtga poyezdda borish taxminan uch soat vaqtni oladi.,approximately about,exactly
sticker,noun,A2,yopishqoq qog'oz stiker,наклейка,A small piece of paper or plastic with a sticky back that you can attach.,ˈstɪkə,16900,home,She decorated her laptop with a colorful sticker of a cute cat.,U noutbugini mushuk rasmi tushirilgan rangli stiker bilan bezadi.,decal label,
reef,noun,C1,rif qoyali sayozlik,риф,"A line of rocks, sand, or coral near the surface of the ocean.",ɹiːf,16902,nature,The boat was damaged after hitting a hidden coral reef at night.,Qayiq tunda ko'rinmas marjon rifiga urilib shikastlandi.,atoll,
physically,adverb,B1,jismonan,физически,In a way that relates to the body rather than the mind.,ˈfɪz.ɪ.kli,16904,body-health,He feels physically exhausted after working in the garden all day long.,U butun kun bog'da ishlagandan so'ng jismonan charchaganini his qildi.,corporeally,mentally
divide,verb,B1,bo'lmoq ajratmoq,делить,To separate something into two or more smaller parts.,dɪˈvaɪd,16906,actions,We need to divide the housework equally between all the family members.,Biz uy ishlarini barcha oila a'zolari o'rtasida teng taqsimlashimiz kerak.,split partition,combine
stakeholders,noun,C1,manfaatdor tomonlar ishtirokchilar,заинтересованные стороны,People or organizations with an interest or concern in a particular project.,ˈsteɪkˌhəʊldərz,16908,ielts,The manager held a meeting to discuss the project with all stakeholders.,Menejer loyihani barcha manfaatdor tomonlar bilan muhokama qilish uchun yig'ilish o'tkazdi.,participants partners,
