headword,pos,cefr_level,translation_uz,translation_ru,definition_en,ipa,frequency_rank,category,example_en,example_uz,example_ru,synonyms,antonyms,word_family,common_mistake
bring about,phrasal verb,B2,"sabab bo'lmoq, yuzaga keltirmoq","вызывать, приводить к",to cause something to happen,/brɪŋ əˈbaʊt/,20001,phrasal,The new policy brought about significant improvements in the healthcare system.,Yangi siyosat sog'liqni saqlash tizimida sezilarli yaxshilanishlarni yuzaga keltirdi.,Новая политика привела к значительным улучшениям в системе здравоохранения.,"cause, lead to, create","prevent, stop",bring about,'Bring about' va 'bring up' iboralarini chalkashtirmang; 'bring about' natija yoki o'zgarishni yuzaga keltirishni bildiradi.
carry out,phrasal verb,B2,"bajarmoq, amalga oshirmoq","выполнять, проводить","to perform or complete a task, instruction, or research",/ˈkæri aʊt/,20003,phrasal,Scientists will carry out further experiments to confirm the findings.,Olimlar xulosalarni tasdiqlash uchun qo'shimcha tajribalar o'tkazishadi.,"Ученые проведут дополнительные эксперименты, чтобы подтвердить выводы.","conduct, perform, execute","halt, neglect",carry out,'Carry out' iborasini so'zma-so'z 'ko'tarib chiqmoq' deb tushunmang; u vazifa yoki tajribani bajarishni anglatadi.
crack down,phrasal verb,B2,"qat'iy choralar ko'rmoq, keskin kurashmoq","принимать жесткие меры, бороться",to take strong or severe action to stop illegal or unacceptable behaviour,/kræk ˈdaʊn/,20005,phrasal,The council decided to crack down on illegal parking in the city centre.,Kengash shahar markazida noqonuniy avtoturargohlarga qarshi qat'iy choralar ko'rishga qaror qildi.,Совет решил принять жесткие меры против незаконной парковки в центре города.,"clamp down, enforce laws, suppress","tolerate, permit, indulge",crackdown (noun),"'Crack down' fe'lidan so'ng ob'ekt kelganda 'on' predlogi ishlatiladi ('crack down on'), 'for' deyish xatodir."
crop up,phrasal verb,B2,"kutilmaganda yuzaga kelmoq, to'satdan paydo bo'lmoq","неожиданно возникать, всплывать",to happen or appear unexpectedly,/krɒp ˈʌp/,20007,phrasal,A few unexpected problems cropped up during the negotiations.,Muzokaralar davomida bir nechta kutilmagan muammolar yuzaga keldi.,Во время переговоров возникло несколько неожиданных проблем.,"pop up, arise, turn up","disappear, vanish",crop up (verb),"Ushbu fe'l o'timli emas (intransitive), shuning uchun unga to'g'ridan-to'g'ri to'ldiruvchi elanib bo'lmaydi."
drag on,phrasal verb,B2,"cho'zilib ketmoq, uzoq davom etmoq","затягиваться, тянуться",to continue for a longer time than necessary or expected in a boring or tiring way,/dræɡ ˈɒn/,20009,phrasal,The court case dragged on for almost two years.,Sud ishi deyarli ikki yil cho'zilib ketdi.,Судебное разбирательство затянулось почти на два года.,"drag out, persist, prolong","finish quickly, conclude",drag on (verb),"'Drag on' jarayon yoki majlislar uchun ishlatiladi, inson obyekt sifatidagida emas."
fall through,phrasal verb,B2,"barbod bo'lmoq, amalga oshmay qolmoq","сорваться, провалиться",to fail to happen or be completed successfully,/fɔːl ˈθruː/,20011,phrasal,Our holiday plans fell through because of the flight cancellations.,Parvozlar bekor qilingani sababli dam olish rejalarimiz barbod bo'ldi.,Наши планы на отпуск сорвались из-за отмены рейсов.,"collapse, fail, miscarry","succeed, materialise, come off",fall through (verb),'Fall through' majhul nisbatda (passive voice) ishlatilmaydi; 'was fallen through' deyish xatodir.
iron out,phrasal verb,B2,"hal qilmoq, kelishib olmoq, bartaraf etmoq","улаживать, сглаживать","to resolve or remove small difficulties, doubts, or details",/aɪən ˈaʊt/,20013,phrasal,We need to iron out a few final details before signing the contract.,Shartnomani imzolashdan oldin bir nechta so'nggi tafsilotlarni hal qilib olishimiz kerak.,Нам нужно уладить несколько последних деталей перед подписанием контракта.,"resolve, settle, smooth over","complicate, aggravate",iron out (verb),"Kiyim dazmollash ma'nosi ham bor bo'lib, ko'chma ma'nosi muammolarni hal qilish ekanligini unutmaslik kerak."
narrow down,phrasal verb,B2,"qisqartirmoq, tanlovni kamaytirmoq","сузить, сократить",to reduce the number of possibilities or choices,/ˈnærəʊ ˈdaʊn/,20015,phrasal,We have narrowed down the list of candidates to just three people.,Biz nomzodlar ro'yxatini atigi uch kishigacha qisqartirdik.,Мы сократили список кандидатов всего до трех человек.,"reduce, limit, filter","broaden, expand, widen",narrow down (verb),"Natijani ko'rsatishda 'to' predlogi ishlatiladi ('narrow down to three'), 'into' emas."
phase out,phrasal verb,B2,"bosqichma-bosqich bekor qilmoq, foydalanishdan chiqarmoq","постепенно сворачивать, постепенно выводить из употребления",to stop using or providing something gradually in stages,/feɪz ˈaʊt/,20017,phrasal,The government plans to phase out single-use plastics by next year.,Hukumat kelasi yilgacha bir marta ishlatiladigan plastikni bosqichma-bosqich bekor qilishni rejalashtirmoqda.,Правительство планирует постепенно вывести из употребления одноразовый пластик к следующему году.,"withdraw, discontinue, eliminate","introduce, phase in, roll out",phase-out (noun),"'Phase out' bir lahzada to'xtatishni emas, balki bosqichma-bosqich jarayonni anglatadi."
wear off,phrasal verb,B2,"ta'siri yo'qolmoq, sekin-asta kamaymoq","проходить, постепенно исчезать","to gradually decrease in effect, intensity, or feeling",/weə ˈɒf/,20019,phrasal,The pain relief medication began to wear off after a few hours.,Bir necha soatdan keyin og'riqsizlantiruvchi dorining ta'siri kamaya boshladi.,Обезболивающее средство начало проходить через несколько часов.,"fade, subside, diminish","intensify, strengthen",wear off (verb),'Wear off' (ta'siri yo'qolishi) va 'wear out' (eskirib to'zish yoki juda charchash) chalkashtirilmasligi kerak.
spell out,phrasal verb,B2,"batafsil tushuntirmoq, ochiq-oydin aytmoq","разъяснять, подробно объяснять",to explain something clearly and in explicit detail,/spel ˈaʊt/,20021,phrasal,You do not need to spell out every detail; I understand the situation.,Har bir tafsilotni batafsil tushuntirishingiz shart emas; men vaziyatni tushunib turibman.,Вам не нужно подробно объяснять каждую деталь; я понимаю ситуацию.,"clarify, specify, explain","obscure, confuse",spell out (verb),"Bu ibora ko'chma ma'noda aniq tushuntirishni anglatadi, shunchaki harflab aytishni emas."
step down,phrasal verb,B2,"lavozimidan ketmoq, iste'foga chiqmoq","уходить в отставку, покидать пост",to resign or leave a position of authority or responsibility,/step ˈdaʊn/,20023,phrasal,The chief executive decided to step down following the scandal.,Bosh ijrochi direktor mojarodan so'ng lavozimidan ketishga qaror qildi.,Генеральный директор решил уйти в отставку после скандала.,"resign, retire, stand down","take office, step up, assume power",step down (verb),"Lavozimdan ketish ma'nosida 'step down from' ishlatiladi, 'step down of' emas."
die down,phrasal verb,B2,"pasaymoq, tinchimoq, susaymoq","утихать, затихать","to become less noisy, strong, or active",/daɪ ˈdaʊn/,20025,phrasal,We waited for the storm to die down before leaving the house.,Uydan chiqishdan oldin bo'ronning tinchishini kutdik.,"Мы подождали, пока буря утихнет, прежде чем выйти из дома.","subside, abate, lessen","intensify, grow, escalate",die down (verb),"Ushbu iboraning o'limga aloqasi yo'q; u shovqin, shamol yoki hayajonning pasayishini bildiradi."
opt out,phrasal verb,B2,"voz kechmoq, qatnashmaslikni tanlamoq","отказаться от участия, выходить",to choose not to participate in something or to stop belonging to a scheme,/ɒpt ˈaʊt/,20027,phrasal,Members can opt out of the new pension scheme if they wish.,"A'zolar agar xohlasalar, yangi pensiya tizimida qatnashmaslikni tanlashlari mumkin.","Участники могут отказаться от участия в новой пенсионной схеме, если пожелают.","withdraw, decline, bow out","opt in, participate, join","opt out (verb), opt-out (noun)","'Opt out'dan keyin predlog sifatida 'of' ishlatiladi ('opt out of something'), 'from' emas."
wipe out,phrasal verb,B2,"butunlay yo'q qilmoq, qirib tashlamoq","уничтожать, стирать с лица земли",to destroy or eliminate something completely,/waɪp ˈaʊt/,20029,phrasal,The disease threatened to wipe out the entire livestock population.,Kasallik butun chorva mollarini yo'q qilib yuborish bilan tahdid qildi.,Болезнь угрожала полностью уничтожить все поголовье скота.,"eradicate, exterminate, destroy","create, build, preserve",wipeout (noun),"Ot shakli 'wipeout' (birga), lekin fe'l iborasi 'wipe out' (alohida yoziladi)."
gloss over,phrasal verb,C1,"ko'rmaganlikka olmoq, yuzaki yoritmoq","замалчивать, уходить от подробностей",to treat or describe something as if it were not important or to avoid discussing it,/ɡlɒs ˈəʊvə/,20031,phrasal,The report tried to gloss over the company's financial losses.,Hisobotda kompaniyaning moliyaviy yo'qotishlarini ko'rmaganlikka olishga harakat qilindi.,В отчете попытались замолчать финансовые потери компании.,"cover up, downplay, ignore","highlight, emphasize, dwell on",gloss over (verb),'Gloss over' asosan kamchilik yoki xatolarni berkitish va yuzaki o'tib ketishda ishlatiladi.
fizzle out,phrasal verb,C1,"sekin-asta so'nmoq, muvaffaqiyatsiz tugamoq","сходить на нет, заглохнуть",to gradually end or fail in a weak or disappointing way,/ˈfɪzl ˈaʊt/,20033,phrasal,The protest movement gradually fizzled out due to lack of support.,Norozilik harakati qo'llab-quvvatlash yo'qligi sababli sekin-asta so'nib qoldi.,Протестное движение постепенно сошло на нет из-за отсутствия поддержки.,"peter out, die away, fade","succeed, flourish, peak",fizzle out (verb),"Bu ibora birdaniga keskin to'xtashni emas, sekin-asta so'nib yo'q bo'lishni anglatadi."
call in,phrasal verb,B2,mutaxassisni chaqirmoq,вызывать (специалиста),to ask a specialist or expert to come and help with a situation,/ˌkɔːl ˈɪn/,20035,phrasal,The company had to call in a consultant to solve the technical problem.,Kompaniya texnik muammoni hal qilish uchun konsultant chaqirishga majbur bo'ldi.,"Компании пришлось вызвать консультанта, чтобы решить техническую проблему.","summon, call upon, bring in",,call-in (noun),Do not confuse 'call in' (ask to come) with 'call back' (return a phone call).
come along,phrasal verb,B1,"rivojlanmoq, siljimoq","продвигаться, улучшаться",to make progress or improve in quality or development,/ˌkʌm əˈlɒŋ/,20037,phrasal,Her English skills are coming along very well this term.,Uning ingliz tili ko'nikmalari bu chorakda juda yaxshi rivojlanmoqda.,Её навыки английского языка в этой четверти заметно улучшаются.,"progress, improve, advance","worsen, deteriorate",,Avoid using the preposition 'to' after 'come along' when it means 'make progress'.
come up,phrasal verb,B1,"o'rtaga tushmoq, tilga olinmoq","всплывать, подниматься (о вопросе)",to be mentioned or discussed in a conversation or meeting,/ˌkʌm ˈʌp/,20039,phrasal,The topic of salary increases came up during yesterday's meeting.,Kechagidek majlisda maoshlarni oshirish mavzusi o'rtaga tushdi.,Тема повышения зарплаты всплыла во время вчерашнего собрания.,"arise, emerge, be mentioned",,,'Come up' in this sense is intransitive; do not attach a direct object to it.
cut off,phrasal verb,B2,uzib qo'ymoq (ta'minotni),"отключать, прекращать подачу","to stop the supply of electricity, water, gas, or telephone service",/ˌkʌt ˈɒf/,20041,phrasal,The company cut off our electricity because we paid the bill late.,Kompaniya hisobni kech to'laganimiz uchun elektr energiyamizni uzib qo'ydi.,"Компания отключила нам электричество, потому что мы поздно оплатили счет.","disconnect, sever, stop","connect, restore",cutoff (noun),"Use 'cut off', not 'cut out', when referring to disconnecting utilities."
fall behind,phrasal verb,B2,orqada qolmoq,отставать,"to fail to keep up with a schedule, work, or payments",/ˌfɔːl bɪˈhaɪnd/,20043,phrasal,"If you miss too many classes, you will quickly fall behind.","Agar juda ko'p darslarni qoldirsangiz, tezda orqada qolib ketasiz.","Если вы пропустите слишком много занятий, вы быстро отстанете.","lag, trail, get behind","keep up, get ahead",,Do not use 'back' instead of 'behind'; 'fall back' means to retreat.
get through,phrasal verb,B2,telefon orqali bog'lanmoq,дозвониться,to succeed in speaking to someone on the telephone,/ˌɡet ˈθruː/,20045,phrasal,"I tried calling customer service, but I couldn't get through.","Men mijozlarga xizmat ko'rsatish bo'limiga qo'ng'iroq qilishga urindim, lekin bog'lana olmadim.","Я пытался позвонить в службу поддержки, но не смог дозвониться.","reach, connect with, contact",,,Remember to include 'to' when mentioning the person: 'get through to someone'.
lay off,phrasal verb,B2,ishdan bo'shatmoq (qisqartirish sababli),увольнять (из-за сокращения),to stop employing someone because there is not enough work available,/ˌleɪ ˈɒf/,20047,phrasal,The factory had to lay off fifty workers due to falling sales.,Zavod savdo hajmi kamaygani sababli ellikta ishchini ishdan bo'shatishga majbur bo'ldi.,Заводу пришлось уволить пятьдесят рабочих из-за падения продаж.,"make redundant, dismiss, let go","hire, employ, recruit",layoff (noun),"'Lay off' implies redundancy for economic reasons, whereas 'fire' usually implies misconduct."
look back,phrasal verb,B1,"o'tmishga nazar tashlamoq, eslamoq","оглядываться назад, вспоминать",to think about something that happened in the past,/ˌlʊk ˈbæk/,20049,phrasal,"When I look back on my school years, I realise how lucky I was.","Maktab yillarimga nazar tashlaganimda, qanchalik omadli bo'lganimni tushunaman.","Когда я оглядываюсь на свои школьные годы, я понимаю, как мне повезло.","reflect on, recall, remember",look ahead,,"Use the preposition 'on' or 'at' after 'look back', not 'to'."
pass out,phrasal verb,B1,hushidan ketmoq,"терять сознание, падать в обморок",to lose consciousness for a short time,/ˌpɑːs ˈaʊt/,20051,phrasal,It was so hot in the room that one student passed out.,Xonada issiq juda kuchli bo'lganidan bir talaba hushidan ketdi.,"В комнате было так жарко, что один студент упал в обморок.","faint, lose consciousness","come round, wake up",,Do not confuse 'pass out' (faint) with 'pass away' (die).
stand in,phrasal verb,B2,"o'rnini bosmoq, vaqtincha almashtirmoq",заменять (кого-либо),to temporarily take the place of someone who is absent,/ˌstænd ˈɪn/,20053,phrasal,Another teacher had to stand in for Mr Smith while he was ill.,Janob Smit kasal bo'lganida boshqa o'qituvchi uning o'rniga dars o'tishiga to'g'ri keldi.,"Другому учителю пришлось заменить мистера Смита, пока тот болел.","deputise, substitute, cover for",,stand-in (noun),Always use 'for' after 'stand in' when identifying the person being replaced.
step up,phrasal verb,B2,"kuchaytirmoq, oshirmoq","усиливать, наращивать","to increase the amount, speed, or intensity of something",/ˌstep ˈʌp/,20055,phrasal,The police have stepped up security around the stadium.,Politsiya stadion atrofida xavfsizlik choralarini kuchaytirdi.,Полиция усилила меры безопасности вокруг стадиона.,"increase, boost, intensify","scale down, reduce",,Do not confuse 'step up' (increase) with 'step down' (resign from a post).
take back,phrasal verb,B1,gapini qaytarib olmoq,брать свои слова обратно,to admit that something you said was wrong or untrue,/ˌteɪk ˈbæk/,20057,phrasal,"I was wrong to call you lazy, and I take back what I said.",Sizni dangasa deb xato qildim va aytgan gaplarimni qaytarib olaman.,"Я был неправ, назвав вас ленивым, и беру свои слова обратно.","retract, withdraw, recant",,,"When using a pronoun like 'it', place it between 'take' and 'back' ('take it back')."
turn into,phrasal verb,B1,"aylanmoq, aylantirmoq","превращаться, превращать",to change or develop into something different,/ˌtɜːn ˈɪntə/,20059,phrasal,Our short meeting turned into a three-hour discussion.,Qisqa uchrashuvimiz uch soatlik muhokamaga aylanib ketdi.,Наша короткая встреча превратилась в трехчасовое обсуждение.,"become, transform into, convert into",,,Do not use 'turn in' when you mean 'change into'; 'turn in' means to submit or go to bed.
wear out,phrasal verb,B1,"to'zimoq, eyilmoq","изнашиваться, изнашивать",to become thin or damaged through long or frequent use,/ˌweər ˈaʊt/,20061,phrasal,Cheap shoes tend to wear out very quickly.,Arzon poyabzallar juda tez to'zib ketadi.,Дешевая обувь имеет тенденцию очень быстро изнашиваться.,"deteriorate, fray, erode",,worn-out (adjective),Remember the irregular past forms: 'wore out' and 'worn out'.
wind up,phrasal verb,B2,"tushib qolmoq, yakunlanmoq","оказаться, очутиться","to find yourself in a particular place or situation, usually unexpectedly",/ˌwaɪnd ˈʌp/,20063,phrasal,"If you carry on driving like that, you will wind up in hospital.","Agar bunday haydashda davom etsangiz, kasalxonaga tushib qolasiz.","Если вы продолжите так водить, то окажетесь в больнице.","end up, finish up",,,"Pronounce the verb as /waɪnd/ (rhyming with 'find'), not /wɪnd/."
brush up on,phrasal verb,B2,"bilimini oshirmoq, takrorlab olmoq","освежить в памяти, подтянуть",to improve your knowledge or skill in something that you used to know well,/brʌʃ ʌp ɒn/,20065,phrasal,I need to brush up on my French before traveling to Paris.,Parijga borishdan oldin fransuz tilimni takrorlab olishim kerak.,Мне нужно освежить в памяти свой французский перед поездкой в Париж.,"review, refresh, polish up","forget, neglect",brush up (verb),Oʻrganilayotgan fan yoki til haqida gapirganda 'on' predlogini tushirib qoldirmang.
come down with,phrasal verb,B1,"kasal boʻlib qolmoq, yuqtirib olmoq","заболеть, слечь с",to start to suffer from a minor illness,/kʌm daʊn wɪð/,20067,phrasal,I think I am coming down with a cold.,"Meningcha, men shamollab qolayapman.","Кажется, я заболеваю простудой.","catch, contract, fall ill with",recover from,come down (verb),"Ushbu ibora odatda yengilroq kasalliklar (gripp, shamollash) uchun ishlatiladi."
get across,phrasal verb,B2,"tushuntira olmoq, yetkazib bermoq","донести (мысль), четко объяснить",to successfully communicate an idea or message to people,/ɡet əˈkrɒs/,20069,phrasal,The teacher managed to get her message across to the students.,Oʻqituvchi oʻz fikrini oʻquvchilarga tushuntirib bera oldi.,Учителю удалось донести свою мысль до учеников.,"convey, communicate, put across","confuse, obscure",get across (verb),'Get across' doim tushunilishi kerak bo'lgan g'oya yoki fikr bilan birga keladi.
cut back on,phrasal verb,B2,"kamaytirmoq, qisqartirmoq","сократить, урезать","to reduce the amount of something that you eat, drink, or use",/kʌt bæk ɒn/,20071,phrasal,The doctor told him to cut back on sugar.,Shifokor unga shakarni kamaytirishni aytdi.,Врач посоветовал ему сократить потребление сахара.,"reduce, decrease, trim","increase, raise",cutback (noun),Xarajat yoki iste'molni qisqartirishda 'cut back on' birikmasida 'on' predlogi shart.
bring in,phrasal verb,B2,"joriy etmoq, kiritmoq","внедрять, вводить (закон)","to introduce a new law, system, or rule",/brɪŋ ɪn/,20073,phrasal,The government plans to bring in new laws to reduce pollution.,Hukumat ifloslanishni kamaytirish uchun yangi qonunlarni joriy etishni rejalashtirmoqda.,Правительство планирует ввести новые законы для уменьшения загрязнения.,"introduce, enact, implement","abolish, repeal",bring in (verb),Qonun yoki qoida kiritish haqida gapirganda 'introduce' o'rnida ishlatilishi mumkin.
take in,phrasal verb,B2,"tushunmoq, oʻzlashtirmoq","усваивать, понимать",to completely understand and remember something you hear or read,/teɪk ɪn/,20075,phrasal,There was so much information that I couldn't take it all in.,"Ma'lumot shunchalik ko'p ediki, hammasini tushunib yetolmadim.","Было так много информации, что я не мог всё это усвоить.","absorb, comprehend, grasp","misunderstand, ignore",intake (noun),Sifatida qo'llanganda ('be taken in') 'aldanib qolmoq' ma'nosini ham beradi.
pull through,phrasal verb,B2,"tuzalib ketmoq, omon qolmoq","пойти на поправку, выкарабкаться",to recover from a serious illness or succeed in a difficult situation,/pʊl θruː/,20077,phrasal,Everyone was relieved when the patient pulled through after the surgery.,Operatsiyadan so'ng bemor tuzalib ketganida hamma yengil tortdi.,"Все почувствовали облегчение, когда пациент пошел на поправку после операции.","survive, recover, pull round","succumb, fail",pull through (verb),Odatda og'ir kasallik yoki inqirozdan omon qolishda ishlatiladi.
stand by,phrasal verb,B2,"qoʻllab-quvvatlamoq, sodiq qolmoq","поддерживать, оставаться верным","to continue to support someone, especially in a difficult situation",/stænd baɪ/,20079,phrasal,She promised to stand by her brother no matter what happened.,"U nima bo'lishidan qat'i nazar, ukasini qo'llab-quvvatlashga va'da berdi.","Она обещала поддерживать своего брата, что бы ни случилось.","support, stick by, back","abandon, desert",standby (noun),Biror kishini qo'llab-quvvatlash ma'nosida 'stand by someone' iborasida 'by' predlogini tushirmang.
tear down,phrasal verb,B2,"buzib tashlamoq, tekislab tashlamoq","сносить, разрушать",to intentionally destroy a building or structure,/teə daʊn/,20081,phrasal,They plan to tear down the old factory and build apartments.,"Ular eski zavodni buzib tashlab, xonadonlar qurishni rejalashtirishmoqda.",Они планируют снести старую фабрику и построить жилые дома.,"demolish, knock down, raze","build, construct",tear down (verb),"Ko'pincha binolarga nisbatan qo'llaniladi, kichik buyumlar uchun emas."
call for,phrasal verb,B2,"talab qilmoq, chaqirmoq","призывать, требовать",to publicly demand that something should happen,/kɔːl fɔː/,20083,phrasal,The protest leaders called for an immediate ceasefire.,E'tiroz yetakchilari zudlik bilan o't ochishni to'xtatishni talab qilishdi.,Лидеры протеста призвали к немедленному прекращению огня.,"demand, urge, require","oppose, reject",call for (verb),'Call for' rasmiy chaqiriq yoki talab bildirishda ishlatiladi.
hold up,phrasal verb,B2,"ushlab qolmoq, kechiktirmoq","задерживать, откладывать",to delay someone or something,/həʊld ʌp/,20085,phrasal,Sorry I'm late; I was held up in heavy traffic.,"Kechikkanim uchun uzr, tirbandlikda ushlanib qoldim.","Извините за опоздание, меня задержали сильные пробки.","delay, detain, stall","advance, speed up",holdup (noun),Kechikib qolish ma'nosida ko'pincha majhul nisbatda (be held up) qo'llaniladi.
break through,phrasal verb,B2,"yorib oʻtmoq, yorib chiqmoq","пробиваться, прорываться",to force a way through something that is holding you back,/breɪk θruː/,20087,phrasal,The sun finally broke through the thick clouds.,Quyosh nihoyat qalin bulutlar orasidan yorib chiqdi.,Солнце наконец пробилось сквозь густые облака.,"penetrate, pierce, force through","retreat, yield",breakthrough (noun),"Fe'l shakli alohida ('break through'), ot shakli esa birga yoziladi ('breakthrough')."
bear with,phrasal verb,B2,"sabr qilish, kutib turish","потерпеть, подождать",to be patient with someone while they complete a task or solve a problem,/beə wɪð/,20089,phrasal,Please bear with me for a minute while I locate your file.,"Faylingizni topgunimcha, iltimos, bir daqiqa sabr qiling.","Пожалуйста, подождите минуту, пока я найду ваш файл.","be patient, wait, hold on",,"bear, bearing",'Bare with me' deb yozish xatodir; 'bear' fe'lidan foydalanilishi kerak.
bottom out,phrasal verb,C1,"eng quyi nuqtaga yetib, barqarorlashmoq","достичь дна, прекратить падение",to reach the lowest point in a process or period of decline before stabilizing or improving,/ˌbɒtəm ˈaʊt/,20091,phrasal,Economists believe that housing prices have finally bottomed out.,"Iqtisodchilarning fikricha, uy-joy narxlari nihoyat eng quyi nuqtasiga yetdi.","Экономисты считают, что цены на жилье наконец прекратили падение.","level off, reach rock bottom, stabilize","peak, skyrocket","bottom, bottoming out","O'zbek tiliga 'tubiga cho'kish' deb so'zma-so'z tarjima qilish noto'g'ri, bu pasayish to'xtab barqarorlashuvni anglatadi."
break out,phrasal verb,B2,"to'satdan boshlanmoq (urush, yong'in, kasallik)","вспыхнуть, внезапно начаться","to start suddenly and strongly, especially something unpleasant like a war, fire, or disease",/breɪk ˈaʊt/,20093,phrasal,A fierce argument broke out during the board meeting.,Kengash majlisida qizg'in tortishuv to'satdan avj oldi.,Во время заседания совета директоров внезапно вспыхнул бурный спор.,"erupt, flare up, burst out","cease, subside","outbreak, break",'Break out' iborasini faqat qamoqdan qochish ma'nosida ishlatish cheklovdir; u yong'in va urushlarga nisbatan ham keng qo'llanadi.
cash in on,phrasal verb,B2,"vaziyatdan moddiy foyda ko'rmoq, imkoniyatni pulga aylantirmoq","нажиться на, воспользоваться в своих интересах",to take advantage of a situation or trend in order to gain a financial or personal benefit,/kæʃ ɪn ɒn/,20095,phrasal,Many small companies are trying to cash in on the popularity of AI.,Ko'pgina kichik kompaniyalar sun'iy intellekt mashhurligidan foyda ko'rishga harakat qilmoqda.,Многие небольшие компании пытаются нажиться на популярности искусственного интеллекта.,"capitalize on, profit from, exploit","miss out on, lose out on","cash, cashing in","Ko'pincha predlogsiz 'cash on' deb ishlatiladi, ammo to'g'ri shakli 'cash in on'dir."
count on,phrasal verb,B1,"suyanmoq, ishonmoq","рассчитывать на, полагаться на",to rely on or trust someone or something to provide help or support,/kaʊnt ɒn/,20097,phrasal,You can always count on Sarah to give honest advice.,To'g'ri maslahat olishda har doim Saraga suyanishingiz mumkin.,"Вы всегда можете рассчитывать на то, что Сара даст честный совет.","rely on, depend on, trust","distrust, doubt","count, dependable","'Count on' iborasidan keyin 'on' predlogi tushirib qoldirilmaydi; 'count me' emas, 'count on me' bo'lishi kerak."
cross out,phrasal verb,A2,"ustidan chizmoq, o'chirmoq","вычеркивать, зачеркивать",to draw a line through a word or text to show that it is incorrect or no longer needed,/krɒs ˈaʊt/,20099,phrasal,Please cross out any spelling mistakes you find in the essay.,Inshoda uchratgan har qanday imlo xatolarining ustidan chizib qo'ying.,"Пожалуйста, вычеркните все орфографические ошибки, которые найдете в эссе.","strike out, delete, cancel","underline, highlight","cross, crossing out","'Cross out' va 'erase' fe'llarini aralashtirmang; 'erase' rezinada o'chirish bo'lsa, 'cross out' chiziq tortib o'chirishdir."
draw up,phrasal verb,B2,"tuzmoq, tayyorlamoq (hujjat, reja, shartnoma)","составлять, подготавливать (документ, план)","to prepare and write a formal document such as a contract, plan, or list",/drɔː ˈʌp/,20101,phrasal,The lawyer will draw up the agreement by tomorrow afternoon.,Yurist ertaga tushgacha shartnomani tuzib beradi.,Юрист составит соглашение к завтрашнему дню.,"draft, prepare, formulate","tear up, cancel","draw, draft, drawing up","'Draw' rasmiy hujjatlar bilan kelganda 'rasm chizmoq' emas, 'tuzmoq' ma'nosini bildiradi."
drift apart,phrasal verb,B2,vaqt o'tib uzoqlashib ketmoq (munosabatda),отдалиться друг от друга,to gradually become less friendly or lose contact with someone over time,/drɪft əˈpɑːt/,20103,phrasal,"After leaving university, the two friends slowly drifted apart.","Universitetni tugatgach, ikki do'st sekin-asta bir-biridan uzoqlashib ketishdi.",После окончания университета двое друзей постепенно отдалились друг от друга.,"estrange, grow apart, lose touch","bond, grow closer","drift, drifting","Urush-janjal sababli munosabat uzilishida emas, balki vaqt o'tib sekin-asta uzoqlashishda ishlatiladi."
face up to,phrasal verb,B2,achchiq haqiqatni tan olmoq va unga tik qaramoq,"смириться с, признать (неприятную правду)",to accept and attempt to deal with a difficult situation or uncomfortable truth,/feɪs ˈʌp tuː/,20105,phrasal,He needs to face up to the fact that he cannot afford this lifestyle.,U ushbu turmush tarziga qurbi yetmasligi haqidagi haqiqatga tik qarashi kerak.,"Ему нужно смириться с тем фактом, что он не может позволить себе такой образ жизни.","confront, accept, acknowledge","ignore, avoid, evade","face, facing",Predloglarni tushirib 'face to' deyish noto'g'ri; to'liq 'face up to' shakli ishlatilishi zarur.
get round to,phrasal verb,B2,"vaqt ajratib, nihoyat biror ishni qilmoq","добраться до, наконец найти время для",to finally find enough time or energy to do something that has been planned for a long time,/ɡet ˈraʊnd tuː/,20107,phrasal,I finally got round to fixing the leaking tap in the kitchen.,Nihoyat oshxonadagi tomayotgan jo'mrakni tuzatishga vaqt topdim.,Я наконец добрался до ремонта протекающего крана на кухне.,"find time for, attend to","put off, postpone","get, round",'Get round to' iborasidan keyin keladigan fe'lga '-ing' qo'shiladi (masalan: get round to fixing).
mess up,phrasal verb,B1,"rasvosini chiqarmoq, xatoga yo'l qo'ymoq","испортить, накосячить",to make a serious mistake or spoil something by doing it badly,/mes ˈʌp/,20109,phrasal,"I prepared well for the interview, so I hope I do not mess up.","Suhbatga yaxshi tayyorlandim, shuning uchun rasvosini chiqarmayman deb umid qilaman.","Я хорошо подготовился к собеседованию, поэтому надеюсь, что не накосячу.","spoil, ruin, bungle","succeed, perfect","mess, messy, messed up",Bu so'zlashuv uslubiga oid ibora; rasmiy akademik insholarda uning o'rniga 'make a mistake' ishlatilgani ma'qul.
weigh up,phrasal verb,B2,"atroflicha o'ylab ko'rmoq, solishtirib chiqmoq","взвесить, оценить (плюсы и минусы)",to carefully consider and compare the pros and cons of a situation before making a decision,/weɪ ˈʌp/,20111,phrasal,We need to weigh up the pros and cons before buying the house.,Uyni sotib olishdan oldin barcha ijobiy va salbiy tomonlarni atroflicha o'ylab ko'rishimiz kerak.,Нам нужно взвесить все за и против перед покупкой дома.,"evaluate, consider, assess","ignore, disregard","weigh, weight, weighing","'Weigh' fe'li jismoniy vaznni o'lchash bo'lsa, 'weigh up' qaror qabul qilishda ijobiy va salbiy tomonlarni solishtirishdir."
fall out,phrasal verb,B2,"urishib qolmoq, yuz ko'rmas bo'lib ketmoq","поссориться, испортить отношения",to have an argument with someone and stop being friendly with them,/fɔːl aʊt/,20113,phrasal,They fell out over a misunderstanding about money and haven't spoken since.,Ular pul borasidagi tushunmovchilik sababli urishib qolishdi va o'shandan beri gaplashishmayapti.,Они поссорились из-за недоразумения с деньгами и с тех пор не разговаривают.,"quarrel, argue, clash, bicker","make up, get along",fallout,"Biror kishi bilan urishmoq demoqchi bo'lganda 'fall out'dan keyin 'with' predlogi ishlatiladi, masalan: 'fall out with someone'."
look round,phrasal verb,B1,"aylanib ko'rmoq, tomosha qilmoq","осматривать, оглядывать",to visit a place and look at the things in it,/lʊk raʊnd/,20115,phrasal,We had an hour to look round the city center before our train arrived.,Poyezdimiz kelguniga qadar shahar markazini aylanib ko'rishga bir soat vaqtimiz bor edi.,"У нас был час, чтобы осмотреть центр города до прибытия поезда.","look around, explore, tour",,look,"'Look round' va 'look around' bir xil ma'noni anglatadi, lekin Britaniya ingliz tilida 'look round' ko'proq ishlatiladi."
take to,phrasal verb,B2,"yoqtirib qolmoq, o'rganib qolmoq","привязаться, проникнуться симпатией","to start liking someone or something, or start doing something as a habit",/teɪk tuː/,20117,phrasal,The new students took to the teaching style immediately.,Yangi talabalar o'qitish usulini darhol yoqtirib qolishdi.,Новые студенты сразу прониклись симпатией к стилю преподавания.,"warm to, like, get fond of",dislike,take,"'Take to' iborasidan keyin fe'l kelsa, u -ing shaklida bo'lishi kerak, masalan: 'took to swimming'."
turn away,phrasal verb,B2,"kirishga ruxsat bermaslik, qaytarib yubormoq","не впускать, отворачивать",to refuse to allow someone to enter a place,/tɜːn əˈweɪ/,20119,phrasal,Dozens of fans were turned away because the concert was completely sold out.,Konsert chiptalari to'liq sotilib ketgani sababli o'nlab ishqibozlar qaytarib yuborildi.,"Десятки поклонников не впустили, потому что все билеты на концерт были распроданы.","reject, turn back, refuse entry","admit, let in",turn,'Turn away' iborasi odamlarni kirgizmaslik ma'nosida majhul nisbatda (passive voice) juda ko'p ishlatiladi: 'were turned away'.
burn out,phrasal verb,B2,"ishdan toliqmoq, quvvati tugamoq","выгореть, переутомиться",to become extremely tired and ill because of working too hard over a long period,/bɜːn aʊt/,20121,phrasal,"If she continues working eighty hours a week, she will burn out soon.","Agar u haftasiga sakson soatdan ishlashda davom etsa, tez orada ishdan toliqib qoladi.","Если она продолжит работать по восемьдесят часов в неделю, то скоро выгорит.","exhaust oneself, overwork","recharge, relax",burnout,"Ot shakli 'burnout' bitta so'z bo'lib yoziladi, lekin fe'li 'burn out' tarzida ajratib yoziladi."
call on,phrasal verb,B1,"so'z bermoq, chaqirmoq; murojaat qilmoq","призывать, обращаться; вызывать","to formally ask someone to do something, or to ask someone in a class to answer",/kɔːl ɒn/,20123,phrasal,The teacher called on Sarah to answer the first question.,O'qituvchi birinchi savolga javob berish uchun Sarahga so'z berdi.,"Учитель вызвал Сару, чтобы она ответила на первый вопрос.","ask, request, invite",,call,"'Call on' darsda o'quvchiga so'z berish yoki rasman murojaat qilishda ishlatiladi, 'call up' esa telefon qilish degan ma'noni beradi."
cheer on,phrasal verb,B2,"qo'llab-quvvatlab hayqirmoq, dalda bermoq","поддерживать криками, болеть за",to encourage someone by shouting praises or words of enthusiasm,/tʃɪər ɒn/,20125,phrasal,Thousands of spectators gathered to cheer on the marathon runners.,Marafon yuguruvchilarini qo'llab-quvvatlash uchun minglab tomoshabinlar yig'ildi.,"Тысячи зрителей собрались, чтобы поддержать марафонцев.","encourage, support, root for","boo, discourage",cheer,Kishilik olmoshlari bilan ishlatilganda olmosh o'rtada kelishi kerak: 'cheer them on' ('cheer on them' emas).
come off,phrasal verb,B2,"o'xshamoq, muvaffaqiyatli amalga oshmoq","удаваться, проходить успешно",to happen successfully as planned,/kʌm ɒf/,20127,phrasal,The surprise party came off without any problems.,Kutilmagan ziyofat hech qanday muammosiz juda muvaffaqiyatli o'tdi.,Вечеринка-сюрприз прошла успешно и без каких-либо проблем.,"succeed, work out, go off","fail, fall through",come,'Come off' reja yoki tadbirlarning muvaffaqiyatli o'tishini bildiradi; 'come out' esa mahsulot yoki natijaning e'lon qilinishiga nisbatan ishlatiladi.
dawn on,phrasal verb,C1,"anglab yetmoq, xayoliga kelmoq","осенить, дойти до сознания","if something dawns on you, you realize or understand it for the first time",/dɔːn ɒn/,20129,phrasal,It suddenly dawned on him that he had left his keys inside the car.,Kalitlarini mashina ichida qoldirgani to'satdan uning xayoliga keldi.,"Его внезапно осенило, что он оставил ключи внутри машины.","occur to, hit, strike",,dawn,Ushbu ibora odatda 'it dawns on someone that...' strukturasida 'it' olmoshi bilan ishlatiladi.
drop in,phrasal verb,B1,"kirib o'tmoq, kutilmaganda yoqlab kelmoq","заглянуть, зайти без предупреждения","to pay a brief, usually informal visit to someone",/drɒp ɪn/,20131,phrasal,Feel free to drop in whenever you are in the neighborhood.,Shu atroflarda bo'lganingizda xohlagan vaqtingizda kirib o'ting.,"Заглядывайте в любое время, когда будете поблизости.","call round, drop by, pop in",,drop-in,"Biror kishining uyiga kirib o'tmoqchi bo'lsangiz, 'drop in on someone' birikmasi ishlatiladi."
head for,phrasal verb,B1,"tomonga yo'l olmoq, qarab yurmoq","направляться к, держать курс на",to move in the direction of a particular place or situation,/hed fɔː/,20133,phrasal,"After finishing work, they headed for the nearest restaurant.","Ishni tugatgach, ular eng yaqin restoran tomonga yo'l olishdi.","Закончив работу, они направились в ближайший ресторан.","make for, aim for, set off towards",retreat from,head,"'Head for' nafaqat joy tomonga, balki nomaqbul oqibat tomonga borishni ham bildirishi mumkin (masalan: 'heading for disaster')."
look over,phrasal verb,B2,"ko'zdan kechirmoq, qarab chiqmoq","просматривать, бегло осматривать",to examine or inspect something quickly,/lʊk ˈəʊvə/,20135,phrasal,Could you look over my essay and check for any spelling errors?,"Inshoimni ko'zdan kechirib, imlo xatolarini tekshirib bera olasizmi?",Не могли бы вы просмотреть мое эссе и проверить на наличие орфографических ошибок?,"inspect, examine, scan","ignore, overlook",look,'Look over' chala va tez ko'rib chiqishni anglatadi; diqqat bilan o'rganish uchun 'study' yoki 'examine thoroughly' ishlatiladi.
bail out,phrasal verb,B2,"qiyinchilikdan qutqarmoq, yordam bermoq","выручать из беды, спасать от банкротства","To rescue someone or an organisation from a difficult, especially financial, situation.",/beɪl aʊt/,20137,phrasal,The government had to bail out the failing bank to prevent a financial crisis.,Moliya inqirozining oldini olish uchun hukumat kasodga uchrayotgan bankni qutqarib qolishiga toʻgʻri keldi.,"Правительству пришлось спасать терпящий крах банк, чтобы предотвратить финансовый кризис.","rescue, save, help out",abandon,bailout,'Bail out' iborasini samolyotdan parashyutda sakrash tushunchasiga aralashtirmang; ko'proq moliyaviy qutqaruv ma'nosida ishlatiladi.
blend in,phrasal verb,B2,"birikib ketmoq, sezilmaydigan boʻlib olmoq","сливаться с окружением, гармонировать","To look or seem similar to the surrounding people or things, so as not to be easily noticed.",/blend ɪn/,20139,phrasal,The chameleon changes its skin color to blend in with its surroundings.,Xameleon atrof-muhit bilan birikib ketish uchun terisining rangini oʻzgartiradi.,"Хамелеон меняет цвет кожи, чтобы слиться с окружающей средой.","fit in, merge, harmonize",stand out,blend,"'Blend in' shunchaki aralashtirish emas, balki atrofga moslashib bildirmaslikni anglatadi."
bump into,phrasal verb,B1,tasodifan uchratib qolmoq,"случайно встретить, столкнуться",To meet someone unexpectedly or by chance.,/bʌmp ˈɪntə/,20141,phrasal,I bumped into an old school friend at the supermarket yesterday.,Kecha supermarketda tasodifan eski maktabdosh doʻstimni uchratib qoldim.,Вчера в супермаркете я случайно встретил старого школьного друга.,"run into, come across, meet by chance",avoid,bump,"'Bump into' faqat to'qnashib ketish emas, kutilmaganda ko'rishib qolishni ham bildiradi."
check up on,phrasal verb,B2,"hol-ahvolidan xabar olmoq, tekshirib turmoq","проверять, навещать, контролировать","To investigate or try to discover what someone is doing, especially to ensure they are safe or doing their work.",/tʃek ʌp ɒn/,20143,phrasal,My parents call every evening to check up on me while I am at university.,Men universitetda oʻqiyotganimda ota-onam har kuni kechqurun holimdan xabar olish uchun qoʻngʻiroq qilishadi.,"Мои родители звонят каждый вечер, чтобы узнать, как у меня дела, пока я учусь в университете.","monitor, inspect, keep an eye on","ignore, neglect",check-up,'Check up on' iborasida har uchala so'z ketma-ket ishlatilishi shart.
cling to,phrasal verb,C1,"mahkam yopishib olmoq, saqlab qolishga urinmoq","цепляться за, держаться за","To refuse to stop believing, hoping, or relying on something.",/klɪŋ tʊ/,20145,phrasal,"Despite the difficulties, she continued to cling to the hope of a better future.","Qiyinchiliklarga qaramay, u yaxshiroq kelajakka boʻlgan umidini saqlab qolishga urindi.","Несмотря на трудности, она продолжала цепляться за надежду на лучшее будущее.","hold on to, stick to, retain","let go of, abandon",clingy,"'Cling' fe'lidan so'ng 'on' emas, 'to' predlogi ishlatiladi."
die out,phrasal verb,B2,"qirilib ketmoq, yoʻqolib ketmoq","вымирать, исчезать",To become less common and eventually disappear completely.,/daɪ aʊt/,20147,phrasal,Many ancient traditions are slowly dying out in modern society.,Zamonaviy jamiyatda koʻplab qadimiy anʼanalar sekin-asta yoʻqolib bormoqda.,Многие древние традиции постепенно вымирают в современном обществе.,"become extinct, vanish, disappear","thrive, flourish","die, death","'Die out' alohida shaxsning vafot etishiga nisbatan ishlatilmaydi; u tur, an'ana yoki turlarga taalluqli."
do away with,phrasal verb,B2,"bekor qilmoq, tugatmoq, voz kechmoq","отменять, упразднять, избавляться","To stop using, doing, or having something; to abolish.",/duː əˈweɪ wɪð/,20149,phrasal,The company decided to do away with paper invoices to save money.,Kompaniya pulni tejash uchun qogʻoz hisob-fakturalardan voz kechishga qaror qildi.,"Компания решила отказаться от бумажных счетов, чтобы сэкономить деньги.","abolish, eliminate, discard","introduce, retain",do,'Do away with' birikmasida 'with' tushirib qoldirilmaydi.
dry up,phrasal verb,B2,"qurib qolmoq, tugamoq","иссякать, пересыхать","To decrease and stop being available, or to completely dry.",/draɪ ʌp/,20151,phrasal,Funding for the research project dried up after two years.,Tadqiqot loyihasini moliyalashtirish ikki yildan soʻng tugab qoldi.,Финансирование исследовательского проекта иссякло через два года.,"run out, dwindle, evaporate","pour in, increase","dryness, dry","'Dry up' faqat suvga nisbatan emas, balki mablag' va manbalarning tugashiga nisbatan ham ishlatiladi."
embark on,phrasal verb,C1,"yangi va muhim ishga kirishmoq, boshlamoq","браться за, начинать, приступать к","To start or engage in a new, important, or demanding project or journey.",/ɪmˈbɑːk ɒn/,20153,phrasal,"After graduating from university, she decided to embark on a career in journalism.","Universitetni tugatgach, u jurnalistika sohasida faoliyat boshlashga qaror qildi.",После окончания университета она решила начать карьеру в журналистике.,"commence, launch into, set out on","complete, finish, conclude",embarkation,"'Embark on' birikmasidan so'ng ot yoki fe'lning '-ing' shakli keladi, fe me'yoriy shakli emas."
fend off,phrasal verb,C1,"daf qilmoq, qaytarmoq","отбивать, отражать, давать отпор","To defend oneself against an attack, criticism, or unwanted questions.",/fend ɒf/,20155,phrasal,The politician had to fend off difficult questions from journalists during the interview.,Siyosatchi intervyu davomida jurnalistlarning qiyin savollarini daf qilishiga toʻgʻri keldi.,Политику пришлось отбиваться от сложных вопросов журналистов во время интервью.,"ward off, deflect, repel","yield to, succumb to",fend,'Fend off' iborasini 'fend for' (o'zini o'zi ta'minlamoq) bilan adashtirmang.
gear up,phrasal verb,B2,"tayyorgarlik koʻrmoq, hozirlik koʻrmoq","готовиться, настраиваться",To prepare for an activity or event that is going to happen.,/ɡɪər ʌp/,20157,phrasal,The team is gearing up for the final match of the tournament.,Jamoa turnirning final oʻyiniga tayyorgarlik koʻrmoqda.,Команда готовится к финальному матчу турнира.,"prepare, get ready, equip",wind down,gear,'Gear up' odatda 'for' predlogi bilan ishlatiladi (gear up for something).
lag behind,phrasal verb,B2,orqada qolib ketmoq,"отставать, плестись в хвосте","To move, develop, or respond more slowly than others.",/læɡ bɪˈhaɪnd/,20159,phrasal,The country is lagging behind in the adoption of renewable energy technologies.,Mamlakat qayta tiklanadigan energiya texnologiyalarini joriy etishda orqada qolmoqda.,Страна отстает в внедрении технологий возобновляемой энергетики.,"fall behind, trail, keep pace poorly","lead, lead the way","laggard, lag","'Lag behind' sur'at sekinligi tufayli orqada qolishni bildiradi, 'lag' fe'li yolg'iz o'zi kamdan-kam qo'llanadi."
catch on,phrasal verb,B2,"ommalashmoq, tushunib yetmoq","войти в моду, понять","to become popular or fashionable, or to understand something after a short time",/ˌkætʃ ˈɒn/,20161,phrasal,The new mobile application quickly caught on among university students.,Yangi mobil ilova universitet talabalari orasida tezda ommalashdi.,Новое мобильное приложение быстро вошло в моду среди студентов университета.,"become popular, grasp, understand",lose popularity,catchy,'Catch on to' biror narsani tushunib yetish ma'nosida ishlatilganda 'to' predlogi tushirib qoldirilmasligi kerak.
bank on,phrasal verb,B2,"ishonmoq, umid qilmoq","рассчитывать на, полагаться на",to rely on or expect something to happen,/ˈbæŋk ɒn/,20163,phrasal,We cannot bank on good weather for the outdoor concert tomorrow.,Ertangi ochiq havodagi konsert uchun yaxshi ob-havoga ishonib qololmaymiz.,Мы не можем рассчитывать на хорошую погоду для завтрашнего концерта на открытом воздухе.,"rely on, depend on",,bankable,'Bank on' iborasida 'on' o'rniga 'in' yoki 'to' predloglarini ishlatish xatodir.
stem from,phrasal verb,B2,"kelib chiqmoq, sababli bo'lmoq","проистекать из, быть следствием",to be caused by or develop as a result of something,/ˈstem frəm/,20165,phrasal,Most of his current health issues stem from a lack of physical exercise.,Uning hozirgi salomatlik muammolarining ko'pi jismoniy mashqlar yetishmasligidan kelib chiqqan.,Большинство его нынешних проблем со здоровьем проистекают из-за недостатка физических упражнений.,"originate from, arise from, derive from",result in,stemmed,"'Stem from' birikmasidan so'ng fe'l kelsa, unga '-ing' qo'shimchasi qo'shilishi kerak."
drop out,phrasal verb,B1,o'qishni tashlab ketmoq,"бросать учёбу, выбывать","to leave a school, college, or course before finishing it",/ˌdrɒp ˈaʊt/,20167,phrasal,He decided to drop out of university to start his own technology company.,U o'zining texnologiya kompaniyasini boshlash uchun universitetni tashlab ketishga qaror qildi.,"Он решил бросить университет, чтобы основать собственную технологическую компанию.","quit, withdraw, leave","graduate, enroll",dropout,'Drop out of' birikmasida o'quv yurti nomi berilganda 'of' predlogi tushirib qoldirilmaydi.
get away with,phrasal verb,B2,"jazosiz qolmoq, qutulib qolmoq","сойти с рук, остаться безнаказанным",to do something wrong or illegal without being punished or criticized,/ɡet əˈweɪ wɪð/,20169,phrasal,You cannot expect to cheat in the exam and get away with it.,"Imtihonda g'irromlik qilib, jazosiz qolaman deb o'ylamang.",Не надейтесь списать на экзамене и остаться безнаказанным.,"escape punishment, evade consequence","get caught, pay for",,"'Get away with'dan so'ng fe'l kelsa, u fe'l gerundiy (-ing) shaklida bo'lishi shart."
clear up,phrasal verb,B1,"ochilib ketmoq, hal qilmoq","проясняться, разрешать","to become fine after rain, or to solve a problem or misunderstanding",/ˌklɪər ˈʌp/,20171,phrasal,We can go for a walk once the rain clears up.,"Yomg'ir yog'ishi to'xtab, havo ochilib ketsa, aylanishga chiqishimiz mumkin.","Мы сможем пойти на прогулку, как только дождь прекратится и прояснится.","brighten, solve, resolve",worsen,"clear, clearance",'Clear up' ob-havo ochiqlashishi ma'nosida majhul nisbatda (passive voice) ishlatilmaydi.
think over,phrasal verb,B1,chuqur o'ylab ko'rmoq,"обдумывать, взвешивать",to consider something carefully before making a final decision,/ˌθɪŋk ˈəʊvə/,20173,phrasal,I need a few days to think over your job offer before giving an answer.,Javob berishdan oldin ish taklifingizni bir necha kun chuqur o'ylab ko'rishim kerak.,"Мне нужно несколько дней, чтобы обдумать ваше предложение о работе, прежде чем дать ответ.","consider, ponder, deliberate",disregard,thoughtful,"Olmoshlar (it, them) ishlatilganda, ular 'think' va 'over' o'rtasida kelishi kerak: 'think it over'."
talk into,phrasal verb,B2,"ko'ndirmoq, ko'nglini olmoq","уговорить, убедить",to persuade someone to do something,/ˌtɔːk ˈɪntə/,20175,phrasal,Her friends managed to talk her into going to the party.,Do'stlari uni ziyofatga borishga ko'ndirishga muvaffaq bo'lishdi.,Её друзьям удалось уговорить её пойти на вечеринку.,"persuade, convince","talk out of, dissuade",,'Talk into' birikmasidan so'ng keladigan fe'l '-ing' shaklida bo'lishi shart ('talk into doing').
chip in,phrasal verb,B2,"pullanishib bermoq, hissa qo'shmoq","сбрасываться, скидываться",to contribute money or help toward a shared goal or purchase,/ˌtʃɪp ˈɪn/,20177,phrasal,"If everyone chips in ten dollars, we can buy a nice present for the teacher.","Agar har kim o'n dollardan pul tashlasa, o'qituvchiga yaxshi sovg'a sotib olishimiz mumkin.","Если каждый скинется по десять долларов, мы сможем купить хороший подарок учителю.","contribute, donate, pitch in",withhold,,'Chip in' pul yig'ish jarayonida ko'pincha predlogsiz yoki 'with' bilan ishlatiladi; 'chip to' deb ishlatish xatodir.
set in,phrasal verb,B2,boshlanib davom etmoq,"наступать, устанавливаться","to begin and seem likely to continue, especially regarding bad weather or winter",/ˌset ˈɪn/,20179,phrasal,"The winter cold set in early this year, bringing heavy snow.","Bu yil qishki sovuq erta boshlanib, qalin qor olib keldi.","В этом году зимние холода начались рано, принеся с собой сильный снег.","commence, start, take hold","cease, pass",,"'Set in' odatda ob-havo, kasallik yoki yoqimsiz holatlarga nisbatan qo'llaniladi."
back down,phrasal verb,B2,"yon bermoq, fikridan qaytmoq","отступать, уступать",to admit that you were wrong or to stop demanding something during an argument,/ˌbæk ˈdaʊn/,20181,phrasal,Neither side was willing to back down during the negotiations.,Muzokaralar davomida hech bir tomon yon berishni xohlamadi.,Ни одна из сторон не была готова уступить во время переговоров.,"yield, concede, retreat","insist, persist",,'Back down' fe'lidan so'ng to'ldiruvchi to'g'ridan-to'g me'yorda kelmaydi; u o'zliksiz hosil bo'ladi.
warm up,phrasal verb,A2,"chigʻilyozdi qilmoq, qizdirib olmoq","разминаться, разогревать",to prepare for physical activity by exercising gently first,/ˌwɔːm ˈʌp/,20183,phrasal,It is important to warm up before running to avoid injuries.,Jarohatlarning oldini olish uchun yugurishdan oldin chig'ilyozdi qilish muhimdir.,"Важно размяться перед бегом, чтобы избежать травм.","limber up, prepare",cool down,warm-up,"'Warm up' mashqdan oldingi qizdirishga, 'cool down' esa mashqdan keyingi mashqlarga nisbatan ishlatiladi."
abide by,phrasal verb,B2,"boʻysunmoq, rioya qilmoq","соблюдать, придерживаться","to accept or obey a rule, law, agreement, or decision",/əˈbaɪd baɪ/,20185,phrasal,All players must abide by the rules of the tournament.,Barcha oʻyinchilar turnir qoidalariga rioya qilishlari shart.,Все игроки должны соблюдать правила турнира.,"comply with, obey, adhere to","violate, disobey",abiding,'Abide with' deb ishlatish xatodir; qoidalar yoki qarorlarga rioya qilish uchun 'abide by' iborasi qoʻllaniladi.
account for,phrasal verb,B2,"tushuntirib bermoq, hisobiga toʻgʻri kelmoq","объяснять, составлять какую-либо долю",to explain the reason for something or form a specified amount or proportion of something,/əˈkaʊnt fɔː/,20187,phrasal,E-books account for roughly thirty percent of total book sales.,Elektron kitoblar jami kitob sotuvining taxminan oʻttiz foizini tashkil qiladi.,Электронные книги составляют примерно тридцать процентов от общих продаж книг.,"explain, make up, constitute",,"account, accountable",'Account to' bilan adashtirmang; miqdor yoki sababni koʻrsatishda 'account for' ishlatiladi.
ask around,phrasal verb,B1,atrofdagilardan surishtirmoq,"расспрашивать людей, узнавать у окружающих",to ask several people for information or help regarding something,/ɑːsk əˈraʊnd/,20189,phrasal,"I asked around, but nobody knew where the old station was.","Men atrofdagilardan surishtirdim, lekin hech kim eski vokzal qayerdaligini bilmas edi.","Я расспросил людей вокруг, но никто не знал, где находится старый вокзал.","inquire, ask about",,,'Ask around somebody' deyish xatodir; iboradan soʻng toʻldiruvchi (obyekt) ishlatilmaydi.
bring forward,phrasal verb,B2,oldinroq muddatga koʻchirmoq,переносить на более ранний срок,to change the date or time of an event so that it happens earlier than expected,/brɪŋ ˈfɔːwəd/,20191,phrasal,The meeting has been brought forward to ten o'clock tomorrow morning.,Uchrashuv ertaga ertalab soat oʻnga koʻchirildi.,Встречу перенесли на десять часов утра завтрашнего дня.,"advance, move up","postpone, put off",,"Ushbu iborani voqeani keyinroqqa surish ma'nosida ishlatmang, u vaqtni ertaroqqa koʻchirishni bildiradi."
build up,phrasal verb,B1,"oshirmoq, rivojlantirmoq, toʻplamoq","развивать, накапливать, укреплять","to increase, strengthen, or accumulate something over time",/bɪld ʌp/,20193,phrasal,She took evening classes to build up her confidence in speaking English.,U ingliz tilida gapirishdagi ishonchini oshirish uchun kechki kurslarga qatnashdi.,"Она ходила на вечерние курсы, чтобы укреплять уверенность в английской речи.","boost, develop, strengthen","weaken, diminish",buildup,"Ot shakli 'buildup' birga yoziladi, lekin fe'l birikmasi 'build up' koʻrinishida ajratib yoziladi."
call by,phrasal verb,B2,yoʻl-yoʻlakay kirib oʻtmoq,"зайти, заглянуть мимоходом","to make a brief, informal visit to a person or place while going somewhere else",/kɔːl baɪ/,20195,phrasal,I will call by on my way home from work to deliver the files.,"Ishdan uyga qaytayotib, hujjatlarni berish uchun yoʻl-yoʻlakay kirib oʻtaman.","Я загляну по дороге домой с работы, чтобы передать документы.","drop by, pop in, call in",,,"'Call by' rasmiy tashrif emas, balki qisqa va yoʻl-yoʻlakay boʻlgan uchrashuvlarga nisbatan qoʻllaniladi."
catch out,phrasal verb,B2,"kutilmaganda qiyin ahvolga solmoq, xatosini tutib olmoq","застать врасплох, уличить во лжи","to place someone in an unexpected, difficult situation or to discover that they made a mistake",/kætʃ aʊt/,20197,phrasal,The sudden change in the weather caught us out without umbrellas.,Ob-havoning toʻsatdan oʻzgarishi bizni soyabonsiz kutilmagan qiyin ahvolga solib qoʻydi.,Внезапная перемена погоды застала нас врасплох без зонтов.,"catch unawares, surprise, trap",,,"Majhul nisbatda tez-tez 'be caught out' shaklida ishlatiladi, soʻzma-soʻz 'ushlab olmoq' deb tarjima qilmang."
close down,phrasal verb,B1,butunlay yopilmoq (faoliyatini toʻxtatmoq),"закрываться, прекращать работу (о предприятии)",to stop operating or doing business permanently or for a lengthy period,/kləʊz daʊn/,20199,phrasal,The local bakery had to close down due to rising fuel costs.,Mahalliy novvoyxona yoqilgʻi narxi oshgani sababli yopilishiga toʻgʻri keldi.,Местной пекарне пришлось закрыться из-за роста цен на топливо.,"shut down, cease operating","open up, start up",closedown,Eshik yoki derazani yopish bilan adashtirmang; 'close down' korxona yoki biznesning faoliyatini toʻxtatishiga aytiladi.
come in for,phrasal verb,C1,tanqid yoki e'tirozga duchor boʻlmoq,"подвергаться (критике, порицанию)","to receive or be subjected to something unpleasant, especially criticism or blame",/kʌm ɪn fɔː/,20201,phrasal,The government's new policy came in for severe criticism from the public.,Hukumatning yangi siyosati jamoatchilik tomonidan keskin tanqidga duchor boʻldi.,Новая политика правительства подверглась суровой критике со стороны общественности.,"receive, encounter, face",,,'Come in for' iborasidan keyin 'criticism' yoki 'blame' kabi otlar keladi; kelóshiklarni (prepositions) tushirib qoldirmang.
do up,phrasal verb,B1,"ta'mirlamoq, bogʻlamoq, tugmalamoq","ремонтировать, застегивать","to repair and decorate a building or vehicle, or to fasten a piece of clothing",/duː ʌp/,20203,phrasal,They bought an old cottage in the countryside and spent months doing it up.,Ular qishloqdagi eski kottejni sotib olishdi va uni ta'mirlashga oylar sarflashdi.,Они купили старый коттедж в деревне и потратили месяцы на его ремонт.,"renovate, decorate, fasten","undo, unfasten",,"Kiyim tugmasini taqishda va bino ta'mirlashda ishlatiladi, lekin oddiy 'ta'mirlamoq' (repair) oʻrnida har doim ham toʻgʻri kelavermaydi."
draw on,phrasal verb,B2,tajriba yoki manbadan foydalanmoq,"использовать, опираться на (опыт, знания)","to use information, experience, knowledge, or resources to help achieve something",/drɔː ɒn/,20205,phrasal,"In her essay, she drew on her personal experiences as a teacher.",U oʻz inshosida oʻqituvchilik shaxsiy tajribasiga tayandi.,В своем эссе она опиралась на личный опыт работы учителем.,"use, employ, rely on",,,Rasm chizish ('draw') bilan adashtirmang; ibora sifatida 'manbaga tayanmoq' yoki 'foydalanmoq' degani.
ease off,phrasal verb,B2,"susaymoq, pasaymoq","ослабевать, уменьшаться","to become less intense, severe, or forceful",/iːz ɒf/,20207,phrasal,"As the heavy rain began to ease off, we decided to continue our journey.","Kuchli yomgʻir susaya boshlagach, biz yoʻlimizni davom ettirishga qaror qildik.","Когда сильный дождь начал ослабевать, мы решили продолжить путь.","moderate, abate, lessen","intensify, worsen",ease,"Ob-havo, ogʻriq yoki bosim pasayishi uchun 'ease off' birikmasi qoʻllaniladi."
bear out,phrasal verb,C1,"tasdiqlamoq, isbotlamoq","подтверждать, доказывать","to support or confirm a statement, theory, or belief",/beər aʊt/,20209,phrasal,The results of the second experiment bear out our original hypothesis.,Ikkinchi tajriba natijalari bizning dastlabki gipotezamizni tasdiqlaydi.,Результаты второго эксперимента подтверждают нашу первоначальную гипотезу.,"confirm, corroborate, verify","refute, contradict","bear out, borne out",Ushbu iborada 'bear' fe'lining o'tgan zamon shakli 'bore out' va sifatdosh shakli 'borne out' ekanligini unutmaslik kerak.
buckle down,phrasal verb,B2,"ishga jiddiy kirishmoq, g'ayrat bilan kirishmoq","серьезно взяться за работу, усердно работать",to start working hard and seriously on something,/ˈbʌk.əl daʊn/,20211,phrasal,"If you want to pass the exam, you need to buckle down and study every evening.","Agar imtihondan o'tmoqchi bo'lsangiz, jiddiy kirishib, har kuni kechqurun shug'ullanishingiz kerak.","Если вы хотите сдать экзамен, вам нужно серьезно взяться за учебу и заниматься каждый вечер.","knuckle down, apply oneself, concentrate","slack off, procrastinate",buckle down,'Buckle' so'zidan keyin har doim 'down' ko'makchisi keladi; 'buckle up' esa xavfsizlik kamarini taqishni anglatadi.
clamp down on,phrasal verb,B2,"qat'iy choralar ko'rmoq, cheklov qo'ymoq","принимать строгие меры, подавлять",to take strict or urgent action to stop or limit an illegal or unwanted activity,/klæmp daʊn ɒn/,20213,phrasal,The government plans to clamp down on tax evasion this year.,Hukumat bu yil soliq to'lashdan bo'yin tovlashga qarshi qat'iy choralar ko'rishni rejalashtirmoqda.,В этом году правительство планирует принять строгие меры против уклонения от уплаты налогов.,"crack down on, suppress, restrict","permit, tolerate","clamp down, clampdown",Ushbu iborada obyekt oldidan 'on' predlogi ishlatilishi shart.
drive at,phrasal verb,B2,"shama qilmoq, nimani nazarda tutmoq","клонить к чему-либо, намекать","to try to say or imply something, usually used in continuous forms",/draɪv æt/,20215,phrasal,I do not quite understand what you are driving at.,Men nimani nazarda tutayotganingizni unchalik tushunmayapman.,"Я не совсем понимаю, к чему вы клоните.","imply, hint at, suggest",,driving at,Odatda davomli zamonlarda (Continuous) 'What are you driving at?' shaklida qo'llaniladi.
frown upon,phrasal verb,B2,"yoqtirmaslik, ma'qullamaslik","не одобрять, относиться неодобрительно",to disapprove of something or view it with displeasure,/fraʊn əˈpɒn/,20217,phrasal,Using personal phones during working hours is frowned upon in this office.,Ushbu idorada ish vaqtida shaxsiy telefonlardan foydalanish ma'qullanmaydi.,В этом офисе не одобряется использование личных телефонов в рабочее время.,"disapprove of, discourage, discountenance","approve of, encourage","frown upon, frown on",Odatda majhul nisbatda (Passive Voice) 'is frowned upon' ko'rinishida ko'proq ishlatiladi.
muddle through,phrasal verb,B2,"epalamoq, qiyinchilik bilan bajarmoq","кое-как справиться, довести дело до конца",to succeed in doing something or dealing with a situation despite a lack of organization or preparation,/ˈmʌd.əl θruː/,20219,phrasal,"Although we did not have a clear plan, we managed to muddle through the crisis.","Aniq rejamiz bo'lmasada, inqirozni bir ilojini qilib epalab o'tdik.","Хотя у нас не было четкого плана, нам удалось кое-как справиться с кризисом.","cope, manage, scrape through",,muddle through,"Ushbu ibora puxta reja emas, balki tavakkal yoki vaziyatga qarab ish tutishni anglatadi."
play down,phrasal verb,B2,"muhim emasdek ko'rsatmoq, ahamiyatini kamaytirmoq","принижать значение, преуменьшать","to try to make something seem less important, serious, or harmful than it really is",/pleɪ daʊn/,20221,phrasal,The company tried to play down the serious extent of the financial losses.,Kompaniya moliyaviy yo'qotishlarning jiddiy darajasini kamaytirib ko'rsatishga urindi.,Компания пыталась преуменьшить степень серьезности финансовых потерь.,"downplay, minimize, soft-pedal","exaggerate, emphasize, highlight",play down,"'Play down' va 'downplay' sinonimlar bo'lib, 'play down' fe'li bo'laklarga ajralishi mumkin (masalan, play the issue down)."
single out,phrasal verb,B2,"ajratib ko'rsatmoq, tanlab olmoq","выделять, выбирать","to choose one person or thing from a group for special attention, praise, or criticism",/ˈsɪŋ.ɡəl aʊt/,20223,phrasal,It is unfair to single out one employee for a mistake made by the entire team.,Butun jamoa yo'l qo'ygan xato uchun birgina xodimni ajratib ko'rsatish nohaqlikdir.,"Несправедливо выделять одного сотрудника за ошибку, допущенную всей командой.","select, highlight, pinpoint","ignore, overlook",single out,"'Single out' biror kishini ham maqtov, ham tanqid uchun boshqalardan ajratishda ishlatilishi mumkin."
size up,phrasal verb,B2,"baholamoq, ko'zdan kechirmoq","оценивать, составлять мнение",to examine or assess a person or situation in order to form a judgment,/saɪz ʌp/,20225,phrasal,The experienced manager quickly sized up the candidate during the interview.,Tajribali menejer suhbat davomida nomzodni tezda baholab oldi.,Опытный менеджер быстро оценил кандидата во время собеседования.,"assess, evaluate, judge",,size up,"'Size up' iborasi obyekt oladi va ajratilishi mumkin (masalan, size someone up)."
smooth over,phrasal verb,B2,"silliqlamoq, yumshatmoq","сглаживать, улаживать","to make a problem, disagreement, or difficulty seem less serious or easier to manage",/smuːð ˈəʊ.vər/,20227,phrasal,She tried to smooth over the disagreement between her colleagues before the meeting.,U uchrashuv oldidan hamkasblari o'rtasidagi kelishmovchilikni silliqlashga harakat qildi.,Она попыталась сгладить разногласия между коллегами перед собранием.,"reconcile, ease, patch up","aggravate, inflame",smooth over,"'Smooth' bu yerda fe'l bo'lib keladi va sirtni emas, balki mojarolarni yumshatishni bildiradi."
stand down,phrasal verb,B2,"lavozimidan ketmoq, o'rnini bo'shatmoq","уходить в отставку, снимать свою кандидатуру",to leave an official position or job so that someone else can take it,/stænd daʊn/,20229,phrasal,The chairman decided to stand down after ten years of leadership.,Rais o'n yillik rahbarlikdan so'ng lavozimidan ketishga qaror qildi.,Председатель решил уйти в отставку после десяти лет руководства.,"resign, step down, retire","take office, assume power",stand down,"'Step down' bilan bir xil ma'noni beradi, ammo rasmiy vaziyatlarda ko'proq 'stand down' ishlatiladi."
zero in on,phrasal verb,B2,"diqqatni qaratmoq, diqqat-e'tiborni jamlamoq","сосредотачивать внимание на, сфокусироваться","to direct all your attention or effort towards a particular topic, problem, or goal",/ˈzɪə.rəʊ ɪn ɒn/,20231,phrasal,The researchers need to zero in on the main cause of the problem.,Tadqiqotchilar muammoning asosiy sababiga diqqat-e'tiborini qaratishlari kerak.,Исследователям необходимо сосредоточить внимание на основной причине проблемы.,"focus on, pinpoint, target","divert from, ignore",zero in on,"Iborada ham 'in', ham 'on' predloglari birgalikda ishlatilishi shart."
pass on,phrasal verb,B1,"uzatmoq, o'tkazmoq","передавать, пересылать","To give something to another person, especially after receiving it yourself or after using it.",/pɑːs ɒn/,20233,phrasal,Please read the memo and pass it on to your colleagues.,"Iltimos, ushbu xatni o'qib chiqing va uni hamkasblaringizga uzating.","Пожалуйста, прочтите эту записку и передайте её своим коллегам.","hand over, pass along, transfer","keep, retain","pass on, passed on, passing on",Uzbek speakers often use 'give' instead of 'pass on' when referring to transferring information or objects down a chain of people.
take down,phrasal verb,B1,"yozib olmoq, qayd etmoq","записывать, конспектировать",To write down information that someone is saying.,/teɪk daʊn/,20235,phrasal,The secretary took down all the key details during the meeting.,Kotib uchrashuv davomida barcha muhim tafsilotlarni yozib oldi.,Секретарь записала все ключевые детали во время встречи.,"write down, note down, record",,"take down, took down, taken down","Do not confuse 'take down' with 'take off', which means to remove clothing or for an aircraft to depart."
break into,phrasal verb,B1,"bostirib kirmoq, g'ayriqonuniy kirmoq","взламывать, проникать с взломом","To enter a building or vehicle by force, usually to steal something.",/breɪk ˈɪntə/,20237,phrasal,Someone tried to break into the office during the night.,Tunda kimdir idoraga bostirib kirishga urindi.,Ночью кто-то попытался вломиться в офис.,"burgle, force entry into",,"break into, broke into, broken into, break-in","'Break into' is a transitive phrasal verb that takes its object directly without extra prepositions like 'in' (e.g. 'break into the house', not 'break into in the house')."
bring back,phrasal verb,B1,"qaytarib olib kelmoq, xotiraga keltirmoq","возвращать, напоминать","To return with something, or to make someone remember something from the past.",/brɪŋ bæk/,20239,phrasal,This old song brings back so many happy memories of my childhood.,Ushbu eski qo'shiq bolaligimdagi ko'plab baxtli xotirlarni yodga soladi.,Эта старая песня навевает столько счастливых воспоминаний о моём детстве.,"return, restore, recall",,"bring back, brought back, bringing back","'Bring back' implies returning something towards the current location or speaker, whereas 'take back' implies moving it away to its origin."
put together,phrasal verb,B1,"yig'moq, qurashtirmoq","собирать, монтировать",To assemble the parts of something in order to build or make it.,/pʊt təˈɡɛðə/,20241,phrasal,It took us nearly two hours to put the new bookcase together.,Yangi kitob javonini yig'ishimiz uchun deyarli ikki soat vaqt ketdi.,"У нас ушло почти два часа, чтобы собрать новый книжный шкаф.","assemble, construct, build","take apart, disassemble","put together, putting together","Learners sometimes confuse 'put together' with 'collect', which means gathering separate items rather than assembling components into one object."
turn back,phrasal verb,A2,"ortga qaytmoq, qaytarmoq","поворачивать назад, возвращаться","To return in the direction you came from, or to make someone do this.",/tɜːn bæk/,20243,phrasal,The weather became so bad that the climbers had to turn back.,"Ob-havo shunchalik yomonlashdiki, alpinistlar ortga qaytishga majbur bo'lishdi.","Погода настолько ухудшилась, что альпинистам пришлось повернуть назад.","return, retreat, retrace one's steps","advance, proceed","turn back, turned back, turning back",Do not use 'turn back' when you simply mean turning your body or head around; use 'turn round' or 'turn around' instead.
keep out,phrasal verb,B1,"kiritmaslik, yaqinlashtirmaslik","не допускать, не входить",To stop someone or something from entering a place.,/kiːp aʊt/,20245,phrasal,The sign on the fence said 'Keep Out - Private Property'.,Devordagi belgilarda 'Kirish taqiqlanadi - xususiy mulk' deb yozilgan edi.,На заборе была надпись «Вход воспрещён — частная собственность».,"bar, exclude, keep off","admit, let in","keep out, kept out, keeping out","On warning signs, 'keep out' is used as an imperative without an object, but when used transitively, an object must be inserted between 'keep' and 'out' (e.g. 'keep them out')."
hold out,phrasal verb,B2,"uzatmoq, chidamoq","протягивать, продерживаться","To extend something towards someone, or to manage to survive or continue in a difficult situation.",/həʊld aʊt/,20247,phrasal,She held out her hand to greet the visitor.,U mehmonga salomlashish uchun qo'lini uzatdi.,"Она протянула руку, чтобы поприветствовать гостя.","extend, offer, resist","withdraw, give up","hold out, held out, holding out","Do not confuse 'hold out' with 'hold on', which means to wait for a short period of time."
fade away,phrasal verb,B2,"sekin-asta yo'qolmoq, sönmoq","угасать, постепенно исчезать","To slowly disappear, become quieter, or lose strength over time.",/feɪd əˈweɪ/,20249,phrasal,The sound of the music slowly faded away into the distance.,"Musiqa ovozi uzoqlashib, sekin-asta yo'qolib bordi.",Звук музыки медленно угас вдали.,"vanish, dissipate, dissolve","appear, intensify","fade away, faded away, fading away",'Fade away' is an intransitive phrasal verb and cannot take a direct object.
come forward,phrasal verb,B2,"oldinda chiqmoq, tashabbus ko'rsatmoq","выходить вперед, откликаться, предлагать помощь","To offer help, information, or evidence to assist with a situation or investigation.",/kʌm ˈfɔːwəd/,20251,phrasal,Police are asking any witnesses of the accident to come forward.,Polisiya hodisa guvohlarini ma'lumot berish uchun oldinga chiqishga chaqirmoqda.,Полиция просит всех свидетелей происшествия откликнуться и дать показания.,"step forward, volunteer, present oneself","withhold, stay back","come forward, came forward, coming forward",'Come forward' is intransitive; do not attach a direct object like 'come forward information'.
block out,phrasal verb,B2,"to'smoq, miyadan chiqarib tashlamoq","блокировать, заслонять, заглушать","To stop light, sound, or unpleasant memories from reaching you or coming into your mind.",/blɒk aʊt/,20253,phrasal,Heavy curtains were used to block out the street light.,Ko'cha chirog'ini to'sh uchun qalin pardalardan foydalanildi.,"Плотные шторы использовались, чтобы заслонить свет уличных фонарей.","shut out, screen out, mask","let in, reveal","block out, blocked out, blocking out","Using 'block' without 'out' generally refers to physically obstructing a path, whereas 'block out' specifically refers to screening out light, noise, or painful thoughts."
pull down,phrasal verb,B1,"buzib tashlamoq, yer bilan yakson qilmoq","сносить, разрушать",To destroy or demolish a building or structure.,/pʊl daʊn/,20255,phrasal,The old factory was pulled down to make room for new houses.,Yangi uylar qurish uchun eski fabrika buzib tashlandi.,"Старую фабрику снесли, чтобы освободить место для новых домов.","demolish, knock down","put up, build, construct","pull down, pulled down, pulling down","Do not confuse 'pull down' with 'pull off', which means to succeed in doing something difficult or to detach something."
bounce back,phrasal verb,B2,"qayta tiklanmoq, o'ziga kelmoq","восстанавливаться, приходить в себя","to recover quickly from a setback, illness, or difficult situation",/baʊns bæk/,20257,phrasal,The company managed to bounce back after a difficult financial year.,Kompaniya qiyin moliyaviy yildan so'ng qayta tiklanishga erishdi.,Компания сумела восстановиться после трудного финансового года.,"recover, rally, rebound","decline, deteriorate",bounce back (v),'Bounce back' ko'pincha ruhiy yoki moliyaviy tiklanish uchun ishlatiladi; uni har doim ham jismoniy narsalarning sakrashiga nisbatan ishlatib bo'lmaydi.
bring out,phrasal verb,B1,"bozorga chiqarmoq, chop etmoq","выпускать, производить",to produce something to sell to the public or make something noticeable,/brɪŋ aʊt/,20259,phrasal,The publisher plans to bring out a new edition of the dictionary next year.,Nashriyot kelasi yili lug'atning yangi nashrini chiqarishni rejalashtirmoqda.,Издательство планирует выпустить новое издание словаря в следующем году.,"launch, release, publish","withdraw, recall",bring out (v),'Bring out' va 'take out'ni adashtirmang; 'bring out' yangi mahsulot yoki kitobni sotuvga chiqarishni anglatadi.
burst into,phrasal verb,B1,"to'satdan boshlamoq (yig'i, kulgi va h.k.)","внезапно разразиться (слезами, смехом и т.д.)","to suddenly start producing something, such as tears, laughter, or song",/bɜːst ˈɪntə/,20261,phrasal,The young child burst into tears after dropping his ice cream on the pavement.,"Yosh bola muzqaymog'ini yo'lakka tushirib yuborgach, to'satdan yig'lab yubordi.","Маленький ребенок разразился слезами, уронив мороженое на тротуар.","break into, explode into",,burst into (v),'Burst into tears' birikmasida 'into' o'rniga 'in' ishlatish xatodir.
check over,phrasal verb,B1,diqqat bilan tekshirib chiqmoq,"тщательно проверять, осматривать",to examine someone or something carefully to make sure everything is correct or healthy,/tʃek ˈəʊvə/,20263,phrasal,The mechanic agreed to check over the car before our long journey.,Mexanik uzoq safarimizdan oldin mashinani diqqat bilan tekshirib berishga rozi bo'ldi.,Механик согласился тщательно проверить машину перед нашей долгой поездкой.,"inspect, examine, look over","ignore, overlook",check over (v),'Check over' va 'check out' farqlanadi; 'check over' nuqson yoki xatolarni topish uchun sinchiklab tekshirishni anglatadi.
come round,phrasal verb,B2,"hushiga kelmoq, fikrini o'zgartirmoq","приходить в себя, менять мнение","to regain consciousness, or to change one's opinion to agree with someone",/kʌm raʊnd/,20265,phrasal,"He was opposed to the proposal at first, but he eventually came round.","U boshida taklifga qarshi edi, lekin oxir-bo'lib fikrini o'zgartirdi.","Сначала он был против предложения, но в конце концов изменил свое мнение.","come to, relent, yield","faint, resist",come round (v),"Amerika ingliz tilida ko'pincha 'come around' shakli ishlatiladi, britancha shakli 'come round'."
cool down,phrasal verb,A2,"sovimoq, bosilmoq","остывать, успокаиваться",to become cooler in temperature or to become calmer after being angry,/kuːl daʊn/,20267,phrasal,Let your bowl of soup cool down before you start eating it.,Sho'rva ichishni boshlashdan oldin uning sovishini kuting.,"Дайте супу остыть, прежде чем начать есть.","chill, calm down, soothe","heat up, warm up","cool down (v), cool-down (n)",Insonning jahli chiqib tinchlanishi uchun 'cool down' iborasi ham to'g'ri keladi.
do without,phrasal verb,B2,"birorsiz ham amallamoq, esiz yashamoq",обходиться без,to manage or survive without having a particular thing or person,/duː wɪðˈaʊt/,20269,phrasal,"During the power outage, we had to do without electricity for two days.",Chiroq o'chgan paytda biz ikki kun davomida elektr energiyasisiz amallashimizga to'g'ri keldi.,Во время отключения света нам пришлось обходиться без электричества два дня.,"manage without, dispense with, forgo","require, depend on",do without (v),'Do without' fe'lidan keyin nimadan vos kechilganini bildiruvchi to'ldiruvchi (masalan: 'it') kelishi shart.
fall back on,phrasal verb,B2,zaxira chorasiga tayanmoq,"прибегать к, рассчитывать на",to use something as a secondary option or support when other plans fail,/fɔːl bæk ɒn/,20271,phrasal,"If her job application fails, she has her savings to fall back on.","Agar uning ishga kirish arizasi rad etilsa, suyanishi uchun jamg'argan pullari bor.","Если ее заявление о приеме на работу отклонят, у нее есть сбережения, на которые можно рассчитывать.","resort to, rely on, turn to",,fall back on (v),Ushbu iborada oxirgi 'on' predlogini tushirib qoldirmang; to'g'ri shakli 'fall back on'.
grow apart,phrasal verb,B2,"uzoqlashmoq, begonalashmoq",отдаляться друг от друга,to gradually become less close or friendly with someone over time,/ɡrəʊ əˈpɑːt/,20273,phrasal,"After leaving university, the two close friends slowly began to grow apart.","Universitetni tugatgach, ikki yaqin do'st sekin-asta bir-biridan uzoqlasha boshladi.",После окончания университета два близких друга постепенно начали отдаляться друг от друга.,"estrange, drift apart, separate","bond, grow closer",grow apart (v),"'Grow apart' fe'li odatda ko'plikdagi shaxslarga nisbatan qo'llaniladi (we grew apart, they grew apart)."
hold off,phrasal verb,B2,"kuttirib turmoq, kechiktirmoq","откладывать, удерживать",to delay doing something or delay taking action,/həʊld ɒf/,20275,phrasal,They decided to hold off buying a new home until interest rates decreased.,Ular foiz stavkalari pasayguncha yangi uy sotib olishni kechiktirishga qaror qilishdi.,Они решили отложить покупку нового дома до снижения процентных ставок.,"postpone, delay, defer","expedite, advance",hold off (v),"'Hold off'dan keyin fe'l kelsa, u har doim -ing shaklida bo'ladi ('hold off buying', 'hold off to buy' emas)."
keep away,phrasal verb,A2,"yaqinlashmaslik, uzoq turmoq","держаться подальше, не подпускать","to avoid going near someone or something, or to prevent someone from going near",/kiːp əˈweɪ/,20277,phrasal,You should keep away from the construction site for your own safety.,O'z xavfsizligingiz uchun qurilish maydonchasidan uzoqroq turishingiz kerak.,Вам следует держаться подальше от строительной площадки ради вашей безопасности.,"avoid, stay clear of, keep clear","approach, come near",keep away (v),Biror ob'ektdan uzoq durishda 'keep away' ko'pincha 'from' predlogi bilan ishlatiladi.
live up to,phrasal verb,B2,"umidlarni oqlamoq, munosib bo'lmoq","оправдывать (ожидания, надежды)",to achieve a high standard or fulfill expected requirements or promises,/lɪv ʌp tuː/,20279,phrasal,The hotel was very comfortable and fully lived up to our expectations.,Mehmonxona juda qulay edi va bizning umidlarimizni to'liq oqladi.,Отель был очень комфортным и полностью оправдал наши ожидания.,"match, satisfy, fulfill","fail, disappoint",live up to (v),Ushbu fe'lda 'up' va 'to' birga keladi; 'live to expectations' deyish xatodir.
act up,phrasal verb,B2,"injiqlik qilmoq, buzilmoq","барахлить, капризничать",to behave badly or fail to function properly,/ækt ʌp/,20281,phrasal,My old car's engine started to act up on the way home.,Uyga qaytish yo'lida eski mashinamning dvigateli buzila boshladi.,По дороге домой двигатель моей старой машины начал барахлить.,"misbehave, malfunction, play up","behave, work properly","act, acting",Do not use 'act up' to mean 'imitate someone'. It specifically means misbehaving or malfunctioning.
back out,phrasal verb,B2,"shartnomani bozmoq, voz kechmoq","пойти на попятную, отказаться от обещания",to decide not to do something that you had agreed to do,/bæk aʊt/,20283,phrasal,He signed the agreement and couldn't back out later.,U shartnomani imzoladi va keyinchalik undan voz kecha olmadi.,Он подписал соглашение и не мог потом пойти на попятную.,"withdraw, renege, pull out","commit, proceed, go through with","back, backing",Do not confuse 'back out' (withdraw from an agreement) with 'back up' (support or reverse a vehicle).
branch out,phrasal verb,B2,"yangi sohani yo'lga qo'ymoq, faoliyatini kengaytirmoq","расширять деятельность, осваивать новые области","to start doing a new activity or business, especially one related to your existing work",/brɑːntʃ aʊt/,20285,phrasal,The company decided to branch out into software development.,Kompaniya dasturiy ta'minot ishlab chiqish sohasini ham yo'lga qo'yishga qaror qildi.,Компания решила расширить свою деятельность и заняться разработкой программного обеспечения.,"expand, diversify, broaden horizons","specialize, narrow down","branch, branching",'Branch out' requires the preposition 'into' when introducing a new field of work.
break off,phrasal verb,B2,"to'xtatmoq, munosabatlarni uzmoq","прерывать, разрывать (отношения)","to abruptly stop speaking or end a relationship, agreement, or discussion",/breɪk ɒf/,20287,phrasal,They decided to break off diplomatic relations after the negotiations failed.,"Muzokaralar muvaffaqiyatsiz tugagach, ular diplomatik munosabatlarni uzishga qaror qilishdi.",Они решили разорвать дипломатические отношения после провала переговоров.,"end, terminate, sever","resume, continue, establish","break, broken, breakage","Use 'break off' for ending talks or relations, whereas 'break up' usually refers to romantic relationships."
bring round,phrasal verb,B2,"xushiga keltirmoq, fikridan qaytarib ko'ndirmoq","приводить в чувство, убеждать","to persuade someone to agree with you, or to make someone conscious again",/brɪŋ raʊnd/,20289,phrasal,It took a long time to bring her round to our point of view.,Uni bizning nuqtai nazarimizga ko'ndirish uchun ko'p vaqt ketdi.,"Потребовалось много времени, чтобы склонить её к нашей точке зрения.","persuade, convince, revive","dissuade, discourage","bring, brought","In British English, 'bring round' is standard, whereas American English prefers 'bring around'."
brush off,phrasal verb,C1,"e'tiborsiz qoldirmoq, rad etmoq","отмахиваться, игнорировать",to refuse to listen to someone or dismiss a suggestion rudely,/brʌʃ ɒf/,20291,phrasal,"She tried to offer advice, but he just brushed her off.","U maslahat bermoqchi bo'ldi, lekin u shunchaki uni e'tiborsiz qoldirdi.","Она попыталась дать совет, но он просто отмахнулся от неё.","dismiss, reject, ignore","listen to, accept, welcome","brush, brushing",Do not confuse 'brush off' (dismiss someone) with 'brush up on' (revise or improve knowledge).
burn up,phrasal verb,B2,"yonib ketmoq, sarflamoq","сгорать, расходовать (энергию)","to consume completely by fire, or to expend energy or calories rapidly",/bɜːn ʌp/,20293,phrasal,Running on a treadmill helps to burn up extra calories.,Yugurish yo'lakchasida yugurish ortiqcha kaloriyalarni sarflashga yordam beradi.,Бег на беговой дорожке помогает сжигать лишние калории.,"consume, expend, incinerate","save, store","burn, burning, burnt",Do not confuse 'burn up' with 'burn out' (which means to become exhausted through overwork).
butt in,phrasal verb,B2,"gapga suqulmoq, aralashmoq","вмешиваться, перебивать",to interrupt a conversation or activity rudely without being invited,/bʌt ɪn/,20295,phrasal,It is impolite to butt in while other people are talking.,Boshqa odamlar gaplashayotganda gapga suqulish odabsizlikdir.,"Вмешиваться, когда говорят другие люди, вежливо не принято.","interrupt, intrude, barge in","withdraw, keep quiet","butt, butts",Do not use 'to' directly after 'butt in'; use 'butt in on [a conversation]'.
call out,phrasal verb,B2,"baqirib chaqirmoq, oshkora tanqid qilmoq","кричать, вызывать, открыто критиковать",to speak loudly or criticize someone publicly for doing something wrong,/kɔːl aʊt/,20297,phrasal,The journalist called out the politician for spreading false information.,Jurnalist siyosatchini yolg'on ma'lumot tarqatgani uchun oshkora tanqid qildi.,Журналист открыто раскритиковал политика за распространение ложной информации.,"shout, challenge, criticize","praise, approve","call, calling","When meaning 'to criticize', 'call out' requires an object (e.g. 'call someone out for something')."
carve out,phrasal verb,C1,"mehnat bilan erishmoq, barpo etmoq","завоевать, добиться (трудом)","to create or establish something, such as a career or niche, through hard work",/kɑːv aʊt/,20299,phrasal,She managed to carve out a successful career in international finance.,U xalqaro moliya sohasida muvaffaqiyatli martaba barpo etishga erishdi.,Ей удалось построить успешную карьеру в сфере международных финансов.,"create, establish, build","lose, destroy","carve, carving","'Carve out' typically collocates with words like 'career', 'niche', or 'reputation'."
chance upon,phrasal verb,C1,"tasodifan uchratmoq, topib olmoq",случайно наткнуться,to find or see someone or something unexpectedly by luck or accident,/tʃɑːns əˈpɒn/,20301,phrasal,"While walking through the old town, we chanced upon a charming little café.","Eski shahar bo'ylab sayr qilib yurganda, biz tasodifan mitti shinam qahvaxonaga duch keldik.","Прогуливаясь по старому городу, мы случайно наткнулись на милое маленькое кафе.","stumble upon, happen upon, come across","seek out, search for","chance, chancing",'Chance upon' is slightly formal; use 'come across' in informal everyday speech.
choke back,phrasal verb,C1,"ichiga yutmoq, bosa olmoq","сдерживать (слезы, эмоции)","to suppress or hide strong emotion, such as tears, anger, or sadness",/tʃəʊk bæk/,20303,phrasal,She had to choke back her tears during the sad farewell ceremony.,U ma'yus xayrlashuv marosimi davomida ko'z yoshlarini ichiga yutishga majbur bo'ldi.,Ей пришлось сдерживать слезы во время печальной церемонии прощания.,"suppress, hold back, stifle","express, release","choke, choking",'Choke back' is specifically used with emotions or physical expressions of emotion like tears or sobs.
glance through,phrasal verb,B1,"koʻzdan kechirmoq, tezda oʻqib chiqmoq","пробежать глазами, бегло просмотреть",to read or look at something very quickly,/ɡlɑːns θruː/,20305,phrasal,She glanced through the report before the meeting started.,U majlis boshlanishidan oldin hisobotni tezda koʻzdan kechirib chiqdi.,Она бегло просмотрела отчёт перед началом собрания.,"skim, scan, flip through","read thoroughly, study",glance,'Glance through' iborasidan keyin 'at' predlogini qoʻshib 'glance through at' deyish xatodir; shunchaki 'glance through something' ishlatiladi.
dive into,phrasal verb,B1,"gʻayrat bilan kirishmoq, shoʻngʻimoq","погрузиться в, с энтузиазмом взяться за",to start doing something with energy and enthusiasm,/daɪv ˈɪntə/,20307,phrasal,"After a short break, he dived into his work again.",Qisqa tanaffusdan soʻng u yana gʻayrat bilan ishga kirishdi.,После короткого перерыва он снова с энтузиазмом погрузился в работу.,"plunge into, jump into","hesitate, shrink from","dive, diver, diving","Ushbu iboradan soʻng ot yoki fe'lning '-ing' shakli keladi; masalan, 'dive into reading' koʻrinishida qoʻllaniladi."
blow over,phrasal verb,B2,"oʻtib ketmoq, bosilmoq","пройти, утихнуть",to pass or disappear without serious consequences,/bləʊ ˈəʊvə/,20309,phrasal,Don't worry about the scandal; it will soon blow over.,"Xavotir olmang, bu janjal tez orada oʻtib ketadi.",Не волнуйтесь из-за скандала; он скоро утихнет.,"subside, die down, pass","escalate, worsen","blow, blown","'Blow over' odatda muammo yoki dovul oʻzi bosilishini bildiradi, uni oʻtmanli fe'l sifatida toʻldiruvchi bilan ishlatish xatodir."
cave in,phrasal verb,B2,"yon bermoq, rozi boʻlishga majbur boʻlmoq","уступить, сдаться под давлением",to agree to something after refusing or resisting,/keɪv ˈɪn/,20311,phrasal,The management finally caved in to the workers' demands.,Rahbariyat oxir-oqibat ishchilarning talablariga yon berdi.,Руководство в конце концов уступило требованиям рабочих.,"give in, yield, surrender","resist, hold out",cave,"Birovning talabiga yon berishda 'cave in to' formasida 'to' predlogi qoʻllaniladi, 'for' yoki 'with' emas."
egg on,phrasal verb,B2,"gij-gijlamoq, quturtirmoq","подстрекать, подбивать",to encourage someone to do something foolish or dangerous,/eɡ ɒn/,20313,phrasal,His friends egged him on to jump into the cold river.,Doʻstlari uni sovuq daryoga sakrashga gij-gijlashdi.,Друзья подбили его прыгнуть в холодную реку.,"goad, incite, urge","discourage, dissuade",,Bu ibora 'egg' (tuxum) otiga bogʻliq emas va oʻrtasida toʻldiruvchi keladi: 'egg someone on'.
hammer out,phrasal verb,B2,uzoq muhokamadan soʻng kelishib olmoq,"выработать, согласовать в ходе долгих обсуждений",to reach an agreement after detailed or difficult discussions,/ˈhæmər aʊt/,20315,phrasal,The two countries managed to hammer out a new trade agreement.,Ikki mamlakat yangi savdo bitimini uzoq muhokamadan soʻng kelishib olishga muvaffaq boʻldi.,Двум странам удалось выработать новое торговое соглашение.,"negotiate, finalize, work out",,hammer,"'Hammer out' biror narsani jismonan bolgʻalashni emas, aksincha uzoq bahslar evaziga kelishuvga erishishni anglatadi."
bear up,phrasal verb,B2,"qiyinchilikka bardosh bermoq, ruhiyatni tushirmaslik","держаться, не падать духом",to remain cheerful and strong during a difficult time,/beər ʌp/,20317,phrasal,How is she bearing up after the sad news?,"U bu gʻamli xabardan keyin oʻzini qanday tutyapti, bardosh beryaptimi?",Как она держится после таких печальных новостей?,"cope, persevere, withstand","collapse, succumb","bear, borne","Ushbu fe'l oʻzi toʻldiruvchi olmaydi, shuning uchun 'bear up something' deb ishlatilmaydi."
cotton on,phrasal verb,C1,"tushunib yetmoq, payqab qolmoq","схватывать, понимать, догадываться",to begin to understand or realize something,/ˈkɒtən ɒn/,20319,phrasal,It took him a while to cotton on to what they were planning.,Ular nima rejalashtirayotganini tushunib yetishi uchun unga biroz vaqt kerak boʻldi.,"Ему потребовалось некоторое время, чтобы понять, что они планируют.","grasp, realize, catch on","misunderstand, ignore",,"Biror narsani tushunib yetishda 'cotton on to something' birikmasi ishlatiladi, 'cotton on about' emas."
talk over,phrasal verb,B1,"muhokama qilmoq, maslahatlashmoq","обсуждать, обговаривать",to discuss a situation or problem thoroughly before making a decision,/tɔːk ˈəʊvə/,20321,phrasal,We need to talk over the proposal before signing the contract.,Shartnomani imzolashdan oldin taklifni muhokama qilib olishimiz kerak.,Нам нужно обсудить предложение перед подписанием контракта.,"discuss, talk through, debate",,talk over,O'zbek tilidagi 'haqida gaplashmoq' ma'nosi tufayli 'talk over about' deyish xato; 'talk over' dan so'ng 'about' ishlatilmaydi.
hand over,phrasal verb,B2,"topshirmoq, berib yubormoq","передавать, вручать",to give something to someone else formally or officially,/hænd ˈəʊvə/,20323,phrasal,The outgoing manager agreed to hand over all the duties by Friday.,Lavozimidan ketayotgan menejer juma kuniga qadar barcha vazifalarni topshirishga rozi bo'ldi.,Уходящий менеджер согласился передать все обязанности к пятнице.,"pass on, surrender, transfer","withhold, retain",handover,"Ot shaklida 'handover' birga yoziladi, ammo fe'l birikmasi bo'lganda 'hand over' deb ajratib yoziladi."
root for,phrasal verb,B2,"muxlislik qilmoq, qo'llab-quvvatlamoq","болеть за, поддерживать","to express support for a person, team, or cause",/ruːt fɔː/,20325,phrasal,Everyone in the office is rooting for you during your interview today.,Bugungi suhbatingiz davomida idoradagi barcha sizga muxlislik qilmoqda.,Все в офисе болеют за вас во время сегодняшнего собеседования.,"cheer for, support, back",oppose,rooting,"'Root for' iborasi doimo 'for' predlogi bilan ishlatiladi, predlogni tushirib qoldirish xatodir."
tone down,phrasal verb,C1,"yumshatmoq, bosingqiroq qilmoq","смягчать, делать менее резким","to make something less forceful, harsh, or offensive",/təʊn daʊn/,20327,phrasal,The editor advised the journalist to tone down her aggressive language.,Muarrir jurnalistga uning tajovuzkor tilini biroz yumshatishni maslahat berdi.,Редактор посоветовал журналистке смягчить её резкие высказывания.,"soften, moderate, temper","amplify, intensify",toned down,"'Tone down' shaxsning o'zini emas, balki uning matni, nutqi yoki xulq-atvorini bosingqiroq qilishda qo'llaniladi."
screen out,phrasal verb,B2,"saralab olib tashlamoq, filtrlash","отсеивать, фильтровать",to prevent unsuitable people or things from being accepted or included,/skriːn aʊt/,20329,phrasal,The hiring software helps screen out unqualified candidates automatically.,Ishga qabul qilish dasturi munosib bo'lmagan nomzodlarni avtomatik ravishda saralab olib tashlashga yordam beradi.,Программа по найму помогает автоматически отсеивать неквалифицированных кандидатов.,"filter out, weed out, exclude","select, include",screening,'Screen out' rad etish yoki o'tkazmaslikni bildiradi; saralab qabul qilish uchun shunchaki 'screen' ishlatiladi.
tip off,phrasal verb,B2,"ogohlantirmoq, sirli xabar bermoq","предупреждать, давать наводку",to give someone secret information or a warning about something,/tɪp ɒf/,20331,phrasal,An anonymous caller tipped off the police about the planned robbery.,Noma'lum qo'ng'iroq qiluvchi militsiyaga rejalashtirilgan o'g'rilik haqida yashirincha xabar berdi.,Анонимный абонент предупредил полицию о планируемом ограблении.,"warn, inform, alert",,tip-off,"Fe'l birikmasi 'tip off' ajratib yoziladi, chiziqcha bilan yozilgan 'tip-off' esa faqat ot hisoblanadi."
key in,phrasal verb,B1,"klaviaturada kiritmoq, terib kiritmoq",вводить с клавиатуры,to enter information into a computer or digital device using a keyboard,/kiː ɪn/,20333,phrasal,Please key in your personal identification number to proceed with the transaction.,O'tkazmani davom ettirish uchun shaxsiy identifikatsiya raqamingizni klaviaturada kiriting.,"Пожалуйста, введите ваш персональный идентификационный номер, чтобы продолжить транзакцию.","enter, type in, input",,keying in,"Raqamli moslamalarga ma'lumot kiritishda 'write in' emas, 'key in' yoki 'type in' ishlatilishi to'g'ri bo'ladi."
slip up,phrasal verb,B2,"xato qilmoq, adashib ketmoq","ошибаться, оступаться",to make a careless or foolish mistake,/slɪp ʌp/,20335,phrasal,"If you slip up on the final details, the entire project could fail.","So'nggi tafsilotlarda xatoga yo'l qo'sangiz, butun loyiha muvaffaqiyatsizlikka uchrashi mumkin.","Если вы оступитесь в финальных деталях, весь проект может провалиться.","blunder, make a mistake, err",succeed,slip-up,Fe'l bo'lganda 'slip up' ajratib yoziladi; 'slip-up' shakli faqat ot (xatolik) sifatida qo'llaniladi.
come down to,phrasal verb,B2,bog'liq bo'lmoq,быть зависимым,to be mainly decided or explained by one thing,,20337,phrasal,Success often comes down to consistent practice.,Muvaffaqiyat ko'pincha muntazam mashq qilishga bog'liq bo'ladi.,,,,,
follow up on,phrasal verb,B2,davomini tekshirmoq,проверьте продолжение,to take further action about something,,20339,phrasal,I will follow up on your application tomorrow.,Ertaga arizangiz bo'yicha keyingi ishlarni tekshiraman.,,,,,
go about,phrasal verb,B2,kirishmoq,входить,to begin or deal with a task in a particular way,,20341,phrasal,She explained how to go about solving the problem.,U muammoni yechishga qanday kirishishni tushuntirdi.,,,,,
read up on,phrasal verb,B2,batafsil o'rganib chiqmoq,подробно изучить,to study a subject by reading about it,,20343,phrasal,I read up on the company before my interview.,Suhbatdan oldin kompaniya haqida batafsil o'rganib chiqdim.,,,,,
knuckle down,phrasal verb,B2,jiddiy kirishmoq,стать серьезным,to start working or studying hard,,20345,phrasal,We need to knuckle down before the final exam.,Yakuniy imtihondan oldin o'qishga jiddiy kirishishimiz kerak.,,,,,
look out for,phrasal verb,B2,kuzatib turmoq,чтобы следить за,to watch carefully for someone or something,,20347,phrasal,Look out for an email confirming your booking.,Broningizni tasdiqlovchi xatni kuzatib turing.,,,,,
put forward,phrasal verb,B2,ilgari surmoq,продвигаться вперед,to suggest an idea or plan for consideration,,20349,phrasal,The committee put forward a practical solution.,Qo'mita amaliy yechimni ilgari surdi.,,,,,
set aside,phrasal verb,B2,ajratib qo'ymoq,отделить,to reserve time or money for a purpose,,20351,phrasal,Set aside an hour each day for vocabulary practice.,Har kuni lug'at mashqi uchun bir soat ajratib qo'ying.,,,,,
take apart,phrasal verb,B2,qismlarga ajratmoq,разделить на части,to separate something into its component parts,,20353,phrasal,The technician took the device apart to repair it.,Texnik qurilmani ta'mirlash uchun qismlarga ajratdi.,,,,,
set about,phrasal verb,B2,ishga kirishmoq,приступить к работе,to start doing something with determination,,20355,phrasal,They set about improving the course immediately.,Ular darhol kursni yaxshilashga kirishdilar.,,,,,
work up,phrasal verb,B2,asta-sekin rivojlantirmoq,развиваться постепенно,to gradually develop a feeling or ability,,20357,phrasal,He worked up the confidence to speak in public.,U omma oldida gapirish uchun asta-sekin ishonch hosil qildi.,,,,,
write up,phrasal verb,B2,to'liq yozib chiqmoq,напиши полностью,to prepare a complete written version of notes or research,,20359,phrasal,Please write up the results in a formal report.,Natijalarni rasmiy hisobot shaklida to'liq yozib chiqing.,,,,,
get the ball rolling,idiom,B1,Ishni boshlab yubormoq,Начать работу,"Used when you want to start a process, meeting, or project.",,20361,idioms,Let's get the ball rolling on this marketing project immediately.,"Keling, bu marketing loyihasini darhol boshlab yuboraylik.",,kick off | commence | start,put on hold | delay,get the ball rolling on | help get the ball rolling,Saying 'make the ball rolling'
touch base,idiom,B1,Qisqa bog'lanib hol-ahvol so'rashmoq yoki yangilik almashmoq,"Чтобы ненадолго связаться, чтобы спросить, как дела или обменяться новостями.",Used when you want to reconnect with someone to check on their status or get an update.,,20363,idioms,I'll touch base with you later this week to see how the report is coming along.,Hisobot qanday ketayotganini bilish uchun hafta oxirida siz bilan qisqacha bog'lanaman.,,reconnect | check in | update,,touch base with | touch base on | briefly touch base | need to touch base,Saying 'touch the base'
stay in the loop,idiom,B2,Xabardor bo'lib turmoq,Будьте в курсе,Used when you want to ensure you are kept informed about ongoing developments or changes.,,20365,idioms,Please keep me in the loop regarding the progress of the negotiations.,Muzokaralar qanday ketayotgani haqida meni xabardor qilib turing.,,informed | up to date | apprised,out of the loop,keep someone in the loop | stay in the loop | fully in the loop,Saying 'stay in the circle'
the bottom line,idiom,B2,"Asosiy xulosa, yakuniy natija","Главный вывод, конечный результат",Used to describe the most important fact or the final result of a situation.,,20367,idioms,The bottom line is that we need to increase our sales to survive.,"Xulosa shuki, omon qolish uchun savdolarimizni oshirishimiz kerak.",,crux | outcome | conclusion,,the bottom line is that | affect the bottom line | improve the bottom line,Using it to refer to a literal line at the bottom of a page
on the same page,idiom,B2,"Bir xil tushunishga kelmoq, fikrlari bir joydan chiqmoq","Прийти к тому же пониманию, выйти из того же места",Used when two or more people have reached a common understanding or agreement on a topic.,,20369,idioms,I just want to make sure we are all on the same page before we launch.,Ishni boshlashdan oldin hammamiz bir xil tushunayotganimizga ishonch hosil qilmoqchiman.,,aligned | agreeing | in sync,at odds,ensure everyone is on the same page | confirm we are on the same page,on the same book
a win-win situation,idiom,B1,Har ikki tomon uchun foydali bo'lgan vaziyat,Беспроигрышная ситуация,Used to describe a scenario where every party involved benefits.,,20371,idioms,This partnership is a win-win situation for both our companies.,Bu hamkorlik ikkala kompaniyamiz uchun ham foydali vaziyatdir.,,beneficial | advantageous | favorable,zero-sum game | lose-lose situation,create a win-win situation | lead to a win-win situation,Saying 'win-win scenario' (redundant)
think outside the box,idiom,B2,"Ijodiy fikrlash, nostandart yondashish","Креативное мышление, нестандартный подход",Encouraging creative or unconventional ideas when solving a problem.,,20373,idioms,"To compete in this market, we really need to think outside the box.",Bu bozorda raqobatlashish uchun haqiqatan ham noodatiy fikrlashimiz kerak.,,innovate | improvise | brainstorm,think conventionally | follow standard procedure,encouraged to think outside the box | forced to think outside the box,Thinking outside of the box (less common)
at the end of the day,idiom,B2,"yakunida, qisqasi, umuman olganda","в заключение, вкратце, в общем",Used to summarize the most important point after considering all facts.,,20375,idioms,"At the end of the day, our priority must be customer satisfaction.","Oxir-oqibat, bizning ustuvor vazifamiz mijozlar mamnunligi bo'lishi kerak.",,ultimately | eventually | fundamentally,,ultimately | priority | bottom line | fact | decide,at the end of day (missing 'the')
to move the goalposts,idiom,C1,"shartlarni o'zgartirish, qoidalarni o'zgartirish","изменить условия, изменить правила",Used to complain about someone changing the rules or requirements of a task after it has already started.,,20377,idioms,It is frustrating when the client keeps moving the goalposts on this project.,"Mijoz bu loyihada shartlarni doim o'zgartiraversa, juda asabiylasharli.",,change rules | shift targets,stick to the plan,constantly moving | moving the goalposts on | keep moving | frustrating,moving the goals
bring to the table,idiom,B2,"O'z hissasini qo'shmoq (taklif, g'oya, mahorat)","Вклад (предложение, идея, навык)","Used when describing what value, skills, or ideas a person or company contributes to a collaboration.",,20379,idioms,She brings over ten years of experience to the table.,U hamkorlikka o'n yildan ortiq tajriba olib keladi.,,contribute | offer | add,,what you bring to the table | bring something valuable to the table,bring on the table (wrong preposition)
to move the needle,idiom,C1,sezilarli o'zgarish yoki natija ko'rsatish,показать значительное изменение или результат,"Used to describe actions that create a noticeable, measurable impact on results.",,20381,idioms,We need a strategy that actually moves the needle on our annual sales growth.,Yillik savdo o'sishimizga sezilarli ta'sir qiladigan strategiya kerak.,,make an impact | show results | affect the outcome,have no effect | to stagnate,really move the needle | move the needle significantly,move the needles
worth my while,idiom,B2,"Vaqt ajratishga arziydigan, manfaatli","Стоит потраченного времени, интересно","Used when evaluating whether a project, task, or meeting provides enough value to justify the time spent.",,20383,idioms,Is it worth my while to attend the conference in London?,Londondagi konferensiyaga borish vaqtimga arziydimi?,,profitable | rewarding | advantageous,waste of time | pointless,make it worth my while | ensure it is worth my while | hardly worth my while,Worth my time
a steep learning curve,idiom,B2,"Murakkab o'rganish jarayoni, ko'p narsani tez o'rganish kerak bo'lgan vaziyat","Сложный процесс обучения, ситуация, когда многим вещам нужно научиться быстро.",Used when describing a task or job that is difficult to learn because it is complex or requires new skills.,,20385,idioms,Using this new software comes with a rather steep learning curve.,Ushbu yangi dasturdan foydalanish ancha murakkab o'rganish jarayonini talab qiladi.,,challenging | demanding | complex,intuitive | straightforward,very steep learning curve | face a steep learning curve,A high learning curve
down in the dumps,idiom,B2,"tushkunlikka tushgan, ruhi tushgan","депрессивный, депрессивный","Used to describe someone who is feeling sad, depressed, or lacking energy for a period of time.",,20387,idioms,He has been a bit down in the dumps since he lost his job.,Ishini yo'qotganidan beri uning ruhi biroz tushib yuribdi.,,depressed | miserable | gloomy,on cloud nine | chirpy,a bit down in the dumps | feeling down in the dumps | stay down in the dumps,using 'in the dump' (singular)
to be fuming,idiom,B2,juda qattiq jahli chiqqan,очень зол,"Used when someone is extremely angry or outraged, often showing it through their behavior.",,20389,idioms,The passengers were fuming because the flight was delayed by six hours.,Parvoz olti soatga kechiktirilgani uchun yo'lovchilar juda jahli chiqdi.,,enraged | irate | angry,cool as a cucumber,absolutely fuming | fuming about | fuming at | fuming with rage,saying 'fuming at someone' without a reason
to be at one's wits' end,idiom,C1,"nima qilishni bilmay qolgan, asabi charchagan","он не знал, что делать, он был измотан",Used when someone has tried everything to solve a problem and is now completely frustrated or anxious.,,20391,idioms,I’ve tried fixing the computer three times; I’m at my wits' end.,Kompyuterni uch marta tuzatishga urindim; endi nima qilishni bilmay qoldim.,,frustrated | exasperated | desperate,relaxed | composed,completely at my wits' end | drove me to my wits' end | at my wits' end with,using 'at my wit end'
to be on edge,idiom,B2,asabiy yoki tarang holatda bo'lmoq,нервничать или напрягаться,"Used when someone is nervous, tense, or anxious about something that might happen.",,20393,idioms,I've been on edge all day waiting for the exam results.,"Imtihon natijalarini kutib, kun bo'yi tarang edim.",,tense | anxious | apprehensive,relaxed | laid-back,feel on edge | keep someone on edge | remain on edge | appear on edge,in edge
to be taken aback,idiom,C1,hayron qolmoq yoki dovdirab qolmoq,быть удивленным или сбитым с толку,"Used when someone is surprised or shocked by something unexpected, often in a way that leaves them momentarily speechless.",,20395,idioms,I was quite taken aback by his blunt response.,Uning keskin javobidan ancha hayron qoldim.,,shocked | surprised | stunned,,completely taken aback | taken aback by | utterly taken aback,taken back
to be at the end of one's tether,idiom,C1,"sabri tugamoq, toqat qilolmay qolmoq","исчерпать терпение, быть нетерпеливым",Used when you have run out of patience or energy to deal with a difficult situation.,,20397,idioms,I'm at the end of my tether with this noisy neighbour.,Shu shovqinchi qo'shnidan sabrim butunlay tugadi.,,frustrated | exasperated | impatient,calm | patient,reach the end of one's tether | be at the end of one's tether,"saying 'at the end of the rope' (which is the American version, but 'tether' is more common in UK)"
to take something to heart,idiom,B2,yurakka yaqin olmoq,принять близко к сердцу,Used when someone is deeply affected or hurt by criticism or a negative event.,,20399,idioms,Don't take his comments to heart; he’s just having a bad day.,Uning gaplarini yuragingizga yaqin olmang; uning shunchaki kuni yomon o'tyapti.,,be deeply affected | take personally,let it go | brush off,take criticism to heart | really take it to heart | not take it to heart,saying 'take to the heart'
to get a kick out of,idiom,B2,nimadandir zavq olmoq / huzur qilmoq,наслаждаться чем-то,"Used to express that you find something fun, exciting, or highly enjoyable.",,20401,idioms,I really get a kick out of learning new languages.,Yangi tillarni o'rganish menga juda zavq bag'ishlaydi.,,enjoy | relish | delight in,,get a real kick out of | get a huge kick out of | get a kick out of watching,saying 'get a kick in'
to be sick and tired of,idiom,B1,juda charchagan bo'lmoq (biron narsadan to'yib ketmoq),сильно уставать (от чего-либо),Expressing deep annoyance or frustration with a situation that has persisted for too long.,,20403,idioms,I'm sick and tired of hearing the same excuses every day.,Har kuni bir xil bahonalarni eshitishdan juda to'ydim.,,frustrated | exasperated | discontented,,get sick and tired of | totally sick and tired | sick and tired of doing,I am sick and tired to wait (wrong verb form: must be waiting)
to have mixed feelings,idiom,B1,"ikkilanish, qarama-qarshi hislar","колебания, противоречивые чувства",Used when you have both positive and negative feelings about a situation simultaneously.,,20405,idioms,I have mixed feelings about moving to a new country.,Yangi mamlakatga ko'chish haqida qarama-qarshi hislarim bor.,,conflicted | ambivalent | uncertain,convinced | certain,strongly mixed feelings | have mixed feelings about | express mixed feelings,Saying 'mixed emotions' (less common than 'mixed feelings')
hit it off,idiom,B1,"birinchi ko'rishdanoq chiqishib ketish, darrov til topishib ketish","выпасть с первого взгляда, сразу сойтись","Used when you meet someone for the first time and immediately form a good, friendly connection.",,20407,idioms,"I met my flatmate at a café, and we really hit it off immediately.",Men xonadoshim bilan kafeda tanishdim va darrov til topishib ketdik.,,bond | click | get along,get off on the wrong foot | dislike,hit it off immediately | hit it off right away | really hit it off,hit it off to someone
keep someone at arm's length,idiom,C1,"kimdir bilan masofa saqlash, yaqinlashmaslik","держаться на расстоянии от кого-либо, не приближаться","To maintain a distance from someone, often because you don't fully trust them or want to avoid getting too involved.",,20409,idioms,"Even though we work together, I prefer to keep him at arm's length.","Birga ishlasak ham, u bilan masofa saqlashni afzal ko'raman.",,avoid | distance | shun,embrace | get close to | let someone in,deliberately keep | tend to keep | prefer to keep | wisely keep | always keep,keep someone in arm's length
get on like a house on fire,idiom,B2,juda tez va yaqin do'st bo'lib ketish,очень быстро становимся близкими друзьями,An idiom used to describe people who become very good friends very quickly or have a very friendly relationship.,,20411,idioms,"I was worried about introducing my two friends, but they got on like a house on fire.","Ikki do'stimni tanishtirishdan xavotirlangan edim, ammo ular darrov juda yaqin chiqishib ketishdi.",,be compatible | bond | click,not get on at all | clash,really get on like a house on fire | see them get on like a house on fire,get on like a big fire
to talk things through,idiom,B2,muammolarni gaplashib hal qilmoq,"решать проблемы, разговаривая",Used when people need to discuss a difficult situation or problem in detail to resolve it.,,20413,idioms,"We had a disagreement, but we managed to talk things through.","Biz kelishmovchilik qildik, lekin hammasini gaplashib hal qila oldik.",,to resolve | to address | to hash out,to sweep under the rug | to ignore the problem,talk things through calmly | need to talk things through,Let's talk through about this.
to cut a long story short,idiom,B1,qisqa qilib aytganda,суммируя,Used when you want to skip unimportant details and jump straight to the conclusion of a story.,,20415,idioms,"To cut a long story short, we missed the train and had to sleep at the station.","Qisqasi, poezdni o'tkazib yubordik va vokzalda tunashga to'g'ri keldi.",,briefly | in summary,to go into detail | to give a blow-by-blow account,decided to | finally | end up | missed out | get to the point,Cutting long story short
as it turned out,idiom,B2,ma'lum bo'lishicha,как оказалось,Used to describe a surprising outcome or discovery at the end of a sequence of events.,,20417,idioms,"We thought the party was cancelled, but as it turned out, it was just moved to a new venue.","Bazm bekor qilindi deb o'ylagandik, ammo ma'lum bo'lishicha, u faqat boshqa joyga ko'chirilgan ekan.",,in retrospect | ultimately,,quite simple | eventually | prove to be | surprising result | not the case,As it turn out
at the crack of dawn,idiom,B2,tong sahardan,с рассвета,A vivid idiomatic way to describe getting up or starting something very early in the morning.,,20419,idioms,We had to leave at the crack of dawn to avoid the city traffic.,Shahar tirbandligidan qochish uchun tong saharda yo'lga chiqishimiz kerak edi.,,early bird | sunrise,at the dead of night | late at night,leave | wake up | start | arrive | be on the road,at the dawn crack
all of a sudden,idiom,B1,to'satdan,внезапно,Used to introduce an unexpected event or a sudden change in a story's narrative.,,20421,idioms,"We were walking through the park when, all of a sudden, it started to pour with rain.","Parkda sayr qilayotganimizda, to'satdan jala quya boshladi.",,abruptly | instantly,gradually | slowly,started to | went off | stopped | lights went out | came to a halt,all sudden
the funny thing is,idiom,B1,"qizig'i shundaki, ajablanarlisi shundaki","интересно, удивительно","Used to introduce an ironic, surprising, or unexpected detail in a story.",,20423,idioms,The funny thing is that we both ended up buying the same dress.,"Qizig'i shundaki, ikkovimiz ham oxirida bir xil ko'ylak sotib oldik.",,it is ironic that | the strange thing is,,is that | ends up | nobody noticed | actually enjoyed | spent weeks,Saying 'The funny thing it is'
as fate would have it,idiom,C1,"taqdir taqozosi bilan, kutilmaganda","волею судьбы, неожиданно","Used to describe a situation where events happened by chance or destiny, often in a slightly dramatic or ironic way.",,20425,idioms,"I missed my flight, but as fate would have it, I met my future wife in the waiting lounge.","Parvozimni o'tkazib yubordim, lekin taqdir taqozosi bilan kutish zalida bo'lajak rafiqam bilan uchrashdim.",,coincidentally | ironically | by serendipity,,future wife | met by chance | perfect spot | found by chance,Saying 'As the fate would have it'
as it happens,idiom,C1,"tasodifan, qiziq tomoni shundaki","Кстати, самое интересное",Used to introduce a fact that is surprising or relevant to the situation you are describing.,,20427,idioms,"I was looking for a new apartment, and as it happens, my friend has one for rent.","Men yangi kvartira qidirayotgan edim, tasodifan do'stimning ijaraga beradigan kvartirasi bor ekan.",,coincidentally | in actual fact,,looking for | for rent | lead actor | meeting cancelled | arrived in time,As it happened (if referring to the present)
the icing on the cake,idiom,B2,shirinlik ustidagi bezak (kutilmagan qo'shimcha yaxshilik),украсьте десерт (неожиданная вкусность),Used to describe an additional benefit or good thing that makes a good situation even better.,,20429,idioms,"The hotel was lovely, but the free breakfast was the icing on the cake.","Mehmonxona yoqimli edi, bepul nonushta esa buning ustiga qo'shimcha quvonch bo'ldi.",,bonus | added perk,the last straw | the final insult,huge success | sunny weather | flexible hours | meeting the band | great time,the icing on top of the cake
to make matters worse,idiom,B2,vaziyatni yanada yomonlashtirish uchun,чтобы усугубить ситуацию,Used when you want to add an additional negative point to a story that is already going wrong.,,20431,idioms,"We missed our train, and to make matters worse, it started to rain heavily.","Poezdni o'tkazib yubordik, buning ustiga kuchli yomg'ir yog'a boshladi.",,Additionally | Furthermore | What's more,To make matters better | Fortunately,drastically worse | significantly worse | make matters worse,To make matter worse
i couldn't believe my eyes,idiom,B1,ko'zlarimga ishona olmadim,Я не мог поверить своим глазам,Used to express deep shock or amazement at something you have witnessed.,,20433,idioms,"When I saw the sheer size of the castle, I couldn't believe my eyes.","Qal'aning naqadar ulkanligini ko'rganimda, ko'zlarimga ishonmadim.",,I was flabbergasted | I was in awe,I was not surprised | It was expected,utterly stunned | sheer disbelief | couldn't believe my eyes,I cannot believe my eyes (tense error)
as luck would have it,idiom,C1,"tosh o‘tganida, omadimiz kelib","когда камень пройдет, нам повезет","Used to describe a situation where something unexpected happened because of a stroke of luck, either good or bad.",,20435,idioms,"As luck would have it, the train was delayed, so I arrived just on time.","Omadimiz kelib, poezd kechikdi va men ayni vaqtida yetib bordim.",,Happily | By coincidence,,unexpectedly arrived | pour with rain | forgot wallet | parking space,As a luck would have it
the final straw,idiom,B2,sabr kosasini to‘ldirgan oxirgi tomchi,последняя капля в чаше терпения,Used to describe the last in a series of bad events that makes a situation intolerable.,,20437,idioms,"He had been late every day, but losing the report was the final straw.","U har kuni kech qolardi, ammo hisobotni yo'qotgani sabr kosasini to'ldirgan oxirgi tomchi bo'ldi.",,Breaking point | Tipping point,The icing on the cake,broken promise | bad attitude | constant noise | price increase | put up with,The last straw in the camel
it just so happens that,idiom,C1,Tasodifan shunday bo'ldiki / shunday bo'lib qoldiki,Случайно вышло то/вышло именно так,Used to introduce a coincidental fact in a narrative or argument.,,20439,idioms,It just so happens that I am an expert in this field.,"Tasodifan, men aynan shu sohaning mutaxassisiman.",,Coincidentally,,expert | studied | closed | report | company,It is happened that
a turning point,idiom,B2,Burilish nuqtasi,Поворотный момент,"Used to describe a specific moment where things changed significantly, often for the better.",,20441,idioms,Moving to a new city was a real turning point in my career.,Yangi shaharga ko'chish faoliyatimda haqiqiy burilish nuqtasi bo'ldi.,,Milestone | Watershed,Dead end | Stagnation,career | team | history | life | relationship,Turning point of my life
the penny dropped,idiom,B2,tushunib yetdim / tushundim,Я понял,Used to describe the moment when you finally understand something that was previously confusing.,,20443,idioms,"He kept making jokes, and it wasn't until later that the penny dropped.",U tinmay hazillashardi va faqat keyinroq gapning ma'nosini tushundim.,,the light dawned | realised | caught on,to be in the dark | to miss the point,suddenly realised | eventually understood | confusing situation,the coin dropped
to my surprise,idiom,B1,ajablanarli tomoni shundaki,"самое удивительное в том, что",Used to introduce an event that was unexpected or contrary to expectations.,,20445,idioms,"To my surprise, the exam was much easier than I had prepared for.","Ajablanarlisi shundaki, imtihon tayyorlaganimdan ancha osonroq ekan.",,unexpectedly | astonishingly,as expected | predictably,found out | realised | was shocked | unexpected outcome,To my surprising
it goes without saying,idiom,C1,o'z-o'zidan ma'lumki,само собой разумеется,"Used to introduce a fact that is so obvious it doesn't need to be stated, but you are stating it anyway.",,20447,idioms,It goes without saying that health is more important than wealth.,Sog'liq boylikdan muhimroq ekani o'z-o'zidan ma'lum.,,needless to say | obviously | self-evidently,it is debatable | it remains to be seen,absolutely essential | widely accepted | undeniable fact | obvious point,It goes without to say
all in all,idiom,B1,umuman olganda,в общем,Used to summarize a situation or experience after considering all aspects.,,20449,idioms,"All in all, it was a very productive meeting despite the initial technical issues.","Umuman olganda, dastlabki texnik muammolarga qaramay, bu juda samarali yig'ilish bo'ldi.",,on the whole | by and large | ultimately,in particular | specifically,great experience | fair assessment | positive outcome | overall view,All in all in
to steer clear of,idiom,B2,biror narsadan uzoqroq yurmoq / chetlab o'tmoq,уйти/избежать чего-либо,Used when advising others to avoid popular tourist traps or unsafe areas.,,20451,idioms,We decided to steer clear of the main square during the festival as it was too crowded.,Festival paytida u yer juda gavjum bo'lgani uchun markaziy maydondan chetlab o'tishga qaror qildik.,,avoid | bypass | evade,head straight for | frequent,steer clear of crowds | steer clear of trouble | steer clear of popular areas,Steering clear to the crowds (wrong preposition)
a stone's throw away,idiom,B1,"bir qadamlik masofada, juda yaqin","всего в шаге, очень близко",Describing locations that are very close to one another.,,20453,idioms,Our hotel was just a stone's throw from the beach.,Mehmonxonamiz plyajdan atigi bir qadamlik masofada edi.,,nearby | adjacent | close-by,miles away | a long way off,a stone's throw from the beach | a stone's throw from the city,A stone throw away (missing 's)
to soak up the atmosphere,idiom,B2,"muhitidan bahra olmoq, atmosferaga singib ketmoq","наслаждаться окружающей средой, погружаться в атмосферу",Describing the act of relaxing and experiencing the vibe of a new place.,,20455,idioms,We spent the afternoon sitting in a sidewalk cafe just soaking up the atmosphere.,"Peshindan keyin trotuar yonidagi kafeda o'tirib, shahar muhitidan bahra oldik.",,absorb | enjoy | immerse,,soak up the local atmosphere | soak up the vibrant atmosphere,Soak the atmosphere (missing 'up')
to travel light,idiom,A2,kam yuk bilan sayohat qilmoq,путешествовать с небольшим багажом,Used when talking about packing minimally to move around easily.,,20457,idioms,I always try to travel light so I don't have to wait for my luggage at the airport.,Aeroportda yukimni kutmaslik uchun doim kam yuk bilan sayohat qilishga harakat qilaman.,,pack minimal | travel minimally,travel heavy | pack everything including the kitchen sink,prefer to travel light | learn to travel light,Travel with light (wrong preposition)
a tourist trap,idiom,B1,sayyohlar uchun mo'ljallangan qimmat va sun'iy joy,дорогое и искусственное место для туристов,Used to describe a place that attracts many tourists but is considered overpriced or lacking in genuine quality.,,20459,idioms,Don't eat at that restaurant; it's a total tourist trap.,U restoranda ovqatlanmang; u sayyohlar uchun mo'ljallangan qimmat joy.,,rip-off | overpriced attraction | cynical commercial spot,hidden gem | local favourite | authentic experience,avoid a tourist trap | fall for a tourist trap | be a classic tourist trap,calling a popular museum a tourist trap just because it is busy
to travel on a shoestring,idiom,B2,juda kam mablag' bilan sayohat qilmoq,путешествовать с очень небольшими деньгами,Used when describing someone who travels while spending very little money.,,20461,idioms,"When I was a student, I used to travel on a shoestring.",Talaba bo'lganimda juda kam mablag' bilan sayohat qilardim.,,frugal travelling | budget travel | backpacker lifestyle,to travel in luxury | to splurge on a trip,manage to travel on a shoestring | decide to travel on a shoestring,saying 'travel on a string'
to be a home away from home,idiom,B1,o'z uyingdagidek qulay va iliq maskan,"уютное и теплое место, как ваш собственный дом","Used to describe a place (hotel, town, or café) where one feels as comfortable and relaxed as one does in their own home.",,20463,idioms,This little guesthouse has become my home away from home whenever I visit London.,"Londonga borganimda, bu kichik mehmon uyi o'z uyimdek bo'lib qoldi.",,haven | sanctuary | comfortable retreat,an alien environment | an uncomfortable place,truly a home away from home | feel like a home away from home,saying 'a house away from home'
on a shoestring budget,idiom,B2,"juda kam pul bilan, iqtisod qilib","с очень небольшими деньгами, экономно",Used to explain that someone is traveling with very little money and must be careful with spending.,,20465,idioms,"Back when I was a student, I traveled through Europe on a shoestring budget.","Talaba bo'lganimda, juda kam byudjet bilan Yevropani kezib chiqqanman.",,frugal | low-cost,on a luxury budget | money is no object,travel on a shoestring budget | survive on a shoestring budget,in a shoestring budget
a pit stop,idiom,B1,"safardagi qisqa to'xtash, dam olish","короткая остановка в пути, отдых","Used when referring to a short stop during a longer journey to eat, refuel, or rest.",,20467,idioms,We decided to make a pit stop in a small town to grab some lunch.,Tushlik olish uchun kichik shaharchada qisqa to'xtashga qaror qildik.,,stopover | rest break,non-stop journey,make a quick pit stop | a necessary pit stop | a short pit stop,a pit station
a flying visit,idiom,C1,juda qisqa muddatli tashrif,очень короткий визит,"Used to describe a very short trip to a place, often when you have very little time.",,20469,idioms,It was just a flying visit; I was only in London for six hours.,Bu juda qisqa tashrif edi; Londonda atigi olti soat bo'ldim.,,whistle-stop tour | brief visit | quick trip,extended stay | long-term vacation,pay a flying visit | make a flying visit | short flying visit,a fast visit (flying visit is the idiomatic phrase)
to be spoilt for choice,idiom,B2,tanlash imkoniyati juda ko'p bo'lmoq,иметь большой выбор,Used when there are so many good options that it becomes difficult to choose.,,20471,idioms,"When it comes to restaurants in London, you are truly spoilt for choice.","Londondagi restoranlar haqida gap ketganda, tanlash imkoniyati juda ko'p.",,have a wide selection | have plenty of options,have no choice | limited options,completely spoilt for choice | truly spoilt for choice | spoilt for choice with,spoil for choice
a hidden gem,idiom,B2,kam odam biladigan go'zal joy,"красивое место, о котором мало кто знает",Used to describe a place that is wonderful but not widely known or visited.,,20473,idioms,This small beach is a real hidden gem; you won't find it in most guidebooks.,Bu kichik plyaj haqiqiy yashirin gavhar; uni ko'p sayyohlik qo'llanmalarida topolmaysiz.,,undiscovered | precious find,tourist trap,true hidden gem | absolute hidden gem | discover a hidden gem,a secret gem
it's a must-see,idiom,A2,albatta ko'rish kerak bo'lgan joy,"место, которое обязательно нужно увидеть",Used when recommending a major landmark or attraction to someone.,,20475,idioms,"If you visit Paris, the Louvre is an absolute must-see.","Parijga borsangiz, Luvrni albatta ko'rishingiz kerak.",,essential attraction | highlight | unmissable,tourist trap | skippable,an absolute must-see | a major must-see | considered a must-see,it is a must to see (awkward)
to broaden one's horizons,idiom,C1,dunyoqarashni kengaytirish,расширить свой кругозор,Often used in IELTS Speaking Part 3 or Writing Task 2 to explain the educational benefits of travel.,,20477,idioms,Studying abroad is an excellent way to broaden your horizons.,Chet elda o'qish dunyoqarashingizni kengaytirishning ajoyib yo'lidir.,,expand one's perspective | gain insight,have a narrow mind | be narrow-minded,help to broaden horizons | effectively broaden horizons,to open my horizons
to see the sights,idiom,B1,diqqatga sazovor joylarni tomosha qilmoq,осмотр достопримечательностей,Standard phrase for sightseeing when visiting a new city or country.,,20479,idioms,We spent our first two days just seeing the sights in central London.,Dastlabki ikki kunimizni markaziy Londondagi diqqatga sazovor joylarni tomosha qilish bilan o'tkazdik.,,sightsee | tour,,ready to see the sights | time to see the sights | tour to see the sights,see the sights of
the hustle and bustle,idiom,B2,"shovqin-suron, gavjumlik","шум, толпа","Used to describe the busy, noisy atmosphere of a city or a popular market.",,20481,idioms,"I love the hustle and bustle of Marrakech, especially the night market.","Men Marrakeshning shovqin-suroni, ayniqsa tungi bozorini juda yaxshi ko'raman.",,commotion | frenzy | busyness,peace and quiet | tranquillity,escape the hustle and bustle | enjoy the hustle and bustle,hustle and the bustle
to meet a deadline,idiom,B1,belgilangan muddatda bajarib topshirish,завершить в течение указанного времени,"Used when discussing project management, timelines, or workplace pressure.",,20483,idioms,We are working overtime to meet the deadline for this project.,Bu loyiha muddatiga yetish uchun qo'shimcha soatlarda ishlayapmiz.,,finish on schedule | complete by the due date,miss a deadline,tight deadline | miss a deadline | beat a deadline | extended deadline,to reach a deadline
to be snowed under,idiom,B2,"ishga ko'milib qolish, juda band bo'lish","быть погруженным в работу, быть очень занятым",Used to describe having an overwhelming amount of work to do.,,20485,idioms,I'm sorry I can't help you with that report; I'm completely snowed under at the moment.,"Kechirasiz, hozir shu qadar ishga ko'milib ketganki, sizga hisobotda yordam bera olmayman.",,swamped | overwhelmed | inundated,to have nothing on | to be free,snowed under with work | snowed under with emails | completely snowed under,I am snowed in my work
a nine-to-five job,idiom,B1,doimiy ish vaqti bor ish,постоянная работа,Describes standard office hours or the traditional corporate work lifestyle.,,20487,idioms,I've always wanted a creative career rather than just a boring nine-to-five job.,Men doim oddiy to'qqizdan beshgacha bo'lgan zerikarli ishdan ko'ra ijodiy kasbni xohlaganman.,,full-time work | regular hours,freelancing | shift work,standard nine-to-five | dull nine-to-five | tired of the nine-to-five,a nine-to-five work
to pull one's weight,idiom,C1,o'z vazifasini to'liq bajarish (jamoa ichida),делать свою работу (в команде),Used in team settings to talk about whether someone is doing their fair share of work.,,20489,idioms,"If everyone pulls their weight, we can finish this project by tomorrow.","Agar hamma o'z vazifasini bajarsa, bu loyihani ertaga tugata olamiz.",,contribute | participate fully,to slack off | to be a free rider,not pulling one's weight | everyone pulls their weight,to carry one's weight
to be tied up,idiom,B1,band bo'lmoq (ish bilan),быть занятым (работой),Used when you are too busy with work or tasks to do anything else at the moment.,,20491,idioms,I'm afraid I'm a bit tied up with a client meeting until five o'clock.,Soat beshgacha mijoz bilan uchrashuvda band bo'laman.,,busy | occupied | engaged,free | available | at a loose end,completely tied up | a bit tied up | tied up with work | tied up in meetings,Saying 'I am tied'
to keep on top of things,idiom,B2,hamma narsani nazoratda ushlab turmoq,держать все под контролем,Used to describe staying organized and managing your workload effectively before it becomes overwhelming.,,20493,idioms,"To keep on top of my emails, I check my inbox twice a day.",Elektron xatlarimni nazoratda ushlab turish uchun pochta qutimni kuniga ikki marta tekshiraman.,,control | manage | organize,fall behind | lose control,struggle to keep on top of | manage to keep on top of,Saying 'keep the top of'
get off the ground,idiom,B2,ishga tushirmoq (yangi loyihani),начать (новый проект),"Used when starting a new project, business, or venture that requires initial effort and momentum.",,20495,idioms,We need more funding if we want to get this start-up off the ground.,"Bu startapni ishga tushirishni istasak, bizga ko'proq mablag' kerak.",,launch | commence | start | establish,fail | collapse | stall,help get off the ground | struggle to get off the ground,Saying 'get off the earth'
to be under a lot of pressure,idiom,B1,katta bosim ostida bo'lmoq,находиться под большим давлением,Used to describe a situation where someone has too much work or high expectations.,,20497,idioms,She is under a lot of pressure to finish the report by Friday.,U hisobotni juma kunigacha tugatish uchun katta bosim ostida.,,be stressed | be overwhelmed,be relaxed | be laid-back,immense pressure | under pressure to perform | cope with pressure,to be in a lot of pressure
to be hooked on,idiom,B1,"biror narsaga qattiq berilib qolmoq, bog'lanib qolmoq",привязываться к чему-либо,"Used to describe an intense interest or addiction to a game, app, or social media platform.",,20499,idioms,I'm totally hooked on this new puzzle app.,Men bu yangi boshqotirma ilovasiga juda qattiq berilib qoldim.,,addicted to | obsessed with,bored by | disinterested in,get hooked on | completely hooked on | stay hooked on,'I am hooked to this game'
the digital divide,idiom,C1,raqamli tengsizlik (texnologiyalardan foydalanish imkoniyatidagi farq),цифровое неравенство (разница в доступе к технологиям),Used in academic or social commentary to describe the gap between those who have access to technology and those who do not.,,20501,idioms,The government is trying to bridge the digital divide in rural areas.,Hukumat qishloq hududlarida raqamli tengsizlikni kamaytirishga harakat qilmoqda.,,technological gap | digital inequality,,bridge the digital divide | narrow the digital divide,'the digital gap'
digital footprint,idiom,B2,raqamli iz,цифровой след,Refers to the information about a person that exists online as a result of their online activity.,,20503,idioms,Everything you post contributes to your digital footprint.,Siz joylagan har bir narsa raqamli izingizga hissa qo'shadi.,,digital trail | online presence,,leave a digital footprint | manage your digital footprint,digital track (incorrect term)
glued to the screen,idiom,B2,"ko'zi ekranga qadalib qolmoq, ekran oldidan ketolmay qolmoq",смотрю в экран и не могу оторваться от экрана,"A vivid idiomatic expression describing someone staring intensely at a computer, phone, or TV for a long time.",,20505,idioms,I spent the whole night glued to the screen watching the election results.,"Saylov natijalarini tomosha qilib, butun kecha ekranga qadalib qoldim.",,fixated | transfixed,unplugged | disconnected,constantly glued to the screen | be glued to the screen for hours,'I am gluing to my screen'
keep up with the latest trends,idiom,B2,eng yangi tendensiyalardan xabardor bo'lib turmoq,быть в курсе последних тенденций,Used when talking about staying updated with fast-moving technological developments.,,20507,idioms,It is difficult to keep up with the latest trends in mobile phone technology.,Mobil telefon texnologiyasidagi eng so'nggi tendensiyalardan xabardor bo'lib turish qiyin.,,stay updated | keep pace | stay informed,fall behind,barely keep up | struggle to keep up | important to keep up,keep up to latest trends (Missing 'the')
a game-changer,idiom,B2,tub burilish yasaydigan narsa/voqealik,поворотный момент,"Used when referring to a new product, technology, or event that significantly changes the way things are done.",,20509,idioms,The introduction of high-speed internet was a total game-changer for remote workers.,Yuqori tezlikdagi internetning joriy qilinishi masofadan ishlovchilar uchun haqiqiy katta o'zgarish bo'ldi.,,milestone | paradigm shift | breakthrough,,absolute game-changer | potential game-changer | major game-changer,saying 'a big change' instead of the idiomatic 'game-changer'
to keep up with the times,idiom,B2,zamon bilan hamnafas bo'lmoq,идти в ногу со временем,To stay updated with modern trends and changes in technology.,,20511,idioms,You have to upgrade your skills if you want to keep up with the times.,"Zamon bilan hamnafas bo'lishni istasangiz, ko'nikmalaringizni yangilab borishingiz kerak.",,keep up to date | stay current,fall behind,struggle to keep up with the times | need to keep up with the times,saying 'keep up the times'
to be knackered,idiom,B2,"charchab qolmoq, holdan toygan bo'lmoq","уставать, быть изнуренным",Used when you are extremely tired after a long day or intense physical activity.,,20513,idioms,I've been working since 6 am and I am absolutely knackered.,Ertalab soat oltidan beri ishlayapman va butunlay holdan toyganman.,,exhausted | tired | fatigued,full of beans | energetic,absolutely knackered | completely knackered | feel knackered | look knackered,Saying 'I am knackering'
to be gutted,idiom,B1,qattiq xafa bo'lmoq,быть очень расстроенным,Used to express deep disappointment or sadness about a specific event or news.,,20515,idioms,I was absolutely gutted when I heard the news about the concert being cancelled.,"Konsert bekor qilingani haqidagi xabarni eshitib, juda qattiq xafa bo'ldim.",,devastated | disappointed | dejected,over the moon | thrilled,absolutely gutted | gutted about something | gutted that | feel gutted,using it to mean physically 'wounded'
to wrap something up,idiom,B1,"nimadirni yakunlamoq, tugatmoq","завершить что-либо, закончить","Used when finishing a meeting, a project, or a task.",,20517,idioms,"Right, let's wrap this meeting up so we can all go home.","Xo'sh, hammamiz uyga ketishimiz uchun bu yig'ilishni yakunlaylik.",,finish | complete | conclude,start | kick off | launch,wrap up the meeting | wrap up the discussion | wrap up the day | wrap up a deal,wrap up the meeting of
to miss out on,idiom,B1,"qo'ldan boy bermoq, imkoniyatni o'tkazib yubormoq","упустить, упустить возможность","Used when someone does not get the benefit or enjoyment of something, often due to an oversight.",,20519,idioms,"If you don't book the tickets soon, you'll miss out on the concert.","Chiptalarni tez orada bron qilmasangiz, konsertni o'tkazib yuborasiz.",,lose | overlook | skip,take advantage of | seize the opportunity | partake in,miss out on the fun | miss out on an opportunity | miss out on the chance,miss on something
my head is spinning,idiom,B2,boshim aylanib ketyapti / garang bo'lib qoldim,У меня кружится голова / кружится голова,"Used when you are confused, overwhelmed by too much information, or experiencing vertigo.",,20521,idioms,There's so much information in this module that my head is spinning.,"Bu modulda shuncha ko'p ma'lumot borki, boshim aylanib ketdi.",,dizzy | overwhelmed | confused | bewildered,,head is spinning from | leave my head spinning | make my head spin,saying 'my head is turning'
fed up with,idiom,B1,"joniga tegmoq, to'yib ketmoq","коснуться души, быть удовлетворенным",Used when you are annoyed or bored because a situation has continued for too long.,,20523,idioms,I'm fed up with this constant rainy weather.,Bu tinimsiz yomg'irli ob-havodan to'yib ketdim.,,annoyed | frustrated | bored,keen on | looking forward to,getting fed up with | thoroughly fed up with | pretty fed up with,Saying 'I fed up'
to crack on,idiom,B2,"ishni davom ettirmoq, tezroq boshlamoq","продолжить работу, начать как можно скорее",Used to say you are starting a task or continuing with a task energetically.,,20525,idioms,"We've got a lot to finish, so let's crack on.","Tugatishimiz kerak bo'lgan ish ko'p, keling, ishni davom ettiraylik.",,get down to | proceed | carry on,put off | procrastinate | waste time,crack on with work | time to crack on | let's crack on | crack on immediately,thinking it means to break something
to pull my leg,idiom,B1,"meni aldamoq, hazillashmoq","обмануть меня, посмеяться надо мной",Used when you think someone is teasing you or telling you a lie for fun.,,20527,idioms,"Wait, did you really win the lottery, or are you just pulling my leg?","To'xtang, lotereyada rostdan ham yutdingizmi yoki meni hazillashib aldayapsizmi?",,tease | jest | joke,tell the truth | be serious,only pulling my leg | just pulling my leg | stop pulling my leg,Saying 'pull my arm'
to lose the plot,idiom,B2,"o'zini yo'qotib qo'ymoq, aqldan ozmoq, vaziyatni boshqara olmaslik","потерять себя, потерять рассудок, оказаться не в состоянии контролировать ситуацию","Used when someone starts acting strangely, becomes angry, or loses their ability to behave logically or calmly.",,20529,idioms,He completely lost the plot when he found out the train was cancelled.,"Poezd bekor qilinganini bilib, u butunlay o'zini yo'qotib qo'ydi.",,panic | lose control | go crazy,stay calm | keep it together,totally lost the plot | nearly lost the plot | completely lost the plot,Saying 'lost my plot' instead of 'lost the plot'
do a runner,idiom,B2,"qochib qolmoq, qochib ketmoq","убежать, убежать","British slang for leaving a place quickly, often to avoid paying for something or to avoid an unpleasant situation.",,20531,idioms,The kids did a runner as soon as they saw the teacher coming.,Bolalar o'qituvchi kelayotganini ko'rishi bilan qochib ketishdi.,,flee | escape | abscond,stay put | face the music,try to do a runner | did a runner from | threaten to do a runner,Saying 'do the runner'
to pop out,idiom,B1,qisqa muddatga chiqib kelmoq,выйти ненадолго,"Used when leaving a place briefly to go somewhere close, like a shop or a neighbour's house.",,20533,idioms,I’m just going to pop out to the shops for some milk.,Men sut olish uchun do'konga qisqa muddatga chiqib kelaman.,,nip out | step out | run an errand,stay in | settle down,pop out for a bit | pop out to the shops | pop out for lunch | just popping out,saying 'I pop out to work' (implies you are leaving forever/not coming back soon)
fair enough,idiom,B1,"tushunarli, mayli, roziman (tan olgan holda)","ясно, ок, согласен (с подтверждением)","Used to show that you accept an excuse or a point of view, even if it is not what you initially wanted.",,20535,idioms,I can't go to the cinema tonight because I'm broke. - Fair enough.,"Bugun kechqurun kinoga bora olmayman, chunki pulim yo'q. — Tushunarli.",,agreed | point taken | understandable,I disagree | That's unfair,"that's fair enough | fair enough, I suppose | fair enough, but...",It is fair enough (usually used as an interjection)
to be chuffed,idiom,B1,xursand bo'lmoq,быть счастливым,A very British way of saying you are pleased or proud about something.,,20537,idioms,I was really chuffed with my exam results.,Imtihon natijalarimdan juda xursand bo'ldim.,,pleased | thrilled | delighted,disappointed | gutted,chuffed to bits | well chuffed | chuffed with results | really chuffed,Chuffed for something (it is 'chuffed with')
buckets of rain,idiom,B1,Juda kuchli yomg'ir,Очень сильный дождь,Idiomatic way to describe heavy rainfall.,,20539,idioms,I forgot my umbrella and it's been raining buckets since I left the house.,Soyabonimni unutdim va uyimdan chiqqanimdan beri chelaklab yomg'ir yog'yapti.,,Heavy rain | Downpour | Torrential rain,Drizzle | Light shower,Raining buckets | Been raining buckets | Forecast to rain buckets,Saying 'buckets of water'
to be a bit of a nightmare,idiom,B2,ancha qiyin yoki muammoli vaziyat,очень трудная или проблемная ситуация,"Used to describe a situation, journey, or task that is frustrating, difficult, or chaotic.",,20541,idioms,The traffic on the motorway was a bit of a nightmare this morning.,Bugun ertalab avtomagistraldagi tirbandlik ancha muammoli edi.,,hassle | fiasco | struggle,a breeze | a piece of cake,a total nightmare | a bit of a nightmare | find it a nightmare,saying 'the nightmare' instead of 'a nightmare'
fancy doing something,idiom,B1,biror narsa qilishga xohish bildirmoq,выразить желание сделать что-то,Used in British English to suggest an activity or ask if someone wants to do something.,,20543,idioms,Do you fancy grabbing a pizza later tonight?,Bugun kechqurun pizza yeyishga qanday qaraysiz?,,want | desire | feel like,can't be bothered,fancy a coffee | fancy a bite | fancy a walk | really fancy | not fancy,do you fancy to go (must be V-ing)
my mind went blank,idiom,B2,"esimdan chiqib ketdi, kallam ishlamay qoldi","Я забыл, мой разум перестал работать",Used when you are under pressure (like an exam or presentation) and suddenly cannot remember information.,,20545,idioms,"I walked into the exam, and suddenly my mind went blank.","Imtihon xonasiga kirganimda, birdaniga esimdan hamma narsa chiqib ketdi.",,forget | lapse of memory,remember clearly,suddenly went blank | totally went blank | panic made my mind go blank,my brain became empty (unnatural)
to run by (someone),idiom,B2,kimdir bilan maslahatlashish / fikrini bilish,посоветоваться с кем-то / узнать его мнение,Used when you want to show someone an idea or plan to see if they approve or have feedback.,,20547,idioms,"I have an idea for the presentation, can I run it by you?","Taqdimot uchun bir fikrim bor, uni siz bilan maslahatlashsam bo'ladimi?",,consult | check | discuss,,run an idea by someone | run a plan by someone | run something by a colleague,Run to someone
a bit of a long shot,idiom,B2,ozgina gumonli/qiyin ish,слегка подозрительный/сложный случай,Used when describing something that is unlikely to succeed or happen.,,20549,idioms,Asking for a promotion right now is a bit of a long shot.,Hozir lavozim oshirishni so'rash unchalik ham real bo'lmagan umid.,,unlikely | remote possibility,a sure thing | a dead cert,considered a long shot | definitely a long shot | worth a long shot,It is a long distance
out and about,idiom,B1,"ko'chada, uyda emas, band","на улице, не дома, занят","Used to describe being away from home, usually doing chores, running errands, or simply socialising in public.",,20551,idioms,"I've been out and about all day, so I'm absolutely exhausted.","Kun bo'yi ko'chada yuribman, shuning uchun juda holdan toyganman.",,active | away from home | travelling,staying in,been out and about | while out and about | all out and about,I am out and in (incorrect idiom)
to make up my mind,idiom,B2,qaror qabul qilmoq / to'xtamga kelmoq,решить / остановиться,Used when you are struggling to reach a decision and finally do so.,,20553,idioms,I still haven't made up my mind about which university to apply to.,Qaysi universitetga hujjat topshirish haqida hali qaror qabul qilmaganman.,,decide | choose | resolve,be undecided | be on the fence | waver,finally make up one's mind | hard to make up one's mind,Decide my mind (incorrect verb usage)
to make a point of doing something,idiom,B2,atayin biror narsa qilmoq / shuni odat qilmoq,делать что-то намеренно / сделать это привычкой,Used when you deliberately ensure you do something because you think it is important.,,20555,idioms,I make a point of reading for an hour every night.,Har oqshom bir soat kitob o'qishni odat qilganman.,,ensure | emphasize | prioritize,neglect | overlook,make a point of saying | make a point of visiting | make a point of calling,make a point to do
to give someone a hand,idiom,A2,kimagadir yordam bermoq,помочь кому-то,A polite and standard way to offer or ask for help.,,20557,idioms,Could you give me a hand with these heavy boxes?,Shu og'ir qutilarni ko'tarishga menga yordam bera olasizmi?,,help | assist | support,ignore | refuse to help,gladly give a hand | need a hand | give a hand with | give a quick hand,Give a hand to him (word order is awkward)
to be up to,idiom,B1,biror nima qilmoqchi bo'lmoq / nima qilib yuribsan?,сделать что-то/что ты делаешь?,Used to ask what someone is doing or to describe someone's current activities/intentions.,,20559,idioms,What have you been up to lately?,So'nggi paytlarda nimalar bilan band bo'lib yuribsiz?,,doing | planning | engaged in,,up to no good | up to something | what are you up to | been up to,What are you up to do? (incorrect structure)
to slip one's mind,idiom,B2,yoddan ko'tarilmoq,восстать из памяти,Use this to politely admit that you forgot to do something or forgot an appointment.,,20561,idioms,"I am so sorry, it completely slipped my mind to pay the bill.","Uzr, hisobni to'lash butunlay esimdan chiqib ketibdi.",,forgot | lost track of,keep in mind | remembered,completely slipped my mind | had slipped my mind | it briefly slipped my mind,It slipped out of my mind (incorrect idiom)
to be spot on,idiom,B2,o'z o'rnida / juda aniq / mukammal,на месте/очень четко/идеально,"Use this to say that someone's guess, opinion, or performance is exactly right.",,20563,idioms,Your assessment of the situation was spot on.,Vaziyat haqidagi bahoingiz juda aniq edi.,,accurate | precise | correct,way off | incorrect,completely spot on | absolutely spot on | spot on the money,Your answer is very spot on (don't use intensifiers like 'very' as it is already emphatic)
to give something a go,idiom,B1,biror narsani sinab ko'rmoq,попробовать что-нибудь,"Used when someone decides to try a new activity or task, often despite being uncertain about the outcome.",,20565,idioms,"I've never played tennis before, but I'm willing to give it a go.","Avval tennis o'ynamaganman, lekin uni sinab ko'rishga tayyorman.",,try | attempt | experiment,give up | avoid,give it a good go | worth a go | give something a quick go | might give it a go,Give a go it (wrong word order)
to be up for something,idiom,B2,biror narsani xohlamoq / tayyor bo'lmoq,хотеть/быть готовым к чему-то,Used to express interest or willingness to participate in a suggested plan or activity.,,20567,idioms,Are you up for going out tonight?,Bugun kechqurun tashqariga chiqishga tayyormisiz?,,willing | enthusiastic | interested,not in the mood | reluctant,definitely up for | not up for | up for anything | up for a laugh,I am up to go to the cinema (incorrect preposition)
to do my head in,idiom,C1,asabga tegmoq / jonga tegmoq,коснуться нерва / коснуться души,A very British way to express frustration or annoyance about something recurring.,,20569,idioms,This constant rain is really doing my head in.,Bu tinimsiz yomg'ir rosa asabimga tegayapti.,,irritate | bother | exasperate,relaxed | calm,really doing my head in | starts to do my head in | does my head in completely,"Changing the pronoun (e.g., 'it does head in me')"
to make a go of it,idiom,B2,urinib ko'rmoq / muvaffaqiyatga erishishga harakat qilmoq,попытаться / попытаться добиться успеха,"Used when someone decides to try their best to make a venture, relationship, or situation successful.",,20571,idioms,They decided to open a cafe and really make a go of it.,Ular kafe ochishga va uni muvaffaqiyatli yuritishga jiddiy harakat qilishga qaror qildilar.,,succeed | thrive | attempt,give up,make a real go of it | trying to make a go of it | determined to make a go of it,Using 'make to go of it'
i'm tied up at the moment,idiom,B1,Hozir bandman / qo'lim tegmayapti,Я сейчас занят/у меня нет времени,Used when you cannot deal with someone or a task immediately because you are busy with something else.,,20573,idioms,"I'm tied up at the moment, can I call you back in an hour?","Hozir bandman, bir soatdan keyin sizga qayta qo'ng'iroq qilsam bo'ladimi?",,busy | occupied | unavailable,free | available | at a loose end,thoroughly tied up | a bit tied up | tied up with work | tied up in a meeting,I am tie up now
catch you later,idiom,A2,Keyin ko'rishamiz / gaplashamiz,Увидимся/поговорим позже,"A friendly, casual way to say goodbye to friends or colleagues.",,20575,idioms,"I have to run to class now, catch you later!","Hozir darsga yugurishim kerak, keyin ko'rishamiz!",,goodbye | see you | bye,nice to meet you (first time),catch you later on | catch you later then | just catch you later,Catch you after
i'm not really into it,idiom,B1,U qiziqishimga kirmaydi / unchalik yoqtirmayman,Мне это не интересно/он мне не очень нравится,A polite and common way to state that you do not like a specific activity or hobby.,,20577,idioms,"Do you want to go to the jazz concert? Honestly, I'm not really into it.","Jazz konsertiga borishni xohlaysizmi? Rostini aytsam, menga unchalik yoqmaydi.",,dislike | uninterested,I'm keen on it | I'm a big fan of it | I'm into it,not really into that | not really into heavy metal | not really into sports,I am not in it
make yourself at home,idiom,A2,O'zingizni uyingizdagidek his qiling,Чувствуйте себя как дома,"A standard, welcoming phrase used when someone visits your house or workspace.",,20579,idioms,Come in! Make yourself at home while I put the kettle on.,"Kiring! Choynakni qo'yib kelgunimcha, o'zingizni uyingizdagidek his qiling.",,get comfortable | relax,,truly make yourself at home | feel free to make yourself at home,Make yourself in home
makes sense,idiom,B1,"mantiqli, tushunarli","логично, понятно","Used to confirm that something is logical, reasonable, or easy to understand.",,20581,idioms,That makes sense; I never thought of it that way.,Bu mantiqli ekan; men bu haqda hech qachon bunday o'ylamagan edim.,,logical | understandable,doesn't make sense | illogical,it makes perfect sense | it makes complete sense | doesn't make any sense,it is sense (wrong construction)
a ballpark figure,idiom,B2,taxminiy hisob-kitob / chamalab aytilgan raqam,оценка / предполагаемое количество,"Used when giving a rough estimate rather than an exact, precise number.",,20583,idioms,"I don't know the exact cost, but could you give me a ballpark figure?","Aniq narxni bilmayman, lekin taxminiy hisobni ayta olasizmi?",,estimate | approximation,precise figure | exact amount,give a ballpark figure | provide a ballpark figure | a rough ballpark figure,Ballpark number (less natural than 'figure')
take it easy,idiom,A2,dam olmoq / o'zingni qiynama / xotirjam bo'l,расслабься/не беспокойся/сохраняй спокойствие,"Used to tell someone to relax or not to worry, or as a way of saying goodbye.",,20585,idioms,You've been working too hard; you really need to take it easy this weekend.,Juda ko'p ishlayapsiz; bu dam olish kunlari albatta biroz dam olishingiz kerak.,,relax | calm down | chill out,worry | stress out,take it easy on someone | need to take it easy | advice to take it easy,Take it easily (incorrect adverb usage)
to make a move,idiom,B2,jo'nab ketmoq / ketish vaqti bo'lmoq,уйти / пора уходить,Used when you are ready to leave a place or a social gathering.,,20587,idioms,"It's getting late, I think it's time for me to make a move.","Kech bo'lib qoldi, menimcha, ketishim kerak.",,leave | depart | go,stay | arrive,time to make a move | really make a move | need to make a move,I'm going to make a movement (incorrect vocabulary)
to weigh up the options,idiom,C1,variantlarni o'ylab ko'rmoq / tahlil qilmoq,рассмотреть/проанализировать варианты,Used when you are considering different choices before making a final decision.,,20589,idioms,I need a few days to weigh up my options before accepting the job offer.,Ish taklifini qabul qilishdan oldin variantlarimni yaxshilab o'ylab ko'rish uchun bir necha kun kerak.,,deliberate | consider | evaluate,decide impulsively | rush into,carefully weigh up | weigh up the pros and cons | need to weigh up,I am weighing to the options (wrong verb usage)
to pull an all-nighter,idiom,B2,butun kecha uxlamasdan o'qimoq,"учиться всю ночь, не спать",Used when students stay awake all night to study or finish an assignment before a deadline.,,20591,idioms,I had to pull an all-nighter to finish my final dissertation before the deadline.,Muddatdan oldin yakuniy dissertatsiyamni tugatish uchun butun kecha uxlamasdan ishlashimga to'g'ri keldi.,,to burn the midnight oil | to stay up all night,,frequently pull an all-nighter | exhausting all-nighter | studying session,do an all-nighter
to breeze through an exam,idiom,B2,imtihondan qiynalmay o'tib ketmoq,сдать экзамен без труда,Used to describe completing a task or an exam very easily and successfully.,,20593,idioms,"Because she had studied so hard, she managed to breeze through the final exam.",U juda ko'p tayyorlangani uchun yakuniy imtihondan qiynalmay o'tdi.,,sail through | ace,struggle with | scrape through,breeze through effortlessly | breeze through easily | breeze through the paper,breeze the exam
to scrape through,idiom,B2,zo'rg'a (qiyinchilik bilan) o'tish,едва (с трудом) пройдя,"Used when someone passes a test or succeeds, but only just, usually by a very small margin.",,20595,idioms,"I didn't prepare well enough, so I only managed to scrape through the maths exam.","Yetarlicha tayyorlanmagandim, shuning uchun matematika imtihonidan zo'rg'a o'tdim.",,barely pass | squeeze by,pass with flying colours | breeze through,scrape through an exam | scrape through a test | barely scrape through,to scrape passed
to sail through,idiom,B2,osonlikcha uddalamoq / qiyinchiliksiz o'tmoq,делать легко / пройти без труда,Used to describe passing an exam or finishing a course with little to no effort.,,20597,idioms,She studied so hard that she managed to sail through her final examinations.,U juda ko'p o'qigani uchun yakuniy imtihonlardan osonlikcha o'tdi.,,succeed | triumph | pass easily,struggle with | fail | scrape through,sail through exams | sail through an assessment | sail through an interview,sail into the exam
to get to grips with,idiom,C1,o'rganib olmoq / mohiyatini tushunib yetmoq,узнать/понять суть,Used when starting to understand a complicated subject or a new method of study.,,20599,idioms,It took me a while to get to grips with the new research methodology.,Yangi tadqiqot metodologiyasini tushunib olishimga biroz vaqt ketdi.,,understand | comprehend | tackle,misunderstand | be confused by,get to grips with basics | get to grips with a problem,get grips to
to pass with flying colours,idiom,B2,juda yuqori natija bilan o'tmoq (imtihon),сдать (экзамен) очень хорошо,Used when someone achieves an excellent score or succeeds in a challenge with high merit.,,20601,idioms,"She was nervous about the physics paper, but she passed with flying colours.","U fizika imtihonidan xavotirda edi, lekin uni a'lo natija bilan topshirdi.",,to excel | to do brilliantly,to scrape through,passed with flying colours | graduated with flying colours,pass with flying color
foot the bill,idiom,B2,xarajatlarni qoplash,возмещение расходов,Used when discussing who should pay for environmental cleanups or climate change mitigation.,,20603,idioms,Governments should foot the bill for transitioning to renewable energy.,Hukumatlar qayta tiklanadigan energiyaga o'tish xarajatlarini qoplashi kerak.,,pay for | finance | cover the costs,,foot the bill for climate change | foot the bill for pollution,foot the cost
take a toll on,idiom,B2,salbiy ta'sir ko'rsatish,иметь негативное влияние,"Used to describe the negative, gradual damage caused by pollution or human activity.",,20605,idioms,Industrial waste is taking a heavy toll on our marine life.,Sanoat chiqindilari dengiz hayotimizga juda katta zarar yetkazmoqda.,,damage | adversely affect | harm,,take a heavy toll | take a toll on biodiversity | take a toll on the environment,take a toll to
be on the brink of,idiom,C1,yoqasida turish,поддерживать,Used when describing species or ecosystems in critical danger of disappearing.,,20607,idioms,Many species are currently on the brink of extinction due to habitat loss.,Ko'plab turlar yashash joylari yo'qolishi sababli hozir yo'q bo'lib ketish yoqasida.,,on the verge of | approaching | near,in safety | thriving,on the brink of extinction | on the brink of collapse | on the brink of disaster,on the edge to
to be at a tipping point,idiom,C1,hal qiluvchi pallada bo'lmoq,быть в переломном моменте,"Used to describe a critical moment where a system is about to change irreversibly, often used in climate change discussions.",,20609,idioms,Many scientists argue that our planet is at a tipping point regarding global warming.,Ko'plab olimlar sayyoramiz global isish masalasida hal qiluvchi nuqtada turganini ta'kidlaydi.,,critical juncture | breaking point | threshold,,critical tipping point | reach a tipping point | climate tipping point,saying 'in a tipping point'
a throwaway society,idiom,C1,ishlatib tashlab yuborish madaniyati (iste'molchilik jamiyati),выбросить культуру (общество потребления),Used to describe modern cultures that prioritize disposable items over repairs or recycling.,,20611,idioms,We need to move away from a throwaway society if we want to save resources.,"Resurslarni saqlamoqchi bo'lsak, ishlatib tashlash madaniyatidan voz kechishimiz kerak.",,disposable society | over-consumption culture,circular economy | sustainable society,combat a throwaway society | the rise of a throwaway society,Using 'throwable society'.
to be on the brink of disaster,idiom,C1,halokat yoqasida bo'lish,быть на грани разрушения,Used when describing an ecosystem or the planet nearing a point of irreversible environmental damage.,,20613,idioms,Many scientists warn that our oceans are on the brink of disaster.,Ko'plab olimlar okeanlarimiz halokat yoqasida ekanidan ogohlantirmoqda.,,at the point of no return | teetering on the edge,in a stable state | flourishing,on the brink of collapse | on the brink of extinction | on the brink of disaster,Saying 'on the edge of disaster' (less common colocation).
take a heavy toll on,idiom,B2,juda salbiy ta'sir ko'rsatmoq,иметь очень негативный эффект,Used to describe severe negative consequences of an action on the environment or health.,,20615,idioms,Industrial pollution has taken a heavy toll on the river's ecosystem.,Sanoat ifloslanishi daryo ekotizimiga juda katta zarar yetkazdi.,,devastate | severely affect | wreak havoc on,benefit | improve,pollution | ecosystem | marine life | biodiversity | decades,saying 'take a heavy damage on'
to be in jeopardy,idiom,C1,xavf ostida qolmoq,быть в опасности,"Used in academic or news contexts to describe species, habitats, or ecosystems under severe threat.",,20617,idioms,Many endangered species are currently in jeopardy due to rapid deforestation.,Ko'plab yo'qolib borayotgan turlar tezkor o'rmon kesilishi tufayli xavf ostida.,,at stake | under threat | in peril,out of danger | safe | secure,ecosystem in jeopardy | future in jeopardy | put in jeopardy,saying 'in the jeopardy'
to turn the tide,idiom,C1,vaziyatni ijobiy tomonga o'zgartirmoq,изменить ситуацию к лучшему,"Used when describing a major shift in a situation from negative to positive, often regarding environmental change.",,20619,idioms,International climate agreements might finally turn the tide on global warming.,Xalqaro iqlim bitimlari nihoyat global isish vaziyatini ijobiy tomonga burishi mumkin.,,reverse the situation | change the outcome,worsen the situation | fail to make an impact,turn the tide against | turn the tide on | effectively turn the tide,using 'change the tide'
to put a strain on nature,idiom,B2,tabiatga og'irlik/bosim yuklamoq,оказывать давление на природу,Used to describe how human activity causes stress or damage to natural ecosystems.,,20621,idioms,Rapid urbanisation is putting a huge strain on nature and local wildlife.,Tez urbanizatsiya tabiat va mahalliy yovvoyi hayvonotga katta bosim o'tkazmoqda.,,burden | pressure | stress,relieve the pressure | ease the burden,put a strain on resources | put a strain on ecosystems | severe strain,using 'make a strain' instead of 'put a strain'
foot the bill for environmental damage,idiom,B2,ekologik zararlar uchun to'lovni amalga oshirish,оплата экологического ущерба,"Used in discussions about who should pay for cleanup or ecological repairs, often used in policy or academic debates.",,20623,idioms,The government insists that major polluters must foot the bill for the environmental damage they cause.,Hukumat yirik ifloslantiruvchilar yetkazgan ekologik zarar uchun xarajatlarni qoplashi shartligini ta'kidlamoqda.,,pay for | cover the costs | shoulder the expenses,shift the cost | avoid payment,corporate polluters | legal requirement | costly cleanup | long-term restoration,footing the bill of
to be at stake,idiom,B2,xavf ostida bo'lmoq,быть в опасности,"Used when describing something valuable that risks being lost or destroyed, such as the future of the planet.",,20625,idioms,The future of the Amazon rainforest is at stake.,Amazon o'rmonlarining kelajagi xavf ostida.,,in danger | at risk | in jeopardy,safe | secure,lives are at stake | future is at stake | everything is at stake | much at stake,saying 'the future is on stake'
to be at the mercy of nature,idiom,C1,tabiat injiqliqlariga bog'liq bo'lmoq,подвержен капризам природы,Used to express the helplessness of humans when facing extreme weather or natural disasters.,,20627,idioms,"When a hurricane hits, islanders are entirely at the mercy of nature.","Dovul urganda, orol aholisi butunlay tabiat injiqliklariga bog'liq bo'ladi.",,vulnerable | defenceless,in control | protected,entirely | constantly | forces | elements,in the mercy of
to wreak havoc on,idiom,C1,kuchli zarar yetkazmoq / vayron qilmoq,нанести серьезный ущерб/разрушить,Used to describe the severe damage or destruction caused by natural disasters or pollution.,,20629,idioms,Plastic pollution continues to wreak havoc on marine ecosystems.,Plastik ifloslanish dengiz ekotizimlariga katta talafot yetkazishda davom etmoqda.,,devastate | destabilize | ravage,,wreak havoc on the environment | wreak havoc on local communities,saying 'wreak the havoc on'
to bear the brunt of,idiom,C1,asosiy zarbani (oqibatni) o'z zimmasiga olmoq,принять на себя основную тяжесть (последствия).,Used to describe who or what suffers the most severe impact from a negative event like climate change or pollution.,,20631,idioms,Developing nations often bear the brunt of climate change.,Rivojlanayotgan davlatlar ko'pincha iqlim o'zgarishining asosiy zarbasini o'z zimmasiga oladi.,,suffer the most | take the full force of,,bear the brunt of climate change | bear the brunt of pollution,Using 'take' instead of 'bear'
to do one's bit,idiom,B1,o'z hissasini qo'shmoq,внести свой вклад,Used to describe making a small but important personal contribution to a larger environmental effort.,,20633,idioms,I try to do my bit for the environment by recycling plastic.,Men plastikni qayta ishlash orqali atrof-muhit uchun o'z hissamni qo'shishga harakat qilaman.,,contribute | play one's part | chip in,do nothing | remain passive,everyone do their bit | try to do one's bit | urge citizens to do their bit,Do my piece
to get back to nature,idiom,B2,tabiat qo'yniga qaytmoq (tabiat bilan yaqinlashmoq),вернуться к природе,"Used when talking about reconnecting with the environment or living a more natural, simplified life.",,20635,idioms,Many people move to the countryside to get back to nature.,Ko'p odamlar tabiatga yaqinlashish uchun qishloqqa ko'chib o'tadi.,,reconnect with nature | immerse in nature,,desire to get back to nature | opportunity to get back to nature,Go back to nature
it’s a no-brainer,idiom,B2,Bu oson tanlov (o'ylab o'tirishga ham hojat yo'q),Это простой выбор (вам даже не придется об этом думать),Used to suggest that a decision is so obvious or beneficial that it requires very little thinking.,,20637,idioms,Choosing to study at that university was a no-brainer for me.,O'sha universitetda o'qishni tanlash men uchun oson qaror edi.,,Obvious choice | Easy decision,Tough choice | Difficult dilemma,absolute no-brainer | total no-brainer | pretty much a no-brainer,It is a no brainer
there's no harm in,idiom,B1,Buning hech qanday zarari yo'q (qilib ko'rish kerak),В этом нет никакого вреда (надо попробовать),Used to encourage someone to try something new or take a small risk.,,20639,idioms,There's no harm in checking the official website for more details.,Rasmiy veb-saytni batafsilroq ma'lumot uchun tekshirib ko'rishning zarari yo'q.,,It's worth trying | Give it a go,It's a bad idea | Avoid doing,harm in trying | harm in asking | harm in checking | harm in applying,There is no harm to try
leaves a lot to be desired,idiom,C1,Talab darajasida emas / yomonroq,Не на должном уровне/хуже,Used to express that something is unsatisfactory or of poor quality without being overly aggressive.,,20641,idioms,The public transport system in this town leaves a lot to be desired.,Bu shahardagi jamoat transporti tizimi talab darajasida emas.,,unsatisfactory | subpar | inadequate,up to scratch | exceeds expectations,the quality leaves a lot to be desired | really leaves a lot to be desired,It leaves many to be desired.
there's a catch,idiom,B2,Bunda biron muammo/shart bor,С этим есть проблема/состояние,Used when something sounds too good to be true and there is a hidden problem or condition.,,20643,idioms,"The offer seems amazing, but I'm sure there's a catch.","Taklif juda zo'r ko'rinadi, lekin unda biror yashirin shart borligiga ishonaman.",,limitation | hidden snag | trade-off,no strings attached,I suspect there's a catch | the catch is that | what's the catch?,There is a trap.
it comes with its fair share of problems,idiom,B2,Uning o'ziga yarasha muammolari bor,У него есть свой набор проблем,"Used to acknowledge that while something has benefits, it also has a predictable amount of issues.",,20645,idioms,Living in a big city comes with its fair share of problems.,Katta shaharda yashashning o'ziga yarasha muammolari bor.,,it has its drawbacks | it is not without issues | it faces challenges,it is completely straightforward | it is seamless,fair share of problems | fair share of challenges | fair share of difficulties,It comes with fair share of problem
one of the pitfalls is,idiom,B2,Kamchiliklaridan biri shundaki / tuzoqlardan biri,"Одним из недостатков является то, что / является одной из ловушек.",Used when discussing hidden dangers or common mistakes people fall into while doing something.,,20647,idioms,One of the pitfalls of starting a business is underestimating the costs.,Biznes boshlashdagi xatarlardan biri xarajatlarni past baholashdir.,,One of the risks is | One of the dangers is,One of the key benefits,avoid common pitfalls | a major pitfall | potential pitfalls,One of the pitfall is...
a significant hurdle,idiom,B2,Muhim to'siq / qiyinchilik,Значительное препятствие/трудность,Used when discussing a specific problem that makes progress difficult or prevents achieving a goal.,,20649,idioms,Funding remains a significant hurdle for small startups nowadays.,Hozirgi kunda mablag' kichik startaplar uchun katta to'siq bo'lib qolmoqda.,,Obstacle | Challenge | Barrier | Difficulty,A great opportunity | A major boost,Face a significant hurdle | Overcome a significant hurdle,A significant hurdle to do...
it falls short,idiom,C1,Kutilgan darajaga yetmaydi,Не соответствует ожиданиям,Used when something fails to meet an expected standard or requirement.,,20651,idioms,The new proposal falls short of the safety standards required by law.,Yangi taklif qonun talab qiladigan xavfsizlik standartlariga yetmaydi.,,underperform | fail to reach | be deficient,exceed expectations | meet the standard | surpass,fall short of expectations | fall short of the target,Saying 'it falls short expectation' (missing 'of')
the flip side,idiom,B2,Masalaning ikkinchi tomoni,Другая сторона дела,Used to introduce an opposing or negative perspective after discussing a positive one.,,20653,idioms,"Working from home is convenient, but the flip side is feeling isolated.","Uydan ishlash qulay, ammo buning ikkinchi tomoni — o'zingizni yolg'iz his qilishdir.",,the other side of the coin | the converse | the downside,the bright side,consider the flip side | the flip side of | the dark flip side,Flip side of that is...
a real turn-off,idiom,B2,Umuman yoqimsiz narsa / qiziqishni so'ndiradigan narsa,"Что-то вообще неприятное/что-то, что отключает интерес",Used to describe something that makes you lose interest or dislike a situation/product.,,20655,idioms,The high price of the tickets was a real turn-off for the fans.,Chipta narxining yuqoriligi muxlislar uchun juda yoqimsiz omil bo'ldi.,,a deterrent | disheartening | unappealing,a major draw | an attractive feature,real turn-off | major turn-off | total turn-off,It is a turning-off...
it's not without its problems,idiom,B2,Uning ham o'z muammolari bor,Там тоже есть свои проблемы,"Used to acknowledge that something has benefits, but still faces specific challenges.",,20657,idioms,"Digital learning is great, but it's not without its problems.","Raqamli ta'lim zo'r, ammo uning ham o'z muammolari bor.",,It has flaws | It faces challenges,It's absolutely perfect | It's flawless,certainly not without its problems | hardly without its problems,It is not without problem.
a real thorn in my side,idiom,C1,Mening uchun doimiy tashvish/muammo,Постоянное беспокойство/проблема для меня,"Used to describe a persistent, ongoing problem that is very annoying and difficult to ignore.",,20659,idioms,The lack of parking space has been a real thorn in my side for months.,To'xtash joyining yetishmasligi bir necha oydan beri mening doimiy muammom bo'lib kelmoqda.,,A major headache | A persistent bother,A breath of fresh air | A great help,become a real thorn | constant thorn | a thorn in the side of | remain a thorn,A thorn in my body.
a bit of a pain,idiom,B1,Bir oz noqulaylik,Немного неловко,"Used when something is annoying, frustrating, or inconvenient, but not a life-changing disaster.",,20661,idioms,Waiting for the bus in the rain is a bit of a pain.,Yomg'irda avtobus kutish biroz noqulaylik.,,hassle | nuisance | inconvenience,a breeze | a piece of cake,real pain | a bit of a pain | total pain | to be a pain in the neck,"Using it to describe serious issues (e.g., poverty)"
it's a bit of a let-down,idiom,B2,Bu biroz ko'ngilni qoldiradigan holat,Это немного разочаровывает,Used when something is disappointing because it didn't meet expectations or had a hidden flaw.,,20663,idioms,"The movie had great reviews, but the ending was a bit of a let-down.","Film haqida yaxshi fikrlar bo'lsa ham, uning yakuni biroz ko'ngilni qoldirdi.",,disappointment | anti-climax,A pleasant surprise | Exceeded expectations,major let-down | bit of a let-down | complete let-down | felt like a let-down,It's a let-down of...
the only snag,idiom,C1,Yagona muammo/to'siq,Единственная проблема/препятствия,"Used to describe a small, unexpected problem or complication that might stop progress.",,20665,idioms,"We have the funding, but the only snag is finding the right location.","Bizda mablag' bor, ammo yagona muammo — to'g'ri joy topish.",,hitch | complication | difficulty | stumbling block,everything is perfect | smooth sailing,hit a snag | minor snag | potential snag | the only snag,The only snag is that it is a big problem
there is a price to pay,idiom,B2,Bunining o'ziga yarasha badali/tovoni bor,Это имеет свою заслугу,Used when describing the negative consequences or sacrifices required for a specific outcome.,,20667,idioms,"Success is great, but there is always a price to pay for it.","Muvaffaqiyat zo'r, lekin uning uchun har doim ma'lum bir badal to'lash kerak.",,There are trade-offs | It involves sacrifices,,a heavy price to pay | a steep price to pay | a high price to pay,There is a price to pay of
not without its faults,idiom,B2,Kamchiliklardan xoli emas,Не без недостатков,Used to introduce negative aspects of something that is otherwise generally seen as good or popular.,,20669,idioms,"The electric vehicle is an excellent invention, but it is not without its faults.","Elektr avtomobili ajoyib ixtiro, ammo u kamchiliklardan xoli emas.",,It has a few flaws | It is imperfect,It is flawless | It is perfect,certainly not without its faults | admittedly not without its faults,It is not without faults it.
on the other hand,idiom,B1,Boshqa tomondan,С другой стороны,"Used to introduce a contrasting point or perspective, typically after presenting an initial argument.",,20671,idioms,"Renewable energy is cheaper long-term; on the other hand, the initial investment is very high.","Qayta tiklanadigan energiya uzoq muddatda arzonroq; boshqa tomondan, boshlang'ich sarmoya juda katta.",,Conversely | In contrast | However,Similarly | Likewise | In the same vein,to present a different view | to balance the argument | a counterpoint,Using 'on another hand' instead of the correct phrase.
having said that,idiom,B2,Shuni aytgan bo'lsam ham,Хоть я и сказал это,Used to concede a point or introduce a contrasting observation that slightly contradicts or moderates what was just stated.,,20673,idioms,"The new software is incredibly complex. Having said that, the training provided is excellent.","Yangi dastur juda murakkab. Shuni aytgan bo'lsam ham, berilgan trening a'lo.",,That said | Nevertheless | All the same,Furthermore | Moreover | In addition,to introduce a caveat | to acknowledge a drawback | to soften a criticism,Using 'have said that' or incorrect tense.
be that as it may,idiom,C1,Qanday bo'lmasin,Так или иначе,"Used to acknowledge a fact or argument as true, but then to state that it does not change the main point or conclusion.",,20675,idioms,"The budget for the project is indeed tight. Be that as it may, we are expected to deliver the same high-quality results.","Loyiha byudjeti, albatta, tor. Shunday bo'lsa-da, bizdan o'sha yuqori sifatli natijalarni yetkazish kutiladi.",,Nevertheless | Nonetheless | Even so,Therefore | Consequently | As a result,to concede a point | to acknowledge an objection | the fact remains,Using it in informal speech where 'anyway' or 'still' would be more natural.
by the same token,idiom,C1,Xuddi shu sababga ko'ra,По той же причине,"Used to introduce a point that logically follows from the previous one, applying the same principle or reasoning to a different situation.",,20677,idioms,"If we reward innovation, we must accept some failed experiments. By the same token, punishing all failure stifles creativity.","Agar innovatsiyani rag'batlantirsak, ayrim muvaffaqiyatsiz tajribalarni ham qabul qilishimiz kerak. Xuddi shu sababga ko'ra, har bir muvaffaqiyatsizlikni jazolash ijodkorlikni bo'g'adi.",,For the same reason | Similarly | In like manner,In contrast | On the contrary,the logic applies | the principle holds | it follows that,Using it as a simple synonym for 'similarly' without the logical connection.
for all that,idiom,B2,Bularning barchasiga qaramay,Несмотря на все это,"Used to introduce a statement that contrasts with or outweighs all the points previously mentioned, often expressing a surprising or significant conclusion.",,20679,idioms,"The film had a weak script, mediocre acting, and poor pacing. For all that, it was a huge commercial success.","Filmning ssenariysi zaif, aktyorligi o'rtacha va tempi sust edi. Shunga qaramay, u katta tijorat muvaffaqiyatiga erishdi.",,Despite all this | Nevertheless | Even so,Therefore | As a result | Consequently,to acknowledge shortcomings | a surprising outcome | a redeeming feature,Using it simply to mean 'because of all that' (causal) instead of its concessive (contrasting) meaning.
on top of that,idiom,B1,"Buning ustiga, bundan tashqari",В дополнение к этому,"Used when adding an extra, usually stronger, point to a previous argument or fact.",,20681,idioms,"The hotel was overpriced. On top of that, the service was terrible.","Mehmonxona qimmat edi. Buning ustiga, xizmati ham yomon edi.",,Additionally | Furthermore | Moreover,Despite this,"On top of that, it is | On top of that, there is | On top of that, she is",Using 'On top of that' to contrast instead of add
for the most part,idiom,B2,"asosan, aksariyat hollarda","в основном, в большинстве случаев","Used to express that something is generally true, though there might be exceptions.",,20683,idioms,"The students were, for the most part, well-behaved during the lecture.","Talabalar, asosan, ma'ruza paytida o'zlarini yaxshi tutishdi.",,generally | by and large,rarely | in specific cases,"For the most part, they | For the most part, it is | For the most part, people",Saying 'in the most part'
a far cry from,idiom,B2,...dan tubdan farq qiladi / ...ga qaraganda butunlay boshqacha,радикально отличается/совершенно отличается от...,Used to express that something is very different from what it used to be or what was expected.,,20685,idioms,This modern office is a far cry from the cramped space we had before.,Bu zamonaviy ofis avvalgi tor joyimizdan mutlaqo farq qiladi.,,Vastly different | Not even close,Just like | Exactly the same,A far cry from reality | A far cry from perfection | A far cry from ideal,It is far cry from
on a par with,idiom,C1,"...bilan teng, bir xil darajada","...равный, на том же уровне",Used to say that two things are of the same quality or standard.,,20687,idioms,The salary offered is on a par with industry standards for this role.,Taklif etilgan maosh ushbu lavozim uchun soha standartlari bilan bir xil darajada.,,Equal to | Matching | Equivalent to,Inferior to | Superior to,roughly on a par with | largely on a par with | clearly on a par with,On par with
nothing like,idiom,B1,...ga umuman o'xshamaydi,совсем не похоже...,Used to emphasise that something is totally different from or not as good as something else.,,20689,idioms,The final movie was nothing like the book I read.,Yakuniy film men o'qigan kitobga umuman o'xshamadi.,,Completely different from | A far cry from,Just like | Identical to,nothing like as good | nothing like as fast | look nothing like,Not nothing like
on the flip side,idiom,B2,boshqa tomondan,с другой стороны,"Used to introduce an alternative, often negative, aspect of a topic you have just discussed.",,20691,idioms,"Living in London is exciting; on the flip side, it is incredibly expensive.","Londonda yashash qiziqarli; boshqa tomondan, u nihoyatda qimmat.",,Conversely | Alternatively,Additionally | Furthermore,The flip side is that | Look at the flip side | Consider the flip side,Using 'On the flip side of'
much the same,idiom,B1,deyarli bir xil,почти то же самое,Used when two things are not exactly identical but share very similar characteristics.,,20693,idioms,Both models are much the same in terms of performance.,Ikkala model ham ishlashi jihatidan deyarli bir xil.,,Similar | Comparable | Equivalent,Completely different | Distinct,Pretty much the same | Remain much the same | Look much the same,Using 'much same' without 'the'
nowhere near as... as,idiom,B2,...chalik emas / ...ga yaqin ham kela olmaydi,...недостаточно / даже близко не могу приблизиться...,Used to strongly emphasise that something is much less adjective than something else. Very high-frequency in spoken IELTS to show natural range.,,20695,idioms,The sequel to the movie was nowhere near as good as the original.,Filmning davomi asl nusxadek yaxshi emas edi.,,not nearly as | not nearly so | far inferior to,just as... as | equally as,nowhere near as good as | nowhere near as expensive as,nowhere near than
side by side,idiom,B1,"yonma-yon, solishtirganda","бок о бок, по сравнению",Used when placing two things together to easily observe differences or similarities.,,20697,idioms,"When you look at the photos side by side, the difference is obvious.","Suratlarni yonma-yon ko'rsangiz, farq yaqqol bilinadi.",,next to each other | in tandem,,work side by side | compare side by side | place side by side,Saying 'side to side' (this usually means moving left to right)
when it comes to,idiom,B1,...ga kelganda / ... borasida,когда дело касается/относительно...,A highly effective transition to start a comparison or focus on a specific topic.,,20699,idioms,"When it comes to sports, he is an expert.","Sport haqida gap ketganda, u mutaxassis.",,Regarding | With respect to,,When it comes to technology | When it comes to the crunch,When come to
work wonders,idiom,B1,Mo'jiza yaratmoq / juda samarali bo'lmoq,Сотворить чудо/быть очень эффективным,Used to describe something that has a very positive effect on a problem or situation.,,20701,idioms,A quick walk in the morning can work wonders for your mood.,Ertalabki qisqa sayr kayfiyatingizga juda yaxshi ta'sir qilishi mumkin.,,Benefit greatly | Be highly effective,,Work wonders for | Work wonders on | Truly work wonders,It works a wonder
it really comes in handy,idiom,B1,Bu juda qo'l keladi/asqotadi,Это очень удобно/отсутствует,"Used to describe something that is useful or helpful in specific, practical situations.",,20703,idioms,A good laptop really comes in handy when you're a student.,Talaba bo'lganingizda yaxshi noutbuk juda qo'l keladi.,,is very useful | is quite practical | is beneficial,is useless | is a waste of time,comes in handy for | comes in handy when | comes in handy later,It comes in a handy
it has its perks,idiom,B2,Buning o'ziga yarasha afzalliklari bor,В этом есть свои преимущества,"Used to acknowledge that something has good points, often used when admitting something is not perfect but still has benefits.",,20705,idioms,"Living in a big city has its perks, like better nightlife.","Katta shaharda yashashning, masalan, tungi hayot yaxshiroq bo'lishi kabi, o'z afzalliklari bor.",,has its advantages | has its upsides,has its downsides,certainly has its perks | definitely has its perks | has its fair share of perks,It has perks
there's a lot to be said for,idiom,C1,X ning ko'plab ijobiy tomonlari bor,X имеет много положительных сторон,"Used to express that something has significant advantages, especially when others might doubt it.",,20707,idioms,There's a lot to be said for taking a gap year before starting university.,Universitetni boshlashdan oldin bir yil tanaffus qilishning ko'plab ijobiy tomonlari bor.,,Has a lot of merits | Is highly beneficial,There is little to be said for,a lot to be said for | much to be said for | something to be said for,There is much to be said of...
gives you the edge,idiom,B2,senga ustunlik beradi,дает вам преимущество,Used when an advantage provides a competitive superiority in a specific area.,,20709,idioms,Learning a second language gives you the edge in the job market.,Ikkinchi tilni o'rganish sizga mehnat bozorida ustunlik beradi.,,provides a competitive advantage | gives a leg up,puts you at a disadvantage,give you the edge | the competitive edge | gain the edge,gives you an edge over to
brings a lot to the table,idiom,B2,"foyda keltirmoq, qiymat qo'shmoq","приносить пользу, приносить пользу",Used when describing the positive qualities or advantages someone or something contributes to a team or project.,,20711,idioms,She brings a lot to the table with her ten years of experience in marketing.,U marketing sohasidagi o'n yillik tajribasi bilan jamoaga katta qiymat qo'shadi.,,to be beneficial | to be an asset | contributes value,doesn't add much value | is redundant,brings a lot to the table | what does it bring to the table,brings much to the table
a clear-cut benefit,idiom,B2,Yaqqol ko'zga tashlanadigan afzallik,Очевидное преимущество,"Used to describe an advantage that is undeniable, obvious, and easy to identify.",,20713,idioms,A clear-cut benefit of moving to the city is the access to better transport.,Shaharga ko'chishning yaqqol afzalligi — yaxshi transportga kirish imkonidir.,,Obvious advantage | Unmistakable benefit,A hidden disadvantage | A marginal benefit,clear-cut benefit | clear-cut advantage | clear-cut result | clear-cut winner,A clear-cut of benefit
it gives you a head start,idiom,B1,Bu senga ustunlik beradi (yoki yutuqli boshlanish),Это дает вам преимущество (или фору),Used to describe an advantage gained by starting earlier or having something others don't have.,,20715,idioms,Learning a language as a child gives you a head start in school.,Bolalikda til o'rganish maktabda sizga yaxshi boshlang'ich ustunlik beradi.,,Competitive advantage | Early lead,Put at a disadvantage,give a head start | get a head start | have a head start | major head start,It gives a head start to me
it works in one's favour,idiom,B1,Bu kimningdir foydasiga ishlaydi,Это работает кому-то на пользу,Used to describe a factor or situation that gives someone an advantage or improves their chances of success.,,20717,idioms,Having previous work experience really works in your favour during interviews.,Oldingi ish tajribasiga ega bo'lish suhbatlarda sizning foydangizga ishlaydi.,,To one's advantage | Beneficial to someone,Work against someone,work in one's favour | tilt in one's favour | tip in one's favour,It works for my favour
