headword,pos,cefr_level,translation_uz,translation_ru,definition_en,ipa,frequency_rank,category,example_en,example_uz,synonyms,antonyms
french,verb,B2,til bilan o'pishmoq,целоваться с языком,To kiss someone by inserting your tongue into their mouth.,fɹɛnt͡ʃ,9002,feelings,It was the first time they decided to french after the party.,Bu bazmdan keyin ular birinchi marta til bilan o'pishishga qaror qilishdi.,make-out kiss,
german,adjective,A1,olmon nemis,немецкий,Relating to Germany or its language and people.,ˈd͡ʒɜː.mən,9018,describing,I am currently learning to speak German at my local evening school.,Men hozir mahalliy kechki maktabda nemis tilini o'rganyapman.,deutsch,
iraq,noun,A2,iroq,Ирак,A country located in the Middle East region of Western Asia.,ɪˈrɑːk,9020,places,My friend traveled to Iraq last summer to visit historical city sites.,Do'stim o'tgan yozda tarixiy shahar joylarini ko'rish uchun Iroqqa sayohat qildi.,,
japanese,adjective,A1,yapon,японский,Relating to the country of Japan or its culture and language.,ˌdʒæp.əˈniːz,9022,describing,We really enjoy eating Japanese food like sushi at the new restaurant.,Biz yangi restoranda sushi kabi yapon taomlarini iste'mol qilishdan juda zavqlanamiz.,,
spanish,adjective,A1,ispan,испанский,"Relating to Spain, its people, or the Spanish language.",ˈspæn.ɪʃ,9024,describing,She listens to Spanish music every day to improve her listening skills.,U tinglash qobiliyatini yaxshilash uchun har kuni ispan musiqasini eshitadi.,castilian,
columbia,noun,B2,kolumbiya,Колумбия,A country in South America or a famous university in New York City.,kəˈlʌm.bi.ə,9026,places,Many students dream of studying at Columbia University in the United States.,Ko'pgina talabalar Qo'shma Shtatlardagi Kolumbiya universitetida o'qishni orzu qilishadi.,,
vegas,noun,C1,vodiylar o'tloqlar,долины луга,"A plural form of vega, meaning a large, open, and fertile river valley.",ˈveɪɡəz,9030,nature,The fertile vegas provide enough water for the local farmers to grow crops.,Serhosil vodiylar mahalliy fermerlarga ekin yetishtirish uchun yetarli suv bilan ta'minlaydi.,valleys meadows,
replies,verb,A2,javob beradi,отвечает,To say or write something as an answer to a question.,ɹɪˈplaɪz,9036,actions,She always replies to my messages very quickly after I send them.,U xabarlarimni yuborganimdan keyin ularga doim juda tez javob beradi.,answers responds,asks
jones,verb,C1,juda xohlash intiq bo'lish,сильно желать,To have a very strong desire or craving for a particular thing.,d͡ʒoʊnz,9044,feelings,I have been jonesing for a hot cup of coffee all morning.,Men butun ertalab bir finjon issiq qahvani juda xohlab o'tirdim.,crave desire,
began,verb,A1,boshladi boshlanishi,начал,To have started doing or experiencing something in the past.,bɪˈɡæn,9046,actions,The meeting began exactly at nine o'clock this morning for everyone.,Majlis bugun ertalab soat to'qqizda barcha uchun aniq boshlandi.,started,ended
ipod,noun,B1,ipod,айпод,A portable device used for storing and playing digital music files.,ˈaɪpɒd,9052,home,She listens to her favorite songs on her old iPod every day.,U har kuni o'zining eski iPod'ida sevimli qo'shiqlarini tinglaydi.,player,
motorola,noun,A2,Motorola,Моторола,A brand name for electronic communication devices like mobile phones and radios.,ˌməʊtəˈrəʊlə,9054,work,I bought a new Motorola smartphone for my father yesterday afternoon.,Men kecha tushdan keyin otam uchun yangi Motorola smartfonini sotib oldim.,,
oregon,noun,B1,Oregon,Орегон,A large state located in the northwestern part of the United States.,ˈɒrɪɡən,9056,places,My cousin moved to Oregon last summer to study at the university.,Jiyanim o'tgan yozda universitetda o'qish uchun Oregon shtatiga ko'chib o'tdi.,,
houston,noun,B1,Hyuston,Хьюстон,A large and famous city located in the state of Texas.,ˈhjuːstən,9058,places,The space agency has its main mission control center in Houston city.,Kosmik agentlik o'zining asosiy missiyani boshqarish markaziga Hyuston shahrida ega.,,
ontario,noun,B1,Ontario,Онтарио,A large and well-known province found in the country of Canada.,ɒnˈtɛəriəʊ,9062,places,Toronto is the capital city of the province of Ontario in Canada.,Toronto Kanadadagi Ontario provinsiyasining poytaxti hisoblanadi.,,
jesus,noun,A2,Iso,Иисус,The central religious figure who founded the Christian faith many years ago.,ˈdʒiːzəs,9066,people-family,Many people around the world learn about the teachings of Jesus Christ.,Dunyo bo'ylab ko'plab odamlar Iso Masihning ta'limotlari haqida o'rganishadi.,,
headlines,noun,B1,sarlavhalar yangiliklar,заголовки,The important titles of news stories in a newspaper or on television.,ˈhedlaɪnz,9072,ielts,The daily headlines tell us about major events happening around the world.,Kundalik sarlavhalar bizga dunyo bo'ylab sodir bo'layotgan muhim voqealar haqida aytadi.,titles news,
pubmed,noun,C1,tibbiyot ma'lumotlar bazasi,медицинская база данных,A free search engine providing access to academic articles and research in medical sciences.,pʌbmed,9076,work,She searched PubMed to find recent studies about new heart disease treatments.,U yurak kasalliklarini davolash bo'yicha yangi tadqiqotlarni topish uchun PubMed'dan foydalandi.,,
logged,verb,A2,qayd etilgan yozib olingan,записанный зарегистрированный,To record or write down information about events or work in a formal logbook.,lɒɡd,9078,actions,The pilot logged all the flight details in the official company report.,Uchuvchi barcha parvoz ma'lumotlarini rasmiy kompaniya hisobotiga yozib qo'ydi.,recorded registered,
dell,noun,C1,jarlik vodiycha,долина,"A small and deep valley, often filled with trees and bushes.",dɛl,9098,nature,They walked through the quiet green dell to find the hidden stream.,Ular yashirin irmoqni topish uchun sokin yashil jarlikdan o‘tib ketishdi.,valley hollow,
utilities,noun,B1,kommunal xizmatlar,коммунальные услуги,"Services like water, electricity, and gas provided for use by the public.",juːˈtɪlɪtiz,9100,home,We pay our monthly utilities like electricity and water every single month.,Biz har oy elektr va suv kabi kommunal to‘lovlarni amalga oshiramiz.,services amenities,
referred,verb,B2,yuborilgan nazarda tutilgan,упомянутый направленный,Mentioned or directed someone to another person or place for help.,ɹɪˈfɝd,9102,ielts,The doctor referred the patient to a specialist for further medical tests.,Shifokor bemorni qo‘shimcha tibbiy tekshiruvlar uchun mutaxassisga yo‘naltirdi.,mentioned directed,
henry,noun,C2,genri,генри,The standard unit for measuring electrical inductance in a circuit.,ˈhɛnri,9104,ielts,The inductance of the coil was measured at exactly one henry today.,G‘altakning induktivligi bugun aynan bir genri deb o‘lchandi.,,
christ,noun,B2,masih,христос,The title given to Jesus by his followers in the Christian religion.,kraɪst,9106,ielts,Many people believe that Christ brought a message of love and peace.,Ko‘pchilik odamlar Masih mehr-oqibat va tinchlik xabarini olib kelgan deb ishonadi.,,
austria,noun,A2,avstriya,Австрия,A country located in the middle of Europe.,ˈɒstrɪə,9110,places,We are planning to visit the beautiful mountains of Austria this summer.,Biz yozda Avstriyaning go'zal tog'lariga tashrif buyurishni rejalashtiryapmiz.,,
alabama,noun,B1,alabama,Алабама,A state located in the southern part of the United States of America.,ˌæləˈbæmə,9114,places,My cousin moved to Alabama last year to study at the university.,Jiyanim o'tgan yili universitetda o'qish uchun Alabamaga ko'chib o'tdi.,,
utah,noun,B1,yuta,Юта,A state in the western part of the United States known for red rocks.,ˈjuːtɑː,9118,places,We went on a long road trip through the deserts of Utah.,Biz Yuta cho'llari bo'ylab uzoq avtomobil sayohatiga chiqdik.,,
kentucky,noun,B1,kentukki,Кентукки,A state in the eastern part of the United States of America.,kənˈtʌki,9120,places,Horse racing is very popular in the state of Kentucky every year.,Har yili Kentukki shtatida ot poygalari juda ommabop hisoblanadi.,,
irish,adjective,A2,irlandiyalik irland,ирландский,Relating to the country of Ireland or its people and language.,ˈaɪrɪʃ,9132,people-family,My best friend is Irish and she speaks with a nice accent.,Eng yaqin do‘stim irlandiyalik va u yoqimli aksent bilan gapiradi.,Gaelic,
citizens,noun,B1,fuqarolar,граждане,People who are legally recognized as belonging to a particular country or state.,ˈsɪt.ɪ.zənz,9140,ielts,All citizens must follow the laws to keep their community safe and peaceful.,Barcha fuqarolar o'z hamjamiyatini xavfsiz va tinch saqlash uchun qonunlarga rioya qilishlari kerak.,nationals residents,foreigners
raised,adjective,B1,boʻrtma qavariq,выпуклый,Higher than the surface around it or having a bumpy texture.,ɹeɪzd,9150,describing,The map has raised areas to show where the mountains are.,Xaritada togʻlar qayerdaligini koʻrsatish uchun boʻrtma joylar mavjud.,embossed bumpy,flat
cheats,verb,A2,aldash nayrang ishlatish,жульничает,To behave dishonestly or break rules to get an advantage in a game.,t͡ʃiːts,9154,actions,He always cheats when we play cards with our friends together.,Doʻstlarimiz bilan karta oʻynaganimizda u doim aldashga urinadi.,deceives tricks,obeys
costa,noun,C1,qovurg'a,ребро,"An anatomical term for a rib, the bone that protects the chest area.",ˈkɒ.stə,9160,body-health,The injury caused significant pain near the costa area of his chest.,Jarohat uning ko'kragidagi qovurg'a yaqinida kuchli og'riq keltirib chiqardi.,rib,
montana,noun,B2,Montana,Монтана,A large mountainous state located in the western region of the United States.,mɒnˈtænə,9178,places,Montana is known for its beautiful mountains and large national parks.,Montana o'zining go'zal tog'lari va katta milliy bog'lari bilan mashhur.,,
switzerland,noun,A2,Shveytsariya,Швейцария,A landlocked country in Central Europe famous for its mountains and neutral politics.,ˈswɪtsələnd,9180,places,I hope to visit the beautiful snowy mountains in Switzerland next winter.,Kelasi qishda Shveytsariyaning go'zal qorli tog'lariga borishni umid qilaman.,,
czech,noun,B1,chex chexlar,чех,A person from the Czech Republic or the language spoken there.,tʃɛk,9184,places,My new friend from Prague is a very kind Czech person.,Pragadan kelgan yangi do'stim juda mehribon chex kishisi.,,
cambridge,noun,B2,Kembrij,Кембридж,"A famous university city in England or a city in Massachusetts, USA.",ˈkeɪmbrɪdʒ,9186,places,He earned his degree while studying at the University of Cambridge.,U Kembrij universitetida o'qiyotganda o'z darajasini oldi.,,
idaho,noun,B2,Aydaho,Айдахо,A state in the northwestern United States known for producing many potatoes.,ˈaɪdəhoʊ,9188,places,Idaho produces more potatoes than any other state in the country.,Aydaho mamlakatdagi boshqa shtatlarga qaraganda ko'proq kartoshka yetishtiradi.,,
sterling,noun,C1,funt sterling,фунт стерлингов,The basic unit of money used in the United Kingdom.,ˈstɜːlɪŋ,9190,ielts,The value of the pound sterling has increased significantly this year.,Joriy yilda funt sterlingning qiymati sezilarli darajada oshdi.,pound currency,
kernel,noun,C2,o'zak negiz,суть ядро,The most important or central part of something such as an idea.,ˈkɜː.nəl,9192,ielts,There is a kernel of truth in everything that he says.,U aytayotgan har bir gapda haqiqat o'zagi bor.,crux gist,
gray,adjective,A2,kulrang,серый,A color that is between black and white.,ɡɹeɪ,9194,describing,It was a cold and gray morning in the capital city.,Poytaxtda sovuq va kulrang tong edi.,grayish,
catalogue,noun,B2,katalog ro'yxat,каталог,"A complete list of items, such as books or products for sale.",ˈkæt.əˌlɒɡ,9196,work,We looked through the store catalogue to find some new furniture.,Biz yangi mebel topish uchun do'kon katalogini ko'rib chiqdik.,list,
broad,adjective,B2,keng,широкий,Very wide in distance or having a large range or scope.,bɹɔːd,9198,describing,The road was broad enough for two large trucks to pass.,Yo'l ikkita katta yuk mashinasi o'tib ketishi uchun yetarlicha keng edi.,wide,narrow
chosen,adjective,B1,tanlangan saralangan,выбранный,Someone or something that has been selected from a group.,ˈt͡ʃəʊ.zən,9200,describing,The chosen candidate accepted the new job offer with great pride.,Tanlangan nomzod yangi ish taklifini katta g‘urur bilan qabul qildi.,selected preferred,rejected
demo,noun,B2,namoyish ko‘rgazma,демонстрация,A short presentation showing how a product works or how something is done.,ˈdɛm.əʊ,9202,work,The teacher prepared a quick demo to help us understand the topic.,O‘qituvchi mavzuni tushunishimizga yordam berish uchun qisqa namoyish tayyorladi.,presentation display,
hate,verb,A2,yomon ko'rmoq nafratlanmoq,ненавидеть,To dislike someone or something very much.,[heʔ],9204,feelings,"I hate to say it, but I know we are going to lose.",Aytishga tilim bormayapti ammo biz yutqazishimizni bilaman.,loathe detest,love
terminal,noun,B2,terminal vokzal,терминал,A building at an airport or station where passengers arrive or depart.,ˈtɚmɪnəl,9206,travel,"Terminal 1 is for domestic flights, whereas Terminal 2 is for international flights.",1-terminal mahalliy reyslar uchun mo'ljallangan 2-terminal esa xalqaro reyslar uchun.,station hub,
behalf,noun,C1,nomidan manfaat,имя,Representing or acting for the benefit of another person or group.,bɪˈhæf,9208,ielts,I am writing on behalf of my company to express our interest.,Men kompaniyamiz nomidan qiziqishimizni bildirish uchun yozmoqdaman.,support interest,
liquid,noun,B1,suyuqlik,жидкость,A substance that flows easily and is not a solid or a gas.,ˈlɪk.wɪd,9210,nature,A liquid can freeze to become a solid or evaporate into a gas.,Suyuqlik muzlab qattiq jisimga aylanishi yoki bug'lanib gazga aylanishi mumkin.,fluid,solid
loop,noun,B1,halqa ilmoq,петля,A round shape or curve made by a line or thread.,luːp,9212,describing,"Arches, loops, and whorls are patterns found in fingerprints.",Arkalar ilmoqlar va aylana chiziqlar barmoq izlarida uchraydigan naqshlardir.,ring circle,
reservation,noun,B2,shubha ikkilanish,сомнение,A feeling of doubt or a concern about something.,ˌɹɛz.ɚˈveɪ.ʃən,9214,ielts,I have some reservations about cosigning a loan for him.,Men uning kreditiga kafil bo'lish borasida ba'zi shubhalarim bor.,doubt concern,
gourmet,adjective,C1,yuqori sifatli tansiq,гурманский,Describing food or drink that is of very high quality and often expensive.,ɡʊɹˈmeɪ,9216,food-drink,The restaurant offered gourmet coffee and cigars after the delicious formal meal.,Restoran mazali rasmiy ovqatdan so'ng yuqori sifatli qahva va sigaralar taklif qildi.,,
guard,verb,B1,qo'riqlamoq himoya qilmoq,охранять,To protect someone or something from danger or to watch over them carefully.,ɡɑːd,9218,actions,All of the mountain passes are guarded by brave soldiers during the night.,Tog' dovonlarining barchasi tun davomida jasur askarlar tomonidan qo'riqlanadi.,protect defend,
properly,adverb,B1,to'g'ri lozim darajada,должным образом,"In a way that is correct, suitable, or exactly as it should be done.",ˈpɹɒpəli,9220,describing,Does she think the repairs have been properly done by the local workers?,U ta'mirlash ishlari mahalliy ishchilar tomonidan to'g'ri bajarilgan deb o'ylaydimi?,correctly rightly,
empire,noun,B2,imperiya,империя,A group of countries or territories controlled by one powerful government or ruler.,ˈɛm.paɪ̯ə̯,9222,ielts,The history of the Roman empire is a popular subject at the university.,Rim imperiyasi tarixi universitetda mashhur fan hisoblanadi.,,
resume,verb,B2,davom ettirmoq qayta boshlamoq,возобновлять,To start doing something again after taking a break or pausing for a while.,ɹɪˈzjuːm,9224,actions,We will resume this important discussion tomorrow morning at nine o'clock sharp.,Biz ushbu muhim muhokamani ertaga ertalab soat to'qqizda davom ettiramiz.,continue restart,suspend
twenty,noun,A1,yigirma,двадцать,The number that is one more than nineteen; 20.,ˈtwɛnti,9226,basics,He paid twenty dollars for the new book he bought yesterday afternoon.,U kecha tushdan keyin sotib olgan yangi kitobi uchun yigirma dollar to'ladi.,,
newly,adverb,B1,yangi yangidan,вновь заново,Happening or being done very recently.,ˈnuli,9228,describing,The newly married couple moved into their first small house together.,Yangi turmush qurgan er-xotin o‘zlarining birinchi kichik uyiga ko‘chib o‘tishdi.,lately freshly,
raise,verb,A2,ko‘tarmoq oshirmoq,поднимать,To move something to a higher position or level.,ɹeɪz,9230,actions,Please raise your hand if you know the answer to the question.,Agar savolga javobni bilsangiz iltimos qo‘lingizni ko‘taring.,lift elevate,lower
avatar,noun,B2,avatar,аватар,A digital image that represents a person in a computer game or online.,əʋ(ə)t̪ɑr,9232,ielts,I chose a cool dragon as my avatar for the online game.,Men onlayn o‘yin uchun avatarlarim sifatida salqin ajdahoni tanladim.,profile-picture icon,
illegal,adjective,B1,noqonuniy nojo‘ya,незаконный,Not allowed by the law.,ɪˈliːɡəl,9234,ielts,It is illegal to drive a car without a valid driving license.,Haqiqiy haydovchilik guvohnomasisiz mashina haydash noqonuniydir.,unlawful forbidden,legal
expansion,noun,B2,kengayish kengayish,расширение,"The process of becoming larger in size, number, or amount.",ɪkˈspænʃən,9236,ielts,The rapid expansion of the company led to many new job opportunities.,Kompaniyaning jadal kengayishi ko‘plab yangi ish o‘rinlarini yaratdi.,growth development,contraction
hundreds,noun,A1,yuzlab,сотни,A large number of things or people in groups of one hundred.,ˈhʌn.dɹədz,9238,basics,Hundreds of people gathered in the park to watch the firework show.,Yuzlab odamlar mushakbozlik shousini tomosha qilish uchun bog‘ga to‘planishdi.,many scores,
rome,noun,A2,Rim,Рим,"The capital city of Italy, famous for its ancient history.",rəʊm,9240,travel,We are planning a wonderful summer trip to Rome next July.,Biz kelasi iyul oyida Rimga ajoyib yozgi sayohatni rejalashtiryapmiz.,,
arab,noun,B1,arab,араб,A person from one of the countries in the Middle East or North Africa.,ˈærəb,9242,people-family,The Arab culture has a long and very rich history of science.,Arab madaniyati uzoq va juda boy fan tarixiga ega.,,
lincoln,noun,B1,Linkoln,Линкольн,A common surname or the name of a major city in England or America.,ˈlɪŋkən,9244,places,Abraham Lincoln was one of the most famous presidents in American history.,Ibrohim Linkoln Amerika tarixidagi eng mashhur prezidentlardan biri edi.,,
premier,adjective,C1,birinchi yetakchi,первый главный,"Most important, best, or first in quality and status.",ˈpɹɛ.mi.ɛː,9246,ielts,This hotel is the premier choice for visitors staying in the city.,Bu mehmonxona shaharda to'xtagan mehmonlar uchun eng yaxshi tanlovdir.,foremost leading,
consent,verb,B2,rozi bo'lmoq ruxsat bermoq,соглашаться давать согласие,To give your permission or agreement for something to happen.,kənˈsɛnt,9248,ielts,The parents had to consent before the child could join the trip.,Bola sayohatga qo'shilishidan oldin ota-onalar rozi bo'lishlari kerak edi.,agree assent,object
drama,noun,B1,drama spektakl,драма,A serious play or movie that is not a comedy.,ˈdɹɑːmə,9250,feelings,She loves watching a good drama on television during the weekend.,U dam olish kunlari televideniyeda yaxshi drama tomosha qilishni yaxshi ko'radi.,play theater,
downtown,noun,A2,shahar markazi,центр города,The main business or shopping area of a city.,ˈdaʊ̯nˌtaʊ̯n,9252,travel,We decided to walk around downtown and look at the new shops.,"Biz shahar markazida aylanib, yangi do'konlarni ko'zdan kechirishga qaror qildik.",city center downtown,
keyboard,noun,A1,klaviatura,клавиатура,A set of buttons used to type on a computer or play music.,ˈki.bɔɹd,9254,basics,I need to buy a new keyboard for my desktop computer tomorrow.,Ertaga stol usti kompyuterim uchun yangi klaviatura sotib olishim kerak.,keypad,
contest,noun,B1,musobaqa bellashuv,соревнование,A competition or game in which people try to win.,ˈkɒn.tɛst,9256,actions,The child entered the spelling contest at his local primary school.,Bola maktabdagi imlo musobaqasida ishtirok etdi.,competition pageant,
collected,adjective,B2,xotirjam vazmin,хладнокровный,"Remaining calm and controlled, especially in a difficult situation.",kəˈlɛktɪd,9258,feelings,He stayed collected throughout the difficult interview process.,U qiyin suhbat jarayonida o'zini vazmin tutdi.,calm composed,
boot,noun,A2,etik botinka,ботинок,A strong shoe that covers the foot and part of the leg.,buːt,9260,clothes,He tied his leather boot before walking in the mountains.,U tog'da yurishdan oldin charm etiklarini bog'lab oldi.,,
suitable,adjective,B1,mos munosib,подходящий,"Right or appropriate for a particular person, purpose, or situation.",[ˈsjuː.tə.bɫ̩],9262,describing,This movie is not suitable for young children to watch.,Bu kino yosh bolalar tomosha qilishi uchun mos emas.,appropriate proper,unsuitable
absolutely,adverb,B1,mutlaqo shubhasiz,абсолютно,Used to emphasize that something is completely true or certain.,ˈæb.səˌl(j)uːt.li,9264,describing,I am absolutely sure that I locked the front door.,Men old eshikni qulflaganimga mutlaqo aminman.,completely totally,
chamber,noun,C1,palata xona,палата,"A formal room, especially one used for official meetings or government.",ˈtʃeɪmbə(ɹ),9266,places,The resolution was debated in the lower chamber of parliament.,Qaror parlamentning quyi palatasida muhokama qilindi.,hall room,
guinea,noun,C2,gvineya,гинея,A former British gold coin used as money in the past.,ˈɡɪni,9268,ielts,The painting was sold for fifty guineas at the auction.,Rasm auksionda ellik gvineyaga sotildi.,,
findings,noun,B2,natijalar xulosalar,результаты,The information or results discovered after a study or research.,ˈfaɪndɪŋz,9270,ielts,The researchers presented their findings to the scientific committee today.,Tadqiqotchilar bugun o'z xulosalarini ilmiy qo'mitaga taqdim etishdi.,results conclusions,
muscle,noun,B1,muskul mushak,мышца,The part of the body that allows you to move and be strong.,ˈmʌs.əl,9272,body-health,You need to exercise your muscle groups to stay fit and healthy.,Sog'lom va baquvvat bo'lish uchun mushaklar guruhini mashq qildirish kerak.,thew,
typical,adjective,B1,tipik xos,типичный,Having the usual features or qualities of a particular group or thing.,ˈtɪp.ɪ.kəl,9276,describing,It was a typical summer day with bright sun and clear skies.,Bu yorqin quyosh va musaffo osmon bilan tipik yoz kuni edi.,customary ordinary,atypical
tower,noun,A2,minora,башня,"A very tall, narrow building or part of a building.",ˈtaʊ.ə(ɹ),9278,places,We climbed to the top of the tower to see the city.,Shaharni ko'rish uchun minoraning yuqorisiga chiqdik.,,
sum,noun,A2,yig'indi summa,сумма,The amount of money or the total result of adding numbers together.,sʌm,9280,school,The total sum of these expenses is higher than we expected.,Ushbu xarajatlarning umumiy yig'indisi kutganimizdan yuqoriroq.,total amount,
calculator,noun,A1,kalkulyator hisoblagich,калькулятор,A small electronic device used for solving mathematical problems.,ˈkæl.kjə.leɪ.tə(ɹ),9282,school,Please use a calculator if you cannot do the math in your head.,"Agar miyangizda hisoblay olmasangiz, kalkulyatordan foydalaning.",,
significantly,adverb,B2,sezilarli darajada,значительно,In a way that is large enough to be noticed or have an effect.,sɪɡˈnɪfɪkəntli,9284,ielts,The new technology has significantly improved our daily work efficiency.,Yangi texnologiya kundalik ish samaradorligimizni sezilarli darajada oshirdi.,,
attend,verb,B1,qatnashmoq qatnashib bormoq,посещать,"To be present at an event, school, or meeting.",əˈtɛnd,9286,school,I try to attend every class to keep up with my studies.,O'qishimdan qolib ketmaslik uchun har bir darsda qatnashishga harakat qilaman.,,
shower,noun,A1,dush,душ,An area where you stand under falling water to wash your whole body.,ˈʃaʊ.ə(ɹ),9288,home,I am going to have a hot shower before I go to bed.,Uxlashdan oldin issiq dush qabul qilmoqchiman.,shower-bath,
tonight,adverb,A1,bugun kechqurun bugun tunda,сегодня вечером,During the evening or the night of the current day.,təˈnaɪt,9290,time,I have so much homework to finish before I sleep tonight.,Bugun kechqurun uxlamasdan oldin bajarishim kerak bo'lgan juda ko'p uy ishim bor.,,
dear,adjective,A2,aziz qadrli,дорогой,Loved very much; someone who is important to you.,dɪə,9292,people-family,She wrote a letter to her dear friend who lives far away.,U uzoqda yashovchi qadrli do'stiga xat yozdi.,beloved precious,
shell,noun,B1,qobiq chanoq,оболочка,A hard outer layer that protects an animal like a crab or snail.,ʃɛl,9294,nature,I found a beautiful white shell while walking on the beach.,"Sohil bo'ylab yurar ekanman, chiroyli oq qobiq topib oldim.",,
province,noun,B2,viloyat provinsiya,провинция,One of the main areas that a country is divided into for administration.,ˈpɹɒv.ɪns,9296,ielts,The government plans to build new schools in every single province.,Hukumat har bir viloyatda yangi maktablar qurishni rejalashtirmoqda.,region district,
catholic,adjective,C2,har tomonlama umumjahon,всеохватывающий,Including a wide variety of things; universal or all-encompassing.,ˈkæ.θ(ə.)lɪk,9298,ielts,"She has very catholic tastes in music, enjoying everything from jazz to opera.","Uning musiqaga bo'lgan didi juda keng qamrovli, jazzdan tortib operagacha barchasini yoqtiradi.",universal diverse,narrow
oak,noun,B1,eman eman daraxti,дуб,A large tree that produces acorns and has very hard wood.,əʊk,9300,nature,The old table was made from solid oak and looked very beautiful.,Eski stol qattiq emandan yasalgan va juda chiroyli ko'rinardi.,,
governor,noun,B2,hokim gubernator,губернатор,The person officially in charge of a region or a large organization.,ˈɡʌv(ə)nə(ɹ),9304,ielts,The governor visited the new school to see the facilities for students.,Gubernator talabalar uchun yaratilgan sharoitlarni ko'rish maqsadida yangi maktabga tashrif buyurdi.,leader chief,
beer,noun,A2,pivo,пиво,"An alcoholic drink made from grain, usually served cold in a glass.",ˈbɪə,9306,food-drink,Many people enjoy drinking a cold beer after a long day working.,Ko'p odamlar uzoq ish kunidan keyin sovuq pivo ichishni xush ko'rishadi.,ale lager,
contribution,noun,B2,hissa ulush,вклад,Something that you give or do to help something be successful.,ˌkɒntɹɪˈbjuːʃən,9308,ielts,Her contribution to the team project was very important for our success.,Uning jamoaviy loyihaga qo'shgan hissasi bizning muvaffaqiyatimiz uchun juda muhim edi.,donation input,
measurement,noun,B1,o'lchov o'lchash,измерение,"The size, amount, or degree of something that has been measured.",ˈmɛʒ.ə.mənt,9310,describing,Please take a measurement of the room before you buy the furniture.,Mebel sotib olishdan oldin xonani o'lchab oling.,dimension size,
swimming,noun,A1,suzish suzish sporti,плавание,The sport or activity of moving through water by using your arms and legs.,ˈswɪmɪŋ,9312,actions,I go to the local pool for swimming every Saturday morning.,Men har shanba kuni ertalab suzish uchun mahalliy basseyniga boraman.,,
spyware,noun,B2,josus dastur,шпионское ПО,Computer software that collects information about you without your knowledge or permission.,ˈspaɪˌwɛər,9314,work,You should install antivirus software to protect your computer from spyware.,Kompyuteringizni josus dasturlardan himoya qilish uchun antivirus dasturini o'rnatishingiz kerak.,,
constitution,noun,B2,konstitutsiya qomus,конституция,The set of political principles and laws by which a country is governed.,ˌkɒn.stɪˈtjuː.ʃ(ə)n,9316,ielts,The citizens have rights protected by the national constitution of the country.,Fuqarolar mamlakatning milliy konstitutsiyasi tomonidan himoyalangan huquqlarga ega.,law charter,
consultation,noun,B1,maslahatlashuv konsultatsiya,консультация,A meeting with a professional person to get advice or discuss a problem.,ˌkɒnsəlˈteɪʃən,9318,work,You need to book a consultation with the doctor about your health.,Siz sog'lig'ingiz bo'yicha shifokor bilan maslahatlashuvga yozilishingiz kerak.,advice meeting,
northwest,noun,A2,shimoli-g'arb,северо-запад,The direction that is between north and west on a map or compass.,nɔɹθˈwɛst,9320,travel,The city is located in the northwest part of the country.,Shahar mamlakatning shimoli-g'arbiy qismida joylashgan.,,southeast
sir,noun,A1,janob,господин,"A polite and respectful way to address a man, especially when you do not know him.",sɜː,9322,people-family,"Excuse me, sir, do you know the way to the art museum?",Kechirasiz janob san'at muzeyiga qanday borishni bilasizmi?,,
finder,noun,B1,topuvchi izlovchi,"тот, кто находит",A person or thing that discovers or finds something that was hidden or lost.,ˈfaɪndə,9324,actions,The finder of the lost wallet was rewarded for their honesty today.,Yo'qolgan hamyonni topuvchi bugun halolligi uchun mukofotlandi.,discoverer,
unable,adjective,A2,qodir emas ilojsiz,неспособный,"Not having the skill, power, or opportunity to do something specific.",ʌnˈeɪbl̩,9326,describing,Are you unable to mind your own business or do something useful?,Siz o'z ishingiz bilan shug'ullanishga qodir emasmisiz yoki foydali ish qila olasizmi?,incapable,able
wallpaper,noun,B1,oboy devor qog'ozi,обои,Strong paper with patterns used for covering and decorating the walls of a room.,ˈwɔːlˌpeɪpə,9330,home,He is letting her select the new wallpapers for the whole house.,U butun uy uchun yangi oboylarni tanlashni unga topshirdi.,paper,
merchandise,noun,B2,tovar mahsulot,товар,Goods that are produced and sold in shops for profit.,ˈmɜː.t͡ʃənˌdaɪs,9332,work,Good business depends on having high quality merchandise in your store.,Yaxshi biznes do'koningizdagi yuqori sifatli tovarlarga bog'liq.,goods product,
const,noun,C2,o'zgarmas kattalik,константа,A value in computer programming that cannot be changed after it is defined.,kɒnst,9334,ielts,We define a const variable to keep the application settings secure.,Dastur sozlamalarini xavfsiz saqlash uchun o'zgarmas o'zgaruvchini belgilaymiz.,constant,
resistance,noun,B2,qarshilik,сопротивление,The act of fighting against something or refusing to accept it.,ɹɪˈzɪstəns,9336,ielts,There is widespread resistance to the new urban development plans locally.,Yangi shaharsozlik rejalariga mahalliy aholi orasida keng qarshilik mavjud.,opposition,compliance
biggest,adjective,A1,eng katta,самый большой,"The superlative form of big, meaning the most large in size or amount.",ˈbɪɡ.ɪst,9338,describing,The whale is the biggest animal that lives in the blue ocean.,Kit okeanda yashaydigan eng katta hayvondir.,largest,smallest
memorial,noun,B2,yodgorlik xotira belgisi,мемориал памятник,An object or building that helps people remember a person or important event.,məˈmɔːɹi.əl,9340,places,We visited the war memorial to pay our respects to the soldiers.,Biz askarlarga hurmat bajo keltirish uchun urush yodgorligiga bordik.,monument,
visitor,noun,A2,mehmon tashrif buyuruvchi,посетитель,A person who goes to see a person or a place for a short time.,ˈvɪzɪtə,9342,people-family,The museum had a large number of visitors during the summer holidays.,Yozgi ta'til paytida muzeyga ko'plab tashrif buyuruvchilar keldi.,guest,host
twin,noun,B1,egizak,близнец,One of two children born to the same mother at the same time.,twɪn,9344,people-family,My brother is a twin and we look exactly like each other.,Akam egizak va biz bir-birimizga juda o'xshaymiz.,,
gateway,noun,B2,darvoza kirish joyi,ворота вход,"An opening with a gate, or a place that leads to another place.",ˈɡeɪtˌweɪ,9346,places,This city is known as the gateway to the beautiful mountain region.,Bu shahar go'zal tog'li hududga kirish darvozasi sifatida tanilgan.,entrance access,
alumni,noun,C1,bitiruvchilar,выпускники,"People who have graduated from a specific school, college, or university.",əˈlʌmnaɪ,9348,school,The alumni of this university include many famous artists and politicians.,Bu universitetning bitiruvchilari orasida ko'plab mashhur san'atkor va siyosatchilar bor.,graduates,
charlotte,noun,C1,sharlotka,шарлотка,A sweet dessert made from sponge cake filled with fruit and cream.,ˈʃɑːlət,9350,food-drink,She served a delicious strawberry charlotte for the dessert after dinner.,U kechki ovqatdan keyingi shirinlik uchun mazali qulupnayli sharlotka tortdi.,,
biological,adjective,B2,biologik qon-qarindosh,биологический,Related to natural physical connection by blood between parents and their children.,ˌbaɪ.ə(ʊ)ˈlɒd͡ʒ.ɪ.kəl,9352,people-family,"He is my biological father, even though I grew up elsewhere.","Garchi men boshqa joyda o'sgan bo'lsam ham, u mening biologik otam.",genetic,adoptive
preferences,noun,B2,sozlamalar afzalliklar,настройки,The specific settings or choices that a user selects in a computer program.,ˈpref.ər.əns.ɪz,9354,school,You can change your privacy preferences in the settings menu very easily.,Siz maxfiylik sozlamalarini sozlamalar menyusida juda oson o'zgartirishingiz mumkin.,profile settings,
spy,noun,B2,shpion josus,шпион,A person who secretly collects information about other people or organizations.,spaɪ,9356,ielts,"During the war, the spy sent secret information back to his country.",Urush davrida josus o'z mamlakatiga maxfiy ma'lumotlarni yubordi.,agent informant,
romance,noun,B1,romantika ishqiy munosabat,роман,A strong romantic love and relationship between two people.,rə(ʊ)ˈman(t)s,9358,feelings,They had a beautiful romance that lasted for over ten years.,Ularning o'n yildan ortiq davom etgan go'zal ishqiy munosabati bor edi.,love affair,
instrument,noun,B1,musiqa asbobi uskun,инструмент,An object used to produce music or perform a specific professional task.,ˈɪnstɹəmənt,9360,school,She learned how to play a musical instrument at a young age.,U yoshligidan musiqa asbobida chalishni o'rgandi.,tool device,
bruce,noun,C2,erkak yigit,мужчина,An informal term used in Australia to refer to a man.,bɹuːs,9362,people-family,Every Bruce in the room stood up when the coach called out.,Murabbiy chaqirganda xonadagi har bir yigit o'rnidan turdi.,man fellow,
split,verb,B1,ajratmoq bo'lishmoq,разделить,To divide something into two or more parts.,splɪt,9364,actions,We decided to split the bill between the four of us.,Biz hisobni to'rt kishi bo'lib bo'lishishga qaror qildik.,divide separate,join
heaven,noun,B1,jannat osmon,рай,The place where God lives and good people go after they die.,ˈhɛvən,9366,feelings,They believe that good people go to heaven after they die.,Ular yaxshi odamlar o'lganidan keyin jannatga tushadi deb ishonishadi.,paradise,hell
pregnant,adjective,A2,homilador,беременная,Having a baby growing inside one's body.,ˈpɹɛɡnənt,9368,body-health,She has been pregnant for six months now.,U hozir olti oylik homilador.,,
twice,adverb,A1,ikki marta ikki karra,дважды,Two times.,twaɪs,9370,time,You should brush your teeth twice a day.,Tishlaringizni kuniga ikki marta yuvishingiz kerak.,,
classification,noun,B2,tasniflash sinflarga ajratish,классификация,The act of putting things into groups based on their features.,ˌklæsɪfɪˈkeɪʃən,9372,ielts,The biological classification of plants helps scientists study them more easily.,O'simliklarning biologik tasnifi olimlarga ularni osonroq o'rganishga yordam beradi.,categorization sorting,
bargain,verb,B2,savdolashmoq kelishmoq,торговаться,To negotiate the price of something before buying it.,-ɡɪn,9374,actions,I had to bargain for a lower price at the local market.,Mahalliy bozorda arzonroq narx uchun savdolashishimga to'g'ri keldi.,negotiate,
cellular,adjective,B2,hujayrali uyali,клеточный,Relating to the basic units of living things or mobile phone networks.,ˈsɛljʊlər,9376,ielts,Biologists are studying the cellular structure of this rare plant species.,Biologlar ushbu noyob o'simlik turining hujayrali tuzilishini o'rganmoqdalar.,,
normally,adverb,B1,odatda odatdagidek,обычно,In the way that usually happens or is expected to happen.,ˈnɔː.mə.li,9378,describing,"Normally, I get up early for work, but today I am tired.","Odatda ishga erta turaman, lekin bugun charchaganman.",usually generally,abnormally
spiritual,adjective,B2,ma'naviy ruhiy,духовный,Relating to the human spirit or soul rather than physical things.,ˈspɪɹɪtʃʊəl,9380,ielts,She enjoys reading books about spiritual growth and inner peace.,U ma'naviy o'sish va ichki xotirjamlik haqidagi kitoblarni o'qishni yaxshi ko'radi.,religious,material
hunting,noun,B2,ovchilik izlash,охота,The activity of chasing and killing wild animals for food or sport.,ˈhʌntɪŋ,9382,animals,The tribe relied on hunting to provide enough food for winter.,Qabila qish uchun yetarli oziq-ovqat bilan ta'minlashda ovchilikka tayangan.,pursuit,
chip,noun,B1,qirindi parchacha,скол,A small piece broken off from a larger solid object.,t͡ʃɪp,9384,home,Be careful with that glass plate because it has a small chip.,"Bu shisha laganga ehtiyot bo'ling, chunki uning cheti ozgina singan.",fragment flake,
photographs,noun,A1,rasmlar suratlar,фотографии,Pictures produced by a camera that show how people or things look.,ˈfoʊ.təˌɡɹæfs,9386,basics,She keeps many old family photographs in a large leather album.,U ko'plab eski oilaviy suratlarni katta charm albomda saqlaydi.,photos pictures,
cutting,noun,B1,kesish bo'lak,резка,A small piece or part that has been removed from a larger thing.,ˈkʌtɪŋ,9388,actions,She took a cutting from the plant to grow a new one.,U yangisini o'stirish uchun o'simlikdan bir bo'lak kesib oldi.,piece slice,
wow,interjection,A1,voy voy-bo,ух ты,A word used to show that you are very surprised or pleased.,waʊ,9390,feelings,"Wow, I cannot believe how beautiful the view is from here!","Voy, bu yerdagi manzarani bunchalik chiroyli ekanligiga ishonolmayman!",,
mapping,noun,B2,xaritalash xarita tuzish,картографирование,The act of making a map or identifying the position of something.,ˈmæpɪŋ,9392,ielts,The team spent all summer mapping the remote areas of the forest.,Jamoa butun yozni o'rmonning olis hududlarini xaritalash bilan o'tkazdi.,,
numerous,adjective,B2,ko'plab sanog'i yo'q,многочисленный,Existing in large numbers.,ˈnuməɹəs,9394,ielts,There are numerous reasons why we should change our current plan.,Hozirgi rejamizni o'zgartirishimiz kerakligining ko'plab sabablari bor.,many,few
relatively,adverb,B2,nisbatan solishtirganda,относительно,"To a certain degree, especially when compared with other things.",ˈɹɛl.ə.tɪv.li,9396,ielts,The test was relatively easy compared to the one we took before.,Sinov oldingisiga nisbatan ancha oson edi.,comparatively,
satisfaction,noun,B2,qoniqish mamnuniyat,удовлетворение,A pleasant feeling when you get what you need or want.,sætɪsˈfækʃən,9398,feelings,He gets great satisfaction from helping people in his local community.,U o'z jamoasidagi odamlarga yordam berishdan katta mamnuniyat oladi.,contentment,dissatisfaction
char,verb,B2,ko'mirga aylantirmoq kuydirmoq,обугливать,To burn something until it becomes black like charcoal.,t͡ʃɑː,9400,actions,The intense heat of the campfire will char the wooden logs quickly.,Gulxanning kuchli issig'i yog'och o'tinlarni tezda kuydirib ko'mirga aylantiradi.,scorch burn,
superior,adjective,B2,ustun yaxshiroq,превосходящий,"Better in quality, rank, or status than someone or something else.",suːˈpɪə.ɹi.ə,9402,ielts,This brand offers superior quality compared to all the other local products.,Bu brend barcha boshqa mahalliy mahsulotlarga qaraganda ustunroq sifatni taklif etadi.,better higher,inferior
preferred,adjective,B1,afzal ko'rilgan tanlangan,предпочитаемый,Liked or chosen more than other options.,pɹɪˈfɜːd,9404,describing,My preferred method of learning a new language is through daily conversation.,Yangi tilni o'rganishda mening afzal ko'radigan usulim kundalik suhbatdir.,favoured chosen,
cartoon,noun,A2,multfilm hajviy rasm,мультфильм,"A funny drawing, often in a newspaper, or a short animated film.",kɑːˈtuːn,9406,basics,The children laughed as they watched their favourite cartoon on television.,Bolalar televizorda o'zlarining sevimli multfilmini tomosha qilib kulishdi.,animation comic,
intellectual,adjective,C1,aqliy intellektual,интеллектуальный,"Relating to the ability to think, reason, and understand complex ideas.",ˌɪntəˈlɛkt͡ʃʊəl,9408,ielts,She enjoys reading books that provide a deep intellectual challenge to her.,U o'ziga chuqur aqliy qiyinchilik tug'diradigan kitoblarni o'qishdan zavqlanadi.,mental academic,
magnetic,adjective,B2,magnitli o'ziga tortadigan,магнитный,Having the power to attract or having the properties of a magnet.,mæɡˈnɛtɪk,9410,nature,The compass needle points north due to the Earth's magnetic field.,Kompas mili Yerning magnit maydoni tufayli shimolni ko'rsatadi.,attractive pulling,
interaction,noun,B2,o'zaro munosabat hamkorlik,взаимодействие,The process of communicating or working together with other people or things.,ˌɪn.təˈɹæk.ʃən,9412,ielts,I enjoyed the interaction with a bunch of like-minded people.,Men fikridosh insonlar bilan bo'lgan muloqotdan zavqlandim.,exchange communication,
effectively,adverb,B2,samarali ravishda,эффективно,In a way that produces the result that you want or intend.,ɪˈfɛktɪvli,9414,ielts,The new manager deals with difficult problems very effectively.,Yangi menejer qiyin muammolarni juda samarali hal qiladi.,efficiently successfully,ineffectively
registry,noun,C1,ro'yxatga olish idorasi reestr,регистратура,A place where official records and information are kept.,ˈɹɛd͡ʒɪstɹi,9416,places,We went to the local registry to obtain our marriage certificate.,Biz nikoh guvohnomasini olish uchun mahalliy ro'yxatga olish idorasiga bordik.,record database,
massive,adjective,B1,ulkan ulkan,массивный,"Very large in size, amount, or intensity.",ˈmæs.ɪv,9418,describing,The company made a massive investment in new technology last year.,Kompaniya o'tgan yili yangi texnologiyalarga ulkan sarmoya kiritdi.,huge gigantic,tiny
bright,adjective,A1,yorqin nurli,яркий,Full of light or shining strongly.,ˈbɹaɪ̯t,9422,describing,The sky was remarkably bright and blue on that beautiful day.,O'sha go'zal kunda osmon juda yorqin va moviy edi.,luminous radiant,dull
treat,verb,B1,muomala qilmoq davolamoq,относиться,To behave towards someone or something in a particular way.,tɹiːt,9424,actions,You should always treat others with kindness and respect.,Siz har doim boshqalarga mehribonlik va hurmat bilan muomala qilishingiz kerak.,handle deal,
header,noun,B2,sarlavha ustki qism,заголовок,Text or information printed at the top of a page.,ˈhɛdɚ,9426,work,Please include your name and date in the document header.,"Iltimos, hujjat sarlavhasiga ismingiz va sanani qo'shing.",heading headline,
piano,noun,A2,pianino fortepiano,пианино,A musical instrument with black and white keys that you press to make sounds.,ˈpjænəʊ,9428,basics,She has been taking lessons and now plays the piano very well.,U uzoq vaqt dars olgan va hozir pianinoda juda yaxshi chaladi.,pianoforte,
echo,noun,B2,aks sado,эхо,A sound that is heard again when it bounces off a surface like a wall.,ˈɛkəʊ,9430,nature,We heard the echo of our voices inside the large empty cave.,Biz katta bo‘sh g‘or ichida ovozimizning aks sadosini eshitdik.,,
grid,noun,B2,to‘r panjara,сетка,A pattern of squares or lines that cross each other to form a map or system.,ɡɹɪd,9432,ielts,The city streets were laid out in a perfect grid across the valley.,Shahar ko‘chalari vodiy bo‘ylab mukammal to‘r shaklida qurilgan edi.,,
experimental,adjective,B2,eksperimental sinov,экспериментальный,"Relating to or based on new ideas, methods, or scientific tests.",ɪkspɛɹəˈmɛntəl,9434,ielts,The team conducted an experimental study to test their new scientific theory.,Jamoa yangi ilmiy nazariyasini tekshirish uchun eksperimental tadqiqot o‘tkazdi.,,
revolution,noun,B2,inqilob,революция,A sudden and great change in a political system or society.,ˌɹɛv.əˈluː.ʃən,9436,ielts,The political revolution completely transformed the government of the entire country.,Siyosiy inqilob butun mamlakat hukumatini tubdan o‘zgartirib yubordi.,,
consolidation,noun,C1,mustahkamlash birlashtirish,консолидация,The process of combining several things into one stronger or more effective whole.,kənˌsɒlɪˈdeɪʃ(ə)n,9438,ielts,The company announced a consolidation of its offices to save money.,Kompaniya pulni tejash uchun o'z ofislarini birlashtirishni e'lon qildi.,solidification combination,
plasma,noun,B2,plazma,плазма,A clear liquid part of blood or a state of superheated gas.,ˈplæzmə,9440,body-health,Medical professionals often use blood plasma to treat serious injuries.,Tibbiyot xodimlari ko'pincha jiddiy jarohatlarni davolashda qon plazmasidan foydalanadilar.,,
earnings,noun,B2,daromad ish haqi,заработок,The total amount of money that a person or business earns.,ˈɜːnɪŋz,9442,work,Her annual earnings increased significantly after she got the promotion.,U lavozimga ko'tarilgandan keyin yillik daromadi sezilarli darajada oshdi.,income profit,
voip,noun,B2,voip internet orqali telefon aloqasi,IP-телефония,A technology that allows people to make telephone calls over the internet.,ˌviː.oʊ.aɪˈpiː,9444,work,Our office uses VoIP technology to talk to clients overseas.,Ofisimiz chet eldagi mijozlar bilan gaplashish uchun VoIP texnologiyasidan foydalanadi.,,
mystery,noun,A2,sir jumboq,тайна,Something strange or unknown that is difficult to explain or understand.,ˈmɪs.t(ə.)ɹi,9446,describing,The disappearance of the old key remains a total mystery.,Eski kalitning yo'qolishi hali ham katta sir bo'lib qolmoqda.,puzzle secret,
landscape,noun,B1,manzara landshaft,ландшафт,"The appearance of an area of land, or a painting showing that land.",ˈlan(d)skeɪp,9448,nature,We enjoyed the beautiful mountain landscape during our long summer trip.,Biz uzoq yozgi sayohatimiz davomida go'zal tog' manzarasidan zavqlandik.,scenery view,
dependent,adjective,B1,qaram bo'lgan tobe,зависимый,Needing somebody or something for support or help.,dɪˈpɛndənt,9450,describing,Small children are completely dependent on their parents for everything.,Kichik bolalar hamma narsada to'liq ota-onalariga qaramdirlar.,reliant,independent
mechanical,adjective,B2,mexanik texnik,механический,Related to machines or the parts of a machine.,məˈkænɪkəl,9452,work,The car stopped because of a minor mechanical problem with the engine.,Mashina dvigateldagi kichik mexanik muammo tufayli to'xtab qoldi.,automated technical,
bidding,noun,C1,buyruq talab,приказание,An order or request for someone to do something.,ˈbɪdɪŋ,9454,actions,I still have lots of paperwork to do at the boss's bidding.,Men hali ham boshliqning buyrug'i bilan ko'plab qog'ozbozliklarni bajarishim kerak.,behest command,
banner,noun,B2,bayroq shior,знамя,A long piece of cloth with a message or picture on it.,ˈbænə,9456,places,The protesters held a large banner high above their heads in protest.,Namoyishchilar norozilik sifatida boshlari uzra katta bayroq ko'tarib turishdi.,flag sign,
applicant,noun,B2,talabgor da'vogar,соискатель,"A person who formally asks for something, such as a job.",ˈæp.lə.kɪnt,9458,work,Our job advertisement attracted seven applicants for the marketing role.,Bizning ish e'lonimiz marketing lavozimi uchun yetti nafar talabgorni jalb qildi.,candidate petitioner,
charter,noun,C1,ustav xartiya,устав,"A formal document describing the rights, aims, or principles of an organization.",ˈt͡ʃɑːtə,9460,ielts,The organization operates according to the principles of its royal charter.,Tashkilot o'z qirollik nizomi tamoyillariga muvofiq faoliyat yuritadi.,constitution contract,
fig,noun,B2,anjir,инжир,"A sweet, soft fruit with many seeds that grows on a tree.",fɪɡ,9462,food-drink,She served a delicious dessert made with fresh honey and dry fig.,U yangi asal va quritilgan anjir qo'shilgan mazali shirinlik tortdi.,fruit,
cooperation,noun,B2,hamkorlik hamjihatlik,сотрудничество,Working together with others to achieve a common goal or finish a task.,kəʊˌɒp.əˈɹeɪ.ʃən,9464,ielts,The success of the project depends on the cooperation of all members.,Loyiha muvaffaqiyati barcha a'zolarning hamkorligiga bog'liq.,collaboration teamwork,opposition
counties,noun,B1,grafliklar okruglar,графства,Large administrative regions or districts within a country or state.,ˈkaʊntiz,9466,places,The survey covered several counties in the southern part of England.,So'rovnoma Angliyaning janubiy qismidagi bir nechta graflikni qamrab oldi.,districts regions,
acquisition,noun,C1,egallash sotib olish,приобретение,The process of getting or buying something to add to what you have.,ˌæk.wɪˈzɪʃ.ən,9468,ielts,The acquisition of new skills is important for your future career growth.,Yangi ko'nikmalarni egallash kelajakdagi karyerangiz uchun muhimdir.,attainment procurement,
directories,noun,B1,ma'lumotnomalar kataloglar,справочники,"Books or lists containing names, addresses, or information organized in a helpful way.",dɪˈrektəriz,9470,work,You can find phone numbers for local businesses in these directories.,Mahalliy korxonalarning telefon raqamlarini ushbu ma'lumotnomalardan topishingiz mumkin.,lists catalogs,
blogger,noun,B1,blogger,блогер,A person who writes regular entries on a website about their thoughts or life.,ˈblɒ.ɡə,9472,people-family,The popular blogger shares travel tips with her thousands of followers.,Mashhur blogger o'zining minglab kuzatuvchilari bilan sayohat sirlarini bo'lishadi.,blogmaster content-creator,
notification,noun,B1,xabarnoma bildirishnoma,уведомление,A message or signal that informs you about something that has happened.,ˌnəʊtɪfɪˈkeɪʃn̩,9474,work,I received a notification on my phone when the message arrived.,Xabar kelganida telefonimga bildirishnoma kelib tushdi.,alert message,
teach,verb,A1,o'qitmoq o'rgatmoq,преподавать,To give knowledge or skills to someone else by instruction.,ˈtiːt͡ʃ,9476,school,My father used to teach mathematics at the local high school.,Otam mahalliy maktabda matematika fanidan dars berardi.,educate instruct,learn
occurred,verb,B2,ro'y berdi yuz berdi,произошло,Happened or took place at a specific time in the past.,əˈkɝd,9478,ielts,The accident occurred shortly after we left the main road.,Baxtsiz hodisa biz asosiy yo'ldan chiqqanimizdan ko'p o'tmay ro'y berdi.,happened transpired,
textbooks,noun,A2,darsliklar,учебники,Books that contain detailed information about a subject used for studying in school.,ˈtɛkst.bʊks,9480,school,The students opened their heavy textbooks to start the new lesson.,O‘quvchilar yangi darsni boshlash uchun og‘ir darsliklarini ochdilar.,books manuals,
rapid,adjective,B2,tezkor shiddatli,быстрый скорый,Happening or moving very quickly in a short amount of time.,ˈɹæpɪd,9482,describing,The country is experiencing rapid economic growth over the last decade.,Mamlakat so‘nggi o‘n yillikda tezkor iqtisodiy o‘sishni boshdan kechirmoqda.,quick fast,slow
hairy,adjective,B1,tulkli junli,волосатый мохнатый,Covered with a lot of hair or fur.,ˈhɛə.ɹi,9484,body-health,The gorilla is a very large and hairy animal from the jungle.,Gorilla – o‘rmondan kelgan juda katta va junli hayvon.,furry hirsute,
diversity,noun,B2,xilma-xillik turfalik,разнообразие,The state of having many different types of people or things together.,daɪˈvɜː(ɹ)sɪti,9486,ielts,Our workplace values the diversity of ideas brought by different employees.,Bizning ish joyimiz turli xodimlar tomonidan olib kelingan g‘oyalar xilma-xilligini qadrlaydi.,variety heterogeneity,
specify,verb,B2,aniq belgilamoq ko‘rsatib o‘tmoq,указывать уточнять,To state clearly or describe something in an exact way.,ˈspɛs.ɪ.faɪ,9488,ielts,Please specify which color you would like for your new car.,"Iltimos, yangi mashinangiz uchun qaysi rangni xohlashingizni aniq ko‘rsating.",state define,
accessibility,noun,B2,qulaylik imkoniyat,доступность,"The quality of being easy to reach, enter, or use by everyone.",əkˌsɛs.əˈbɪl.ɪ.ti,9490,ielts,The accessibility of the new library building makes it easy for all visitors.,Yangi kutubxona binosining qulayligi barcha tashrif buyuruvchilar uchun kirishni osonlashtiradi.,availability,inaccessibility
sensitive,adjective,B1,ta'sirchan sezgir,чувствительный,Easily upset by the things people say or do to you.,ˈsɛn.sɪt.ɪv,9492,feelings,Max is very sensitive; he cried today because of the bad news.,Maks juda ta'sirchan; u yomon xabar tufayli bugun yig'lab yubordi.,delicate emotional,insensitive
tab,noun,B1,yozuv varag'i ilova,таб,A small part of a web page you click to see a different section.,tæb,9494,work,You can open a new tab in your browser to search for information.,Ma'lumot qidirish uchun brauzeringizda yangi oynani ochishingiz mumkin.,label tag,
depends,verb,A2,bog'liq,зависит,Used to say that you cannot decide something until other things are known.,dɪˈpɛndz,9496,basics,It depends on the weather whether we will go to the park.,Bog'ga borishimiz ob-havoga bog'liq.,relies hinges,
router,noun,B1,router tarmoq qurilmasi,маршрутизатор,A device that sends data between different networks like connecting computers to the internet.,ˈɹuː.tə(ɹ),9498,home,I need to restart the router to fix my slow internet connection.,Sekin internetni tuzatish uchun routerni qayta ishga tushirishim kerak.,gateway,
concrete,adjective,B2,aniq konkret,конкретный,"Based on real facts or things, not just ideas or feelings.",ˈkɒnkɹiːt,9500,ielts,She made a concrete proposal to help solve the company's financial problems.,U kompaniyaning moliyaviy muammolarini hal qilishga yordam beradigan aniq taklif kiritdi.,real specific,abstract
folder,noun,A2,papka jild,папка,A container for keeping papers or computer files organized together in one place.,ˈfoʊɫdɚ,9502,work,I keep all my schoolwork in a yellow folder.,Men barcha maktab ishlarimni sariq papkada saqlayman.,directory,
completion,noun,B2,yakunlash tamomlash,завершение,The act of finishing something or reaching the end of a project.,kəmˈpliːʃən,9506,ielts,The new city bridge is nearing completion after two years of work.,Yangi shahar ko'prigi ikki yillik ishdan so'ng yakunlanish arafasida.,conclusion end,beginning
upload,verb,B1,yuklamoq jo'natmoq,загружать,To send data from your computer to the internet or a network server.,əpˈləʊd,9508,work,You will have to convert your photo if you wish to upload it.,"Agar rasmingizni yuklamoqchi bo'lsangiz, uni formatini o'zgartirishingiz kerak bo'ladi.",,download
pulse,noun,B2,puls tomir urishi,пульс,The regular beating of blood through your body that you can feel on your wrist.,pʌls,9510,body-health,The doctor checked my pulse to see if I was healthy.,Shifokor sog'lom ekanligimni bilish uchun pulsimni tekshirdi.,heart rate,
universities,noun,A2,universitetlar,университеты,Educational institutions where students study for advanced degrees after finishing high school.,junɪˈvɝsətiz,9512,school,Many students apply to several different universities before they choose the right one.,Ko'pgina talabalar to'g'risini tanlashdan oldin bir nechta turli universitetlarga hujjat topshirishadi.,colleges,
technique,noun,B2,texnika usul,техника,A specific way of doing an activity that needs special skill or knowledge.,tɛkˈniːk,9514,ielts,She learned a new technique to improve her painting skills last month.,U o'tgan oy rasm chizish mahoratini oshirish uchun yangi usulni o'rgandi.,method approach,
calculate,verb,B1,hisoblamoq hisoblab chiqmoq,вычислять,To discover a number or answer by using mathematics.,ˈkælkjʊleɪt,9516,school,Can you calculate the total cost of all these items for me?,Men uchun barcha ushbu narsalarning umumiy narxini hisoblab bera olasizmi?,compute,
broadcast,noun,B2,ko'rsatuv eshittirish,передача,A radio or television program sent out to the public over the air.,ˈbɹɔːdkɑːst,9518,ielts,The live broadcast of the event will start at seven o'clock tonight.,Tadbirning jonli efiri bugun kechki soat yettida boshlanadi.,transmission show,
metro,noun,A2,metro,метро,An underground railway system in a city used for public transport.,ˈmɛtɹəʊ,9520,travel,He is going to the stadium by metro this afternoon.,U tushdan keyin stadionga metro bilan boryapti.,subway underground,
anniversary,noun,B1,yillik nishonlash yubiley,годовщина,A day that celebrates something important that happened on the same date in previous years.,ˌæn.ɪˈvɜː.s(ə.)ɹi,9522,time,Today is the fiftieth anniversary of the end of the war.,Bugun urush tugaganining ellik yillik yubileyi.,,
strip,noun,B2,tasma bo'lak,полоска,"A long, narrow piece of material such as paper, cloth, or land.",stɹɪp,9524,describing,Squeeze a thin strip of glue along the edge of the paper.,Qog'ozning cheti bo'ylab ingichka elim tasmasini surting.,band piece,
specification,noun,C1,spetsifikatsiya talab,спецификация,An exact set of instructions or requirements for how something should be made or done.,ˌspesɪfɪˈkeɪʃn,9526,ielts,Each computer is built according to the customer's exact specification.,Har bir kompyuter mijozning aniq talablariga muvofiq yig'iladi.,requirement detail,
pearl,noun,B2,marvarid gavhar,жемчужина,"A hard round white object from an oyster, often used in expensive jewelry.",pɜːl,9528,clothes,She wore a beautiful necklace made of small white sea pearls.,U mayda oq dengiz marvaridlaridan yasalgan chiroyli marjon taqib yurar edi.,gem jewel,
nick,verb,C1,tishlamoq tirnamoq,надрезать,To make a small cut or notch in the surface of something.,nɪk,9530,actions,I managed to nick my finger while slicing the fresh bread.,Yangi nonni kesayotib barmog'imni biroz tirnab oldim.,cut scratch,
accessory,noun,B1,aksessuar qo'shimcha,аксессуар,An item that is added to something to make it more useful or attractive.,əkˈsɛs.(ə.)ɹi,9532,clothes,Belts and scarves are popular fashion accessories for many stylish people.,Kamarlar va sharflar ko'plab zamonaviy insonlar uchun ommabop moda aksessuarlaridir.,addition attachment,
resident,noun,B2,yashovchi aholi,резидент,A person who lives in a particular place or city.,ˈɹɛzɪd(ə)nt,9534,people-family,Every resident in this town was invited to the community meeting.,Shu shahardagi har bir yashovchi jamoat yig'ilishiga taklif etildi.,inhabitant dweller,visitor
plot,noun,B2,syujet yer maydoni,сюжет,The series of events that form the main story of a book or film.,plɒt,9536,ielts,"The movie was very exciting, but the plot was quite hard to follow.","Film juda qiziqarli edi, ammo syujetini tushunish biroz qiyin bo'ldi.",storyline,
possibly,adverb,B1,ehtimol balki,возможно,"Used to say that something might happen or be true, but is not certain.",ˈpɒsɪbli,9538,describing,It is possibly the best meal I have ever had in my life.,Bu hayotimda yegan ehtimol eng mazali taomimdir.,perhaps maybe,
airline,noun,A2,avia-kompaniya,авиакомпания,A company that owns and operates airplanes to carry people and goods.,ˈeəlaɪn,9540,travel,Most international airlines now offer free movies during long flights.,Aksariyat xalqaro aviakompaniyalar endi uzoq parvozlar davomida bepul filmlarni taqdim etadi.,air carrier,
typically,adverb,B1,odatda ko'pincha,обычно,In a way that is usual or expected for a person or thing.,ˈtɪp.ɪ.kl.i,9542,describing,The weather in this region is typically dry during the summer months.,Bu mintaqada yoz oylarida havo odatda quruq bo'ladi.,usually normally,
representation,noun,B2,ifoda tasvir,представление,A person or thing that acts as a sign or symbol for something else.,ˌɹɛp.ɹə.zɛnˈteɪ.ʃən,9544,ielts,The painting is a powerful representation of the struggles of rural life.,Ushbu rasm qishloq hayotining mashaqqatlari ifodasidir.,portrayal depiction,
regard,verb,B2,hisoblash qarash,считать,To think about someone or something in a particular way.,ɹɪˈɡɑːd,9546,ielts,Local people regard the new building as a major architectural achievement.,Mahalliy aholi yangi binoni muhim me'moriy yutuq deb hisoblaydi.,consider deem,
pump,noun,B1,nasos nasoslamoq,насос,A machine that moves liquids or gases from one place to another.,pʌmp,9548,actions,He used a hand pump to fill the bicycle tires with air.,U velosiped shinalarini havo bilan to'ldirish uchun qo'l nasosidan foydalandi.,device machine,
arrangements,noun,B1,kelishuvlar rejalar,договорённости,Plans or preparations that you make for a future event.,əˈɹeɪnd͡ʒmənts,9550,work,We are busy making travel arrangements for our upcoming summer holiday.,Biz yaqinlashib kelayotgan yozgi ta'til uchun sayohat rejalarini tuzish bilan bandmiz.,plans preparations,
smooth,adjective,B1,silliq tekis,гладкий,Having a surface that is flat and has no rough parts or bumps.,smuːð,9552,describing,The surface of the table was very smooth and felt nice to touch.,Stolning sirti juda silliq edi va qo'lga yoqimli tuyulardi.,flat level,rough
strike,verb,B2,o'chirib tashlash urmoq,вычеркивать,To draw a line through written words to show they are wrong or removed.,stɹaɪk,9554,actions,The teacher told us to strike the last sentence from our essays.,O'qituvchi bizga insholarimizdan oxirgi gapni o'chirib tashlashni aytdi.,delete cancel,
narrow,adjective,A2,tor eni kichik,узкий,Having a small distance from one side to the other side.,ˈnæɹəʊ,9556,describing,They walked down the narrow street to reach the old city center.,Ular eski shahar markaziga yetib borish uchun tor ko'cha bo'ylab yurishdi.,thin slender,wide
sitting,noun,B1,o'tirish seansi,присест,A period of time when a person or group remains seated to do something.,ˈsɪtɪŋ,9558,actions,We finished the entire project in one sitting at the library.,Biz butun loyihani kutubxonada bir o'tirishda tugatdik.,session,
putting,verb,A1,qo'yish joylashtirish,кладущий,Moving an object into a particular place or position.,ˈpʊtɪŋ,9560,actions,She is putting the books back on the shelf after reading.,U o'qib bo'lgach kitoblarni javonga qaytarib qo'ymoqda.,placing setting,
consultant,noun,B2,maslahatchi konsultat,консультант,An expert who gives professional advice to people or companies.,kənˈsʌl.tənt,9562,work,The company hired a business consultant to improve their marketing strategy.,Kompaniya marketing strategiyasini yaxshilash uchun biznes maslahatchini yolladi.,advisor expert,
controller,noun,B2,nazoratchi boshqaruvchi,контроллер,A person or device that manages or regulates a system or machine.,kənˈtɹəʊlə,9564,work,The air traffic controller guided the plane safely to the runway.,Havo harakati nazoratchisi samolyotni uchish-qo'nish yo'lagiga bexatar yo'naltirdi.,manager regulator,
ownership,noun,B2,egalik mulkchilik,собственность,The legal right to own or possess something.,ˈoʊnɚʃɪp,9566,ielts,She decided to claim ownership of the house after her parents passed.,U ota-onasi vafotidan keyin uyga egalik qilish huquqini talab qilishga qaror qildi.,possession,
legislative,adjective,C1,qonunchilikka oid,законодательный,Relating to the power or work of making laws.,ˈlɛd͡ʒ.ɪ.slə.tɪv,9568,ielts,The government proposed a new legislative act to protect the environment.,Hukumat atrof-muhitni himoya qilish uchun yangi qonunchilik hujjatini taklif qildi.,lawmaking,
researchers,noun,B2,tadqiqotchilar izlanuvchilar,исследователи,People who study a subject in detail to discover new information.,ɹɪˈsɜːtʃəz,9570,ielts,The researchers published their findings in a prestigious scientific journal today.,Tadqiqotchilar o'z topilmalarini bugun nufuzli ilmiy jurnalda nashr etdilar.,scientists investigators,
trailer,noun,B1,tirkama pritsep,прицеп,A vehicle without an engine that is pulled by a car or truck to carry goods.,ˈtɹeɪlə(ɹ),9572,travel,"At the end of the day, we put the snowmobiles back on the trailer.",Kun oxirida biz qor mototsikllarini yana tirkamaga yukladik.,,
unsubscribe,verb,B2,obunani bekor qilish,отписаться,To stop receiving emails or updates from a service or mailing list.,ˌʌnsəbˈskɹaɪb,9574,work,How do I unsubscribe from your weekly email newsletter?,Sizning haftalik elektron xabarnomangizdan qanday obunani bekor qilsam bo'ladi?,,subscribe
antique,adjective,B2,qadimiy antikvar,антикварный,Belonging to a very old time and usually valuable because of its age.,ˌanˈtiːk,9576,describing,They sell beautiful antique furniture in that small shop downtown.,Ular shahar markazidagi kichik do'konda go'zal qadimiy mebellarni sotishadi.,ancient old,modern
molecular,adjective,C1,molekulyar,молекулярный,Relating to the smallest units of a chemical substance.,məˈlɛk.jʊ.lə,9580,ielts,Scientists are studying the molecular structure of this new virus.,Olimlar ushbu yangi virusning molekulyar tuzilishini o'rganmoqdalar.,,
residence,noun,B2,turar joy istiqomatgoh,местожительство,The place where a person lives or stays.,ˈɹɛz.ɪ.dəns,9582,home,The prime minister arrived at his official residence late last night.,Bosh vazir o'zining rasmiy qarorgohiga kecha kechasi yetib keldi.,home house,
density,noun,C1,zichlik,плотность,The number of things or people in a specific area or space.,ˈdɛn.sɪ.ti,9584,ielts,The city has a very high population density in the center.,Shaharning markazida aholi zichligi juda yuqori.,thickness,
hundred,noun,A1,yuz,сто,The number that is ten times ten.,ˈhʌn.dɹəd,9586,basics,I have one hundred dollars to spend on my new phone.,Menda yangi telefonimga sarflash uchun yuz dollar bor.,cent,
strange,adjective,A2,g'alati notanish,странный,Different from what is usual or expected; odd or unfamiliar.,stɹeɪnd͡ʒ,9588,describing,I heard a strange noise coming from the kitchen last night.,O'tgan kecha oshxonadan g'alati shovqin eshitdim.,odd unusual,normal
statistical,adjective,B2,statistik,статистический,Relating to information expressed in numbers.,stəˈtɪs.tɪ.kəl,9590,ielts,The report provides statistical evidence to support the new government policy.,Hisobot yangi hukumat siyosatini qo'llab-quvvatlash uchun statistik dalillarni taqdim etadi.,,
grey,adjective,A1,kulrang,серый,"The color between black and white, like the color of ash or smoke.",ɡɹeɪ,9594,describing,The sky turned grey before the heavy rain started to fall down.,Kuchli yomg'ir yog'ishidan oldin osmon kulrang tusga kirdi.,gray,
parallel,adjective,B2,parallel o'zaro teng,параллельный,Two lines that stay the same distance apart and never meet each other.,ˈpæ.ɹəˌlɛl,9596,ielts,The two railway lines run parallel to the main road for miles.,Temir yo'lning ikki qatori asosiy yo'lga parallel ravishda bir necha mil cho'zilgan.,,perpendicular
operate,verb,B1,ishlamoq boshqarmoq,работать,"To work or function in a specific way, or to control a machine.",ˈɒpəɹeɪt,9598,work,The workers were trained to operate the new machines in the factory.,Ishchilar zavoddagi yangi mashinalarni boshqarishga o'rgatilgan edi.,function work,
bold,adjective,B2,dadil jasur,смелый,Someone who is not afraid to do difficult or dangerous things.,ˈbəʊld,9600,feelings,She made a bold decision to quit her job and start painting.,"U ishini tashlab, rasm chizishni boshlash haqida dadil qaror qabul qildi.",brave courageous,conservative
opera,noun,B2,opera,опера,A type of musical play where the words are sung instead of spoken.,ˈɒp.ə.ɹə,9602,ielts,We went to the theater to see a famous Italian opera performance.,Biz mashhur italyan operasi tomoshasini ko'rish uchun teatrga bordik.,,
scan,verb,B1,ko'zdan kechirmoq skanerlamoq,сканировать,To look at something quickly to find specific information or convert to digital.,skæn,9604,work,I need to scan these important documents before sending them by email.,Ushbu muhim hujjatlarni elektron pochta orqali yuborishdan oldin ularni skanerlashim kerak.,scrutinize examine,
reaction,noun,B1,reaksiya munosabat,реакция,"Something you say, feel, or do because of something that has happened.",ɹiˈækʃən,9606,feelings,The announcement of the verdict brought a strong reaction from the crowd.,Hukmning e'lon qilinishi olomondan kuchli reaksiya keltirib chiqardi.,response reply,
blank,adjective,A2,bosh bo'sh,пустой,"Empty with no writing, pictures, or marks on it.",ˈblæŋk,9608,describing,Please write your name at the top of the blank page.,Iltimos ismingizni bo'sh varaqning yuqori qismiga yozing.,empty,full
entitled,adjective,B2,huquqli ega,имеющий право,Having the official right to do or have something.,ɪnˈtaɪtl̩d,9610,ielts,If you are injured at work you are entitled to compensation.,"Agar siz ishda jarohat olsangiz, tovon puli olishga haqlisiz.",eligible authorized,
severe,adjective,B2,qattiq og'ir,суровый,"Very serious, extreme, or unpleasant.",sɪˈvɪə,9612,describing,The country is suffering from a severe shortage of clean water.,Mamlakat toza suvning qattiq tanqisligidan aziyat chekmoqda.,extreme intense,mild
stainless,adjective,B1,zanglamaydigan,нержавеющий,A type of metal that does not rust or change color easily.,ˈsteɪnləs,9614,home,Most of my kitchen knives are made of stainless steel.,Oshxona pichoqlarimning ko'pchiligi zanglamaydigan po'latdan yasalgan.,rustproof,
deluxe,adjective,B2,hashamatli,люкс,Of very high quality and more expensive than standard versions.,dəˈlʌks,9616,travel,They decided to book a deluxe room for their wedding anniversary.,Ular to'y yilligi uchun hashamatli xonani band qilishga qaror qilishdi.,luxurious fancy,
humor,noun,B1,hazil mutoyiba,юмор,The ability to be funny or the quality of being amusing.,hjuː.mə(ɹ),9618,feelings,He has a great sense of humor and makes everyone laugh.,U juda yaxshi hazil tuyg'usiga ega va barchani kuldiradi.,wit comedy,
exception,noun,B1,istisno,исключение,A person or thing that is not included in a general rule.,əkˈsɛpʃən,9620,ielts,"Everyone must follow the rules, and there is no exception.",Hamma qoidalarga amal qilishi kerak va bu yerda hech qanday istisno yo'q.,outlier,generality
successfully,adverb,B1,muvaffaqiyatli ravishda,успешно,Achieving the desired result or finishing something well without failing.,səkˈsɛs.fə.li,9622,actions,They successfully completed their project together after working hard for weeks.,Ular haftalar davomida qattiq ishlab loyihalarini muvaffaqiyatli yakunlashdi.,effectively well,unsuccessfully
primarily,adverb,B2,asosan birinchi navbatda,главным образом,For the most part; mainly or for the most important reason.,ˈpɹaɪ.mə.ɹə.li,9624,ielts,The study was primarily designed to understand the impact of climate change.,Tadqiqot asosan iqlim o'zgarishining ta'sirini tushunish uchun ishlab chiqilgan edi.,mainly mostly,
tight,adjective,A2,tor qattiq,тесный,Held firmly in place or not having enough room to move easily.,taɪt,9626,describing,The passageway was so tight that we could barely walk through it.,"Yo'lak shunchalik tor ediki, biz u yerdan zo'rg'a o'ta oldik.",narrow cramped,loose
capabilities,noun,B2,imkoniyatlar salohiyatlar,возможности,The qualities or abilities that allow a person or thing to do something.,ˌkeɪpəˈbɪlətiz,9628,ielts,The software has advanced capabilities for processing large amounts of complex data.,Dasturiy ta'minot katta hajmdagi murakkab ma'lumotlarni qayta ishlash uchun ilg'or imkoniyatlarga ega.,abilities potential,inability
contrast,noun,B2,farq qarama-qarshilik,контраст,"A clear difference between two or more people, objects, or ideas.",kənˈtɹɑːst,9630,ielts,There is a sharp contrast between the lifestyle of the rich and poor.,Boylar va kambag'allar turmush tarzi o'rtasida keskin farq bor.,difference distinction,similarity
recommendation,noun,B1,tavsiya maslahat,рекомендация,An official suggestion about which person or thing is best for a job.,ˌɹɛkəmɛnˈdeɪʃən,9632,work,I got the job based on the recommendation of my former boss.,Men sobiq xo'jayinimning tavsiyasi bilan ishga kirdim.,suggestion advice,
recruitment,noun,B2,ishga qabul qilish yollash,наем,The process of finding new people to join an organization or company.,rɪˈkruːt.mənt,9634,work,The company started a recruitment drive to find talented young software engineers.,Kompaniya iste'dodli yosh dasturiy ta'minot muhandislarini topish uchun yollash kampaniyasini boshladi.,hiring employment,
sin,noun,B2,gunoh,грех,An act that is against religious or moral rules.,ˈsɪn,9636,feelings,"In many cultures, it is considered a sin to steal from others.",Ko'pgina madaniyatlarda boshqalardan o'g'irlash gunoh hisoblanadi.,offence transgression,virtue
cute,adjective,A2,yoqimli chiroyli,милый,"Pleasing and attractive, often in a small or young way.",kjuːt,9638,describing,Look at that cute puppy playing in the garden with the ball.,Bog'da to'p bilan o'ynayotgan o'sha yoqimli kuchukka qarang.,adorable lovely,ugly
organized,adjective,B1,tartibli uyushgan,организованный,Someone who is able to plan their work and time well and be tidy.,ˈɔɹɡənaɪzd,9640,describing,You are so organized because you keep all your files in folders.,Siz juda tartiblirsiz chunki barcha fayllaringizni papkalarda saqlaysiz.,neat methodical,disorganized
para,noun,B2,xatboshi paragraf,абзац,A short piece of writing that is part of a longer document or text.,ˈpɑːɹə,9642,school,Please write one more para to explain your idea clearly.,Iltimos fikringizni aniq tushuntirish uchun yana bitta xatboshi yozing.,paragraph,
siemens,noun,C2,simens,сименс,A scientific unit used to measure how easily electricity moves through a material.,ˈsiːmənz,9644,ielts,The electrical conductance of the wire is measured in siemens.,Simning elektr o'tkazuvchanligi simenslarda o'lchanadi.,mho,
adoption,noun,B2,asrab olish,усыновление,The legal act of taking a child into your family and becoming their parent.,əˈdɑp.ʃən,9646,people-family,They decided to go through the adoption process to start their family.,Ular oila qurish uchun asrab olish jarayonidan o'tishga qaror qilishdi.,,
meant,verb,A2,anglatgan nazarda tutgan,значил подразумевал,The past tense of mean; to have a specific purpose or intended meaning.,mɛnt,9648,actions,"I am sorry, I meant to send that email to you yesterday.",Kechirasiz men u xatni kecha sizga yubormoqchi edim.,intended signified,
capture,verb,B2,tutib olish egallash,захватывать,"To catch someone or something, or to record an image or feeling perfectly.",ˈkæp.(t)ʃəː,9650,actions,The photographer tried to capture the beauty of the sunset in pictures.,Fotosuratchi quyosh botishining go'zalligini suratlarda muhrlashga urindi.,catch seize,
pounds,noun,A2,funtlar,фунты,The currency of the United Kingdom or a unit of weight measurement.,paʊndz,9652,travel,"The ticket costs fifty pounds, which is quite expensive for us.",Chipta ellik funt turadi bu biz uchun ancha qimmat.,,
buffalo,noun,B1,buyvol,буйвол,"A large wild animal that looks like a cow, often found in nature.",ˈbʌf.əl.əʊ,9654,animals,We saw a large buffalo grazing in the fields during our trip.,Sayohatimiz davomida dalada o'tlab yurgan katta buyvolni ko'rdik.,bison,
desire,verb,B2,xohlash istash,желать,To want something very much.,dɪˈzaɪə,9656,feelings,I desire to speak with you about our future plans today.,Men siz bilan bugun kelajak rejalarimiz haqida gaplashishni istayman.,wish want,
jewellery,noun,A2,taqinchoqlar zargarlik buyumlari,ювелирные изделия,Objects like rings or necklaces that people wear to look beautiful.,ˈd͡ʒuː(ə)lɹi,9658,clothes,The jewellery she wore at the party was very expensive.,U bazmda taqib yurgan taqinchoqlar juda qimmat edi.,bling,
caught,verb,A2,tutib olgan ilib olgan,пойманный,Past tense of catch; to take hold of something that is moving.,kɔːt,9660,actions,He caught the ball just before it hit the ground.,U to'pni yerga tegmasdan oldin tutib oldi.,grabbed seized,
eventually,adverb,B1,oxir-oqibat nihoyat,в конце концов,Something that happens at the end of a long period or process.,ɪˈvɛn.t͡ʃuː.ə.li,9662,time,She practiced every day and eventually learned to play the piano.,U har kuni mashq qildi va oxir-oqibat pianino chalishni o'rgandi.,finally ultimately,
driven,adjective,B2,g'ayratli intiluvchan,целеустремленный,Determined to achieve success and working very hard to do it.,ˈdɹɪvn̩,9664,ielts,She is a highly driven student who always completes her work early.,U har doim ishini erta yakunlaydigan juda intiluvchan talaba.,ambitious motivated,
bottle,noun,A1,shisha idish,бутылка,A container with a narrow neck used to hold liquids.,ˈbɒt.l̩,9666,food-drink,Could you please bring me a bottle of cold water?,Iltimos menga bir shisha sovuq suv olib kela olasizmi?,flask,
innovative,adjective,B2,innovatsion yangilik yaratuvchi,передовой,Using new ideas or methods that have never been used before.,ɪnˈnɒ.və.tɪv,9668,ielts,The company is famous for its innovative approach to modern technology.,Kompaniya zamonaviy texnologiyalarga innovatsion yondashuvi bilan mashhur.,original inventive,traditional
marshall,noun,C1,marshal polkovnik,маршал,A high-ranking officer in the army or a person in charge of public events.,ˈmɑːrʃəl,9670,work,The fire marshall gave us instructions on how to leave the building.,Olov marshali bizga binodan qanday chiqib ketish bo'yicha ko'rsatmalar berdi.,officer,
massage,noun,B1,massaj,массаж,Rubbing and pressing the body to help someone relax or to reduce pain.,ˈmæsɑː(d)ʒ,9672,body-health,Having a massage can have many beneficial effects on your sore muscles.,Massaj olish og'riyotgan mushaklaringizga juda ko'p ijobiy ta'sir ko'rsatishi mumkin.,,
rubber,noun,A2,rezina o'chirg'ich,резина,"A flexible material made from tree sap or chemicals, often used for making tires.",ˈɹʌbə,9674,basics,Please use a rubber to remove the pencil marks from your notebook.,Iltimos daftaringizdagi qalam izlarini o'chirish uchun o'chirg'ichdan foydalaning.,eraser,
conclusion,noun,B2,xulosa yakun,заключение,The final part of something or a decision reached after thinking carefully.,kənˈkluːʒən,9676,ielts,The board came to the conclusion that the plan was not practical.,Kengash rejaning amaliy emasligi haqidagi xulosaga keldi.,result verdict,beginning
thousand,noun,A1,ming,тысяча,The number that is equal to ten hundreds.,ˈθaʊz(ə)nd,9678,basics,The company earned fifty thousand dollars in profit last month.,Kompaniya o'tgan oyda ellik ming dollar foyda ko'rdi.,,
legend,noun,B2,afsona rivoyat,легенда,A very old and famous story that may not be completely true.,ˈlɛd͡ʒ.ənd,9680,ielts,The legend of King Arthur is known in many countries around the world.,Qirol Artur haqidagi afsona dunyoning ko'plab mamlakatlarida mashhur.,myth tale,
grace,noun,C1,nafosat lutf,грация,"A smooth, attractive way of moving or behaving.",ɡɹeɪs,9682,describing,The dancer moved across the stage with elegance and natural grace.,Raqsga tushuvchi sahnada nafosat va tabiiy lutf bilan harakat qildi.,elegance charm,clumsiness
python,noun,B2,piton ilon,питон,"A large, strong snake that kills other animals by squeezing them tightly.",ˈpaɪθən,9684,animals,The giant python rested silently on the branch of a large tree.,Ulkan piton katta daraxt shoxida jim o'tirardi.,constrictor,
monster,noun,B1,maxluq yirtqich,чудовище,"An imaginary, large, and very scary creature that can be dangerous.",ˈmɒnstə(ɹ),9686,describing,The little boy was afraid that a monster lived under his bed.,Kichkina bola karavoti ostida maxluq yashaydi deb qo'rqardi.,beast,
bang,noun,B1,tarsillash portlash,удар,"A sudden, loud noise caused by something hitting an object or an explosion.",ˈbæŋ,9688,actions,The door closed with a loud bang because of the strong wind.,Kuchli shamol tufayli eshik qattiq tarsillab yopildi.,boom report,
villa,noun,B2,villa hashamatli uy,вилла,"A large and expensive house, often used for holidays in the countryside.",ˈvɪlə,9690,home,We spent our summer vacation in a beautiful villa by the sea.,Biz yozgi ta'tilni dengiz bo'yidagi chiroyli villada o'tkazdik.,,
bone,noun,A2,suyak,кость,One of the hard parts that form the skeleton of a human or animal.,bəʊn,9692,body-health,The dog was happy to chew on a large bone in the garden.,It bog'da katta suyakni kemirib o'tirganidan xursand edi.,,
disorders,noun,B2,kasalliklar buzilishlar,расстройства,Medical problems or illnesses that affect the normal working of the body or mind.,dɪsˈɔːdəz,9694,body-health,The doctor is studying sleep disorders to help patients get better rest.,Shifokor bemorlarga yaxshi dam olishga yordam berish uchun uyqu buzilishlarini o'rganmoqda.,illnesses conditions,health
collaboration,noun,B2,hamkorlik,сотрудничество,The act of working together with other people to create or achieve something.,kəˌlæbəˈɹeɪʃən,9696,ielts,Successful business growth often requires close collaboration between different company departments.,Muvaffaqiyatli biznes o'sishi ko'pincha kompaniyaning turli bo'limlari o'rtasida yaqin hamkorlikni talab qiladi.,cooperation partnership,
detection,noun,B2,aniqlash topish,обнаружение,The process of noticing or discovering something that is hard to see or find.,dəˈtɛkʃən,9698,ielts,Early detection of the disease allows for more effective medical treatment plans.,Kasallikni erta aniqlash yanada samarali tibbiy davolash rejalarini yaratishga imkon beradi.,discovery finding,
cookies,noun,A1,pechenyelar,печенье,"Small, flat, sweet baked goods that are often eaten as a snack.",ˈkʊkiz,9700,food-drink,My grandmother baked some delicious chocolate cookies for us this afternoon.,Buvim bugun tushdan keyin biz uchun mazali shokoladli pechenyelar pishirdi.,biscuit,
inner,adjective,B1,ichki,внутренний,Located inside or closer to the middle of something.,ˈɪnə,9702,describing,She keeps her most valuable belongings in an inner pocket of her bag.,U o'zining eng qimmatbaho buyumlarini sumkasining ichki cho'ntagida saqlaydi.,inside internal,outer
formation,noun,B2,shakllanish hosil bo'lish,образование,The way in which something is made or the process of coming together.,fɔːˈmeɪʃ(ə)n,9704,ielts,The formation of new stars is a long and complex space process.,Yangi yulduzlarning shakllanishi uzoq va murakkab kosmik jarayondir.,development creation,
tutorial,noun,B1,darslik qo'llanma,руководство,A short lesson or video guide that explains how to do a specific task.,ˌtjuːˈtɔːɹɪəl,9706,school,I watched an online tutorial to learn how to use this software.,Men ushbu dasturdan foydalanishni o'rganish uchun onlayn qo'llanmani ko'rdim.,guide instruction,
gate,noun,A2,darvoza eshik,ворота,A movable barrier used to close an entrance in a wall or fence.,ˈɡeɪ̯t,9710,home,Please make sure to close the gate when you leave the house.,Uydan chiqayotganingizda darvozani yopib qo'yganingizga ishonch hosil qiling.,doorway entrance,
holder,noun,B1,tutqich idish,держатель,An object that is used to hold or support something else.,ˈhəʊldə,9712,home,She placed her toothbrush in the holder by the bathroom sink.,U tish cho'tkasini hammomdagi idishga joylab qo'ydi.,,
moderator,noun,B2,boshlovchi moderator,модератор,A person who leads a discussion to ensure rules are followed correctly.,ˈmɒdəˌɹeɪtə(ɹ),9714,ielts,The forum moderator deleted the offensive comment from the public chat.,Forum moderatori haqoratli izohni ommaviy chatdan o'chirib tashladi.,facilitator,
settlement,noun,B2,aholi punkti yechim,поселение,A place where people have come to live and build houses.,ˈsɛ.təl.mənt,9716,ielts,Archaeologists found evidence of an ancient human settlement near the river.,Arxeologlar daryo yaqinida qadimgi insonlar manzilgohi izlarini topdilar.,colony community,
roman,adjective,B1,rimlik rimga oid,римский,Relating to the ancient city of Rome or its civilization.,ˈɹəʊmən,9718,describing,We visited the remains of a beautiful Roman temple in Italy.,Biz Italiyada go'zal Rim ibodatxonasi qoldiqlarini ko'rib chiqdik.,,
duties,noun,B1,majburiyatlar vazifalar,обязанности,Tasks or actions that someone is required to perform as part of their job.,duːtiz,9720,work,Her duties include answering the phone and greeting visitors at the office.,Uning majburiyatlariga telefon qo'ng'iroqlariga javob berish va tashrif buyuruvchilarni kutib olish kiradi.,responsibilities tasks,
tone,noun,B2,ohang tus,тон,The quality of someone's voice that shows their feelings or attitude.,ˈtəʊn,9722,ielts,He spoke in a calm tone even though he was very angry.,"Juda g'azablangan bo'lsa ham, u xotirjam ohangda gapirdi.",mood attitude,
collectables,noun,B2,kolleksiya buyumlari,коллекционные предметы,Items that people collect because they are interesting or might be valuable later.,kəˈlektəblz,9724,describing,Many people enjoy searching for rare coins and other valuable collectables.,Ko'plab odamlar noyob tangalar va boshqa qimmatli kolleksiya buyumlarini izlashni yaxshi ko'rishadi.,collectibles,
ethics,noun,C1,etika axloq,этика,A system of accepted beliefs about what is morally right or wrong.,ˈɛθ.ɪks,9726,ielts,The company was accused of violating basic business ethics to save money.,Kompaniya pul tejash maqsadida asosiy biznes etikasini buzishda ayblandi.,morality principles,
forever,adverb,A2,abadiy doimiy,навсегда,For all future time; at all times.,fəˈɹɛvə(ɹ),9728,time,They promised to be best friends forever during their childhood years.,Ular bolalik yillarida abadiy eng yaqin do'st bo'lishga va'da berishdi.,always eternally,never
dragon,noun,B1,ajdarho,дракон,A large imaginary creature from stories that can breathe fire and fly.,ˈdɹæɡən,9730,animals,The brave knight fought the dragon to save the kingdom from fire.,Jasur ritsar qirollikni olovdan qutqarish uchun ajdarho bilan jang qildi.,,
captain,noun,B1,kapitan sardor,капитан,"The person who is in charge of a ship, an aircraft, or a sports team.",ˈkæp.tɪn,9732,work,The captain led the team to victory in the final championship game.,Kapitan jamoani chempionatning final o'yinida g'alabaga yetakladi.,leader commander,
fantastic,adjective,A2,ajoyib a'lo,фантастический,Extremely good or very pleasing.,fænˈtæs.tɪk,9734,describing,We had a fantastic time at the beach yesterday afternoon.,Biz kecha tushdan keyin sohil bo'yida ajoyib vaqt o'tkazdik.,excellent wonderful,terrible
neck,noun,A2,boyin,шея,The part of the body that connects your head to your shoulders.,nɛk,9736,body-health,I have a pain in my neck after working all day.,Butun kun ishlaganimdan keyin bo'ynim og'riyapti.,scrag,
wing,noun,A2,qanot,крыло,The part of a bird or insect used for flying.,wɪŋ,9738,nature,The bird was flapping its wings while trying to fly.,Qush uchishga urinayotganda qanotlarini qoqayotgan edi.,,
stereo,noun,B1,stereo,стерео,Sound equipment that plays music through two separate speakers.,ˈstɛ.ɹi.əʊ,9742,home,She likes to play music on her stereo at home.,U uyda stereosida musiqa tinglashni yaxshi ko'radi.,,
taste,noun,A2,ta'm,вкус,The flavor that you feel when you eat or drink something.,teɪst,9744,food-drink,"This soup has a very strange taste, I do not like it.","Bu sho'rvaning ta'mi juda g'alati, menga yoqmayapti.",flavor,
tiny,adjective,A2,juda kichik mitti,крошечный,Extremely small in size or amount.,ˈtaɪni,9746,describing,There was a tiny insect crawling on the kitchen table.,Oshxona stolida sudralib yurgan mitti hasharot bor edi.,small little,huge
operational,adjective,B2,ishchi faoliyat ko'rsatayotgan,оперативный,Working correctly and ready to be used.,ˌɒp.əˈɹeɪ.ʃə.nəl,9748,ielts,The new factory is now fully operational after the recent repairs.,Yangi zavod yaqinda qilingan ta'mirdan so'ng to'liq ishga tushdi.,functional working,
rail,noun,B1,temir yo'l rels,рельс,The railway system as a method of transport for people or goods.,ɹeɪ(ə)l,9750,travel,We decided to travel to the city by rail this summer.,Bu yoz shaharga temir yo'l orqali borishga qaror qildik.,railway train,
liberal,adjective,B2,saxiy ochiqko‘ngil,щедрый,Giving or using something in large amounts; willing to allow different opinions.,ˈlɪb.(ə.)ɹəl,9752,ielts,He was very liberal with his money when his friends needed help.,Do‘stlari yordamga muhtoj bo‘lganda u pulini ayamadi.,charitable munificent,authoritarian
livecam,noun,B1,jonli kamera,веб-камера,A camera connected to the internet that shows live video of a place.,ˈlaɪv.kæm,9754,work,We watched the city square through the livecam on our website.,Biz veb-saytimizdagi jonli kamera orqali shahar maydonini kuzatdik.,,
gap,noun,A2,tirqish oraliq,щель,A space or opening between two things.,ɡæp,9758,describing,He managed to squeeze through a small gap in the fence.,U panjaradagi kichik tirqishdan o‘tib ketishga muvaffaq bo‘ldi.,space opening,
cache,noun,B2,xotira zaxira,кэш,A hidden place to store things or a digital memory for temporary data.,kæʃ,9760,work,Clear your browser cache if the website is not loading correctly.,"Agar veb-sayt to‘g‘ri yuklanmasa, brauzer keshini tozalang.",store stash,
animation,noun,B1,animatsiya multiplikatsiya,анимация,A method of making still pictures appear to move.,ˌæn.ɪˈmeɪ.ʃən,9762,actions,The children enjoyed watching the new animation at the cinema today.,Bolalar bugun kinoteatrda yangi animatsiyani tomosha qilishdan zavqlandilar.,cartoon,
oracle,noun,C2,bashoratchi avliyo,оракул,"A person or thing thought to give wise, prophetic advice.",ˈɔɹəkəl,9764,ielts,The king went to the oracle to seek advice about his future.,Qirol kelajagi haqida maslahat so‘rash uchun bashoratchiga bordi.,prophet,
lease,verb,B2,ijaraga olmoq,арендовать,To pay money to use someone else's property for a specific period of time.,liːs,9766,home,I am leasing a small apartment in the city for one year.,Men shaharda bir yilga kichik kvartira ijaraga olyapman.,rent hire,
aviation,noun,B2,aviatsiya,авиация,"The activities involved in flying, designing, or building aircraft.",ˌeɪ̯.viːˈeɪ̯.ʃən,9768,travel,He works in the aviation industry as a commercial airline pilot.,U aviatsiya sohasida tijorat aviakompaniyasi uchuvchisi bo'lib ishlaydi.,aeronautics,
excess,noun,B2,ortiqchalik oshiqcha,избыток,"An amount that is more than is necessary, acceptable, or usual.",ˈɛksɛs,9770,ielts,You should cut out any excess fat from your daily diet.,Siz kundalik taomnomangizdan ortiqcha yog'larni chiqarib tashlashingiz kerak.,surplus overage,deficiency
disaster,noun,B1,falokat ofat,катастрофа,A very bad event that causes a lot of damage or destruction.,dɪˈzɑːs.təː,9772,nature,The earthquake was a natural disaster that destroyed many local homes.,Zilzila ko'plab mahalliy uylarni vayron qilgan tabiiy ofat edi.,catastrophe tragedy,
console,verb,B2,yupatmoq ovutmoq,утешать,To comfort someone who is sad or disappointed.,ˈkɒn.səʊl,9774,feelings,I tried to console her after she heard the sad news.,U yomon xabarni eshitgach uni yupatishga harakat qildim.,comfort solace,
telecommunications,noun,C1,telekommunikatsiya aloqa,телекоммуникации,The technology of sending information over long distances using electronic systems.,ˌtel.ɪ.kəˈmjuː.nɪ.keɪ.ʃənz,9776,ielts,Modern telecommunications allow us to talk to anyone across the world.,Zamonaviy telekommunikatsiyalar bizga dunyoning istalgan nuqtasidagi odam bilan gaplashish imkonini beradi.,communications,
instructor,noun,B1,o'qituvchi murabbiy,инструктор,A person who teaches a skill or subject to students.,ɪnˈstɹʌktɚ,9778,work,The driving instructor helped me learn how to park the car safely.,Haydash bo'yicha yo'riqchi menga mashinani xavfsiz to'xtashni o'rgatdi.,teacher trainer,student
giant,adjective,B1,ulkan bahaybat,гигантский,Something that is extremely large in size or scale.,ˈd͡ʒaɪ.ənt,9780,describing,We saw a giant tree growing in the middle of the park.,Biz parkning o'rtasida o'sayotgan ulkan daraxtni ko'rdik.,huge enormous,tiny
shipped,verb,B2,yuborilgan jo'natilgan,отправленный,To send goods from one place to another by ship or other transport.,ʃɪpt,9782,work,The store shipped my new computer to me early this morning.,Do'kon mening yangi kompyuterimni bugun erta tongda yubordi.,sent delivered,
alarm,noun,A2,signal ogohlantirish,тревога,A sound or device that warns people of danger.,əˈlɑːm,9786,home,The smoke alarm went off when I burned my toast in class.,Men tostni yoqib yuborganimda tutun signali ishga tushib ketdi.,warning alert,
voltage,noun,B2,kuchlanish voltaj,напряжение,"The force of an electric current, measured in volts.",ˈvəʊltɪd͡ʒ,9788,ielts,The machine requires a high voltage to work properly every day.,Mashina har kuni to'g'ri ishlashi uchun yuqori kuchlanish talab qiladi.,power,
nintendo,noun,A2,nintendo,Нинтендо,A Japanese company that makes electronic video games and game consoles.,nɪnˈtɛndəʊ,9790,basics,He spends most of his free time playing games on his Nintendo.,U bo'sh vaqtining ko'p qismini Nintendo'da o'yin o'ynash bilan o'tkazadi.,,
usual,adjective,A2,odatiy doimiy,обычный,Happening or being done most of the time; common.,ˈjuː.ʒʊəl,9792,describing,I will meet you at the usual time after my work ends.,Men siz bilan ishim tugagandan so'ng odatiy vaqtda uchrashaman.,ordinary regular,atypical
stamps,noun,A2,pochta markalari,почтовые марки,Small paper squares that you stick on envelopes to pay for mailing letters.,stæmps,9794,basics,You need to put some stamps on the envelope before you mail it.,Xatni jo'natishdan oldin konvertga pochta markalarini yopishtirishingiz kerak.,,
franklin,noun,C1,erkin dehqon yer egasi,франклин,A historical term for a landowner in the middle ages who was not noble.,ˈfɹæŋk.lɪn,9796,ielts,The franklin was a wealthy landowner in medieval English society.,Franklin o'rta asrlar ingliz jamiyatidagi boy yer egasi edi.,,
angle,noun,B1,burchak,угол,"The space between two lines that meet at a point, measured in degrees.",ˈæŋ.ɡəl,9798,school,You can measure the angle of the corner using a ruler.,Siz chizg'ich yordamida burchakning darajasini o'lchashingiz mumkin.,corner,
rob,verb,B1,talash o'g'irlamoq,грабить,"To steal money or property from a person or place, often using force.",ɹɔb,9800,actions,It is a serious crime to rob a bank or a store.,Bank yoki do'konni talash og'ir jinoyat hisoblanadi.,steal,
vinyl,noun,B2,vinil plastinka,винил,"A type of strong plastic, often used for old-fashioned music records.",ˈvaɪ.nɪl,9802,describing,Many music fans prefer to listen to music on vinyl records.,Ko'plab musiqa ixlosmandlari musiqani vinil plastinkalarda tinglashni afzal ko'rishadi.,,
highlights,noun,B1,eng muhim qismlar saralangan lavhalar,основные моменты,The most interesting or exciting parts of an event or sports match.,ˈhaɪ.laɪts,9804,actions,I watched the highlights of the football game on the news tonight.,Men bugun yangiliklarda futbol o'yinining eng muhim qismlarini tomosha qildim.,summary,
mining,noun,B2,konchilik qazib olish,добыча,"The industry or activity of digging coal, gold, or other minerals from the earth.",ˈmaɪnɪŋ,9806,work,The gold mining industry provides many jobs for people in this region.,Oltin qazib olish sanoati ushbu hududdagi odamlar uchun ko'plab ish o'rinlarini taqdim etadi.,extraction excavation,
worst,adjective,A2,eng yomon,худший,Of the lowest quality or the most unpleasant.,wɜːst,9808,describing,This was the worst movie that I have ever seen in cinema.,Bu men kinoteatrda ko'rgan eng yomon film edi.,poorest,best
betting,noun,B2,tikish garov,ставки,The activity of risking money on the result of a game or event.,ˈbɛ.tɪŋ,9810,actions,He lost a lot of money because of his betting on football.,Futbolga tikkan pullari tufayli u ko'p pul yo'qotdi.,gambling wagering,
scientists,noun,B1,olimlar,ученые,People who study the physical world and nature through observation and experiments.,ˈsaɪəntɪsts,9812,people-family,Scientists are working hard to find a cure for this dangerous disease.,Olimlar ushbu xavfli kasallikka davo topish uchun qattiq mehnat qilmoqdalar.,researchers scholars,
liberty,noun,C1,ozodlik erkinlik,свобода,The state of being free within society from oppressive restrictions imposed by authority.,ˈlɪb.ɪ.ti,9814,ielts,The citizens of the country fought hard for their liberty and rights.,Mamlakat fuqarolari o'z ozodligi va huquqlari uchun qattiq kurashdilar.,freedom independence,slavery
blackjack,noun,B2,blekjek,блэкджек,A popular card game where players try to get a total card value of 21.,ˈblækd͡ʒæk,9816,actions,We spent the evening in the casino playing blackjack with some friends.,Biz kechqurun kazinoda do'stlarimiz bilan blekjek o'ynab o'tirdik.,twenty-one,
argentina,noun,A2,Argentina,Аргентина,A large country located in the southern part of South America.,ˌɑːdʒənˈtiːnə,9818,places,I have always wanted to visit the beautiful country of Argentina someday.,Men qachondir Argentina kabi go'zal mamlakatga borishni doimo orzu qilganman.,,
possibility,noun,B1,imkoniyat ehtimol,возможность,A chance that something may happen or be true.,ˌpɒs.ɪˈbɪl.ɪ.ti,9820,ielts,There is a strong possibility that it will rain later this afternoon.,Bugun tushdan keyin yomg'ir yog'ish ehtimoli juda yuqori.,chance potential,impossibility
analyst,noun,B2,tahlilchi,аналитик,A person whose job is to study data or information in detail.,ˈænəlɪst,9822,work,The financial analyst examined the company reports to identify any major problems.,Moliya tahlilchisi asosiy muammolarni aniqlash uchun kompaniya hisobotlarini ko'rib chiqdi.,expert researcher,
commissioner,noun,C1,komissiya a'zosi vakil,член комиссии,An official person who is in charge of a department or organization.,kəˈmɪ.ʃə.nə,9824,work,The police commissioner announced new safety rules for the entire city today.,Politsiya komissari bugun butun shahar uchun yangi xavfsizlik qoidalarini e'lon qildi.,official representative,
garage,noun,A2,garaj avtoturargoh,гараж,A building where you keep your car or other vehicles safe.,ˈɡæ.ɹɪdʒ,9826,home,Please park your car in the garage so it stays dry tonight.,"Iltimos, mashinangizni garajga qo'ying, shunda u kechasi quruq qoladi.",carport,
exciting,adjective,A2,qiziqarli hayajonli,захватывающий,Making you feel very happy and enthusiastic about something.,ɪkˈsʌɪtɪŋ,9828,feelings,We watched a very exciting football match at the stadium last night.,Biz kecha stadionda juda qiziqarli futbol o'yinini tomosha qildik.,thrilling interesting,boring
reliability,noun,B2,ishonchlilik,надёжность,The quality of being able to be trusted to do what is expected.,rɪˌlaɪəˈbɪləti,9830,ielts,The company is famous for the reliability of its high quality products.,Kompaniya o'zining yuqori sifatli mahsulotlarining ishonchliligi bilan mashhur.,dependability trustworthiness,unreliability
thongs,noun,B1,yengil shippak,вьетнамки,A type of light shoe that is held on by a strap between toes.,θɒŋz,9832,clothes,I wore my comfortable thongs while walking along the sandy beach today.,"Men bugun qumli plyaj bo'ylab yurar ekanman, qulay shippaklarimni kiyib oldim.",flip-flops sandals,
unfortunately,adverb,B1,afsuski afsuslanarli,к сожалению,Used to say that something is sad or disappointing.,ʌnˈfɔː.tjʊ.nət.li,9834,describing,"Unfortunately, the store was closed when we arrived there last night.","Afsuski, biz u yerga yetib borganimizda do'kon yopiq edi.",regrettably unluckily,fortunately
respectively,adverb,C1,mos ravishda tartib bilan,соответственно,In the order already mentioned.,ɹɪˈspɛktɪvli,9836,ielts,"John and Alice are ten and twelve years old, respectively.",Jon va Elis mos ravishda o'n va o'n ikki yoshda.,sequentially,
attachment,noun,B2,bog'liqlik mehr,преданность,A feeling of love or strong connection to someone or something.,əˈtæt͡ʃmənt,9838,feelings,He felt a strong attachment to his old family home.,U o'zining eski ota-ona uyiga kuchli mehr qo'ygan edi.,fondness affection,detachment
ringtone,noun,A2,qo'ng'iroq ohangi,рингтон,A sound that a mobile phone makes when someone calls you.,ˈrɪŋˌtəʊn,9840,home,I changed my ringtone to a song I really like.,Men qo'ng'iroq ohangimni o'zimga yoqadigan qo'shiqqa o'zgartirdim.,,
pleasure,noun,B1,zavq rohat,удовольствие,A feeling of happiness and enjoyment.,ˈplɛʒə,9842,feelings,It was a great pleasure to meet your family today.,Bugun oilangiz bilan tanishganimdan juda mamnun bo'ldim.,delight enjoyment,pain
honor,verb,B2,hurmat qilmoq rioya qilmoq,"уважать, соблюдать",To fulfill a promise or to show great respect for someone or something.,ˈɒn.ə,9844,ielts,You should always honor your promise to help your friends in need.,Do'stlaringizga yordam berish haqidagi va'dangizni doimo bajarishingiz kerak.,respect esteem,despise
pants,noun,A1,shim,брюки,"A piece of clothing that covers each leg separately, usually reaching to the ankles.",pænts,9846,clothes,I need to buy a new pair of black pants for work.,Men ish uchun yangi qora shim sotib olishim kerak.,trousers,
prayer,noun,A2,duo namoz,молитва,The act of speaking to God or a spiritual power to show respect.,pɹɛə,9850,feelings,Many people find peace and comfort through the act of daily prayer.,Ko'p odamlar kundalik ib duolar orqali xotirjamlik va tasalli topadilar.,worship devotion,
hurricane,noun,B2,dovul,ураган,A very powerful tropical storm with extremely strong and dangerous rotating winds.,ˈhʌɹɪkən,9852,nature,The coastal city prepared for the hurricane by boarding up all windows.,Qirg'oq bo'yidagi shahar dovulga tayyorgarlik ko'rish uchun barcha derazalarni taxtalar bilan yopdi.,cyclone typhoon,
luck,noun,A2,omad baxt,удача,"Events that happen to you by chance, often bringing success or good results.",lʌk,9854,feelings,I had a bit of good luck and found my lost keys today.,Bugun biroz omadim chopdi va yo'qotgan kalitlarimni topib oldim.,fortune chance,
postage,noun,B1,pochta to'lovi,почтовый сбор,The money you pay to send a letter or package through the mail system.,ˈpəʊstɪd͡ʒ,9856,work,You need to add extra postage if you want to send this parcel.,"Agar ushbu posylkani yubormoqchi bo'lsangiz, qo'shimcha pochta to'lovini to'lashingiz kerak.",shipping,
producer,noun,B2,ishlab chiqaruvchi prodyuser,производитель,"A person or company that creates goods, or oversees the creation of a film.",pɹəˈdjuːsə,9858,work,The film producer worked hard to ensure the project was finished on time.,Film prodyuseri loyihani o'z vaqtida yakunlash uchun qattiq ishladi.,maker creator,
dial,verb,B1,raqam terish qo'ng'iroq qilish,набирать номер,To press the buttons on a phone to call someone.,ˈdaɪ.əl,9860,actions,In an emergency you should dial 999 for the police.,Favqulodda vaziyatda politsiyani chaqirish uchun 999 raqamini terishingiz kerak.,call phone,
responsibilities,noun,B2,majburiyatlar mas'uliyatlar,обязанности,Duties or tasks that you are required to do as part of your job.,ɹɪˌspɒn.səˈbɪl.ɪ.tiz,9862,ielts,My new job involves many responsibilities regarding the company budget.,Yangi ishim kompaniya byudjeti bilan bog'liq ko'plab mas'uliyatlarni o'z ichiga oladi.,duties tasks,
comic,noun,B1,komiks suratli hikoya,комикс,A book or magazine that tells a story using drawn images.,ˈkɒmɪk,9864,school,The boy loves reading his favorite comic during the school break.,Bola tanaffus paytida o'zining sevimli komiksini o'qishni yaxshi ko'radi.,manga cartoon,
carefully,adverb,A2,ehtiyotkorlik bilan sinchkovlik bilan,осторожно,Doing something with a lot of attention to avoid mistakes.,ˈkɛːf(ə)li,9866,describing,She carefully placed the fragile vase on the wooden shelf.,U mo'rt vazani yog'och tokchaga ehtiyotkorlik bilan qo'ydi.,attentively cautiously,carelessly
jet,noun,B1,reaktiv samolyot,реактивный самолет,A powerful airplane that uses engines to fly at very high speeds.,ˈd͡ʒɛt,9868,travel,The fast jet took off from the airport just before noon.,Tezkor reaktiv samolyot tushdan oldin aeroportdan havoga ko'tarildi.,aircraft airplane,
crown,noun,B2,toj,корона,A gold or metal headpiece worn by a king or queen.,kɹaʊ̯n,9870,people-family,The king wore a heavy gold crown at the royal ceremony.,Qirol qirollik marosimida og'ir oltin toj kiygan edi.,diadem coronet,
underground,adjective,B1,yer osti,подземный,Located or operating beneath the surface of the earth.,ˌʌn.dəˈɡɹaʊnd,9874,places,The subway system in this city is entirely underground.,Bu shahardagi metro tizimi to'liq yer ostida joylashgan.,subterranean below-ground,above-ground
diagnosis,noun,B2,tashxis,диагноз,The process of identifying the cause of an illness or a problem.,daɪəɡˈnəʊsɪs,9876,body-health,The doctor made a diagnosis after reviewing all of the test results.,Shifokor barcha tahlil natijalarini ko'rib chiqqach tashxis qo'ydi.,,
maker,noun,B1,ishlab chiqaruvchi yaratuvchi,производитель,A person or company that makes or produces a specific product.,ˈmeɪk.ə,9878,work,This company is a famous maker of high-quality kitchen appliances.,Bu kompaniya yuqori sifatli oshxona jihozlarining mashhur ishlab chiqaruvchisidir.,producer manufacturer,
crack,verb,B1,yoriq paydo bo'lishi yorilish,трескаться,To break or cause something to break without separating into distinct parts.,kɹæk,9880,actions,The dry ground began to crack during the hot summer months.,Issiq yoz oylarida quruq yer yorila boshladi.,split fracture,
gang,noun,B2,guruh to'da,банда,"A group of people, often young people, who spend time together and sometimes commit crimes.",ˈɡæŋ,9882,ielts,Police are working hard to stop the local gang from causing trouble.,Politsiya mahalliy to'daning muammo keltirib chiqarishiga yo'l qo'ymaslik uchun qattiq ishlamoqda.,group band,
semester,noun,A2,semestr,семестр,One of the two periods into which the academic year is divided.,sɪˈmɛstə,9884,school,Students have to study hard during their final semester at university.,Talabalar universitetdagi oxirgi semestr davomida qattiq o'qishlari kerak.,term,
fetish,noun,C1,fetish,фетиш,A strong and unusual sexual interest in a particular object or body part.,ˈfɛt.ɪʃ,9886,ielts,The study explores how society views the concept of a psychological fetish.,Tadqiqot jamiyat psixologik fetish tushunchasiga qanday qarashini o'rganadi.,kink,
applies,verb,B1,qo'llash tatbiq etish,применять,To put something into use for a particular purpose or in a specific situation.,əˈplaɪz,9888,actions,She applies her knowledge of science to solve real-world engineering problems.,U muhandislikdagi haqiqiy muammolarni hal qilish uchun o'zining fan bilimlarini qo'llaydi.,utilize employ,
appearance,noun,A2,tashqi ko'rinish,внешний вид,The way that someone or something looks to others.,əˈpɪəɹəns,9890,describing,He cares a lot about his physical appearance and always dresses well.,U o'zining tashqi ko'rinishiga juda e'tibor beradi va doimo yaxshi kiyinadi.,look,
smoke,verb,A2,tamaki chekmoq,курить,"To breathe in and out smoke from a burning cigarette, cigar, or pipe.",sməʊk,9892,actions,He likes to smoke a pipe while reading his morning newspaper.,U tonggi gazetasini o'qiyotganda trubka chekishni yaxshi ko'radi.,,
apache,noun,C1,apachi,апачи,A member of a group of Native American people from the southwestern United States.,əˈpætʃi,9894,people-family,The Apache tribe has a rich history in the American southwest.,Apachi qabilasi Amerika janubi-g'arbida boy tarixga ega.,,
craft,verb,B2,yaratmoq yasamoq,мастерить,To make something carefully using skill and your hands.,ˈkɹɑːft,9896,work,Local artists craft beautiful jewelry from silver and natural stones.,Mahalliy rassomlar kumush va tabiiy toshlardan go'zal taqinchoqlar yasashadi.,create make,
apart,adverb,B1,alohida ajratilgan,отдельно,Separated by a distance or not together in one piece.,əˈpɑːt,9898,describing,They live miles apart but stay in touch every single day.,"Ular bir-biridan uzoqda yashashsa-da, har kuni aloqada bo'lishadi.",separately independently,
fellow,noun,B2,hamroh sherik,товарищ,A person who is associated with another or belongs to the same group.,ˈfɛləʊ,9900,people-family,He is a kind fellow who always helps his neighbors in need.,U muhtoj qo'shnilariga doimo yordam beradigan mehribon inson.,companion partner,
blind,adjective,B1,ko'r,слепой,Unable to see anything because of a medical condition.,ˈblaɪ̯nd,9902,body-health,The guide dog helps the blind person navigate through the busy street.,Yo'l boshlovchi it ko'r kishiga gavjum ko'chadan o'tishga yordam beradi.,sightless,sighted
lounge,verb,B2,xordiq chiqarmoq dam olmoq,отдыхать,To spend time relaxing in a lazy or comfortable way.,ˈlaʊ̯nd͡ʒ,9904,home,"On sunny afternoons, we love to lounge in the garden chairs.",Quyoshli tushdan keyin bog' stullarida dam olishni yaxshi ko'ramiz.,relax loll,
mad,adjective,B1,aqldan ozgan g'azablangan,сумасшедший,Very angry or having a mental illness that makes you act strangely.,ˈmæd,9906,feelings,Are you mad at me for forgetting about our meeting today?,Bugungi uchrashuvimizni unutganim uchun mendan jahlingiz chiqdimi?,angry crazy,
semi,noun,B2,yarim ajratilgan uy,полуособняк,A house that is joined to another house on only one side.,ˈsɛmi,9908,home,We bought a lovely semi near the park for our growing family.,Biz oilamiz uchun park yaqinidan chiroyli yarim ajratilgan uy sotib oldik.,,
coins,noun,A1,tangalar,монеты,Small flat pieces of metal used as money by a country.,kɔɪnz,9910,basics,I keep all my loose coins in a small jar at home.,Men barcha mayda tangalarimni uyda kichik idishda saqlayman.,money cash,
gross,adjective,B2,umumiy yalpi,валовой,An amount including everything before any taxes or costs are taken away.,ɡɹəʊs,9912,ielts,The company reported a high gross profit for the last financial year.,Kompaniya o'tgan moliya yili uchun yuqori yalpi foyda haqida hisobot berdi.,total overall,net
strongly,adverb,B1,qat'iy kuchli,сильно,In a way that shows clear and firm feelings or beliefs.,ˈstɹɔŋli,9914,describing,I strongly believe that everyone deserves a chance to learn English.,Men har kim ingliz tilini o'rganish imkoniyatiga loyiq ekanligiga qat'iy ishonaman.,firmly deeply,weakly
valentine,noun,B1,valentinka sevgi maktubi,валентинка,A card with a message of love sent to someone on February 14th.,ˈvaləntaɪn,9916,feelings,She was happy to receive a surprise valentine from her best friend.,U eng yaqin do'stidan kutilmagan valentinka olganidan xursand bo'ldi.,,
horror,noun,B2,dahshat qo'rquv,ужас,A strong feeling of fear or shock caused by something very unpleasant.,ˈhɒɹ.ə,9918,feelings,She watched the movie in horror because the scenes were very scary.,U filmni dahshat bilan tomosha qildi chunki sahnalar juda qo'rqinchli edi.,terror fear,delight
till,preposition,A2,gacha,до,Up to the time that something happens or finishes.,tɪl,9920,time,I will wait here till the bus arrives to take us home.,Men avtobus bizni uyga olib ketguncha shu yerda kutaman.,until,
admission,noun,B2,qabul ruxsat,прием,The right or permission to enter a place or join an organization.,ədˈmɪʃən,9922,ielts,The university sent him an official letter of admission for this year.,Universitet unga shu yil uchun rasmiy qabul xatini yubordi.,entry access,
elected,verb,B1,saylangan,избранный,Chosen by voting to hold a public office or position.,ɪˈlɛktɪd,9924,ielts,The people elected a new president to lead the country yesterday.,Xalq mamlakatni boshqarish uchun yangi prezident sayladi.,chosen selected,
victory,noun,B1,g'alaba zafar,победа,"Success in a battle, game, or competition against an opponent.",ˈvɪk.tə.ɹi,9926,ielts,The team celebrated their great victory after the final football match.,Jamoa final futbol o'yinidan so'ng o'zlarining buyuk g'alabasini nishonladi.,triumph win,defeat
sand,noun,A2,qum,песок,Very small grains of crushed rock found on beaches and in deserts.,ˈsænd,9928,nature,The children enjoyed building a large castle out of wet sand.,Bolalar nam qumdan katta qal'a qurishdan zavqlandilar.,,
terrorism,noun,B2,terrorizm,терроризм,The use of violence and fear to achieve political goals.,ˈtɛɹəɹɪzəm,9930,ielts,The international community is working together to fight against global terrorism.,Xalqaro hamjamiyat global terrorizmga qarshi kurashish uchun birga ishlamoqda.,,
joy,noun,B1,quvonch shodlik,радость,A feeling of great happiness or pleasure.,d͡ʒɔɪ,9932,feelings,Seeing her family again brought her a great deal of joy.,Oila a'zolarini qayta ko'rish unga katta quvonch bag'ishladi.,elation glee,joylessness
mainly,adverb,B1,asosan ko'proq,главным образом,Used to describe the most important or common reason or part of something.,ˈmeɪnli,9936,describing,The meeting was mainly about how to improve the office environment.,Uchrashuv asosan ofis muhitini qanday yaxshilash haqida edi.,mostly chiefly,
ethnic,adjective,B2,etnik milliy,этнический,"Connected with a group of people who share the same culture, race, or ancestors.",ˈɛθ.nɪk,9938,ielts,The school celebrates the diverse ethnic backgrounds of all its students.,Maktab barcha o'quvchilarning turli etnik kelib chiqishini nishonlaydi.,cultural racial,
parliament,noun,B2,parlament,парламент,A group of people elected to make laws and discuss important government issues.,ˈpɑː.lə.mənt,9942,ielts,The parliament voted to pass the new law late last night.,Parlament kecha kechasi yangi qonunni qabul qilish uchun ovoz berdi.,legislature congress,
actor,noun,A2,aktyor,актёр,"A person who performs in plays, movies, or television shows.",ˈæk.təː,9944,people-family,The famous actor signed autographs for his fans after the show.,Mashhur aktyor shoudan keyin muxlislari uchun dastxat qo'yib berdi.,performer,
seal,noun,B1,tyulen muhr,тюлень,A large sea animal that has thick fur and lives in cold water.,siːl,9946,animals,We watched a seal swimming near the rocks at the beach.,Biz sohil bo'yidagi qoyalar yaqinida suzayotgan tyulenni tomosha qildik.,pinniped,
fifth,adjective,A1,beshinchi,пятый,Coming after the fourth item in a series.,fɪfθ,9948,basics,This is the fifth time I have visited this beautiful city.,Bu mening ushbu go'zal shaharga beshinchi tashrif buyurishim.,,
citizen,noun,B2,fuqaro,гражданин,A person who is legally recognized as a member of a specific country.,ˈsɪtɪzən,9950,ielts,Every citizen has the right to vote in the national elections.,Har bir fuqaro milliy saylovlarda ovoz berish huquqiga ega.,national inhabitant,alien
vertical,adjective,B2,vertikal tik,вертикальный,Standing or pointing straight up towards the sky.,ˈvɜː.tɪ.kəl,9952,describing,The mountain wall was so vertical that nobody could climb it.,"Tog' devori shunchalik tik ediki, uni hech kimga chiqib bo'lmasdi.",upright perpendicular,horizontal
corrections,noun,B2,tuzatishlar tuzatish,исправления,The act of making something right or the changes made to fix a mistake.,kəˈɹɛkʃənz,9954,ielts,The editor made several corrections to the final draft of the report.,Muharrir hisobotning oxirgi loyihasiga bir nechta tuzatishlar kiritdi.,adjustments edits,
structural,adjective,B2,tuzilmaviy strukturaviy,структурный,Relating to the way something is built or organized.,ˈstɹʌk(t͡)ʃəɹəl,9956,ielts,The old building suffered structural damage after the strong earthquake hit today.,Bugun kuchli zilzila yuz berganidan keyin eski bino tuzilmaviy shikastlandi.,organizational skeletal,
absolute,adjective,B2,mutlaq toliq,абсолютный,"Complete and total, without any doubt or exceptions.",ˈæb.sə.luːt,9958,ielts,It was an absolute disaster when the computer crashed during our presentation.,Taqdimotimiz vaqtida kompyuter ishdan chiqqanida bu mutlaq falokat edi.,total complete,relative
disabilities,noun,B1,nogironliklar jismoniy nuqsonlar,инвалидность,"Physical or mental conditions that limit a person's movements, senses, or activities.",ˌdɪsəˈbɪlɪtiz,9960,body-health,The school offers special programs for students with learning disabilities.,Maktab o'quv nogironligi bo'lgan talabalar uchun maxsus dasturlarni taklif qiladi.,impairments handicaps,
anytime,adverb,A2,xohlagan vaqtda istalgan paytda,в любое время,At any moment or on any occasion.,ˈɛnitaɪm,9962,time,Feel free to call me anytime if you have any more questions.,"Agar yana savollaringiz bo'lsa, menga xohlagan vaqtda qo'ng'iroq qilishingiz mumkin.",whenever always,
substance,noun,B2,modda mohiyat,вещество,A particular type of matter with specific physical properties.,ˈsʌbstəns,9964,ielts,The liquid in the beaker turned into a solid white substance.,Stakandagi suyuqlik qattiq oq moddaga aylandi.,matter material,
lies,noun,A2,yolg'onlar,ложь,"Statements that are not true, said on purpose to deceive others.",laɪz,9966,describing,It is always better to tell the truth than to tell lies.,Yolg'on gapirgandan ko'ra doimo haqiqatni aytgan ma'qul.,untruths fibs,truth
pipe,noun,B1,quvur truba,труба,"A tube used to move water, gas, or other liquids from one place to another.",ˈpaɪp,9968,home,The water stopped flowing because there was a hole in the pipe.,Quvurda teshik bo'lgani uchun suv oqishi to'xtadi.,tube conduit,
soldiers,noun,A2,askarlar,солдаты,People who serve in an army and are trained to fight.,ˈsoʊld͡ʒɚz,9970,people-family,The soldiers marched through the town to protect the local people.,Askarlar mahalliy aholini himoya qilish uchun shahardan o'tib ketishdi.,troops fighters,
guardian,noun,B2,vasiy qo'riqchi,опекун,A person who protects or is legally responsible for someone else.,ˈɡɑɹ.di.ən,9972,people-family,She is the legal guardian of her younger brother after their parents died.,Ota-onasi vafot etgandan so'ng u ukasining qonuniy vasiysi hisoblanadi.,protector defender,
lecture,noun,B2,ma'ruza,лекция,A talk given to a group of people to teach them about a subject.,ˈlɛk.t͡ʃəː,9974,school,During class today the professor delivered an interesting lecture on modern history.,Bugungi darsda professor zamonaviy tarix bo'yicha qiziqarli ma'ruza o'qidi.,lesson speech,
simulation,noun,C1,simulyatsiya taqlid,симуляция,A model that copies a real situation to study how it works.,ˌsɪm.jʊˈleɪ.ʃn̩,9976,ielts,This exercise is a simulation of actual battle conditions for the trainees.,Ushbu mashg'ulot o'quvchilar uchun haqiqiy jangovar sharoitlarning simulyatsiyasidir.,model representation,
layout,noun,B2,reja joylashuv,планировка,The way in which parts of something are arranged or organized.,ˈleɪ.aʊt,9978,work,The architect designed a new layout for the office to improve productivity.,Me'mor unumdorlikni oshirish uchun ofisning yangi rejasi ustida ishladi.,arrangement design,
concentration,noun,B2,diqqat e'tibor,концентрация,The ability to pay close attention to something you are doing.,ˌkɒn.sənˈtɹeɪ.ʃən,9980,ielts,Studying in a quiet place helps to improve your concentration.,Tinch joyda o'qish diqqatni jamlashni yaxshilashga yordam beradi.,focus attention,
lay,verb,A2,qo'ymoq yotqizmoq,класть,To put something down carefully in a flat or resting position.,leɪ,9984,actions,Please lay your books on the desk before we start the class.,Iltimos darsni boshlashdan oldin kitoblaringizni stol ustiga qo'ying.,place put,lift
interpretation,noun,B2,talqin izoh,интерпретация,A particular way of explaining or understanding something such as a rule or meaning.,ɪnˌtɜːpɹəˈteɪʃən,9986,ielts,Everyone had a different interpretation of the teacher's complex instructions today.,Bugun o'qituvchining murakkab ko'rsatmalari haqida har kimning o'z talqini bor edi.,explanation meaning,
deck,noun,B1,ayvon kema palubasi,палуба,"An open, wooden floor built outside a house or on a ship.",ˈdɛk,9990,home,We sat on the wooden deck to enjoy the warm summer evening.,Biz issiq yoz oqshomidan zavqlanish uchun yog'och ayvonda o'tirdik.,patio terrace,
taught,verb,A2,o'rgatdi,обучал,"The past tense and past participle of teach, meaning to show someone how to learn.",tɔːt,9992,school,My grandfather taught me how to fish when I was a child.,Bobom bolaligimda menga baliq tutishni o'rgatgan edi.,instructed educated,
optimization,noun,C1,optimallashtirish,оптимизация,The act of making a process or system as effective or functional as possible.,ˌɑptəmaɪˈzeɪʃən,9994,ielts,The team focused on the optimization of their website to increase visitor speed.,Jamoa tashrif buyuruvchilar tezligini oshirish uchun veb-saytlarini optimallashtirishga e'tibor qaratdi.,improvement refinement,
alive,adjective,A2,tirik,живой,"Living and not dead, or something that is still active.",əˈlaɪv,9996,describing,It is a miracle that they found the cat alive after the storm.,Bo'rondan keyin mushukni tirik holda topishlari mo'jiza edi.,living active,dead
temple,noun,B2,ibodatxona ma'bad,храм,A building used for religious worship.,ˈtɛm.pl̩,9998,places,They visited an ancient temple during their trip to the country.,Ular mamlakatga qilgan safarlari davomida qadimiy ibodatxonaga tashrif buyurishdi.,shrine,
prove,verb,B1,isbotlamoq,доказывать,To show that something is definitely true by providing facts or evidence.,pɹuːv,10000,actions,I will prove that my method is more effective than yours.,Men usulim siznikidan samaraliroq ekanligini isbotlayman.,demonstrate verify,disprove
genetic,adjective,C1,genetik,генетический,Relating to the genes or the study of heredity in living things.,d͡ʒəˈnɛt.ɪk,10002,ielts,The researchers are studying the genetic causes of this rare disease.,Tadqiqotchilar ushbu kamyob kasallikning genetik sabablarini o‘rganmoqdalar.,hereditary,
restrictions,noun,B2,cheklovlar,ограничения,Rules or laws that limit what people can do or how things can happen.,ɹɪˈstɹɪkʃənz,10004,ielts,There are strict travel restrictions due to the recent public health concerns.,Jamoat salomatligi bilan bog'liq so'nggi xavotirlar tufayli qat'iy sayohat cheklovlari mavjud.,limitations controls,
thin,adjective,A1,yupqa ozg'in,тонкий,Having little distance between opposite sides or having very little body fat.,ˈθɪn,10006,describing,She wrote the note on a very thin piece of paper.,U eslatmani juda yupqa qog'oz parchasi ustiga yozdi.,slender slim,thick
prefer,verb,A2,afzal ko'rmoq,предпочитать,To like one thing or person more than another.,[pɹɪˈfɝ],10008,feelings,Most people prefer to drink tea rather than coffee in the morning.,Ko'pchilik ertalab kofega qaraganda choy ichishni afzal ko'radi.,favor,
ridge,noun,C1,qirra tog' tizmasi,гребень,"A long, narrow piece of raised ground or the top of a mountain range.",ɹɪd͡ʒ,10010,nature,We walked along the mountain ridge to see the beautiful sunrise view.,Quyosh chiqishining go'zal manzarasini ko'rish uchun tog' tizmasi bo'ylab yurdik.,crest peak,groove
cabinet,noun,B1,shkaf,шкаф,A piece of furniture with shelves or drawers used for storage.,ˈkæb.ɪ.nɪt,10012,home,Please put the clean dishes back into the kitchen cabinet.,"Iltimos, toza idishlarni oshxona shkafiga qaytarib qo'ying.",cupboard,
modem,noun,B1,modem,модем,A device that connects your computer or network to the internet.,ˈməʊdəm,10014,home,You need to restart the modem to fix the internet connection issue.,Internet aloqasidagi muammoni tuzatish uchun modemni qayta ishga tushirishingiz kerak.,,
tropical,adjective,B1,tropik,тропический,Relating to the hot and humid regions near the equator.,ˈtɹɒp.ɪ.kəl,10018,nature,My favorite tropical fruits are pineapples and coconuts.,Mening sevimli tropik mevalarim ananas va kokosdir.,,
collect,verb,A2,yig'moq to'plamoq,собирать,To bring things together or get items as a hobby.,kəˈlɛkt,10020,actions,The team uses special equipment to collect data on the weather.,Jamoa ob-havo bo'yicha ma'lumotlarni yig'ish uchun maxsus uskunalardan foydalanadi.,gather accumulate,distribute
bet,verb,B1,garov o'ynamoq tikmoq,делать ставку,To risk money on the outcome of a game or event.,ˈbɛt,10022,actions,I bet you ten dollars that it will rain later today.,Bugun keyinroq yomg'ir yog'ishiga senga o'n dollar tikaman.,wager gamble,
composition,noun,B2,tarkib tuzilish,состав,The way in which something is put together or its parts.,ˌkɒmpəˈzɪʃən,10024,ielts,The chemical composition of the water was checked by the scientists.,Suvning kimyoviy tarkibi olimlar tomonidan tekshirildi.,makeup structure,
nationwide,adjective,B2,butunmamlakat umummilliy,всенародный,Happening or existing in all parts of a country.,ˌneɪ.ʃənˈwaɪd,10026,ielts,There was a nationwide search for the missing person last week.,O‘tgan hafta bedarak yo‘qolgan shaxs uchun butunmamlakat bo‘ylab qidiruv e’lon qilindi.,national countrywide,
vector,noun,C1,vektor,вектор,A quantity that has both a size and a specific direction.,ˈvɛktə,10028,ielts,Velocity is a vector defined by an object's speed and direction.,Tezlik – bu jismning tezligi va yo‘nalishi bilan belgilanadigan vektordir.,,
definitely,adverb,A2,aniq shubhasiz,определённо,Used to express that something is certain or true.,ˈdɛf.ɪ.nɪt.li,10030,basics,I will definitely be at the meeting tomorrow morning at nine.,Men ertaga ertalab soat to‘qqizdagi majlisda aniq bo‘laman.,certainly surely,
shaved,adjective,B1,soqoli olingan qirilgan,побритый,Having the hair removed from the skin with a razor.,ʃeɪvd,10032,body-health,He looked much younger after he had shaved his long beard.,U uzun soqolini olib tashlaganidan keyin ancha yoshroq ko‘rindi.,,unshaved
buffer,noun,B2,himoya to‘siq,буфер,Something that reduces the bad effect of one thing on another.,ˈbʌfə,10034,ielts,The thick forest acts as a buffer against strong winter winds.,Qalin o‘rmon qishki kuchli shamollarga qarshi himoya vazifasini o‘taydi.,shield protection,
purple,adjective,A1,binafsharang,фиолетовый,A color that is made by mixing red and blue.,ˈpɜː.pl̩,10036,describing,She wore a beautiful purple dress to the wedding last night.,U kecha to‘yga chiroyli binafsharang ko‘ylak kiyib bordi.,violet,
existence,noun,B2,mavjudlik borliq,существование,The fact or state of living or having reality.,ɛɡˈzɪs.təns,10038,ielts,Scientists are searching for evidence of existence on other planets.,Olimlar boshqa sayyoralarda mavjudlik belgilarini qidirmoqdalar.,being reality,
commentary,noun,B2,sharh izoh,комментарий,"A spoken explanation of an event as it is happening, often on radio or television.",ˈkɒm.ən.t(ə.)ɹi,10040,ielts,We listened to the football commentary while watching the match on TV.,Biz o'yinni tomosha qilib futbol sharhini eshitdik.,narration description,
immigration,noun,B2,immigratsiya ko'chib kelish,иммиграция,The process of coming to live permanently in a country that is not your own.,ɪmɪˈɡɹeɪʃn,10042,ielts,It took a long time to get through immigration at the airport.,Aeroportda immigratsiya nazoratidan o'tish ancha vaqt oldi.,migration,emigration
pipeline,noun,B2,quvur yo'li neft quvuri,трубопровод,"A long system of pipes used to move oil, gas, or water across large distances.",ˈpaɪpˌlaɪn,10044,work,A new oil pipeline has been opened from the Caspian Sea.,Kaspiy dengizidan yangi neft quvuri ishga tushirildi.,conduit,
necessarily,adverb,B2,albatta majburan,обязательно,Used to say that something is not always true in every single case.,ˈnɛs.ə.sə.ɹɪ.li,10046,ielts,It is not necessarily true that children learn everything from their parents.,Bolalar hamma narsani ota-onasidan o'rganadi deyish shart emas.,inevitably,
syntax,noun,C1,sintaksis gap tuzilishi,синтаксис,The rules for how words are organized to create correct sentences in a language.,ˈsɪn.tæks,10048,ielts,The teacher explained the complex syntax of the Latin language today.,O'qituvchi bugun lotin tilining murakkab sintaksisini tushuntirib berdi.,structure grammar,
roger,interjection,B2,tushundim qabul qildim,вас понял,A word used in radio communication to confirm that you have heard and understood information.,ˈɹɒd͡ʒə,10050,actions,"I have received your message clearly, roger over to you now.",Xabaringizni aniq qabul qildim rojer endi navbat sizda.,,
workplace,noun,A2,ish joyi,рабочее место,The physical building or office where a person performs their daily professional tasks.,ˈwɝkˌpleɪs,10052,work,It is important to maintain a clean and safe workplace for everyone.,Hamma uchun toza va xavfsiz ish joyini saqlash muhim.,workstead,
awesome,adjective,B1,ajoyib zo'r,потрясающий,"Something that is very good, impressive, or exciting.",ˈɔː.səm,10054,describing,We had an awesome time at the concert last night in town.,Kecha shahardagi konsertda juda ajoyib vaqt o'tkazdik.,amazing admirable,
mexican,adjective,A1,Meksika meksikalik,мексиканский,"Relating to Mexico, its people, or its culture.",ˈmeksɪkən,10056,people-family,My favorite type of food to eat is spicy Mexican tacos.,Men yoqtiradigan eng sevimli taom bu achchiq Meksika takolari.,,
crash,noun,B1,avariya to'qnashuv,авария,A violent accident where a vehicle hits another object or the ground.,kɹæʃ,10058,travel,The traffic was delayed because of a serious car crash nearby.,Yaqin atrofda sodir bo'lgan jiddiy avtomobil avariyasi sababli tirbandlik yuzaga keldi.,,
lift,noun,A2,lift yo'l-kira,лифт,A free ride given to someone in a car to reach a destination.,lɪft,10060,travel,Could you please give me a lift to the train station today?,Iltimos bugun meni poyezd vokzaliga olib borib qo'ya olasizmi?,ride,
inter,verb,C2,dafn etmoq ko'mib qo'ymoq,хоронить,To place a dead body into the ground or a tomb.,ɪnˈtɚ,10062,ielts,The famous writer was interred in the local church graveyard yesterday.,Mashhur yozuvchi kecha mahalliy cherkov qabristoniga dafn etildi.,bury entomb,dig up
closely,adverb,B1,yaqindan diqqat bilan,тесно близко,With little space between things or involving a strong connection.,ˈkləʊsliː,10064,describing,Finnish and Estonian are closely related languages with many similar words.,Fin va eston tillari ko'plab o'xshash so'zlarga ega yaqin tillardir.,tightly intimately,loosely
radiation,noun,B2,nurlanish radiatsiya,излучение,Energy that comes out in the form of waves or particles.,ˌɹeɪ.diˈeɪ.ʃən,10066,nature,The sun gives off radiation that can be harmful to our skin.,Quyosh terimizga zarar yetkazishi mumkin bo'lgan nurlanish tarqatadi.,emission ray,
diary,noun,A2,kundalik,дневник,A book in which you write down your daily experiences and thoughts.,ˈdaɪ.ə.ɹi,10068,school,She writes in her diary every evening before she goes to sleep.,U har oqshom uxlashdan oldin o'z kundaligiga yozadi.,journal log,
seriously,adverb,B1,jiddiy ravishda chindan,серьёзно,In a way that is not joking and deserves to be thought about.,ˈsɪə.ɹi.əs.li,10070,feelings,You should take his advice seriously because he has much experience.,Uning maslahatiga jiddiy qarashingiz kerak chunki u ko'p tajribaga ega.,earnestly gravely,jokingly
shooting,noun,B2,otishma o'q uzish,стрельба,The activity of firing a gun or other weapon at something.,ˈʃuːtɪŋ,10072,actions,The shooting at the local range is a very popular weekend sport.,Mahalliy poligondagi otishma juda ommabop dam olish kuni sportidir.,firing marksmanship,
wake,verb,A2,uygonmoq uyg'otmoq,просыпаться,To stop sleeping or to make someone stop sleeping.,ˈweɪ̯k,10074,actions,I woke up at seven o'clock to start my working day.,Ish kunimni boshlash uchun soat yettida uyg'ondim.,awaken rouse,sleep
stupid,adjective,A2,ahmoq nodon,глупый,Not showing good judgment or having a lack of intelligence.,ˈst(j)yː.pɪd,10076,describing,It was a stupid mistake to leave the front door open.,Old eshikni ochiq qoldirish ahmoqona xato edi.,foolish silly,smart
harbor,noun,B2,port bandargoh,гавань,An area of water near the coast where ships can stay safely.,ˈhɑːbə,10078,places,Many large ships were anchored in the harbor during the storm.,Bo'ron vaqtida ko'plab katta kemalar bandargohda langar tashlagan edi.,port dock,
regardless,adverb,B2,qaramasdan baribir,несмотря ни на что,Without being influenced by the current situation or negative consequences.,ɹɪˈɡɑɹd.lɪs,10080,ielts,He decided to continue his work regardless of the harsh criticism.,U qattiq tanqidga qaramasdan ishini davom ettirishga qaror qildi.,anyway irrespective,
