headword,pos,cefr_level,translation_uz,translation_ru,definition_en,ipa,frequency_rank,category,example_en,example_uz,synonyms,antonyms
hong,noun,C2,savdo kompaniyasi,торговая компания,"A company or establishment involved in foreign trade, particularly in a historical Chinese context.",hɒŋ,18002,work,The hong managed all the goods arriving from international trading ships.,Savdo kompaniyasi xalqaro kemalardan kelayotgan barcha mollarni boshqardi.,firm business,
christopher,noun,A1,Kristofer,Кристофер,A common male given name of Greek origin.,ˈkrɪstəfər,18004,people-family,Christopher is a very kind and helpful student in our class today.,Kristofer sinfimizdagi juda mehribon va yordamga tayyor o'quvchi.,,
wayne,noun,A1,Ueyn,Уэйн,A male given name that is also sometimes used as a surname.,weɪn,18010,people-family,Wayne has been working as a professional photographer for many years now.,Ueyn ko'p yillardan beri professional fotosuratchi bo'lib ishlaydi.,,
rhode,noun,B2,Rod,Род,A geographic name often associated with the state of Rhode Island.,rəʊd,18014,places,Rhode Island is the smallest state in the United States of America.,Rod-Aylend Amerika Qo'shma Shtatlaridagi eng kichik shtat hisoblanadi.,,
russell,noun,C1,familiya,Рассел,A common English surname often used for people or geographical landmarks.,ˈrʌsəl,18018,people-family,Bertrand Russell was a famous philosopher and mathematician from the United Kingdom.,Bertran Rassel Buyuk Britaniyalik taniqli faylasuf va matematik bo'lgan.,,
clinton,noun,C1,familiya,Клинтон,A surname frequently associated with political figures in the United States.,ˈklɪntən,18020,people-family,Bill Clinton served as the forty-second president of the United States.,Bill Klinton Amerika Qo'shma Shtatlarining qirq ikkinchi prezidenti bo'lib ishlagan.,,
alberta,noun,B2,viloyat hudud,Альберта,A large province located in the western part of the country of Canada.,ælˈbɜːrtə,18022,places,Alberta is well known for its vast oil reserves and beautiful mountains.,Alberta o'zining ulkan neft zaxiralari va go'zal tog'lari bilan mashhur.,,
cincinnati,noun,B2,shahar,Цинциннати,A major city located in the state of Ohio in the United States.,ˌsɪnsɪˈnæti,18024,places,The team played a very difficult baseball game in Cincinnati last night.,Kecha jamoa Sinsinnatida juda qiyin beysbol o'yinini o'tkazdi.,,
lisa,noun,A1,ism,Лиза,A female given name that is popular in many different English-speaking countries.,ˈliːsə,18026,people-family,Lisa is going to study at the university in London next year.,Liza kelgusi yili Londondagi universitetda o'qimoqchi.,,
vbulletin,noun,C2,dasturiy ta'minot,vBulletin,A popular software application used to create and manage internet discussion forums.,viːˈbʊlətɪn,18028,work,Many large websites used vBulletin to organize their community forum discussions online.,Ko'pgina yirik veb-saytlar o'z forum muhokamalarini tashkil qilish uchun vBulletin dan foydalangan.,forum software,
thompson,noun,C1,familiya,Томпсон,A common surname of English or Scottish origin found in many western countries.,ˈtɒmpsən,18030,people-family,Mr. Thompson is the new manager of the sales department this month.,Janob Tompson shu oydan boshlab savdo bo'limining yangi menejeri hisoblanadi.,,
dublin,noun,B1,poytaxt shahar,Дублин,The capital and largest city of the country of Ireland.,ˈdʌblɪn,18032,places,We visited the historic city of Dublin during our trip to Ireland.,Irlandiyaga qilgan safarimiz davomida tarixiy Dublin shahriga tashrif buyurdik.,,
pdas,noun,B2,cho'ntak kompyuterlari,карманные компьютеры,Small mobile devices used to manage personal information like calendars and contact lists.,piː diː eɪ z,18038,work,Many people used PDAs to keep track of their daily business meetings.,Ko'pchilik kundalik ish uchrashuvlarini kuzatish uchun cho'ntak kompyuterlaridan foydalangan.,handhelds organisers,
edinburgh,noun,A2,Edinburg,Эдинбург,The capital city of Scotland located in the northern part of the country.,ˈedɪnbərə,18044,places,Edinburgh is a very historic city with a famous castle on top.,Edinburg tepasida mashhur qal'a joylashgan juda tarixiy shahar hisoblanadi.,,
campbell,noun,B1,Kembell,Кэмпбелл,A common Scottish surname often used to refer to a specific historical clan.,ˈkæmbəl,18046,people-family,Professor Campbell will give a lecture about history at the local university.,Professor Kembell mahalliy universitetda tarix fanidan ma'ruza o'qiydi.,,
hungary,noun,A2,Vengriya,Венгрия,A country located in Central Europe known for its beautiful capital city Budapest.,ˈhʌŋɡəri,18048,places,We are going to travel to Hungary to see the Danube river.,Dunay daryosini ko'rish uchun Vengriyaga sayohat qilmoqchimiz.,,
michelle,noun,A1,mishel,мишель,A common female given name of French origin.,mɪˈʃel,18054,people-family,I met Michelle at the library while we were both studying history.,Men Mishel bilan kutubxonada tarix fanini o‘qiyotganimizda tanishdim.,,
britney,noun,A2,britni,бритни,A female given name that became very popular in the late twentieth century.,ˈbrɪtni,18060,people-family,Britney released a new song that quickly climbed to the top charts.,Britni tezda xit-paradlarda yuqori o‘rinni egallagan yangi qo‘shiq chiqardi.,,
botswana,noun,A2,botsvana,Ботсвана,A landlocked country located in Southern Africa.,bɒtˈswɑːnə,18070,places,My cousin moved to Botswana to work as a wildlife researcher.,Jiyanim yovvoyi tabiatni o'rganish uchun Botsvanaga ko'chib ketdi.,,
omaha,noun,B2,omaxa,Омаха,The largest city in the state of Nebraska in the United States.,ˈoʊməhɑː,18076,places,We are planning a road trip to visit family in Omaha next.,Keyingi safar Omaxadagi qarindoshlarimiznikiga borish uchun yo'lga chiqamiz.,,
bizrate,noun,B2,bizreyt,Бизрейт,A website that allows customers to compare product prices and read shop reviews.,ˈbɪzreɪt,18078,work,I used Bizrate to find the best price for my new laptop.,Yangi noutbukimni eng arzon narxda topish uchun Bizrate'dan foydalandim.,,
vienna,noun,A2,vena,Вена,The capital city of Austria known for its classical music and history.,viˈɛnə,18080,places,We spent a wonderful week exploring the historic center of Vienna together.,Biz Venaning tarixiy markazini aylanish uchun bir hafta vaqt o'tkazdik.,,
stanford,noun,B1,stenford,Стэнфорд,"A world-famous private university located in California, USA.",ˈstænfərd,18082,school,She received a full scholarship to study computer science at Stanford University.,U Stenford universitetida informatika o'qish uchun to'liq grant yutib oldi.,,
gamespot,noun,B2,o'yinlar portali,игровой портал,A popular website that provides news and reviews about video games.,ˈɡeɪmˌspɒt,18084,places,I checked Gamespot to see the review of the new action game.,Yangi o'yin haqidagi taqrizni bilish uchun Gamespot saytini tekshirib ko'rdim.,website portal,
wordpress,noun,B2,veb-sayt platformasi,платформа для создания сайтов,A widely used software platform for creating and managing websites or blogs.,ˈwɜːrdˌprɛs,18086,work,Many small businesses use WordPress to build their company websites easily.,Ko'plab kichik bizneslar o'z saytlarini oson yaratish uchun WordPressdan foydalanadi.,platform software,
bahamas,noun,A2,Bagama orollari,Багамские острова,A group of islands in the Atlantic Ocean that is a popular vacation destination.,bəˈhɑːməz,18088,travel,We are planning to spend our winter holidays in the beautiful Bahamas.,Qishki ta'tilimizni go'zal Bagama orollarida o'tkazishni rejalashtiryapmiz.,islands nation,
powell,noun,C1,famil,фамилия,A common English surname used to identify specific individuals.,ˈpaʊəl,18090,people-family,The professor Powell will give a lecture about history this afternoon.,Professor Pauell bugun tushdan keyin tarix fanidan ma'ruza o'qiydi.,,
hampton,noun,C1,nomi,название,A place name commonly used for towns or districts in English-speaking countries.,ˈhæmptən,18092,places,He lives in a quiet town called Hampton near the big city.,U katta shahar yaqinidagi Xempton deb nomlangan sokin shaharchada yashaydi.,,
stuart,noun,B1,ism,имя,A common male given name originating from Scotland.,ˈstjuːərt,18094,people-family,My friend Stuart is coming to visit us for the weekend.,Do'stim Styuart dam olish kunlari biznikiga mehmonga kelyapti.,,
salvador,noun,B1,ism,имя,A common male name meaning savior used in many Spanish-speaking countries.,ˈsælvədɔːr,18096,people-family,Salvador is a popular name in Latin American countries and regions.,Salvador Lotin Amerikasi mamlakatlarida keng tarqalgan ism hisoblanadi.,,
watson,noun,C1,Vatson,Уотсон,A common English surname or a well-known name for an artificially intelligent computer system.,wotsən,18102,people-family,IBM created Watson to answer complex questions using natural language processing.,IBM kompaniyasi murakkab savollarga javob berish uchun Vatson sun'iy intellektini yaratdi.,,
bryan,noun,B1,Brayan,Брайан,"A masculine given name of Celtic origin, common in English-speaking countries.",braiən,18106,people-family,I am going to meet my friend Bryan at the station today.,Men bugun do'stim Brayan bilan vokzalda uchrashmoqchiman.,,
geneva,noun,C2,archacha ichimligi,джин,A strong alcoholic drink made from grain and flavored with juniper berries.,d͡ʒəˈniːvə,18116,food-drink,He enjoyed a cold glass of geneva while sitting at the bar.,U barda o'tirib bir stakan sovuq jindan bahramand bo'ldi.,gin,
brussels,noun,B1,Bryussel,Брюссель,The capital city of Belgium and the center of the European Union.,ˈbrʌsəlz,18120,places,Many important political meetings are held in the city of Brussels.,Ko'plab muhim siyosiy yig'ilishlar Bryussel shahrida o'tkaziladi.,,
gibson,noun,C1,kokteyl,коктейль,A type of cocktail made from gin and dry vermouth with a small onion.,ˈɡɪbsən,18124,food-drink,The bartender prepared a cold Gibson for the lady at the bar.,Barman barda o'tirgan xonim uchun sovuq Gibson kokteylini tayyorladi.,cocktail,
nicole,noun,A1,ism,имя,A common female given name used in many countries around the world.,nɪˈkoʊl,18126,people-family,My best friend Nicole is visiting us from France this summer.,Eng yaqin dugonam Nikol shu yoz Fransiyadan biznikiga mehmonga kelyapti.,,
albuquerque,noun,B2,shahar,город,A large city located in the state of New Mexico in the United States.,ˈælbəkɜːrki,18128,places,They decided to drive across the country and stop in Albuquerque today.,Ular mashinada mamlakat bo'ylab sayohat qilib bugun Albukerkeda to'xtashga qaror qilishdi.,,
windsor,noun,B2,shaharcha,город,A historic town in England known for its famous royal castle.,ˈwɪnzər,18130,places,We visited the royal castle during our trip to Windsor last weekend.,O'tgan dam olish kunlari Vindzorga qilgan sayohatimizda qirollik qasriga tashrif buyurdik.,,
zambia,noun,B1,zambiya,замбия,A landlocked country located in the southern part of the African continent.,ˈzæmbiə,18132,places,Zambia is known for its beautiful wildlife and the famous Victoria Falls.,Zambiya o'zining go'zal yovvoyi tabiati va mashhur Viktoriya sharsharasi bilan tanilgan.,,
gmbh,noun,C1,masuliyati cheklangan jamiyat,общество с ограниченной ответственностью,A legal term for a limited liability company based in German-speaking countries.,ɡiː-ɛm-bi-eɪtʃ,18134,work,The German engineering firm operates as a GmbH to protect its assets.,Germaniyaning muhandislik firmasi o'z mablag'larini himoya qilish uchun GmbH shaklida ishlaydi.,company,
webshots,noun,B2,internet sayti,сайт,A website formerly used for sharing photos and downloading desktop wallpaper images.,ˈwɛbʃɒts,18138,work,She used to download high quality nature photos from the Webshots website.,U ilgari Webshots saytidan tabiatning sifatli suratlarini yuklab olardi.,website,
msgstr,noun,C2,xabar tarjimasi,перевод сообщения,A field in a software file containing the translated text for a specific message.,mɛsɪdʒ stɪŋ,18140,work,The software engineer updated the msgstr field to fix the display error.,Dasturchi xatolikni tuzatish uchun msgstr qatorini yangiladi.,translation,
adipex,noun,C2,ozdiruvchi dori,препарат для похудения,A prescription medicine used for a short time to help people lose weight.,ˈædɪpɛks,18142,body-health,The doctor prescribed Adipex to help the patient start their weight loss.,Shifokor bemorning vazn tashlashini boshlashi uchun Adipex dorisini yozib berdi.,phentermine,
lloyd,noun,B2,shaxsiy ism,мужское имя,A common male given name of Welsh origin meaning gray or brown.,lɔɪd,18144,people-family,Lloyd has been working at the accounting firm for ten years now.,Lloyd o‘n yildan beri bu buxgalteriya firmasida ishlab kelmoqda.,,
brighton,noun,B2,shahar nomi,название города,A popular seaside city on the southern coast of England.,ˈbraɪtən,18146,travel,We spent a lovely weekend visiting the pier in Brighton last summer.,O‘tgan yozda Brighton plyajida ajoyib dam olib qaytdik.,,
ellis,noun,B2,familiya,фамилия,A common surname of English or Welsh origin.,ˈɛlɪs,18148,people-family,Mr. Ellis will be leading the research team during the project phase.,Loyihaning ushbu bosqichida tadqiqot guruhiga janob Ellis rahbarlik qiladi.,,
leonard,noun,B2,shaxsiy ism,мужское имя,A classic male given name meaning brave as a lion.,ˈlɛnərd,18150,people-family,Leonard is known for his great contribution to the science of physics.,Leonard fizika faniga qo‘shgan ulkan hissasi bilan tanilgan.,,
raymond,noun,B2,shaxsiy ism,мужское имя,A traditional male name of Germanic origin meaning wise protector.,ˈreɪmənd,18152,people-family,Raymond decided to pursue his career in the field of journalism.,Raymond jurnalistika sohasida o‘z faoliyatini davom ettirishga qaror qildi.,,
sullivan,noun,B2,familiya,фамилия,A common Irish surname meaning dark-eyed one.,ˈsʌlɪvən,18154,people-family,Professor Sullivan gave an interesting lecture on modern history this morning.,Professor Sullivan bugun ertalab zamonaviy tarix haqida qiziqarli ma’ruza o‘qidi.,,
lancaster,noun,C1,shaharcha manzilgoh,Ланкастер,A name used for several towns and cities in English-speaking countries.,ˈlæŋkəstə,18156,places,They are planning to move to Lancaster early next year.,Ular kelasi yilning boshida Lankasterga ko'chib o'tishni rejalashtirishmoqda.,,
julia,noun,A1,ismlar,Юлия,A common female given name used in many parts of the world.,ˈdʒuːliə,18158,people-family,My cousin Julia is visiting us from London this summer.,Amakimning qizi Yuliya yozda biznikiga mehmon bo'lib keladi.,,
amanda,noun,A1,ismlar,Аманда,A common female given name of Latin origin.,əˈmændə,18160,people-family,Amanda works as a teacher at the local primary school.,Amanda mahalliy boshlang'ich maktabda o'qituvchi bo'lib ishlaydi.,,
kelkoo,noun,B2,narxlar taqqoslash sayti,Келку,An online service that helps shoppers compare prices for different products.,kɛlˈkuː,18162,work,We used Kelkoo to find the cheapest laptop online.,Biz internetdan eng arzon noutbukni topish uchun Kelkoo'dan foydalandik.,,
mazda,noun,A2,mashina brendi,Мазда,A Japanese company that manufactures automobiles.,ˈmæzdə,18164,travel,He drives a blue Mazda to work every single morning.,U har kuni ertalab ishga ko'k rangli Mazda mashinasida boradi.,,
symantec,noun,C1,dasturiy ta'minot kompaniyasi,Симантек,A large American company that makes computer security software.,sɪˈmæntɛk,18166,work,The corporation uses Symantec software to protect its private data.,Korporatsiya o'z maxfiy ma'lumotlarini himoya qilish uchun Symantec dasturidan foydalanadi.,,
wichita,noun,C1,shahar,Уичито,The largest city in the state of Kansas in the United States.,ˈwɪtʃɪtɔː,18168,places,Wichita is known for its major aircraft manufacturing industry.,Uichita o'zining yirik samolyotsozlik sanoati bilan mashhur.,,
nasdaq,noun,C2,fond birjasi,Насдак,An American stock exchange for technology companies and other large businesses.,ˈnæz dæk,18170,ielts,The stock prices on the Nasdaq dropped significantly this morning.,Bugun ertalab Nasdaq fond birjasidagi aksiyalar narxi sezilarli darajada pasayib ketdi.,,
ellen,noun,C2,quvvat madad,сила поддержка,A state of feeling supported or receiving inner strength during a difficult time.,ˈɛl.ən,18172,feelings,She found great ellen in the kindness of her friends after the loss.,Yo'qotishdan so'ng do'stlarining mehridan katta madad topdi.,support comfort,despair
midlands,noun,C1,o‘rta hudud,центральные районы,"The central part of a country, especially the middle region of England.",ˈmɪdləndz,18174,places,They moved to the English midlands to find work in a factory.,Ular zavodda ishlash uchun Angliyaning o‘rta hududlariga ko‘chib o‘tishdi.,,
petersburg,noun,B2,Peterburg,Петерсбург,A large city in Russia known for its history and beautiful architecture.,ˈpiːtəzbɜːɡ,18178,places,I am planning to visit the famous museums in Saint Petersburg next year.,Kelasi yili Sankt-Peterburgdagi mashhur muzeylarga borishni rejalashtiryapman.,,
ethiopia,noun,B2,Efiopiya,Эфиопия,A country in East Africa known for its long history and unique culture.,ˌiːθiˈəʊpiə,18182,places,Ethiopia is famous for its historical sites and traditional coffee ceremonies.,Efiopiya o‘zining tarixiy obidalari va an’anaviy qahva marosimlari bilan mashhur.,,
darwin,noun,C1,darvin,дарвин,A specific measurement unit used to describe the rate of evolutionary change in biology.,ˈdɑːrwɪn,18188,ielts,The fossil record helps scientists calculate the rate of change in darwins.,Qazilma qoldiqlari olimlarga evolyutsiya tezligini darvin birligida hisoblashga yordam beradi.,unit,
bradley,noun,A1,Bredli,Брэдли,A common English given name for a person.,ˈbrædli,18190,people-family,Bradley is a friendly person who works at the local library office.,Bredli mahalliy kutubxonada ishlaydigan xushmuomala inson.,,
judy,noun,A1,Judi,Джуди,A female given name common in English-speaking countries.,ˈdʒuːdi,18194,people-family,Judy invited all of her friends to her birthday party last night.,Judi kecha barcha do‘stlarini tug‘ilgan kuniga taklif qildi.,,
volkswagen,noun,A2,folksvagen,фольксваген,A popular German brand of motor cars known for reliability and quality.,ˈvɒlksvɑːɡən,18196,basics,My father bought a new Volkswagen to drive to his work daily.,Dadam har kuni ishga borish uchun yangi Folksvagen sotib oldi.,car,
benz,noun,C2,amfetamin stimulyator,амфетамин,A strong illegal drug that makes people feel more active and excited.,benz,18206,body-health,The police warned teenagers about the dangers of using illicit benz.,Politsiya o'smirlarni taqiqlangan moddalardan foydalanish xavfi haqida ogohlantirdi.,benzie,
bulgarian,adjective,A2,bolgariyalik bolgar,болгарский,Relating to the country of Bulgaria or its people and language.,bʌlˈɡɛəriən,18208,places,My best friend is Bulgarian and she speaks three different foreign languages.,Eng yaqin do‘stim bolgariyalik va u uchta xorijiy tilda gapira oladi.,,
hotmail,noun,B1,elektron pochta xizmati,почтовая служба,A brand name for an early web-based email service used to send digital messages.,ˈhɒtmeɪl,18212,work,I used my old hotmail account to register for the new website.,Yangi saytga ro'yxatdan o'tish uchun eski elektron pochta manzilimdan foydalandim.,email,
joshua,noun,A1,Yoshua,Джошуа,A common male given name of Hebrew origin used in many countries.,ˈdʒɒʃuə,18214,people-family,Joshua is coming to our house for dinner this Saturday evening.,Yoshua shanba oqshomida kechki ovqatga biznikiga kelyapti.,,
armenia,noun,A2,Armaniston,Армения,A country located in the Caucasus region between Europe and Western Asia.,ɑːˈmiːniə,18216,places,Many tourists enjoy visiting the beautiful mountainous landscapes of Armenia every year.,Ko'plab sayyohlar har yili Armanistonning go'zal tog'li manzaralaridan bahramand bo'lishadi.,,
christine,noun,A1,Kristin,Кристина,A common female given name used in many English-speaking countries.,krɪˈstiːn,18224,people-family,Christine invited all of her colleagues to her birthday party yesterday.,Kristin kecha barcha hamkasblarini tug'ilgan kuniga taklif qildi.,,
clarke,noun,B1,Klark,Кларк,A common surname of English origin found in various English-speaking regions.,klɑːk,18226,people-family,The professor Clarke is known for his research on modern social issues.,Professor Klark zamonaviy ijtimoiy muammolar bo'yicha olib borgan tadqiqotlari bilan tanilgan.,,
surrey,noun,C2,otli aravacha,лёгкий конный экипаж,A light horse-drawn carriage with two or four seats used in the past.,ˈsʌɹi,18230,travel,The old carriage looked like a classic surrey from the nineteenth century.,Eski arava o'n to'qqizinchi asrdagi klassik otli aravachaga o'xshardi.,carriage wagon,
macedonia,noun,C2,mevali salat sabzavotli aralashma,маседуан (смесь овощей или фруктов),A dish made of a mixture of cut fruits or cooked vegetables served together.,ˌmasɪˈdəʊnɪə,18234,food-drink,We prepared a fresh fruit macedonia for the party guests this evening.,Biz kechqurun ziyofat mehmonlari uchun yangi uzilgan mevali salat tayyorladik.,salad mix,
gothic,adjective,C1,gotika gotik,готический,Relating to a style of architecture or art from the Middle Ages characterized by dark mystery.,ˈɡɒθ.ɪk,18236,describing,The cathedral is a famous example of medieval Gothic architecture and design.,Bu sobor o‘rta asrlar gotika me’morchiligining mashhur namunalaridan biri hisoblanadi.,dark eerie,
cohen,noun,C2,kohin yahudiy ruhoniysi,коэн,A Jewish person who is a direct descendant of the high priest Aaron.,ˈkoʊən,18238,people-family,The cohen led the traditional religious ceremony at the ancient synagogue today.,Kohin bugun qadimiy sinagogada ananaviy diniy marosimni boshqarib bordi.,priest,
chan,noun,C2,onlayn forum suhbat xonasi,"интернет-форум, канал в чате",A specific online discussion area or a website used for posting images and sharing messages.,t͡ʃæn,18244,ielts,Many people discuss their hobbies on an anonymous internet imageboard chan.,Ko'p odamlar o'z qiziqishlarini anonim internet forumlarida muhokama qilishadi.,forum board,
beth,noun,C2,ibroniy alifbosining ikkinchi harfi,бет (вторая буква еврейского алфавита),The name of the second letter used in the Hebrew and other ancient Semitic alphabets.,bɛθ,18248,school,"In Hebrew studies, the first letter is aleph and the second is beth.","Ibroniyshunoslikda birinchi harf alef, ikkinchisi esa bet deb ataladi.",,
ministries,noun,B2,vazirliklar,министерства,Government departments that are responsible for a particular area of public life.,ˈmɪnɪstriz,18250,ielts,The government ministries are working together to improve the national education system.,Davlat vazirliklari taʼlim tizimini yaxshilash uchun hamkorlikda ishlamoqda.,departments agencies,
vacancies,noun,B2,bo'sh ish o'rinlari,вакансии,Available job positions in a company or empty rooms available for rent.,ˈveɪkənsiz,18252,work,The company currently has several vacancies for experienced software engineers.,Kompaniyada hozirda tajribali dasturchilar uchun bir nechta bo‘sh ish o‘rni mavjud.,openings roles,
quizzes,noun,A2,testlar savol-javoblar,викторины,Short tests or games where you answer questions to show your knowledge.,ˈkwɪzɪz,18254,school,Our teacher gives us weekly quizzes to check our progress in class.,O‘qituvchimiz darsdagi natijalarimizni tekshirish uchun har hafta testlar o‘tkazadi.,tests exams,
handbags,noun,C1,arzimas mojaro mayda janjal,мелкая потасовка,A silly or small argument that is not serious or important.,ˈhænd.bæɡz,18256,idioms,"It was not a real fight, just handbags in the local pub.","Bu jiddiy mushtlashuv emasdi, shunchaki mayda janjal bo'ldi.",scuffle disagreement,
incurred,verb,C1,orttirilgan duch kelingan,понесенный,To experience something unpleasant or to become responsible for a cost.,ɪnˈkɝd,18258,ielts,The company incurred huge losses after the new project failed completely.,"Yangi loyiha muvaffaqiyatsiz chiqqach, kompaniya katta zarar ko'rdi.",sustained suffered,
albania,noun,A2,Albaniya,Албания,A country located in Southeast Europe on the Balkan Peninsula.,ælˈbeɪniə,18270,places,My cousin is planning to travel to Albania for his summer holidays.,Jiyanim yozgi ta’tilda Albaniyaga sayohat qilishni rejalashtirmoqda.,,
ambien,noun,C1,uyqu dori,снотворное,A brand name for a medicine used to help people who have difficulty sleeping.,ˈeɪmbiən,18278,body-health,The doctor prescribed Ambien to help me get a good night of rest.,Shifokor yaxshi uxlashim uchun menga uyqu dori yozib berdi.,sedative,
lexington,noun,B2,shahar nomi,Лексингтон,"The name of several cities in the United States, most notably in Kentucky and Massachusetts.",ˈlɛksɪŋtən,18280,places,Lexington is famous for its horse farms and beautiful green landscapes.,Leksington o'zining ot fermalari va go'zal yashil manzaralari bilan mashhur.,,
vernon,noun,B2,shaxs ismi,Вернон,A common masculine given name of French origin meaning place of alder trees.,ˈvɜːnən,18282,people-family,Vernon has been working as a professor at the university for ten years.,Vernon o'n yildan beri universitetda professor bo'lib ishlaydi.,,
worldcat,noun,C2,kutubxona katalogi,каталог библиотек,A global database that shows the collections of thousands of libraries around the world.,ˈwɜːldkæt,18284,school,I searched WorldCat to see if this rare book exists in any library.,Bu nodir kitob biron kutubxonada bormi deb WorldCat'da qidirib ko'rdim.,database catalog,
leslie,noun,B1,shaxs ismi,Лесли,"A given name used for both men and women, of Scottish origin.",ˈlɛzli,18290,people-family,My friend Leslie invited me to her house for dinner this evening.,Do'stim Lesli meni bugun kechqurun uyiga kechki ovqatga taklif qildi.,,
postings,noun,B1,e'lonlar xabarlar,публикации,Messages or information that are published on a website or social media platform.,ˈpəʊstɪŋz,18292,work,She shared several interesting postings on her professional network page yesterday.,U kecha o'zining ish faoliyati sahifasida bir nechta qiziqarli xabarlar ulashdi.,messages uploads,
palmer,noun,C2,ziyoratchi hoji,паломник,A person who travels to a sacred place for religious purposes.,ˈpɑːmə,18296,places,The old palmer traveled for many months to reach the holy city.,Qariya ziyoratchi muqaddas shaharga yetib borish uchun bir necha oy yo'l yurdi.,pilgrim,
passwords,noun,A1,maxfiy so'zlar parollar,пароли,Secret words or combinations used to prove your identity to access a computer system.,ˈpɑːswɜːdz,18298,basics,You should use strong and unique passwords for all your online accounts.,Internetdagi barcha akkauntlaringiz uchun murakkab va har xil parollardan foydalanishingiz kerak.,codes,
halo,noun,C1,halka nur,ореол,A circle of light seen around the sun or moon in the sky.,ˈheɪləʊ,18300,nature,A faint halo appeared around the moon during the clear winter night.,Ochiq qish kechasi oy atrofida xira nurli halqa paydo bo'ldi.,ring aura,
warcraft,noun,C1,urush san'ati harbiy mahorat,военное искусство,The skill or experience needed to successfully plan and lead a military campaign.,ˈwɔːkɹɑːft,18304,ielts,The general was highly respected for his extensive knowledge of warcraft.,General o'zining urush san'ati borasidagi keng bilimi uchun hurmat qozongan edi.,strategy warfare,
salaries,noun,B1,maoshlar ish haqlari,зарплаты,Fixed amounts of money paid to an employee for their regular work.,ˈsæləɹiz,18306,work,The company decided to increase salaries for all of its hard-working staff.,Kompaniya barcha tirishqoq xodimlarining maoshlarini oshirishga qaror qildi.,wages payments,
smilies,noun,A2,tabassumlar smayliklar,смайлики,Small symbols or pictures used to show an emotion in digital messages.,ˈsmaɪliz,18308,basics,I always add smilies to my text messages to show I am joking.,Hazil qilayotganimni bildirish uchun doim xabarlarimga smayliklar qo‘shaman.,emojis icons,
yale,noun,C2,yeyl,йейл,A mythical animal with large horns that can be moved in different directions.,jeɪl,18310,animals,The yale is a rare creature often found in old coats of arms.,Yeyl - bu qadimiy gerblarda ko'p uchraydigan afsonaviy mavjudot.,mythical-beast,
oecd,noun,C1,iqtisodiy hamkorlik tashkiloti,ОЭСР,An international organization helping governments work together to improve economic growth and social well-being.,ˌəʊ iː siː ˈdiː,18314,ielts,The OECD report provides useful data on global economic trends and policies.,OECD hisoboti global iqtisodiy tendensiyalar va siyosatlar haqida foydali ma'lumotlarni taqdim etadi.,organization agency,
nextel,noun,B2,aloqa operatori,Некстел,A telecommunications company known for its push-to-talk radio and mobile phone services.,ˈnɛkstɛl,18320,work,The delivery team used Nextel radios to communicate during the busy shift.,Yetkazib berish jamoasi ish vaqtida aloqa qilish uchun Nextel radiolaridan foydalandi.,carrier provider,
rwanda,noun,B1,ruanda,Руанда,A small landlocked country located in the Great Rift Valley of East Africa.,ruˈændə,18322,places,We visited Rwanda last summer to see the mountain gorillas in nature.,Biz o'tgan yili tog' gorillalarini tabiatda ko'rish uchun Ruandaga bordik.,nation country,
vsnet,noun,C1,tarmoq tizimi,сетевая система,A computer system or network platform designed for specific data processing or virtual connectivity.,ˈviː ɛs nɛt,18324,work,The technical team upgraded the vsnet infrastructure to improve overall connection speed.,Texnik jamoa umumiy ulanish tezligini oshirish uchun vsnet infratuzilmasini yangiladi.,network system,
msie,noun,B2,internet brauzer,браузер,An old web browser program used for viewing websites on personal computers.,ˌɛm ɛs aɪ ˈiː,18328,work,Many older websites were originally designed to function best on MSIE.,Ko'plab eski veb-saytlar dastlab MSIE brauzerida eng yaxshi ishlashi uchun yaratilgan edi.,browser software,
appropriations,noun,C1,ajratilgan mablag'lar mablag' ajratish,ассигнования,Money that a government or organization has set aside for a specific purpose.,əˌpɹoʊpɹiˈeɪʃənz,18330,ielts,The committee reviewed the annual appropriations for the new infrastructure development project.,Qo'mita yangi infratuzilma loyihasi uchun yillik ajratilgan mablag'larni ko'rib chiqdi.,funding allocation,
tomatoes,noun,A1,pomidorlar,помидоры,Soft red fruits that are eaten raw in salads or cooked in various meals.,təˈmɑːtəʊz,18332,food-drink,I need to buy some fresh tomatoes to make a salad tonight.,Bugun kechga salat tayyorlash uchun yangi pomidorlar sotib olishim kerak.,,
beginners,noun,A1,yangi o'rganuvchilar boshlovchilar,начинающие,People who are just starting to learn or do something new.,bɪˈɡɪnəz,18334,basics,This textbook is designed specifically for beginners who want to learn English.,Bu darslik aynan ingliz tilini endi boshlayotganlar uchun mo'ljallangan.,novices,experts
shark,noun,B1,akula,акула,"A large, dangerous fish that lives in the ocean and has sharp teeth.",ʃɑːk,18338,animals,The shark swam quickly through the water looking for some food.,Akula ozuqa qidirib suvda tezlik bilan suzib yurardi.,,
contributor,noun,C1,hissa qo'shuvchi ishtirokchi,вкладчик,A person or thing that helps to cause or develop something.,kənˈtɹɪb.jə.tɚ,18340,ielts,Lack of sleep is a major contributor to stress in modern life.,Uyquning yetishmasligi zamonaviy hayotda stressning asosiy sabablaridan biridir.,donor supporter,
grateful,adjective,A2,minnatdor rahmatli,благодарный,Feeling or showing thanks because someone has done something kind for you.,ˈɡɹeɪtf(ʊ)l,18342,feelings,I am very grateful for all your help with this project.,Ushbu loyiha bo'yicha ko'rsatgan yordamingiz uchun juda minnatdorman.,thankful appreciative,ungrateful
emerald,noun,B2,zumrad,изумруд,A precious green stone often used in expensive jewelry.,ˈɛm.(ə.)ɹəld,18344,nature,The queen wore a beautiful necklace decorated with a large emerald.,Qirolicha katta zumrad bilan bezatilgan chiroyli marjon taqqan edi.,,
gradually,adverb,B1,asta-sekin sekin-asta,постепенно,Happening or changing slowly over a long period of time.,ˈɡɹæd͡ʒuəli,18346,describing,The weather gradually improved as the sun came out this afternoon.,"Quyosh chiqqach, ob-havo asta-sekin yaxshilandi.",slowly steadily,suddenly
cliff,noun,B2,qoya tik qoyalik,утёс,"A high, very steep area of rock near the sea or mountains.",klɪf,18348,nature,We stood at the top of the cliff and watched the ocean.,"Biz qoya tepasida turib, okeanni tomosha qildik.",precipice,
desirable,adjective,B2,istalgan ma'qul,желательный,Something that most people want to have or achieve.,dɪˈzaɪəɹəbəl,18350,ielts,Fluency in a second language is a desirable skill for this job.,Bu ish uchun ikkinchi tilni bilish ma'qul ko'riladigan mahoratdir.,advantageous sought-after,undesirable
tract,noun,C1,hudud maydon,участок,A large area of land or a system of body organs.,tɹækt,18352,ielts,The city bought a large tract of land to build a park.,Shahar park qurish uchun katta maydon sotib oldi.,area expanse,
ballet,noun,B1,balet,балет,A type of classical dance performed to music with a story.,bælˈeɪ,18354,actions,She has been practicing ballet since she was a little girl.,U yoshligidan beri balet bilan shug'ullanadi.,,
journalist,noun,A2,jurnalist muxbir,журналист,"A person who writes news stories for newspapers, magazines, or television.",ˈd͡ʒɝnəlɪst,18356,people-family,The journalist interviewed the president about the new national policy.,Jurnalist prezidentdan yangi milliy siyosat haqida intervyu oldi.,reporter correspondent,
bumper,adjective,C1,mo'l-ko'l katta,обильный,"Exceptionally large, productive, or successful in amount.",ˈbʌmpə,18358,ielts,Farmers are expecting a bumper harvest of wheat this year.,Dehqonlar bu yil bug'doydan mo'l-ko'l hosil olishni kutmoqdalar.,abundant,
afterwards,adverb,A2,keyin so'ng,позже,At a later time after an event has already happened.,ˈɑːftə.wədz,18360,time,We had dinner at the cafe and went to the cinema afterwards.,Biz kafeda ovqatlandik va keyin kinoga bordik.,later then,before
webpage,noun,A2,veb-sahifa,веб-страница,A single document on the internet that you can see in a web browser.,ˈweb.peɪdʒ,18362,school,You can find all the information on the company's official webpage.,Barcha ma'lumotlarni kompaniyaning rasmiy veb-sahifasidan topishingiz mumkin.,site page,
garlic,noun,A2,sarimsoq,чеснок,A vegetable with a strong taste and smell used for flavoring food.,ˈɡɑːlɪk,18364,food-drink,Many delicious recipes require you to add chopped garlic at the start.,Ko'plab mazali retseptlar boshida maydalangan sarimsoq qo'shishni talab qiladi.,,
shine,verb,B1,porlamoq yaltiramoq,светить,To send out light or reflect light brightly.,ʃaɪn,18366,nature,The sun started to shine brightly after the heavy rain stopped.,"Kuchli yomg'ir to'xtagach, quyosh yorqin porlay boshladi.",glow beam,
explosion,noun,B2,portlash,взрыв,A loud noise and sudden release of energy caused by something blowing up.,ɪkˈspləʊ.ʒən,18368,ielts,The loud explosion caused significant damage to the surrounding old buildings.,Kuchsli portlash atrofidagi eski binolarga jiddiy zarar yetkazdi.,blast detonation,
banned,adjective,B2,taqiqlangan man etilgan,запрещенный,Not allowed by law or an official rule.,bænd,18370,ielts,Smoking is banned in all public areas within the shopping mall.,Savdo markazining barcha jamoat joylarida chekish taqiqlangan.,prohibited disallowed,permitted
cove,noun,B2,qo'ltiqcha buxta,бухта,A small area of sea along a coast that is sheltered by high rocks.,kəʊv,18372,nature,We found a quiet cove where the water was very calm.,Biz suvi juda tinch bo'lgan sokin bir qo'ltiqchani topdik.,inlet bight,
opponent,noun,B2,raqib qarshilovchi,противник,A person who competes against or fights someone in a contest or sport.,əˈpəʊ.nənt,18374,ielts,My opponent in the chess match was much better than me.,Shaxmat o'yinidagi raqibim mendan ancha kuchliroq edi.,rival adversary,ally
pasta,noun,A1,makaron,макароны,A food made from flour and water that is cooked in boiling water.,ˈpæs.tə,18376,food-drink,I usually make pasta with fresh tomato sauce for my dinner.,Men kechki ovqatga odatda yangi pomidorli qayla bilan makaron pishiraman.,noodles,
simplified,adjective,B1,soddalashtirilgan,упрощённый,Made easier to understand or simpler in appearance by removing extra parts.,ˈsɪmplɪfaɪd,18378,describing,The teacher gave us a simplified version of the difficult report.,O'qituvchi bizga qiyin hisobotning soddalashtirilgan variantini berdi.,basic easy,complicated
serum,noun,C1,zardob,сыворотка,"A clear, watery liquid that is part of blood, often used to help the immune system.",ˈsɪəɹəm,18380,body-health,The doctor administered a special serum to help boost the patient's immunity.,Shifokor bemorning immunitetini oshirish uchun maxsus zardob yubordi.,antiserum,
wrapped,adjective,A2,o'ralgan o'rab qo'yilgan,завёрнутый,"Covered in paper, cloth, or some other material for protection or as a gift.",ɹæpt,18382,describing,I received a beautifully wrapped present for my birthday last week.,Tug'ilgan kunimga chiroyli o'ralgan sovg'a oldim.,covered encased,unwrapped
swift,adjective,B2,tezkor chaqqon,быстрый,Happening or done quickly and without any delay.,swɪft,18384,describing,The government took swift action to stop the spread of the disease.,Hukumat kasallik tarqalishini to'xtatish uchun tezkor choralar ko'rdi.,quick rapid,slow
motherboard,noun,B2,ona plata,материнская плата,The main circuit board inside a computer that connects all its electronic parts.,ˈmʌðɚˌbɔɹd,18386,work,"If the motherboard fails, the entire computer will stop working immediately.","Agar ona plata ishdan chiqsa, butun kompyuter darhol to'xtab qoladi.",mainboard mobo,
runtime,noun,C1,ishlash vaqti,время выполнения,The period of time during which a computer program or process is actually running.,ˈrʌnˌtaɪm,18388,work,The program has a long runtime because it handles a massive dataset.,Dastur katta hajmdagi ma'lumotlar bilan ishlagani uchun uning ishlash vaqti uzoq.,,
inbox,noun,A2,kiruvchi xatlar qutisi,входящие,A folder on a computer or email account where received messages are stored.,ˈɪnbɒks,18390,work,I check my email inbox every morning before starting my daily tasks.,Men har kuni ertalab kundalik ishlarimni boshlashdan oldin elektron pochtamni tekshiraman.,,outbox
focal,adjective,C1,o'choqli markaziy,очаговый,Relating to the center or the most important part of something.,ˈfəʊ.kl̩,18392,ielts,The focal point of the room was the large antique fireplace.,Xonaning markaziy qismi katta antik kamin edi.,central,peripheral
bibliographic,adjective,C1,bibliografik,библиографический,Related to a list of books and articles used as sources for a document.,ˌbɪblɪəˈɡræfɪk,18394,school,You must include all bibliographic information at the end of your research paper.,Siz tadqiqot ishingiz oxirida barcha bibliografik ma'lumotlarni kiritishingiz shart.,,
eden,noun,C1,jannat,рай,"A place that is beautiful, peaceful, and represents perfect happiness.",ˈiː.dən,18396,places,They created a little garden of eden in their quiet backyard.,Ular hovlisida kichkinagina jannatmonand bog' yaratishdi.,paradise heaven,hell
distant,adjective,B1,olis uzoq,далекий,Located far away in space or time.,ˈdɪstənt,18398,describing,We heard a distant sound of music coming from the village.,Qishloqdan kelayotgan musiqaning uzoqdan eshitilayotgan tovushini eshitdik.,faraway,near
champagne,noun,B2,shampan vinosi,шампанское,A fancy white wine that has bubbles in it.,ʃæmˈpeɪn,18400,food-drink,They opened a bottle of champagne to celebrate the new job.,Yangi ishni nishonlash uchun shampan vinosi ochishdi.,,
decimal,adjective,B2,o'nli,десятичный,Based on the number ten.,ˈdɛs.ɪ.məɫ,18402,ielts,The math teacher explained how to convert fractions into decimal numbers.,Matematika o'qituvchisi oddiy kasrlarni o'nli kasrlarga aylantirishni tushuntirdi.,,
deviation,noun,C1,og'ish chetlanish,отклонение,The action of doing something different from what is normal or expected.,ˌdiː.viˈeɪʃən,18404,ielts,Any deviation from the standard rules will not be accepted today.,Bugun standart qoidalardan har qanday chetlanish qabul qilinmaydi.,departure shift,conformity
superintendent,noun,C1,boshqaruvchi nazoratchi,управляющий,A person who is in charge of a building or a specific department.,ˌsjuːpəɹɪnˈtɛndənt,18406,work,The building superintendent fixed the broken pipe in the basement quickly.,Uy boshqaruvchisi yerto'ladagi yorilgan quvurni tezda tuzatib qo'ydi.,manager director,
hostel,noun,A2,yotoqxona,хостел,A cheap place for travelers to sleep where they share a room with others.,ˈhɑstəl,18412,travel,We stayed in a budget hostel during our trip across Europe.,Yevropa bo'ylab sayohatimizda arzon yotoqxonada turdik.,dormitory,
employ,verb,B2,ishga olmoq,нанимать,To pay someone to work for you as your employee.,ɪmˈplɔɪ,18414,work,The local factory continues to employ many people in our town.,Mahalliy zavod shahrimizdagi ko'plab odamlarni ish bilan ta'minlaydi.,hire recruit,dismiss
penguin,noun,A2,pingvin,пингвин,A black and white sea bird from cold areas that cannot fly but swims well.,ˈpɛŋ.ɡwɪn,18416,animals,We watched the penguins swimming and playing in the icy cold water.,Biz muzdek suvda suzib yurgan va oʻynayotgan pingvinlarni tomosha qildik.,,
magical,adjective,B1,sehrli moʻjizaviy,волшебный,Very beautiful or special in a way that feels like a dream.,ˈmæd͡ʒ.ɪ.kəl,18418,describing,The fireworks created a magical atmosphere on that beautiful summer night.,Mushakbozlik oʻsha goʻzal yoz kechasida sehrli muhit yaratdi.,enchanting charming,ordinary
irrigation,noun,B2,sugʻorish,орошение,The system of bringing water to land to help crops and plants grow.,ˌɪɹəˈɡeɪʃən,18420,ielts,Modern irrigation systems help farmers grow crops in very dry areas.,Zamonaviy sugʻorish tizimlari dehqonlarga qurgʻoqchil hududlarda ham hosil yetishtirishga yordam beradi.,,
miracle,noun,B2,moʻjiza,чудо,A surprising and very good event that cannot be explained by natural laws.,ˈmɪɹ.ə.kəl,18422,ielts,It was a medical miracle that he survived the terrible car accident.,Uning dahshatli avtohalokatdan omon qolishi tibbiy moʻjiza edi.,wonder,
manually,adverb,B2,qoʻlda,вручную,Done by using hands instead of using a machine or a computer.,ˈmænj(ʊ)əli,18424,work,The student manually checked the numbers because the computer software had failed.,Kompyuter dasturi ishlamay qolgani uchun talaba raqamlarni qoʻlda tekshirib chiqdi.,,automatically
reprint,noun,B2,qayta nashr,перепечатка,A book or document that is published again after being printed before.,ˈɹiːpɹɪnt,18426,work,The reprint of this classic novel is cheaper than the original version.,Bu klassik asarning qayta nashri dastlabki nusxasidan arzonroq turadi.,,
hydraulic,adjective,C1,gidravlik,гидравлический,"Operated or moved by the pressure of liquid, usually water or oil.",haɪˈdɹɒlɪk,18428,ielts,The mechanic used a hydraulic jack to lift the heavy car easily.,Mexanik ogʻir mashinani oson koʻtarish uchun gidravlik domkratdan foydalandi.,,
flex,verb,B2,bukmoq egmoq,сгибать,"To bend a part of your body, usually a joint or a muscle.",flɛks,18430,body-health,You should flex your muscles before you start the heavy workout.,Og'ir mashqni boshlashdan oldin mushaklaringizni qizdirib olishingiz kerak.,bend strain,relax
yearly,adjective,B1,yillik har yilgi,ежегодный,Happening or appearing once every single year.,ˈjɪɹli,18432,time,Our yearly family trip to the mountains is always very fun.,Oilamizning tog'larga qiladigan yillik sayohati doimo juda qiziqarli o'tadi.,annual,
penetration,noun,C1,kirib borish,проникновение,The act of moving into or through something that is hard to enter.,pɛ.nɪˈtɹeɪ.ʃən,18434,ielts,The deep penetration of the water caused the wood to rot slowly.,Suvning ichkariga chuqur kirib borishi yog'ochning asta-sekin chirishiga sabab bo'ldi.,entry invasion,
wound,noun,B2,jarohat jarohatlanish,рана,A physical injury where the skin is cut or torn.,wuːnd,18436,body-health,The nurse cleaned the deep wound on his leg very carefully.,Hamshira uning oyog'idagi chuqur jarohatni juda ehtiyotkorlik bilan tozaladi.,injury cut,
belle,noun,C2,go'zal ayol,красавица,A woman who is considered the most beautiful or attractive at an event.,bɛl,18438,describing,"Wearing a stunning red dress, she was truly the belle of the ball.",O'zining ajoyib qizil libosida u haqiqatan ham bazmning eng go'zal qizi edi.,beauty,
conviction,noun,C1,ishonch qat'iy fikr,убеждение,A strong belief or opinion that someone holds firmly.,kənˈvɪkʃən,18440,ielts,He spoke about his political plans with great conviction and courage.,U o'zining siyosiy rejalari haqida katta ishonch va jasorat bilan gapirdi.,belief faith,doubt
hash,noun,C1,panjara raqam,решетка,The symbol # used on computer keyboards or to indicate a number.,ˈhæʃ,18442,work,Please type a hash before the number to start the search.,Qidiruvni boshlash uchun raqamdan oldin panjara belgisini yozing.,hash-sign,
omissions,noun,C1,tushirib qoldirishlar o‘tkazib yuborishlar,пропуски,"Things that have not been included or done, intentionally or accidentally.",əʊˈmɪʃənz,18444,ielts,There were several serious omissions in the final report of the project.,Loyiha bo‘yicha yakuniy hisobotda bir nechta jiddiy kamchiliklar bor edi.,oversights failures,inclusions
writings,noun,B2,yozma asarlar bitiklar,письменные работы,"The books, articles, or documents that someone has written.",ˈɹaɪtɪŋz,18446,ielts,His philosophical writings have influenced many thinkers of the modern era.,Uning falsafiy asarlari zamonaviy davrning ko‘plab mutafakkirlariga ta’sir ko‘rsatdi.,works texts,
retrieval,noun,C2,qayta olish izlab topish,извлечение,The process of finding and getting back information that was saved.,ɹɪˈtɹiːvəl,18448,ielts,Modern software allows for the fast retrieval of lost digital data.,Zamonaviy dasturiy ta’minot yo‘qolgan raqamli ma’lumotlarni tezda qayta tiklash imkonini beradi.,recovery access,
qualities,noun,B1,fazilatlar sifatlar,качества,The good or bad characteristics or features that someone or something has.,ˈkwɑləˌtiz,18450,describing,She possesses all the qualities required for this high-level position.,U ushbu yuqori lavozim uchun kerakli barcha fazilatlarga ega.,attributes features,
carb,noun,B1,uglevod,углевод,A type of food substance that provides the body with energy.,kɑːb,18452,food-drink,I am eating fewer carbs to try and lose some weight.,Vazn tashlash uchun uglevodlarni kamroq isteʼmol qilyapman.,,
marvel,verb,C1,hayratlanmoq lol qolmoq,восторгаться,To show great surprise or admiration at something.,ˈmɑɹvl̩,18456,feelings,We stood there and continued to marvel at the beautiful sunset.,"Biz u yerda turib, goʻzal quyosh botishidan hayratda qoldik.",wonder admire,
importantly,adverb,B2,eng muhimi muhim jihati shundaki,важно,Used to introduce a point that is very significant to the topic.,ɪmˈpɔː.tənt.li,18458,ielts,"More importantly, we must ensure the project is finished on time.","Eng muhimi, loyihani oʻz vaqtida yakunlashimiz kerak.",crucially significantly,
petite,adjective,B2,ixcham ozgʻin,миниатюрная,Used to describe a woman who is short and slim.,pəˈtiːt,18460,describing,She is quite petite and finds it hard to find clothes.,U juda ixcham qomatli boʻlgani uchun oʻziga mos kiyim topishi qiyin.,small slight,large
yen,noun,C1,kuchli xohish ishtiyoq,сильное желание,A very strong desire or urge to have or do something.,jɛn,18462,feelings,She had a sudden yen to travel to the mountains alone.,Unda to‘satdan tog‘larga yolg‘iz sayohat qilishga kuchli ishtiyoq uyg‘ondi.,craving desire,
gossip,noun,B2,g‘iybat mish-mish,сплетни,Casual or unverified talk or reports about other people's private lives.,ˈɡɒsɪp,18464,ielts,I try to avoid listening to office gossip during my lunch break.,Tushlik paytida idoradagi g‘iybatlarni eshitmaslikka harakat qilaman.,rumor hearsay,
nomination,noun,B2,nomzodlik ko‘rsatish,выдвижение,"The act of officially suggesting someone for a job, position, or award.",ˌnɑmɪˈneɪʃən,18466,ielts,Her nomination for the award was a highlight of her career.,Uning mukofotga nomzod qilib ko‘rsatilishi faoliyatidagi eng muhim voqea bo‘ldi.,candidacy,
rotary,adjective,B2,aylanma aylanuvchi,вращающийся,Capable of rotating or moving around a central point.,ˈɹəʊ.tə.ɹi,18468,describing,The machine uses a rotary motion to cut the metal pieces efficiently.,Mashina metall bo‘laklarini samarali kesish uchun aylanma harakatdan foydalanadi.,rotating revolving,
worm,noun,A2,chuvalchang,червяк,"A small animal with a long, thin, soft body and no legs.",wɜːm,18470,animals,The bird pulled a long worm out of the wet ground.,Qush nam tuproqdan uzun chuvalchangni sug‘urib oldi.,,
dependence,noun,B2,qaramlik tobelik,зависимость,The state of needing someone or something to survive or function.,dɪˈpɛndəns,18472,ielts,The country is trying to reduce its dependence on imported fuel.,Mamlakat import qilinadigan yoqilg‘iga bo‘lgan qaramlikni kamaytirishga harakat qilmoqda.,reliance,independence
discrete,adjective,C1,alohida ajralgan,отдельный,"Separate, distinct, or individual parts that are not connected to each other.",dɪˈskɹiːt,18474,ielts,The research project is divided into three discrete phases of work.,Tadqiqot loyihasi uchta alohida ish bosqichiga bo‘lingan.,distinct separate,continuous
beginner,noun,A1,boshlovchi yangi,новичок,Someone who is just starting to learn or do something new.,bɪˈɡɪnə,18476,basics,I am a beginner at tennis so I need some lessons.,Men tennisni endi boshlayapman shuning uchun menga saboqlar kerak.,novice starter,expert
lid,noun,A2,qopqoq,крышка,The removable or hinged cover that fits over the top of a container.,lɪd,18478,home,Put the lid back on the jar to keep the cookies fresh.,Pechenyelar qurib qolmasligi uchun idishning qopqog‘ini yopib qo‘y.,cover top,
sexuality,noun,B2,jinsiy xususiyat jins,сексуальность,The condition of being male or female and the feelings related to sex.,sɛk.ʃuːˈæ.lɪ.ti,18480,ielts,The book explores the complexity of human sexuality in modern society.,Kitob zamonaviy jamiyatdagi inson jinsiy xususiyatlarining murakkabligini o‘rganadi.,,asexuality
polyester,noun,B1,poliester sintetik mato,полиэстер,A type of strong artificial cloth that is often used to make clothes.,ˈpɑliˌɛstə(r),18482,clothes,This shirt is made of polyester and is easy to wash.,Bu ko‘ylak poliesterdan tikilgan va yuvishga juda oson.,,
cubic,adjective,B2,kub shaklidagi kubik,кубический,Having the shape of a cube or relating to a volume of space.,ˈkjuː.bɪk,18484,ielts,The tank has a capacity of five hundred cubic meters.,Bakning sig‘imi besh yuz kub metrga teng.,,
deaf,adjective,A2,kar eshita olmaydigan,глухой,Someone who is unable to hear anything or has very poor hearing.,dɛf,18486,body-health,There are special schools for deaf children to learn sign language.,Kar bolalar imo-ishora tilini o‘rganishi uchun maxsus maktablar mavjud.,hearing-impaired,hearing
sapphire,noun,B2,safir,сапфир,A precious stone that is usually deep blue in color.,ˈsæf.aɪ̯ə,18488,describing,She wore a beautiful ring set with a bright blue sapphire.,U yorqin ko‘k rangli safir o‘rnatilgan chiroyli uzuk taqib yurardi.,,
kinase,noun,C2,kinaza,киназа,A type of protein that helps change chemical substances inside living cells.,ˈkaɪneɪz,18490,body-health,The researchers studied how the specific kinase affects cell growth in humans.,Tadqiqotchilar ushbu kinaza inson hujayralari o‘sishiga qanday ta’sir qilishini o‘rganib chiqishdi.,enzyme,
specializing,verb,B2,ixtisoslashish,специализироваться,To focus your study or work on one particular subject or activity.,ˈspeʃəlaɪzɪŋ,18492,work,She is specializing in international law after finishing her university degree.,U universitetni bitirgach xalqaro huquq bo‘yicha ixtisoslashmoqda.,focusing concentrating,
commodities,noun,C1,tovar xomashyo,товары,Raw materials or agricultural products that can be bought and sold in bulk.,kəˈmɒdətiz,18494,ielts,The price of global commodities like oil and gold is rising again.,Neft va oltin kabi jahon xomashyo tovarlari narxi yana ko‘tarilmoqda.,goods products,
sheriff,noun,B2,sherif,шериф,An elected law enforcement officer who is responsible for a specific county.,ˈʃɛɹɪf,18496,places,The local sheriff arrived quickly to help the people at the accident.,Voqea joyidagi odamlarga yordam berish uchun mahalliy sherif zudlik bilan yetib keldi.,officer lawman,
griffin,noun,C1,grifon,грифон,A make-believe creature with the body of a lion and wings of an eagle.,ˈɡɹɪf.ɪn,18498,animals,Ancient legends often describe the griffin as a guardian of hidden treasures.,Qadimiy afsonalarda grifon ko‘pincha yashirin xazinalarning qo‘riqchisi sifatida tasvirlanadi.,mythical beast,
spies,noun,B1,josuslar,шпионы,People who secretly collect information about other countries or organizations.,spaɪz,18500,ielts,The movie tells a thrilling story about two spies meeting in secret.,Film maxfiy ravishda uchrashayotgan ikki josus haqidagi hayajonli hikoyani so‘zlab beradi.,agents informers,
blah,adjective,B2,zerikarli ma'nosiz,скучный,Not interesting or exciting; dull.,blɑː,18502,describing,"The new restaurant is okay, but their menu is a little blah.","Yangi restoran yomon emas, lekin taomnomasi sal zerikarliroq.",dull boring,exciting
mime,noun,B2,mim mimika,мим,A person who acts out a story using only body movements and gestures.,maɪm,18504,people-family,The mime performed a funny scene in the park without saying anything.,Mim bog‘da hech narsa demasdan juda kulgili sahna ko‘rsatib berdi.,pantomimist,
neighbor,noun,A1,qo‘shni,сосед,A person who lives in a house or apartment near you.,ˈneɪ.bɚ,18506,people-family,Our neighbor kindly offered to water our plants while we were away.,Biz yo‘qligimizda qo‘shnimiz o‘simliklarimizni sug‘orib turishni taklif qildi.,next-door,
elect,verb,B2,saylamoq tanlamoq,выбирать,To choose someone for a position by voting.,ɪˈlɛkt,18508,ielts,The citizens will elect a new leader in the upcoming national voting.,Fuqarolar bo‘lajak saylovlarda yangi rahbar saylashadi.,choose vote,
intimate,adjective,B2,yaqin samimiy,близкий,Having a very close and personal relationship with someone.,ˈɪn.tɪ.mət,18510,feelings,He and his sister have an intimate relationship and share everything.,U singlisi bilan juda samimiy munosabatda va hamma sirlarini bo‘lishadi.,close familiar,distant
reproductive,adjective,C1,nasl qoldirish ko‘payish,репродуктивный,Relating to the process of producing babies or new living things.,ˌɹiːpɹəˈdʌktɪv,18512,body-health,The clinic provides essential information regarding reproductive health for young adults.,Klinika yoshlar uchun reproduktiv salomatlik bo‘yicha muhim ma’lumotlar beradi.,procreative,
deadly,adjective,B2,o'limli halokatli,смертельный,Likely to cause death or very serious harm.,ˈdɛdli,18514,describing,The snake has a deadly poison that can kill in minutes.,Bu ilonning zaharli tishi bir necha daqiqada o'limga olib kelishi mumkin.,lethal fatal,harmless
bunny,noun,A1,quyoncha,кролик,"A small animal with long ears, often used as a name for a rabbit.",ˈbʌni,18516,animals,My little daughter loves to play with her toy bunny.,Kichkina qizim o'yinchoq quyonchasi bilan o'ynashni juda yaxshi ko'radi.,rabbit,
refrigerator,noun,A1,muzlatgich,холодильник,A machine that keeps food cold so that it stays fresh.,ɹɪˈfɹɪd͡ʒ.əˌɹeɪ.tə,18518,home,Please put the fresh milk back into the refrigerator after use.,"Iltimos yangi sutni ishlatib bo'lgach, yana muzlatgichga solib qo'ying.",fridge,
dentists,noun,A2,stomatologlar tish shifokorlari,стоматологи,People whose job is to clean and repair people's teeth.,ˈdentɪsts,18520,body-health,Dentists recommend brushing your teeth at least twice every day.,Stomatologlar tishni har kuni kamida ikki marta yuvishni tavsiya qilishadi.,,
exclusion,noun,C1,chetlatish istisno,исключение,The act of not letting someone or something enter or join a group.,ɪksˈkluːʒən,18522,ielts,The social exclusion of certain groups remains a serious global problem.,Ayrim guruhlarni jamiyatdan chetlatish jiddiy global muammo bo'lib qolmoqda.,removal rejection,inclusion
workstation,noun,B2,ish stansiyasi,рабочее место,An area at a workplace assigned to a single person for their daily tasks.,ˈwɝkˌsteɪʃən,18524,work,Each employee has their own workstation with a computer and comfortable chair.,Har bir xodimning kompyuter va qulay stul bilan jihozlangan o'z ish joyi bor.,workspace,
keen,adjective,B2,ishtiyoqmand qiziqqan,увлеченный,"Very interested, enthusiastic, or eager to do something.",kiːn,18526,describing,She is very keen on learning how to play the guitar.,U gitara chalishni o'rganishga juda qiziqadi.,eager enthusiastic,indifferent
dosage,noun,B2,doza dozalash,дозировка,The measured amount of medicine to be taken at a specific time.,ˈdəʊsɪd͡ʒ,18528,body-health,The doctor explained the correct dosage for this new antibiotic medication.,Shifokor ushbu yangi antibiotik uchun to'g'ri dozani tushuntirib berdi.,dose,
variance,noun,C1,farq tafovut,расхождение,The amount by which something is different from what was expected or planned.,ˈvɛə.ɹi.əns,18530,ielts,There was a significant variance between the estimated and actual costs.,Rejalashtirilgan va haqiqiy xarajatlar o‘rtasida sezilarli farq bor edi.,difference deviation,agreement
navigator,noun,B2,yo‘naltiruvchi navigat,штурман,A person or device that helps to find the right direction for travel.,ˈnavɪɡeɪtə,18532,travel,The ship's navigator plotted the course across the rough ocean.,Kema navigatori bo‘ronli okean bo‘ylab yo‘nalishni belgilab oldi.,pilot guide,
cameroon,noun,A2,Kamerun,Камерун,A country located in Central and Western Africa.,ˌkaməˈruːn,18534,places,Cameroon is known for its diverse landscapes and many languages.,Kamerun o‘zining rang-barang tabiati va ko‘plab tillari bilan mashhur.,,
baking,noun,A2,pishiriq pishirish,выпечка,The process of cooking food such as bread or cakes in an oven.,ˈbeɪkɪŋ(ɡ),18536,food-drink,I really enjoy baking cakes for my family on the weekends.,Dam olish kunlari oilam uchun pishiriqlar pishirishni juda yaxshi ko‘raman.,cooking,
marijuana,noun,B2,nasha,марихуана,A type of drug made from the dried leaves and flowers of a plant.,ˌmɛɹɪˈwɑ.nə,18538,body-health,The sale of marijuana is strictly regulated in many different countries.,Ko‘pgina mamlakatlarda nashaning sotilishi qat’iy nazorat qilinadi.,cannabis,
adaptive,adjective,C1,moslashuvchan,адаптивный,Able to change easily to suit new conditions or different situations.,əˈdæp.tɪv,18540,ielts,Humans have highly adaptive skills that help them survive in new environments.,Insonlar yangi sharoitlarda yashab ketishga yordam beradigan yuqori moslashuvchanlik qobiliyatiga ega.,flexible versatile,rigid
computed,adjective,B2,hisoblangan,вычисленный,Determined or calculated by using mathematics or a computer.,kəmˈpjuːtɪd,18542,school,The total distance was computed using a satellite navigation system.,Umumiy masofa sun’iy yo‘ldosh navigatsiya tizimi yordamida hisoblab chiqildi.,calculated,
needle,noun,A2,igna,игла,"A small, thin metal tool with a sharp point used for sewing.",ˈniː.dəl,18544,home,She used a needle and thread to fix the hole in her shirt.,U ko‘ylagidagi teshikni igna va ip bilan tikib qo‘ydi.,pin,
cathedral,noun,B2,katofdra bosh cherkov,кафедральный собор,The largest and most important church in a specific area or city.,kəˈθiːdɹəl,18546,places,The old city is famous for its beautiful stone cathedral.,Qadimiy shahar o‘zining go‘zal tosh katedrali bilan mashhur.,basilica minster,
owns,verb,A2,ega bo‘lmoq,владеет,To have something as your legal property.,əʊnz,18550,basics,He owns a small house in the center of the city.,U shaharning markazida kichkina uyga ega.,possesses has,lacks
sticky,adjective,B1,yopishqoq,липкий,Made of or covered with a substance that sticks to other things.,ˈstɪki,18554,describing,My fingers were sticky after eating the sweet candy.,Shirin konfetni yeganimdan keyin barmoqlarim yopishqoq bo‘lib qoldi.,adhesive tacky,dry
destiny,noun,B2,taqdir peshon yozuvi,судьба,"The events that will happen to a person in the future, often thought to be unchangeable.",ˈdɛs.tɪ.ni,18556,ielts,It was his destiny to become a leader of the country one day.,Kun kelib mamlakat rahbari bo'lish uning peshonasiga yozilgan edi.,fate lot,
madness,noun,B2,telbalik jinnilik,безумие,A state of having a serious mental illness or acting in a very stupid way.,ˈmad.nəs,18558,feelings,It would be absolute madness to drive in such heavy snow storms.,Bunday kuchli qor bo'ronida mashina haydash shunchaki telbalikdir.,insanity craziness,
climb,verb,A2,ko'tarilish o'rmalash,взбираться,To use your hands and feet to go up or towards the top of something.,klaɪm,18560,actions,The children love to climb the old oak tree in the garden.,Bolalar bog'dagi eski eman daraxtiga chiqishni yaxshi ko'rishadi.,ascend mount,descend
fascinating,adjective,B1,qiziqarli maftunkor,очаровательный,"Extremely interesting and attractive, holding your attention completely.",ˈfæsɪˌneɪtɪŋ,18562,describing,The documentary about deep ocean creatures was absolutely fascinating to watch.,Chuqur okean mavjudotlari haqidagi hujjatli filmni tomosha qilish juda qiziqarli edi.,captivating interesting,boring
computation,noun,C1,hisoblash hisob-kitob,вычисление,The act or process of calculating numbers or results using mathematics.,ˌkɒmpjʊˈteɪʃn̩,18564,ielts,The computer performed the complex computation in less than a second.,Kompyuter murakkab hisob-kitobni bir soniyadan kam vaqt ichida bajardi.,calculation reckoning,
hay,noun,B1,pichan,сено,Grass that has been cut and dried to be used as food for animals.,heɪ,18566,nature,Farmers store piles of hay in the barn for the winter season.,Fermerlar qish mavsumi uchun omborga pichan gʻamlashadi.,fodder,
cardiovascular,adjective,C1,yurak-qon tomir,сердечно-сосудистый,Relating to the heart and the blood vessels that move blood around the body.,ˌkɑːdi.əʊˈvæskjʊlə(ɹ),18568,body-health,Regular exercise is very important for maintaining a healthy cardiovascular system.,Muntazam mashqlar yurak-qon tomir tizimini sogʻlom saqlash uchun juda muhim.,,
cardiac,adjective,C2,yurakka oid,сердечный,Relating to the heart or problems affecting the heart.,ˈkɑːdɪæk,18570,body-health,The patient was rushed to the hospital after a cardiac arrest.,"Bemor yurak tutilishi sodir boʻlgach, shoshilinch ravishda kasalxonaga olib ketildi.",heart,
salvation,noun,C2,najot qutqarish,спасение,The act of saving someone from danger or a very difficult situation.,sælˈveɪ.ʃn̩,18572,ielts,The new government policy was seen as the economic salvation of the country.,Yangi hukumat siyosati mamlakat iqtisodiyoti uchun najot deb qaraldi.,rescue deliverance,doom
vatican,noun,B2,vatikan,Ватикан,The tiny independent city-state in Rome that serves as the headquarters of the Catholic Church.,ˈvæt.ɪ.kən,18574,places,Thousands of people gathered in the Vatican to hear the Pope speak.,Rim papasining nutqini tinglash uchun Vatikanga minglab odamlar to‘plandilar.,,
brutal,adjective,C1,shafqatsiz vahshiyona,жестокий,"Extremely cruel, violent, or showing no care for the feelings of others.",ˈbɹuː.təl,18576,describing,The brutal winter cold made it impossible to stay outside for long.,Qishning shafqatsiz sovuqida tashqarida uzoq qolishning imkoni yo‘q edi.,savage barbaric,gentle
learners,noun,A2,o‘quvchilar talabalar,учащиеся,People who are gaining knowledge or skills in a particular subject or activity.,ˈlɜː.nəz,18578,school,The teacher provided extra materials for the faster learners in class.,O‘qituvchi sinfdagi tezroq o‘rganuvchi o‘quvchilar uchun qo‘shimcha materiallar berdi.,students,
selective,adjective,B2,tanlovchan saralovchi,разборчивый,Being very careful and choosy when deciding which people or things to pick.,səˈlɛktɪv,18580,ielts,She is very selective about the friends she spends her time with.,U vaqtini birga o‘tkazadigan do‘stlarini tanlashda juda sinchkov.,choosy picky,indiscriminate
arbitration,noun,C2,arbitraj hakamlik,арбитраж,A formal process to settle a disagreement by using an independent person or judge.,ˌɑː.bɪˈtɹeɪ.ʃən,18582,ielts,The two companies decided to use arbitration to resolve their contract dispute.,Ikki kompaniya shartnoma bo‘yicha nizoni hal qilish uchun hakamlikka murojaat etishga qaror qildi.,mediation,
token,noun,C1,belgi nishona,знак,Something that acts as a symbol or a sign of a feeling or event.,ˈtəʊkən,18584,describing,Please accept these flowers as a token of my sincere gratitude.,"Iltimos, bu gullarni chuqur minnatdorchiligimning nishonasi sifatida qabul qiling.",sign symbol,
zinc,noun,C1,rux,цинк,"A hard, bluish-white metal element used to cover other metals to prevent rust.",ˈzɪŋk,18586,nature,The metal roof was coated in zinc to stop it from corroding.,Zanglashning oldini olish uchun metall tom rux bilan qoplandi.,,
sacrifice,verb,B2,qurbon qilmoq,жертвовать,To give up something valuable that you want in order to help someone else.,ˈsæk.ɹɪ.faɪs,18588,actions,Parents often sacrifice their own needs to provide a better future for children.,Ota-onalar ko‘pincha farzandlarining kelajagi uchun o‘z ehtiyojlarini qurbon qiladilar.,surrender forgo,keep
guru,noun,B2,ustoz murabbiy,наставник,An expert or a respected teacher who gives advice in a specific field.,ˈɡʊɹuː,18590,work,He is considered a marketing guru by many successful business owners worldwide.,U dunyodagi ko‘plab muvaffaqiyatli tadbirkorlar tomonidan marketing ustasi deb tan olingan.,mentor expert,novice
removable,adjective,B1,yechiladigan olib tashlanadigan,съёмный,Able to be taken away or detached from something else easily.,rɪˈmuːvəbəl,18592,describing,The laptop has a removable battery that you can replace quite easily.,Noutbukning osongina almashtirsa bo‘ladigan yechiluvchi batareyasi bor.,detachable,fixed
convergence,noun,C1,yaqinlashish birlashish,сближение,The process of moving together or meeting at a single point.,kənˈvɜːd͡ʒəns,18594,ielts,The convergence of these two technologies has changed how we use smartphones.,Ushbu ikki texnologiyaning yaqinlashuvi smartfonlardan foydalanish usulimizni butunlay o‘zgartirdi.,union meeting,divergence
levy,verb,C1,undirmoq soliq solmoq,взимать,"To officially demand and collect a payment, such as a tax or fine.",ˈlɛ.vi,18596,ielts,The government decided to levy a new tax on imported electronic goods.,Hukumat import qilinadigan elektron tovarlarga yangi soliq solishga qaror qildi.,impose charge,
numeric,adjective,B2,sonli raqamli,численный,Related to or expressed by numbers or digits.,n(j)uːˈmɛɹɪk,18598,work,Please ensure that the password contains at least one numeric character inside.,"Iltimos, parol ichida kamida bitta raqam borligiga ishonch hosil qiling.",numerical,
anthropology,noun,C1,antropologiya insonshunoslik,антропология,"The scientific study of human societies, cultures, and their development over time.",ˌænθɹəˈpɒləd͡ʒi,18600,ielts,She decided to study anthropology to better understand diverse human cultural practices.,U turli xalqlar madaniyatini yaxshiroq tushunish uchun antropologiyani o‘rganishga qaror qildi.,,
skating,noun,A2,konkida uchish,катание на коньках,The sport or activity of moving across ice or smooth surfaces on skates.,ˈskeɪtɪŋ,18602,actions,We went ice skating at the local park during the winter weekend.,Qishgi dam olish kunlari mahalliy bog'da konkida uchgani bordik.,skating-sport,
kinda,adverb,B1,ozroq biroz,отчасти,To a small or moderate degree; rather or somewhat.,ˈkaɪndə,18604,describing,"It is getting kinda cold outside, so you should wear a coat.","Tashqarida biroz sovib qoldi, shuning uchun palto kiyib olishing kerak.",somewhat rather,
emperor,noun,B2,imperator,император,A man who rules over a group of countries or an empire.,ˈɛmp(ə)ɹə,18606,ielts,The ancient emperor lived in a large palace with his royal family.,Qadimiy imperator o'z qirollik oilasi bilan katta saroyda yashagan.,monarch ruler,
grad,noun,B2,bitiruvchi,выпускник,A person who has successfully completed a course of study at a university.,ɡɹæd,18608,school,Every recent grad is looking for a good job in the city.,Har bir yangi bitiruvchi shahardan yaxshi ish qidirmoqda.,graduate,
malpractice,noun,C1,xizmat vazifasini suiiste'mol qilish,врачебная ошибка,"Careless, illegal, or unethical conduct by a professional person like a doctor.",mælˈpræktɪs,18610,work,The hospital faced a lawsuit due to serious medical malpractice.,Kasalxona jiddiy tibbiy xato tufayli sudga tortildi.,misconduct,
proudly,adverb,B1,faxr bilan,гордо,In a way that shows you are pleased with your own or someone else's achievements.,ˈpɹaʊdli,18612,feelings,The student proudly presented her project in front of the whole class.,O‘quvchi qiz o‘z loyihasini butun sinf oldida faxr bilan taqdim etdi.,happily boastfully,humbly
necessity,noun,B2,zarurat ehtiyoj,необходимость,Something that is needed or essential for a particular purpose.,nɪˈsɛsəti,18616,ielts,Clean water is a basic necessity for every person on this planet.,Toza suv sayyoramizdagi har bir inson uchun asosiy zaruratdir.,requirement need,luxury
rendering,noun,C1,tasvir talqin,визуализация,A drawing or artistic representation of an object or a building.,ˈɹɛndəɹɪŋ,18618,ielts,The architect showed us a detailed digital rendering of the new house.,Me’mor bizga yangi uyning batafsil raqamli tasvirini ko‘rsatdi.,representation illustration,
basename,noun,C2,asosiy nom,имя файла,The name of a file without any information about its folder location.,ˈbeɪsˌneɪm,18622,work,You need to change the basename of the file before uploading it.,Faylni yuklashdan oldin uning asosiy nomini o‘zgartirishingiz kerak.,,
kyle,noun,C2,bo‘g‘oz kanal,пролив,"A narrow channel of water between two pieces of land, often in Scotland.",kaɪl,18624,nature,The boat sailed slowly through the calm waters of the mountain kyle.,Qayiq tog‘lar orasidagi sokin bo‘g‘oz bo‘ylab sekin suzib o‘tdi.,strait sound,
suburban,adjective,B2,shahar atrofi chekka hudud,пригородный,Relating to the residential areas on the outer edge of a large city.,səˈbɜː(ɹ)bən,18626,places,They moved to a quiet suburban neighborhood to raise their young children.,Ular yosh bolalarini tarbiyalash uchun shahar chetidagi sokin mahallaga ko‘chib o‘tishdi.,,urban
vertex,noun,C1,choqqi uchi,вершина,The highest point or the top part of something.,ˈvɜː.tɛks,18628,ielts,The mountain’s vertex was covered in thick snow all year round.,Tog'ning choqqisi yil davomida qalin qor bilan qoplangan edi.,apex peak,
hepatitis,noun,B2,gepatit jigar yallig'lanishi,гепатит,A serious medical condition where the liver becomes swollen and damaged.,ˌhɛpəˈtaɪ̯tɪs,18630,body-health,He had to be careful with his diet after getting hepatitis.,Gepatit bilan og'rib chiqqanidan keyin u parheziga e'tiborli bo'lishi kerak edi.,,
nationally,adverb,B2,butun mamlakat miqyosida milliy darajada,на национальном уровне,Relating to or affecting the whole country.,ˈnæʃənəli,18632,ielts,The president’s important speech was broadcast nationally yesterday evening.,Prezidentning muhim nutqi kecha kechqurun butun mamlakat bo'ylab efirga uzatildi.,,
tomato,noun,A1,pomidor,помидор,A soft red fruit that is eaten as a vegetable in salads.,təˈmɑː.təʊ,18634,food-drink,He was chopping a fresh tomato to put in the salad.,U salatga qo'shish uchun yangi pomidorni to'g'rayotgan edi.,,
waterproof,adjective,B1,suv o'tkazmaydigan,водонепроницаемый,Designed to keep water out so that it does not get inside.,ˈwɔː.tə.pruːf,18636,clothes,Make sure you wear a waterproof jacket if you go outside today.,"Bugun tashqariga chiqsangiz, albatta suv o'tkazmaydigan kurtka kiyib oling.",watertight,
flush,adjective,C1,teng barobar,заподлицо,Perfectly level or even with another surface.,ˈflʌʃ,18638,describing,Sand the wood until it is flush with the metal frame.,Yog'ochni metall ramka bilan barobar bo'lguncha silliqlang.,level even,
waiver,noun,C1,voz kechish hujjati,отказ от права,A formal document that gives up a legal right or requirement.,ˈweɪ.və(ɹ),18640,ielts,I had to sign a waiver before starting the dangerous parachute jump.,Parashyutdan sakrashdan oldin javobgarlikdan voz kechish haqidagi hujjatni imzoladim.,disclaimer,
pale,adjective,B1,rangpar oqarib ketgan,бледный,Having skin color that is lighter than usual because of sickness or fear.,peɪl,18642,describing,His face turned pale after hearing the very sad news today.,Bu juda qayg'uli xabarni eshitgach yuzi oqarib ketdi.,pallid ashen,ruddy
specialties,noun,B2,mutaxassisliklar ixtisosliklar,специальности,Subjects or areas that someone knows a lot about or focuses on.,ˈspeʃ.əl.tiz,18644,work,The university offers many different medical specialties for its students.,Universitet talabalar uchun ko'plab tibbiy yo'nalishlarni taklif qiladi.,professions fields,
delight,noun,B2,zavq xursandchilik,восторг,A feeling of great happiness and enjoyment.,dəˈlaɪt,18646,feelings,It was a pure delight to see the children playing outside.,Bolalarning tashqarida o'ynayotganini ko'rish juda katta zavq bag'ishladi.,joy pleasure,misery
survivor,noun,B2,tirik qolgan,выживший,A person who remains alive after a dangerous event like an accident or war.,səˈvaɪvə,18648,people-family,She was a survivor of the earthquake that destroyed her entire village.,U butun qishlog'ini vayron qilgan zilziladan omon qolganlardan biri edi.,remnant,
economies,noun,B2,iqtisodiyotlar tejamkorliklar,экономики,The systems by which a country produces and uses its wealth and resources.,ɪˈkɒn.ə.miz,18650,ielts,Stronger economies often have more influence in international trade deals.,Kuchliroq iqtisodiyotlar xalqaro savdo kelishuvlarida ko'proq ta'sirga ega.,markets,
bacterial,adjective,B2,bakterial bakteriyaga oid,бактериальный,Relating to or caused by tiny living organisms that can cause disease.,[bækˈtɪəɹiəɫ],18652,body-health,The doctor gave me some medicine to treat my bacterial throat infection.,Shifokor tomoq yallig'lanishini davolash uchun menga dori-darmon yozib berdi.,,
continuously,adverb,B2,tinmay to'xtovsiz,непрерывно,Happening all the time without any pause or stop.,kənˈtɪnjuəsli,18654,describing,"The rain fell continuously for three days, causing the river to rise.","Yomg'ir uch kun davomida tinmay yog'ib, daryo suvining toshishiga sabab bo'ldi.",constantly nonstop,intermittently
tear,verb,B1,yirtmoq yirtilib ketmoq,рвать,To pull something apart or into pieces with force.,tɛə,18656,actions,Be careful not to tear the thin paper when you open it.,Qog'ozni ochayotganda uni yirtib yubormaslikka harakat qil.,rip shred,mend
jewel,noun,B1,qimmatbaho tosh javohir,драгоценность,A valuable stone that is often used in jewelry.,ˈd͡ʒuːəl,18658,describing,She wore a necklace decorated with a small blue jewel.,U bo'yniga mayda ko'k javohir bilan bezatilgan marjon taqib olgan edi.,gemstone gem,
teddy,noun,A2,o'yinchoq ayiqcha,плюшевый мишка,A soft toy bear that children often hold when they sleep.,ˈtɛdi,18660,animals,My little daughter never goes to sleep without her favorite teddy.,Qizalog'im sevimli o'yinchoq ayiqchasisiz uxlay olmaydi.,teddy-bear toy,
convertible,noun,B2,tomsiz avtomobil,кабриолет,A car that has a roof that can be folded down or removed.,kənˈvɜːtɪbl̩,18662,travel,We drove along the coast in a convertible with the roof down.,Biz dengiz bo'yi bo'ylab tomi ochiq avtomobilda sayr qildik.,cabriolet,
stranger,noun,A2,begona notanish odam,незнакомец,A person you do not know.,ˈstɹeɪnd͡ʒə(ɹ),18666,people-family,Children are taught never to talk to a stranger in the street.,Bolalarga ko‘chada notanish odamlar bilan gaplashmaslik o‘rgatiladi.,outsider unknown,acquaintance
tragedy,noun,B2,fojia musibat,трагедия,A very sad or bad event that causes great suffering.,ˈtɹæd͡ʒɛdi,18668,ielts,The sudden loss of life in the accident was a terrible tragedy.,Baxtsiz hodisadagi to‘satdan odamlar o‘limi dahshatli fojia edi.,disaster calamity,comedy
nest,noun,B1,uya,гнездо,A structure built by a bird to hold its eggs and young.,nɛst,18670,nature,The mother bird is sitting on eggs in her nest.,Ona qush uyasida tuxum bosib o‘tiribdi.,,
dryer,noun,A2,quritgich,сушилка,A machine that removes water from clothes using hot air.,ˈdɹaɪɚ,18672,home,I put my wet clothes in the dryer to get them ready.,Nam kiyimlarimni quritish uchun quritgichga soldim.,,
painful,adjective,A2,ogriqli azobli,болезненный,Causing physical pain or making you feel very sad and unhappy.,ˈpeɪn.fl̩,18674,body-health,It was a painful experience to lose my best friend last year.,O'tgan yili eng yaqin do'stimdan ayrilish juda og'riqli bo'ldi.,sore hurting,painless
velvet,noun,B2,baxmal,бархат,"A soft, thick fabric with short threads, often used for expensive clothing.",ˈvɛlvɪt,18676,clothes,She wore a beautiful dress made of dark blue velvet to dinner.,U kechki ovqatga to'q ko'k rangli baxmaldan tikilgan chiroyli ko'ylak kiyib bordi.,,
tribunal,noun,C1,sud tribunali,трибунал,"A special court of law that judges cases, especially one not part of the normal system.",tɹaɪˈbjunəl,18678,ielts,The international tribunal was set up to investigate crimes against humanity.,Xalqaro tribunal insoniyatga qarshi jinoyatlarni tekshirish uchun tashkil etildi.,court bench,
funky,adjective,B2,zamonaviy o'zgacha,модный необычный,"Very stylish and unusual, or modern and exciting in a different way.",fʌŋki,18682,describing,Those funky shoes you are wearing today look really cool and original.,Bugun kiyib olgan o'sha o'zgacha tufli juda zo'r va kreativ ko'rinyapti.,cool stylish,
secretariat,noun,C1,kotibiyat,секретариат,An office or group of people responsible for administrative work in an organization.,ˌsɛk.ɹəˈtɛə.ɹɪ.ət,18684,work,The secretariat handles all the correspondence and scheduling for the main board.,Kotibiyat boshqaruv kengashi uchun barcha yozishmalar va rejalashtirish ishlarini bajaradi.,bureau department,
nowhere,adverb,A2,hech qayerda,нигде никуда,Not in any place or to any place.,ˈnoʊ.(h)wɛɹ,18686,places,"We searched for the missing documents, but they were nowhere to be found.","Biz yo'qolgan hujjatlarni qidirdik, lekin ularni hech qayerdan topa olmadik.",,
cop,noun,B1,politsiyachi militsiya,полицейский,An informal word for a police officer.,kɒp,18688,people-family,The cop pulled the speeding driver over to the side of the road.,Politsiyachi tezlikni oshirgan haydovchini yo'l chetiga to'xtatdi.,officer policeman,
gale,noun,C1,kuchli shamol dovul,шторм,"A very strong wind, much stronger than a breeze.",ɡeɪl,18690,nature,Many parts of the boat were damaged in the gale.,Qayiqning ko'p qismlari kuchli shamol tufayli shikastlandi.,storm tempest,breeze
dim,adjective,B1,xira past,тусклый,Not bright or having very little light.,dɪm,18692,describing,The lighting was too dim for me to see clearly.,Yoritish juda xira bo'lgani uchun aniq ko'ra olmadim.,faint dull,bright
lately,adverb,A2,yaqinda oxirgi paytlarda,в последнее время,Happening recently or in the short time before now.,ˈleɪt.li,18694,time,It is only lately that I have been feeling better.,Faqat oxirgi paytlarda o'zimni yaxshiroq his qilyapman.,recently lately,
cancelled,adjective,B1,bekor qilingan,отмененный,No longer planned or scheduled to happen.,ˈkænsəld,18696,ielts,The game was cancelled because of heavy rain.,Kuchli yomg'ir sababli o'yin bekor qilindi.,called-off abandoned,
scary,adjective,A2,qo'rqinchli vahimali,страшный,Making you feel afraid or nervous.,ˈskɛə.ɹi,18698,feelings,She was hiding during the scary parts of the film.,U filmning qo'rqinchli joylarida yashirinib o'tirdi.,frightening terrifying,
mattress,noun,A2,matras,матрас,"A large soft pad that you sleep on, usually on a bed.",ˈmætɹɪs,18700,home,I need to buy a new mattress for my bed.,Karavotim uchun yangi matras sotib olishim kerak.,,
likewise,adverb,B2,xuddi shunday shuningdek,взаимно,Used to say that someone feels the same way or does the same thing.,ˈlaɪkˌwaɪz,18702,ielts,"It was a pleasure meeting you today. ― Likewise, it was my pleasure.","Siz bilan tanishganimdan juda xursandman. ― Men ham, o'zaro.",similarly also,otherwise
introductory,adjective,B1,kirish boshlang'ich,вводный,Coming at the beginning to explain what will follow or to teach basic information.,ˌɪntɹəˈdʌktəɹi,18704,school,She decided to register for an introductory course in computer science.,U kompyuter savodxonligi bo'yicha kirish kursiga yozilishga qaror qildi.,preliminary basic,
occurrence,noun,B2,voqea hodisa,происшествие,"Something that happens, especially something unexpected or important.",əˈkʌɹ.əns,18706,ielts,Heavy storms are a common occurrence in this part of the world.,Kuchli bo'ronlar dunyoning bu qismida tez-tez uchrab turadigan hodisadir.,event happening,
idol,noun,B2,but sevimli yulduz,кумир,A famous person who is greatly admired and loved by many fans.,ˈaɪ.dl̩,18708,feelings,The young singer became an idol for millions of teenagers around the world.,Yosh qo'shiqchi dunyo bo'ylab millionlab o'smirlarning kumiriga aylandi.,hero icon,
mixer,noun,A2,mikser aralashtirgich,миксер,"A kitchen machine used for mixing, beating, or blending food ingredients together.",ˈmɪksə(ɹ),18710,home,I used the electric mixer to blend the ingredients for the cake.,Tort uchun masalliqlarni aralashtirishda elektr mikserdan foydalandim.,blender machine,
disciplinary,adjective,C1,intizomiy tartib-intizom,дисциплинарный,Relating to the punishment or enforcement of rules within an organization.,dɪsɪˈplɪnəɹi,18712,ielts,The school has taken disciplinary measures against the students who were fighting.,Maktab mushtlashgan o‘quvchilarga nisbatan intizomiy choralar ko‘rdi.,punitive corrective,
annoying,adjective,A2,bezor qiladigan asabga tegadigan,надоедливый,Making you feel slightly angry or impatient.,əˈnɔɪ.ɪŋ,18714,describing,Having flies in your bedroom when you are trying to sleep is annoying.,Uxlamoqchi bo‘lganingizda yotoqxonada pashsha bo‘lishi juda asabga tegadi.,irritating bothersome,pleasant
disclose,verb,C1,oshkor qilmoq,раскрывать,To provide information that was previously kept secret.,dɪsˈkləʊz,18716,ielts,The company did not disclose the total cost of the new project.,Kompaniya yangi loyihaning umumiy qiymatini oshkor qilmadi.,reveal divulge,conceal
affair,noun,B2,ish hodisa,дело,"An event, situation, or matter that you are talking about.",əˈfɛə,18718,ielts,Managing the whole event was a difficult affair for our small team.,Butun tadbirni boshqarish kichik jamoamiz uchun qiyin ish bo‘ldi.,matter situation,
drove,verb,A1,haydadi boshqardi,вел,"Past tense of drive, meaning to operate a vehicle.",dɹəʊv,18720,actions,He drove his car to the city center early this morning.,U bugun erta tongda mashinasini shahar markaziga haydadi.,steered operated,
washer,noun,B1,shayba kir yuvish mashinasi,шайба,A small flat ring placed under a nut to make a joint tighter.,ˈwɒʃə(ɹ),18722,home,I need a metal washer to fix the leaking pipe in the kitchen.,Oshxonadagi oqayotgan quvurni tuzatish uchun menga metall shayba kerak.,,
upset,adjective,B1,xafa ranjigan,расстроенный,"Feeling unhappy, worried, or angry because something bad has happened.",ʌpˈsɛt,18724,feelings,He was quite upset when his friends did not come to visit.,Do'stlari kelmaganida u juda xafa bo'ldi.,distressed,happy
beside,preposition,A2,yonida yonma-yon,рядом с,At the side of something or someone.,bɪˈsaɪd,18726,places,She sat beside her mother and started to talk about her day.,"U onasining yoniga o'tirib, kun bo'yi nimalar qilganini gapirib berdi.",near,
rebound,verb,B2,qaytib tushmoq tiklanmoq,отскакивать,To bounce back after hitting a surface or to recover from a difficult situation.,ɹiˈbaʊnd,18728,actions,The economy will hopefully rebound after the challenges of this past year.,"Umid qilamanki, o'tgan yilgi qiyinchiliklardan so'ng iqtisodiyot yana tiklanadi.",recover bounce,
fought,verb,A2,jang qildi kurashdi,сражался,Past tense of fight; to use violence or argue to achieve something.,fɔːt,18730,actions,They fought bravely for their country during the long and difficult war.,Ular uzoq va qiyin urush davrida o'z vatanlari uchun jasorat bilan kurashdilar.,struggled,
elimination,noun,B2,chetlatish chiqarib tashlash,исключение,The process of removing someone or something from a competition or process.,ɪlɪmɪˈneɪʃ(ə)n,18732,ielts,The team faced immediate elimination after losing the final match today.,"Jamoa final o‘yinida mag‘lub bo‘lgach, musobaqadan chiqib ketdi.",removal exclusion,inclusion
metres,noun,A1,metrlar,метры,The plural form of a unit for measuring distance or length.,ˈmiːtərz,18734,basics,The garden is twenty metres long and ten metres wide.,"Bog‘ning uzunligi yigirma metr, eni esa o‘n metrga teng.",,
hypothetical,adjective,C1,faraziy taxminiy,гипотетический,Based on a situation that is not real but might happen or exist.,ˌhaɪpəˈθɛtɪkəl,18736,ielts,"It is just a hypothetical scenario, so do not worry too much.","Bu shunchaki faraziy holat, shuning uchun ortiqcha xavotirlanmang.",theoretical speculative,actual
immigrants,noun,B1,muhojirlar ko‘chmanchilar,иммигранты,People who come to live permanently in a foreign country.,ˈɪmɪɡrənts,18738,people-family,Many immigrants move to big cities to find better job opportunities.,Ko‘plab muhojirlar yaxshiroq ish topish uchun katta shaharlarga ko‘chib o‘tishadi.,migrants settlers,emigrant
complimentary,adjective,B2,bepul tekin,бесплатный,Given for free as a gift or a special service.,ˌkɒmplɪˈmɛnt(ə)ɹi,18740,travel,The hotel offers complimentary breakfast to all of its guests daily.,Mehmonxona har kuni barcha mehmonlariga bepul nonushta taqdim etadi.,free gratis,
helicopter,noun,A2,vertolyot,вертолёт,A type of aircraft that flies using large spinning blades on its top.,ˈheliˌkɔptə(ɹ),18742,travel,We flew over the city in a small police helicopter.,Biz shahar uzra kichik politsiya vertolyotida uchdik.,,
freeze,verb,A2,muzlamoq qotmoq,замерзать,To turn into ice or become very hard because of cold temperatures.,ˈfɹiːz,18744,nature,"If you leave water outside in winter, it will soon freeze.","Agar suvni qishda tashqarida qoldirsangiz, u tez orada muzlaydi.",solidify harden,melt
performer,noun,B1,ijrochi san’atkor,исполнитель,"A person who entertains an audience by acting, singing, or dancing.",pɚˈfɔɹmɚ,18746,people-family,The talented performer received a loud round of applause from everyone.,Iqtidorli ijrochi barchaning olqishiga sazovor bo‘ldi.,entertainer artist,
moss,noun,B2,mox,мох,A very small green plant that grows on damp surfaces like stones or trees.,mɒs,18748,nature,Thick green moss was growing on the side of the old tree.,Qadimiy daraxtning yon tomonida qalin yashil mox o‘sib yotgan edi.,,
concord,noun,C1,kelishuv totuvlik,согласие,A state of agreement and peaceful harmony between people or groups.,ˈkɒnkɔːd,18750,ielts,The two countries lived in concord for many decades after the war.,Urushdan keyin ikki mamlakat o‘nlab yillar davomida totuvlikda yashadi.,agreement harmony,discord
walnut,noun,A2,yong‘oq,грецкий орех,A hard-shelled nut with a wrinkled interior that grows on a large tree.,ˈwɔːlnʌt,18752,food-drink,I added some chopped walnut pieces to my healthy morning porridge.,Men sog‘lom ertalabki bo‘tqamga maydalangan yong‘oq bo‘lakchalarini qo‘shdim.,,
lance,verb,C2,yiringni ochish yorib tozalash,вскрывать нарыв,To cut open an infected swelling on the body to let the fluid out.,lɑːns,18754,body-health,The doctor had to lance the painful boil on his arm yesterday.,Shifokor kecha uning qo‘lidagi og‘riqli husnbuzarni yorib tozalashi kerak edi.,,
ladder,noun,A1,narvon,лестница,A tool with steps used for climbing up to reach high places.,ˈlad.ə,18756,home,He climbed up the ladder to fix the light on the ceiling.,U shipdagi chiroqni tuzatish uchun narvonga chiqdi.,stepladder,
unnecessary,adjective,B1,keraksiz foydasiz,ненужный,Something that you do not need because it is not required.,ʌnˈnɛs.ə.s(ə)ɹɪ,18758,describing,It is unnecessary to bring an umbrella since the sun is shining.,Quyosh charaqlab turganda soyabon olishning keragi yo'q.,needless redundant,necessary
dramatically,adverb,B2,keskin sezilarli,драматически,Very suddenly and to a very great or noticeable degree.,drəˈmæt.ɪ.kəl.i,18760,ielts,The number of students in the library has increased dramatically this year.,Bu yil kutubxonadagi talabalar soni keskin oshdi.,significantly substantially,
cork,noun,B2,tapa,пробка,A small object used to close the top of a bottle.,kɔɹk,18762,home,He pulled the cork out of the bottle to pour the wine.,U sharob quyish uchun shisha tapasini tortib oldi.,stopper,
workout,noun,A2,mashq mashg'ulot,тренировка,A period of time when you do physical exercise to get fit.,ˈwɜːk.aʊ̯t,18764,body-health,I usually do a tough workout at the gym every morning.,Men odatda har kuni ertalab sport zalida qiyin mashq bajaraman.,exercise training,
bleeding,noun,B1,qon ketishi,кровотечение,The flow or loss of blood from a body after being injured.,ˈbliːdɪŋ,18766,body-health,Internal bleeding is often difficult to detect and requires immediate medical attention.,Ichki qon ketishni aniqlash qiyin va u zudlik bilan tibbiy yordamni talab qiladi.,hemorrhage,
characterization,noun,C1,tasvirlash tavsif,характеристика,The way in which a person or thing is described or represented.,ˌkæɹəktəɹaɪˈzeɪʃən,18768,ielts,The author provides a brilliant characterization of the main protagonist in chapter one.,Muallif birinchi bobdayoq bosh qahramonning yorqin tavsifini beradi.,portrayal representation,
colon,noun,B2,ikki nuqta,двоеточие,The punctuation mark used before a list or an explanation.,ˈkəʊ.lən,18770,school,You should use a colon to introduce a list of items here.,Bu yerda narsalar ro'yxatini kiritish uchun ikki nuqtadan foydalanishingiz kerak.,,
contamination,noun,B2,ifloslanish,загрязнение,The process of making something dirty or poisonous by adding harmful substances.,kənˌtæm.ɪˈneɪ.ʃən,18772,ielts,The water supply faced contamination from local industrial waste products.,Suv ta'minoti mahalliy sanoat chiqindilari sababli ifloslanish xavfiga duch keldi.,pollution impurity,
compromise,noun,B2,kelishuv murosaga kelish,компромисс,An agreement where both sides give up something to reach a solution.,ˈkɒmpɹəˌmaɪz,18774,ielts,They finally reached a compromise that satisfied both parties in the dispute.,Ular nihoyat nizodagi har ikki tomonni ham qanoatlantiradigan kelishuvga erishdilar.,agreement settlement,
optimize,verb,C1,optimallashtirish mukammallashtirish,оптимизировать,To make something as effective or useful as it can possibly be.,ˈɑptɪmaɪz,18776,work,The company wants to optimize its workflow to increase overall productivity.,Kompaniya umumiy unumdorlikni oshirish uchun o'z ish jarayonini optimallashtirmoqchi.,improve enhance,
dome,noun,B2,gumbaz,свод,A rounded roof or ceiling that looks like the top half of a ball.,dəʊm,18778,places,The ancient cathedral is famous for its massive gold-covered stone dome.,Qadimiy sobor o'zining ulkan tilla qoplamali tosh gumbazi bilan mashhur.,cupola,
expiration,noun,B2,tugash muddati,истечение срока,The date or time when something is no longer valid or useful.,ˌɛk.spəˈɹeɪ̯.ʃən,18780,time,Please check the expiration date on the milk carton before drinking it.,Ichishdan oldin sut qutisidagi yaroqlilik muddatini tekshirib ko'ring.,expiry deadline,
namespace,noun,C1,nomlar fazosi,пространство имён,A logical area in computer code used to organize names and avoid naming conflicts.,ˈneɪmspeɪs,18782,work,You should place your new functions inside the global namespace to prevent errors.,Xatolarni oldini olish uchun yangi funksiyalaringizni global nomlar fazosiga joylashtirishingiz kerak.,,
peripheral,adjective,C1,ikkilamchi ikkinchi darajali,второстепенный,Not relating to the main or most important part of something.,pəˈɹɪf(ə)ɹ(ə)l,18784,ielts,The committee focused on core issues rather than peripheral concerns about minor details.,"Qo'mita kichik tafsilotlar kabi ikkilamchi masalalarga emas, balki asosiy muammolarga diqqat qaratdi.",marginal minor,central
bless,verb,B2,baraka bermoq muborak qilmoq,благословить,To ask for God's protection or favor for someone or something.,blɛs,18786,actions,The elderly man would always bless his grandchildren before they traveled away.,Keksaygan bobo nabiralari yo'lga chiqishidan oldin ularga doim oq fotiha berardi.,sanctify,
negotiation,noun,B2,muzokara kelishuv,переговоры,Formal discussions between people who are trying to reach an agreement.,nɪˌɡəʊ.ʃiˈeɪ.ʃən,18788,ielts,Both sides agreed to return to the table for further negotiation today.,Ikki tomon bugun yana muzokaralar stoliga qaytishga kelishib olishdi.,bargaining discussion,
crest,noun,C1,choqqi qirra,вершина,"The highest part of a hill, mountain, or a wave.",kɹɛst,18790,nature,They finally reached the crest of the hill after a long climb.,Uzoq koʻtarilishdan soʻng nihoyat tepalikning choqqisiga yetib kelishdi.,summit peak,base
triumph,noun,B2,zafar gʻalaba,триумф,A great victory or achievement after a difficult struggle.,ˈtɹaɪ.ʌmf,18792,ielts,Winning the championship was a true triumph for the young team.,Chempionlikni qoʻlga kiritish yosh jamoa uchun chinakam zafar boʻldi.,victory success,defeat
confidentiality,noun,C1,maxfiylik,конфиденциальность,The state of keeping information private and secret from others.,ˌkɒnfɪˈdenʃiˌæləti,18794,work,The doctor is required to maintain the confidentiality of patient records.,Shifokor bemorlarning tibbiy maʼlumotlari maxfiyligini saqlashi shart.,secrecy privacy,
electoral,adjective,C1,saylovga oid,избирательный,Relating to the process of choosing people by voting.,ɪˈlɛk.tə.ɹəl,18796,ielts,The government is planning to change the current electoral system soon.,Hukumat yaqin orada amaldagi saylov tizimini oʻzgartirishni rejalashtirmoqda.,,
changelog,noun,C1,oʻzgarishlar jurnali,журнал изменений,A document listing all the changes made to a software project.,ˈtʃeɪndʒˌlɒɡ,18798,work,You can check the changelog to see what was updated today.,Bugun nimalar yangilangani bilan tanishish uchun oʻzgarishlar jurnalini koʻring.,,
welding,noun,B2,payvandlash,сварка,The process of joining two pieces of metal by heating them.,ˈwɛldɪŋ,18800,work,He learned the art of welding to repair the farm equipment.,U fermadagi texnikalarni tuzatish uchun payvandlash sanʼatini oʻrgandi.,,
deferred,adjective,C1,kechiktirilgan,отложенный,Happening at a later time than originally planned.,dɪˈfɜːd,18802,ielts,The company offered a deferred payment plan for all its customers.,Kompaniya barcha mijozlariga toʻlovni kechiktirish rejasini taklif qildi.,delayed postponed,immediate
alternatively,adverb,B2,yoki boʻlmasa,альтернативно,Used to suggest another option or possibility.,ɒlˈtɜː(ɹ).nə.tɪv.li,18804,ielts,"You can take the bus; alternatively, we can walk there together.","Avtobusda ketishingiz mumkin, yoki boʻlmasa piyoda birga boramiz.",otherwise instead,
heel,noun,B1,tovon,пятка,The back part of the human foot below the ankle.,hiːl,18806,body-health,I have a painful blister on my left heel from walking.,Ko‘p yurganimdan chap tovonimda qadoq paydo bo‘lib qoldi.,,
alloy,noun,C1,qotishma,сплав,A metal made by mixing two or more different types of metal together.,ˈæ.lɔɪ,18808,ielts,Steel is a strong alloy made from iron and carbon.,Po‘lat bu temir va ugleroddan yasalgan mustahkam qotishma.,mixture compound,
gently,adverb,A2,sekin muloyim,мягко,"Doing something in a kind, quiet, or careful way.",ˈdʒɛntli,18812,describing,She gently picked up the baby so he would not wake.,U go‘dakni uyg‘onib ketmasin deb juda ehtiyotkorlik bilan ko‘tardi.,softly carefully,roughly
fridge,noun,A1,muzlatgich,холодильник,A large metal box that uses electricity to keep food and drinks cold.,fɹɪd͡ʒ,18814,home,Please put the milk back in the fridge after you use it.,"Sutni ishlatib bo‘lgach, iltimos, yana muzlatgichga qo‘yib qo‘y.",refrigerator,
bloom,noun,B1,gullash,цветение,The time when a flower is fully open and healthy.,bluːm,18816,nature,The cherry trees in the garden are in full bloom now.,Bog‘dagi olcha daraxtlari ayni paytda to‘liq gullab yotibdi.,blossom,
trauma,noun,C1,jarohat ruhiy shikast,травма,A severe physical injury or a deeply distressing emotional experience.,ˈtɹɔː.mə,18818,body-health,She had to undergo therapy to overcome the trauma of the accident.,U baxtsiz hodisadan keyingi ruhiy jarohatni yengish uchun davolanishi kerak edi.,injury wound,
advert,noun,B2,reklama,реклама,"A public notice or announcement promoting a product, service, or event.",ˈædvɜːt,18820,work,I saw an interesting advert for a new job in the newspaper.,Gazetada yangi ish o'rni uchun qiziqarli reklama ko'rib qoldim.,ad advertisement,
possess,verb,B2,ega bo'lmoq,обладать,To have something as your own or to hold a specific quality.,pəˈzɛs,18822,ielts,Successful leaders often possess the ability to listen to others carefully.,Muvaffaqiyatli rahbarlar ko'pincha boshqalarni diqqat bilan tinglash qobiliyatiga ega bo'ladilar.,own have,
defensive,adjective,B2,himoyaviy mudofaa,оборонительный,Designed to protect someone or something from being attacked or harmed.,dɪˈfɛn.sɪv,18824,ielts,He took a defensive tone when his boss criticized his recent work.,"Boshlig'i uning so'nggi ishini tanqid qilganda, u himoyaviy holatga o'tdi.",protective,offensive
forbidden,adjective,B1,taqiqlangan man etilgan,запрещённый,Not allowed; something that you are officially told not to do.,fəˈbɪdən,18828,ielts,It is strictly forbidden to use your mobile phone during the exam.,Imtihon paytida mobil telefondan foydalanish qatʼiyan taqiqlangan.,prohibited banned,permitted
vanilla,adjective,B2,oddiy asosiy,обычный,"Something that is basic, standard, or has no special or unusual features.",vəˈnɪl.ə,18830,describing,The software comes in a vanilla version without any extra tools.,Dastur hech qanday qo‘shimcha vositalarsiz oddiy holatda taqdim etiladi.,plain standard,customized
spank,verb,B2,shapatilamoq tarsaki urmoq,шлепать,To hit someone on their bottom with an open hand as a punishment.,ˈspæŋk,18832,actions,"In the past, some parents used to spank children when they misbehaved.",Ilgari ba'zi ota-onalar bolalar sho'xlik qilganda ularni shapatilashardi.,smack slap,
practitioner,noun,C1,mutaxassis amaliyotchi,практик,A person who works in a professional field like medicine or law.,pɹækˈtɪʃənə,18834,work,She is a highly respected practitioner in the field of family law.,U oilaviy huquq sohasida juda hurmatli mutaxassis hisoblanadi.,expert professional,
motivated,adjective,B2,g'ayratli ishtiyoqli,мотивированный,Feeling enthusiastic and eager to work hard to achieve a goal.,ˈməʊtɪveɪtɪd,18836,ielts,We are looking for a highly motivated person for this new role.,Biz ushbu yangi lavozim uchun g'ayratli nomzod qidirmoqdamiz.,driven ambitious,unmotivated
hollow,adjective,B2,kovak ichi bosh,полый,Having an empty space inside rather than being solid.,ˈhɒləʊ,18838,describing,The old tree had a large hollow space inside the trunk.,Qari daraxtning tanasi ichi katta kovak edi.,empty vacant,solid
vault,noun,C1,yerto'la xazina ombori,хранилище,"A secure room, usually made of steel, used for keeping valuables safe.",vɒlt,18840,places,The bank manager locked the gold bars in the underground vault.,Bank menejeri oltin quymalarni yer ostidagi omborga qulflab qo'ydi.,safe treasury,
securely,adverb,B2,mustahkam xavfsiz,надежно,In a way that is fixed firmly or not likely to fail.,səˈkjʊə.li,18842,actions,Please ensure that your seatbelt is fastened securely before we takeoff.,Uchishdan oldin xavfsizlik kamaringizni mahkam taqib olganingizga ishonch hosil qiling.,safely firmly,insecurely
groove,noun,C1,ariqcha nov,желоб,"A long, thin cut or hole in a hard surface.",ɡɹuːv,18844,describing,The wheels of the toy car fit perfectly into the wooden groove.,O'yinchoq mashina g'ildiraklari yog'ochdagi ariqchaga bemalol joylashadi.,channel slot,ridge
revelation,noun,C1,oshkorlik vahi,откровение,The surprising and previously secret fact that has been made known to people.,ˌɹɛv.əˈleɪ.ʃən,18846,ielts,The revelation of his secret plan shocked everyone in the meeting room.,Uning sirli rejasi oshkor bo'lgani majlisdagi barchani hayratda qoldirdi.,disclosure discovery,concealment
pursuit,noun,B2,izlanish intilish,преследование,The act of trying to achieve or find something over a long period.,pəˈsjuːt,18848,ielts,He left his job in pursuit of a career as an artist.,U rassomlik faoliyatini boshlash ilinjida ishidan ketdi.,quest hunt,
delegation,noun,B2,delegatsiya vakillar,делегация,A group of people chosen to represent others at a meeting or an event.,dɛlɪˈɡeɪʃən,18850,work,The American delegation arrived at the conference early this morning.,Amerika delegatsiyasi konferensiyaga bugun erta tongda yetib keldi.,deputation mission,
transparency,noun,C1,oshkoralik shaffoflik,прозрачность,"The quality of being open and honest, allowing people to see how something works.",tɹænsˈpæɹənsi,18852,ielts,The company promised more transparency in all its financial dealings.,Kompaniya barcha moliyaviy ishlarida shaffoflikni ta'minlashga va'da berdi.,openness clarity,secrecy
endless,adjective,B2,tugamas cheksiz,бесконечный,Having no limit or end; lasting for a very long time.,ˈɛndlɪs,18854,describing,We had an endless meeting that lasted for more than five hours.,Besh soatdan ortiq davom etgan tugamas majlisda o‘tirdik.,infinite eternal,finite
