headword,pos,cefr_level,translation_uz,translation_ru,definition_en,ipa,frequency_rank,category,example_en,example_uz,synonyms,antonyms
russian,adjective,A1,rus,русский,Relating to or coming from the country of Russia or its language.,ˈrʌʃən,12000,places,Many people in the capital city of Tashkent speak the Russian language.,Toshkent shahrida ko'pchilik rus tilida bemalol gaplasha oladi.,,
xbox,noun,A2,xbox,иксбокс,A popular home video game console created by the Microsoft company.,ˈeksˌbɒks,12002,home,My brother loves to play new video games on his Xbox console.,Akam o'zining Xbox konsolida yangi video o'yinlar o'ynashni juda yaxshi ko'radi.,console,
pennsylvania,noun,A2,pensilvaniya,Пенсильвания,A state located in the northeastern region of the United States.,ˌpensɪlˈveɪniə,12006,places,My cousin lives in a small town in the state of Pennsylvania.,Jiyanim Pensilvaniya shtatidagi kichik bir shaharchada yashaydi.,,
jackson,noun,A2,jekson,Джексон,A common surname or the name of several cities in the United States.,ˈdʒæksən,12008,places,We visited the city of Jackson during our summer road trip.,Yozgi sayohatimiz davomida Jekson shahrida bo'ldik.,,
russia,noun,A1,rossiya,Россия,A very large country stretching across eastern Europe and northern Asia.,ˈrʌʃə,12010,places,Russia is the largest country in the world by land area.,Rossiya yer maydoni bo'yicha dunyodagi eng katta davlat hisoblanadi.,,
indiana,noun,A2,indiana,Индиана,A state located in the Midwestern region of the United States.,ˌɪndiˈænə,12012,places,Many large corn fields can be found throughout the state of Indiana.,Indiana shtatining hamma joyida katta makkajo'xori dalalarini ko'rish mumkin.,,
wisconsin,noun,A2,viskonsin,Висконсин,A state in the upper Midwestern United States known for its dairy production.,wɪˈskɒnsɪn,12014,places,Wisconsin is very famous for producing high quality cheese and milk.,Viskonsin yuqori sifatli pishloq va sut mahsulotlari bilan juda mashhur.,,
atlanta,noun,A2,atlanta,Атланта,The capital city of the state of Georgia in the United States.,ətˈlæntə,12016,places,Atlanta is a major transportation hub for the southern United States.,Atlanta AQSH janubidagi yirik transport markazi hisoblanadi.,,
dakota,noun,A2,dakota,Дакота,The name used for two neighboring states in the northern United States.,dəˈkoʊtə,12018,places,North Dakota and South Dakota are beautiful states in the Midwest.,Shimoliy Dakota va Janubiy Dakota o'rta g'arbdagi go'zal shtatlardir.,,
dave,verb,C2,yengillatmoq bosmoq,облегчать,To make pain or a difficult feeling feel less severe or intense.,deɪv,12020,body-health,He took some medicine to dave the sharp pain in his head.,U boshidagi qattiq og'riqni bosish uchun dori ichdi.,alleviate soothe,aggravate
massachusetts,noun,B1,Massachusets shtati,Массачусетс,A state located in the northeastern region of the United States of America.,ˌmæsəˈtʃuːsɪts,12022,places,They moved to Massachusetts to study at a famous university there.,Ular u yerdagi mashhur universitetda o'qish uchun Massachusetsga ko'chib o'tishdi.,,
iowa,noun,B1,Ayova shtati,Айова,A state in the Midwestern United States known for its large farming industry.,ˈaɪəwə,12024,places,My brother has been living in Iowa for over five years.,Akam besh yildan ortiq vaqtdan beri Ayovada yashaydi.,,
maryland,noun,B1,Merilend shtati,Мэриленд,A state on the East Coast of the United States near the capital.,ˈmerələnd,12026,places,We took a train from Maryland to visit the national capital.,Biz poytaxtga tashrif buyurish uchun Merilenddan poyezdda yo'lga chiqdik.,,
dallas,noun,B1,Dallas shahri,Даллас,"A large and well-known city located in the state of Texas, USA.",ˈdæləs,12028,places,Dallas is a major center for business and culture in Texas.,Dallas Texasdagi biznes va madaniyatning yirik markazlaridan biri hisoblanadi.,,
tripadvisor,noun,A2,Tripadvisor sayti,Трипэдвайзор,"A website where people write reviews about hotels, restaurants, and tourist attractions.",ˈtrɪp.ædˌvaɪ.zər,12030,travel,I always check TripAdvisor before booking a hotel for my vacation.,Ta'til uchun mehmonxona bron qilishdan oldin har doim TripAdvisor'ni tekshiraman.,,
alaska,noun,B2,muzqaymoqli desert,запеченное мороженое,A dessert made of ice cream placed on sponge cake and covered with stiff egg whites.,əˈlæskə,12032,food-drink,We ordered a delicious baked alaska for dessert at the restaurant yesterday.,Kechagi restoranda shirinlikka juda mazali muzqaymoqli desert buyurtma qildik.,dessert,
kelly,noun,B2,och yashil rang,ярко-зеленый цвет,A very bright and vivid shade of green color.,ˈkeli,12034,describing,She wore a beautiful kelly green dress to the summer wedding party.,U yozgi to'y bazmiga juda chiroyli och yashil rangli ko'ylak kiyib bordi.,green,
joseph,noun,C2,ayollar choponi,женский дорожный плащ,A long outer garment with a cape worn by women for riding horses in earlier times.,ˈd͡ʒəʊsəf,12036,clothes,The museum displayed a vintage joseph worn by noblewomen during the eighteenth century.,Muzeyda o'n sakkizinchi asrda zodagon ayollar kiyadigan qadimiy chopon namoyish etildi.,coat,
philadelphia,noun,B2,Filadelfiya,Филадельфия,A large and historic city located in the northeastern part of the United States.,ˌfɪləˈdɛlfiə,12038,places,I am planning to visit the historic sites in Philadelphia this summer.,Yozda Filadelfiyadagi tarixiy joylarni ko'rib chiqishni rejalashtiryapman.,,
tennessee,noun,B2,Tennesi,Теннесси,A state situated in the southeastern region of the United States of America.,ˌtɛnəˈsiː,12040,places,My cousin moved to Tennessee to study music in the big city.,Jiyanim musiqani o'rganish uchun Tennesi shtatiga ko'chib o'tdi.,,
wales,noun,B1,Uels,Уэльс,"A country that is part of the United Kingdom, located on the island of Britain.",weɪlz,12042,places,The mountain landscapes in Wales are absolutely breathtaking and very green.,Uelsdagi tog'li manzaralar juda go'zal va yam-yashil.,,
davis,noun,B2,Devis,Дэвис,A common English surname or the name of several cities in the United States.,ˈdeɪvɪs,12044,places,Davis is a popular town known for its large university campus area.,Devis o'zining katta universitet shaharchasi bilan mashhur bo'lgan taniqli shahar.,,
oklahoma,noun,B2,Oklaxoma,Оклахома,A state in the central part of the United States with large plains.,ˌoʊkləˈhoʊmə,12046,places,The farmers in Oklahoma are known for growing large amounts of wheat.,Oklaxomalik fermerlar ko'p miqdorda bug'doy yetishtirishlari bilan tanilgan.,,
trackback,noun,C1,boglanish izi,трекбэк,A notification sent between websites to show that one page has linked to another.,ˈtrækˌbæk,12048,work,The blog system automatically updated the post with a new trackback link.,Blog tizimi xabarni yangi havola bilan avtomatik tarzda yangilab turdi.,pingback,
javascript,noun,B2,dasturlash tili,язык программирования,A common programming language used to make websites interactive and dynamic.,ˈdʒɑːvəˌskrɪpt,12050,work,You need to learn JavaScript to become a professional web developer today.,Professional veb-dasturchi bo'lish uchun JavaScript tilini o'rganishingiz kerak.,JS,
depending,adjective,B1,bog'liq qarashli,зависящий,Determined by or influenced by something else that happens or exists.,dɪˈpɛn.dɪŋ,12062,ielts,Our plans for the weekend are depending on the weather forecast.,Dam olish kuniga mo'ljallagan rejalarimiz ob-havo ma'lumotiga bog'liq.,contingent conditional,independent
swimming,noun,A1,suvda suzish,плавание,The sport or activity of moving your body through water using your arms and legs.,ˈswɪmɪŋ,12064,actions,I go to the local pool for swimming every Saturday morning.,Men har shanba kuni ertalab suzish uchun mahalliy basseynga boraman.,swimming sport,
bodies,noun,A2,tanalar jasadlar,тела,"The physical structures of people or animals, including the head, arms, and legs.",ˈbɒd.iz,12068,body-health,Our bodies need regular exercise to stay strong and healthy every day.,Har kuni sog'lom va baquvvat bo'lish uchun tanamiz muntazam mashqqa muhtoj.,forms figures,
pittsburgh,noun,B2,pittsburg,Питтсбург,A large industrial city located in the state of Pennsylvania in the United States.,ˈpɪtsbɜːɡ,12070,places,They are planning to move to Pittsburgh for a new job opportunity.,Ular yangi ish taklifi tufayli Pittsburgga ko'chib o'tishni rejalashtirmoqda.,,
moore,noun,C1,botqoqli yer,"болото, пустошь","An open area of high, rough, and wet land covered with wild bushes.",mɔː,12072,nature,They spent the afternoon hiking across the misty moore in Northern England.,Ular tushdan keyin Shimoliy Angliyadagi tumanli botqoqli hududda sayr qilishdi.,heath,
denmark,noun,A2,daniya,Дания,"A small country in Northern Europe, known for its high quality of life.",ˈdenmɑːk,12074,places,Denmark is famous for its beautiful cities and very friendly cycling culture.,Daniya o'zining chiroyli shaharlari va velosiped haydash madaniyati bilan mashhur.,,
patrick,noun,A1,patrik,Патрик,"A common male given name of Latin origin, popular in many English-speaking countries.",ˈpætrɪk,12078,people-family,My cousin Patrick is coming to visit us from Ireland next month.,Jiyanim Patrik keyingi oy Irlandiyadan biznikiga mehmonga kelyapti.,,
puerto,noun,B2,port bandargoh,"порт, гавань",A harbor or port where ships can dock and load or unload goods.,ˈpweətoʊ,12080,places,The cruise ship docked at the sunny Puerto early this morning.,Sayohat kemasi bugun erta tongda quyoshli bandargohga yetib keldi.,harbor port,
delaware,noun,B2,delaver,Делавэр,A small state located on the eastern coast of the United States of America.,ˈdeləweə,12082,places,Many companies choose to register their business in the state of Delaware.,Ko'pgina kompaniyalar o'z bizneslarini Delaver shtatida ro'yxatdan o'tkazishni afzal ko'rishadi.,,
barbara,noun,A1,barbara,Барбара,A common female given name used in many parts of the Western world.,ˈbɑːbərə,12084,people-family,Barbara is my mother's best friend since they were in high school.,Barbara onamning o'rta maktab davridan beri eng yaqin dugonasi hisoblanadi.,,
pursuant,adjective,C1,muvofiq binoan,согласно,"Happening in agreement with a particular law, rule, or previous decision.",pəˈsjuː.ənt,12086,ielts,The company acted pursuant to the new regulations set by the government.,Kompaniya hukumat tomonidan belgilangan yangi qoidalarga muvofiq ish tutdi.,accordingly conforming,contrary
fabric,noun,A2,mato gazlama,ткань,Cloth or other material produced by weaving or knitting fibers together.,ˈfæb.ɹɪk,12088,clothes,She chose a soft fabric to make a summer dress for herself.,U o'ziga yozgi ko'ylak tikish uchun yumshoq mato tanladi.,textile cloth,
caught,verb,A1,ushlab oldi tutdi,поймал,To seize or hold something that is moving through the air.,kɔːt,12090,actions,The goalkeeper caught the ball easily before it hit the net.,Darvozabon to'pni to'rga tegmasdan oldin osonlikcha ushlab oldi.,grabbed seized,dropped
tube,noun,A2,tyubik naycha,тюбик,A soft container that you squeeze to get out cream or toothpaste.,tuːb,12092,home,I squeezed a little bit of toothpaste out of the tube.,Men tish pastasi tyubigidan ozgina chiqardim.,container,
hobbies,noun,A1,qiziqishlar mashg'ulotlar,хобби,Activities that you enjoy doing during your free time for fun.,ˈhɒbiz,12094,basics,My favorite hobbies are reading books and playing the guitar.,Mening sevimli mashg'ulotlarim kitob o'qish va gitara chalish.,pastimes,
injuries,noun,B1,jarohatlar tan jarohatlari,травмы,Physical harm or damage caused to a person's body.,ˈɪndʒəriz,12096,body-health,He suffered several injuries after falling from his bicycle yesterday.,"Kecha velosipeddan yiqilib, u bir nechta jarohat oldi.",wounds,
madison,noun,C2,madison velopoygasi,мэдисон,A track cycling relay race where team members swap places to cover the most laps.,ˈmædɪsən,12098,actions,The team won the gold medal in the madison event last night.,Jamoa kecha madison poygasida oltin medalni qo‘lga kiritdi.,relay,
prison,noun,A2,qamoqxona hibsxona,тюрьма,A place where people are kept locked up as a punishment for crimes.,ˈpɹɪzn̩,12102,places,The man was sent to prison for stealing from the bank.,Ushbu erkak bankni o'g'irlagani uchun qamoqqa tashlandi.,big house,
skill,noun,A2,ko'nikma mahorat,умение,The ability to do a particular activity or job well through practice.,skɪl,12104,work,Learning a new language is a very useful skill for your career.,Yangi til o'rganish karyerangiz uchun juda foydali ko'nikmadir.,ability,
everyday,adjective,A2,kundalik oddiy,повседневный,Normal and used for ordinary life rather than for special occasions.,ˈɛvɹiˌdeɪ,12106,describing,These comfortable shoes are perfect for my everyday activities at work.,Bu qulay poyabzallar ishxonadagi kundalik ishlarim uchun juda mos keladi.,workaday,
apparently,adverb,B2,ko'rinishidan shekilli,по-видимому,Used to say that something seems to be true based on what you know.,əˈpæɹəntli,12108,ielts,"Apparently, the train will be delayed by at least thirty minutes today.",Ko'rinishidan poyezd bugun kamida o'ttiz daqiqaga kechikadigan ko'rinadi.,seemingly ostensibly,
surrounding,noun,B2,atrof-muhit,окружающая среда,The area or environment that is all around a person or thing.,səˈɹaʊndɪŋ,12110,places,The surrounding area is full of beautiful green trees and small hills.,Atrof-muhit chiroyli yashil daraxtlar va kichik tepaliklarga boy.,environment habitat,
popularity,noun,B1,ommaboplik mashhurlik,популярность,The state of being liked or supported by a large number of people.,ˌpɒp.jəˈlæɹ.ɪ.ti,12112,describing,The popularity of this new smartphone has grown very quickly this year.,Bu yangi smartfonning ommabopligi joriy yilda juda tez o'sib bordi.,fame,
inquiry,noun,B2,surishtiruv tekshiruv,запрос,A process of asking questions to get more information about a specific situation.,ɪnˈkwaɪəɹi,12114,ielts,The company launched an official inquiry into the cause of the accident.,Kompaniya baxtsiz hodisa sabablarini aniqlash uchun rasmiy surishtiruv boshladi.,investigation research,
ethernet,noun,C1,lokal tarmoq,Ethernet,A common technology used to connect computers together in a local network.,ˈiːθəˌnɛt,12116,work,We need to connect the desktop computer using an Ethernet cable today.,Biz bugun ish stol kompyuterini Ethernet kabeli yordamida ulashimiz kerak.,,
throw,verb,A2,otmoq uloqtirmoq,бросать,To use your hand to move an object through the air quickly.,θɹəʊ,12118,actions,Can you throw the ball to me across the wide green field?,To'pni keng yashil maydon orqali menga otib bera olasizmi?,cast hurl,catch
sierra,noun,C2,tog' tizmasi,горный хребет,"A long chain or range of mountains with a jagged, rough appearance.",siˈɛɹə,12120,nature,We hiked along the snow-covered sierra during our vacation last winter.,O'tgan qishki ta'tilimizda qor bilan qoplangan tog' tizmasi bo'ylab sayr qildik.,range mountain,
desert,noun,A2,cho'l sahro,пустыня,A large area of land with very little water and very few plants.,ˈdɛz.ət,12122,nature,The Sahara is the largest hot desert in the entire world.,Sahroi Kabir dunyodagi eng katta issiq cho'l hisoblanadi.,wasteland wilderness,
coordinator,noun,B2,muvofiqlashtiruvchi koordinatori,координатор,A person who organizes different people or things to work well together.,kəʊˈɔː.dɪ.neɪ.tər,12124,work,The event coordinator ensured that everything went according to the plan.,Tadbir koordinatori barcha ishlar rejaga muvofiq bajarilishini nazorat qildi.,organizer manager,
obviously,adverb,B1,shubhasiz ravshan,очевидно,"In a way that is easy to see, hear, or understand.",ˈɒ(b).vi.əs.li,12126,describing,She was obviously happy with the results of her hard work.,U mehnatining natijalaridan juda xursandligi yaqqol ko'rinib turardi.,clearly plainly,
mercury,noun,C1,simob,ртуть,"A heavy, silver-colored liquid metal used in thermometers and some electrical switches.",ˈmɜːkjʊɹi,12128,nature,Mercury is a toxic element that should be handled with care.,"Simob juda zaharli element bo'lib, u bilan juda ehtiyotkor bo'lish kerak.",,
handbook,noun,B2,qo'llanma,справочник,A book that contains instructions or information about a specific subject.,ˈhændˌbʊk,12130,work,The employee handbook contains all the rules of the company office.,Xodimlar qo'llanmasida kompaniya idorasining barcha qoidalari yozilgan.,manual guide,
worse,adjective,A2,yomonroq,хуже,More bad or of lower quality than something else.,wɜːs,12132,describing,Your exam results are worse than they were last year.,Imtihon natijalaringiz o'tgan yilgiga qaraganda yomonroq.,,better
victims,noun,B1,jabrlanuvchilar qurbonlar,жертвы,"People who have been hurt, killed, or suffered due to an accident or crime.",ˈvɪktɪmz,12134,ielts,The police are helping the victims of the storm find food.,Politsiya bo'ron qurbonlariga oziq-ovqat topishda yordam bermoqda.,sufferers,
burning,adjective,B1,yonayotgan yongan,горящий,"Giving off heat or fire, or feeling very hot.",ˈbɝnɪŋ,12136,nature,We sat near the burning fire to keep ourselves warm.,Isinib olish uchun yonayotgan olov yaqinida o'tirdik.,hot flaming,
coupons,noun,B1,kuponlar chegirma qog'ozlari,купоны,Paper tickets that allow you to buy goods at a lower price.,ˈkuːpɒnz,12138,work,I used my discount coupons to buy groceries at the store.,Do'kondan oziq-ovqat sotib olish uchun chegirma kuponlarimdan foydalandim.,vouchers,
somewhat,adverb,B2,sal qisman,отчасти,To a small or medium degree; a little bit.,ˈsʌmwɒt,12140,describing,The situation was somewhat complicated for the new team members.,Vaziyat yangi jamoa a'zolari uchun sal murakkabroq edi.,slightly rather,
receiver,noun,B2,qabul qiluvchi oluvchi,получатель,A person or thing that gets something that has been sent to them.,ɹəˈsiːvə,12142,ielts,She was the official receiver of the award for her team.,U jamoasi nomidan mukofotni qabul qilib oluvchi rasmiy shaxs edi.,recipient,
progressive,adjective,C1,taraqqiyparvar ilgari,прогрессивный,Supporting or encouraging modern ideas and change for the better.,pɹəˈɡɹɛsɪv,12144,ielts,The school follows a progressive approach to teaching its young students.,Maktab o'quvchilarni o'qitishda ilg'or yondashuvlardan foydalanadi.,modern advanced,conservative
glance,verb,B1,ko'z tashlamoq nazar solmoq,взглянуть,To look at something very quickly for a short amount of time.,ɡlɑːns,12146,actions,I took a quick glance at the clock before leaving home.,Uydan chiqishdan oldin soatga bir ko'z tashlab oldim.,peek glimpse,
scottish,adjective,A2,shotlandiyalik shotland,шотландский,"Relating to Scotland, its people, or its official language.",ˈskɒtɪʃ,12148,places,He enjoys listening to traditional Scottish folk music every morning.,U har tong an'anaviy shotland xalq musiqasini eshitishni yoqtiradi.,,
arcade,noun,B2,savdo markazi arkada,пассаж,A covered passage or area with shops along the sides.,ɑɹˈkeɪd,12150,places,We walked through the shopping arcade to escape the heavy rain.,Kichik yomg'irdan saqlanish uchun savdo markazi ichidan o'tdik.,gallery passage,
richmond,noun,B2,Richmond,Ричмонд,The capital city of the state of Virginia in the United States.,ˈrɪtʃmənd,12152,places,Richmond is an important historical city in the American South.,Richmond Amerika janubidagi muhim tarixiy shaharlardan biridir.,,
sacramento,noun,B2,Sakramento,Сакраменто,The capital city of the US state of California.,ˌsakrəˈmɛntəʊ,12154,places,The government buildings are located in the city of Sacramento.,Hukumat binolari Sakramento shahrida joylashgan.,,
impossible,adjective,A2,imkonsiz bajarib bo'lmaydigan,невозможный,Something that cannot be done or does not happen.,ɪmˈpɒs.ɪ.bəl,12156,describing,It is impossible to finish this project in just one hour.,Bu loyihani atigi bir soat ichida tugatishning imkoni yo'q.,unattainable unachievable,possible
fiber,noun,B2,tola,волокно,"A long thin piece of material used to make thread, cloth or paper.",ˈfaɪ.bɚ,12158,nature,The microscope showed a single blue fiber stuck to his shoe.,Mikroskop uning poyabzaliga yopishib qolgan bitta ko'k tolalarni ko'rsatdi.,thread filament,
depression,noun,B2,tushkunlik ruhiy tushkunlik,депрессия,A medical condition where a person feels very sad and lacks energy for a long time.,dɪˈpɹɛʃən,12160,body-health,"I used to suffer from depression, but now I feel much better.","Ilgari men tushkunlikdan aziyat chekardim, lekin hozir o'zimni ancha yaxshi his qilyapman.",despondency misery,
graph,noun,B1,grafik diagramma,график,A drawing that shows the relationship between different sets of numbers or information.,ɡɹɑːf,12162,ielts,The graph shows how the population has changed over the last decade.,Grafik aholi soni oxirgi o'n yillikda qanday o'zgarganini ko'rsatib turibdi.,chart diagram,
platinum,noun,C1,platina,платина,A valuable silver-white metal that is very strong and does not change easily.,ˈplæt.ɪn.əm,12164,nature,The ring was made of expensive platinum set with small diamonds.,Ushbu uzuk kichik olmoslar qadalgan qimmatbaho platinadan yasalgan edi.,,
judgment,noun,B2,fikr qaror,суждение,The ability to make good decisions or form an opinion based on facts.,ˈd͡ʒʌd͡ʒ.mənt,12166,ielts,You should use your own judgment when deciding what is right or wrong.,Nima to'g'ri yoki noto'g'ri ekanligini hal qilishda o'z fikringizga tayanishingiz kerak.,discernment opinion,
tissue,noun,B1,qog'oz ro'molcha,салфетка,"A soft, thin piece of paper used for cleaning your nose or face.",ˈtɪs.juː,12168,home,I need a tissue because I think I am getting a cold.,"Menga qog'oz ro'molcha kerak, shekilli shamollab qoldim.",handkerchief,
memorabilia,noun,C1,esdalik buyumlar,памятные вещи,"Objects collected because they are connected to a person, event, or time in history.",ˌmɛm(ə)ɹəˈbɪlɪə,12170,ielts,He keeps a collection of old concert memorabilia in his study room.,U o'z ishxonasida konsertlardan yig'ilgan esdalik buyumlarini saqlaydi.,souvenirs mementos,
cartridge,noun,B2,kartrij,картридж,A small container that can be easily replaced inside a machine or device.,ˈkɑː.tɹɪd͡ʒ,12172,work,The printer stopped working because the ink cartridge was completely empty.,Printerning siyoh kartriji tugab qolgani uchun u ishlamay qoldi.,,
folk,noun,B1,odamlar,люди,"People in general, especially those who belong to a specific group.",fəʊk,12174,people-family,There were so many folk at the park during the sunny afternoon.,Quyoshli tushdan keyin bog'da juda ko'p odamlar bor edi.,people,
subsection,noun,B2,kichik bo'lim qism,подраздел,A small part of a larger section within a document or book.,ˈsʌbˌsɛk.ʃən,12176,ielts,Please read the final subsection of the report before the meeting starts.,"Majlis boshlanguniga qadar iltimos, hisobotning oxirgi kichik bo'limini o'qib chiqing.",part division,
electricity,noun,B1,elektr elektr energiyasi,электричество,"A form of energy that powers machines, lights, and electronic devices.",ˌiːlɛkˈtɹɪsɪti,12178,home,The power went out and we lost all our electricity last night.,"Kecha chiroq o'chib qolib, elektr energiyasidan uzilib qoldik.",power energy,
permitted,adjective,B1,ruxsat etilgan,разрешенный,Allowed or authorized to be done by rules or laws.,pɚˈmɪtɪd,12180,ielts,Smoking is not permitted inside the public building during office hours.,Ish vaqti davomida jamoat binosi ichida chekishga ruxsat yo'q.,allowed authorized,forbidden
arrival,noun,A2,kelish yetib kelish,прибытие,The act of reaching a place or getting to a destination.,əˈɹaɪ.vl̩,12182,travel,The arrival of our train was delayed by over two hours.,Poyezdimizning yetib kelishi ikki soatdan ko'proqqa kechikdi.,incoming,
okay,adjective,A1,yaxshi ma'qul,хорошо,"Acceptable or satisfactory, but not particularly good or bad.",ˌəʊˈkeɪ,12184,basics,"The movie was just okay, but I enjoyed the popcorn.","Kino o'rtacha bo'ldi, lekin makkajo'xori popkorni menga yoqdi.",fine acceptable,
emphasis,noun,B2,urg'u alohida e'tibor,ударение,Special importance or attention given to a particular thing.,ˈɛmfəsɪs,12186,ielts,The school places a lot of emphasis on learning foreign languages.,Maktab chet tillarini o'rganishga alohida urg'u beradi.,focus weight,
closer,adjective,A2,yaqinroq,ближе,At a shorter distance or having a more intimate relationship.,ˈkləʊ.sə,12188,describing,Please sit closer to the screen so you can see better.,"Iltimos, yaxshiroq ko'rish uchun ekranga yaqinroq o'tiring.",nearer,farther
shadow,noun,A2,soya,тень,A dark shape made when an object blocks light from a source.,ˈʃædəʊ̯,12190,nature,We sat in the shadow of a large tree to escape heat.,Issiqdan qochish uchun katta daraxtning soyasida o'tirdik.,shade,
infection,noun,B2,infeksiya yuqumli kasallik,инфекция,A disease or condition caused by the entry of germs into the body.,ɪnˈfɛkʃən,12192,body-health,You should clean the wound properly to prevent a serious infection.,Jarohatga infeksiya tushmasligi uchun uni yaxshilab tozalash kerak.,disease sickness,
expense,noun,B2,xarajat chiqim,расход,The amount of money that you need to spend on something.,ɪkˈspɛns,12194,work,Buying a new car was a big expense for our family budget.,Yangi mashina sotib olish oilaviy byudjetimiz uchun katta xarajat bo'ldi.,cost price,
grove,noun,C1,to'qayzor bog',роща,A small group of trees growing together in an area.,ɡɹəʊv,12196,nature,They enjoyed walking through the quiet olive grove during their holiday.,Ular ta'til paytida zaytun bog'i bo'ylab sayr qilishdan zavqlanishdi.,woodland thicket,
eligibility,noun,C1,talabga javob berish huquqi,пригодность,The state of having the necessary requirements to do or obtain something.,ˌɛl.ɪ.d͡ʒəˈbɪl.ɪ.ti,12198,ielts,The committee will check your eligibility for the student scholarship program.,Qo'mita talabalar stipendiya dasturiga mos kelishingizni tekshirib chiqadi.,suitability qualification,
clinic,noun,A2,klinika poliklinika,клиника,A place where people go to get medical treatment or advice.,ˈklɪn.ɪk,12200,body-health,He made an appointment at the local clinic for a checkup.,U tekshiruvdan o'tish uchun mahalliy klinikaga yozildi.,surgery medical center,
healing,noun,B2,tuzalish shifolanish,исцеление,The process where the body becomes healthy again after being hurt or sick.,ˈhiːlɪŋ,12202,body-health,Rest and good food are important for the healing of your wound.,Yaralaringiz tuzalishi uchun dam olish va yaxshi ovqatlanish muhim.,recovery,
princess,noun,A2,malika,принцесса,A daughter or granddaughter of a king or queen.,pɹɪnˈsɛs,12204,people-family,The young princess waved to the crowds from the palace balcony.,Yosh malika saroy balkonidan olomonga qo'l siltadi.,,
mall,noun,A1,savdo markazi,торговый центр,A large building with many different shops and restaurants inside.,mɔːl,12206,places,We spent all Saturday afternoon walking around the big city mall.,Biz butun shanba tushdan keyinni shahardagi katta savdo markazida o'tkazdik.,,
packet,noun,A2,qadoq pachka,пакет,A small paper or plastic container used to hold things.,ˈpæk.ɪt,12208,basics,"Don't throw the empty crisp packet on the floor, please.","Iltimos, bo'sh chips qadog'ini yerga tashlamang.",package,
spray,verb,B1,sepmoq purkamoq,брызгать,To push liquid out of a container in very small drops.,spɹeɪ,12210,actions,He had to spray some water on the dry plants in the garden.,U bog'dagi quruq o'simliklarga suv sepishi kerak edi.,sprinkle,
involvement,noun,B2,ishtirok qatnashish,участие,The act of taking part in an activity or event.,ɪnˈvɑlv.mənt,12212,ielts,Her involvement in the school project helped everyone finish the work faster.,Uning maktab loyihasidagi ishtiroki hammaga ishni tezroq tugatishga yordam berdi.,participation,
dad,noun,A1,dada ota,папа,The father of a child.,dæd,12214,people-family,My dad taught me how to ride a bicycle when I was young.,Yoshligimda dadam menga velosiped haydashni o'rgatgan edi.,father,
placement,noun,B2,joylashtirish o'rniga qo'yish,размещение,The act of putting something or someone in a particular place.,ˈpleɪ̯smənt,12216,ielts,The careful placement of the cameras helps keep the building very safe.,Kameralarning ehtiyotkorlik bilan joylashtirilishi binoni juda xavfsiz saqlashga yordam beradi.,positioning,
observations,noun,B2,kuzatishlar,наблюдения,The act of watching something carefully to learn or record details about it.,ˌɑbzɚˈveɪʃənz,12218,ielts,Scientists recorded their observations throughout the long study of the rare birds.,Olimlar nodir qushlarni uzoq muddatli o'rganish davomida o'z kuzatishlarini qayd etdilar.,findings reports,
funded,verb,B2,moliyalashtirilgan mablag' bilan ta'minlangan,финансируемый,To have provided the money required for a project or an organization.,ˈfʌndɪd,12220,work,The local government funded the construction of the new school library building.,Mahalliy hokimiyat yangi maktab kutubxonasi binosi qurilishini moliyalashtirdi.,financed supported,
pat,verb,B1,sekin urmoq silamoq,похлопывать,To touch someone or something gently several times with your flat hand.,pæt,12222,actions,He bent down to pat the dog on its soft brown head.,U itning yumshoq jigarrang boshini silash uchun egildi.,tap touch,
fell,verb,C1,kesib yiqitmoq qulatmoq,валить,To cut down a tree so that it falls to the ground.,fɛl,12224,nature,They had to fell several dead trees to keep the forest path safe.,O'rmon yo'lini xavfsiz qilish uchun ular bir nechta qurigan daraxtni kesib yiqitishdi.,cut chop,
motorcycle,noun,A2,mototsikl,мотоцикл,A road vehicle with two wheels that is powered by an engine.,ˈməʊtəˌsaɪkəl,12226,travel,My brother rides his motorcycle to work every single morning in summer.,Akam yozda har kuni ishga mototsiklda qatnaydi.,motorbike bike,
disclosure,noun,C1,oshkor etish,раскрытие,The act of making secret or private information known to other people.,dɪsˈkləʊʒə(ɹ),12228,ielts,The company was forced to make a full disclosure of its finances.,Kompaniya o'z moliyaviy hisobotini to'liq oshkor etishga majbur bo'ldi.,revelation exposure,concealment
establishment,noun,B2,muassasa tashkilot,учреждение,A place of business or a building where a professional organization is located.,ɪˈstæblɪʃmənt,12230,work,Pedro's is a fine establishment serving a variety of delicious food.,Pedro's – mazali taomlar taqdim etadigan ajoyib muassasa.,organization institution,
tourist,noun,A2,sayyoh,турист,A person who visits a place for pleasure and enjoyment while on holiday.,ˈtʊəɹɪst,12232,travel,Many tourists visit the old city to see the historical monuments.,Ko'plab sayyohlar tarixiy obidalarni ko'rish uchun eski shaharga kelishadi.,visitor traveler,
murder,noun,B2,qotillik,убийство,The crime of intentionally and illegally killing another person.,ˈmɜːdə(ɹ),12234,ielts,The police are investigating the murder that happened last night.,Politsiya o'tgan tun sodir bo'lgan qotillikni tekshirmoqda.,killing homicide,
senator,noun,B2,senator,сенатор,A member of a government body called a senate.,ˈsɛn.ə.tə,12236,ielts,The senator spoke to the public about the new national tax laws.,Senator yangi soliq qonunlari haqida xalqqa nutq so‘zladi.,legislator,
pour,verb,A2,quymoq,лить,To make a liquid flow out of or into a container.,pɔː,12238,actions,Could you please pour some cold water into my empty glass?,"Iltimos, bo‘sh stakanimga ozgina sovuq suv quyib bera olasizmi?",stream spill,
digest,verb,B2,hazm qilmoq,переваривать,To change food into substances that your body can use.,daɪˈd͡ʒɛst,12240,body-health,It is better to walk a little after you digest your food.,Ovqat hazm bo‘lishi uchun ovqatlangandan keyin biroz yurish foydali.,assimilate absorb,
tion,noun,C2,tion,тион,A rare animal produced by mating a male tiger with a lioness.,ˈtaɪən,12244,animals,The lion and tiger hybrid known as a tion is very rare.,Sher va yo‘lbarsning duragayi bo‘lgan tion juda kam uchraydi.,,
dust,verb,B1,changini artmoq,вытирать пыль,To remove dirt or dust from a surface using a cloth.,dʌst,12246,home,You should dust the furniture before you start cleaning the floor.,Polni tozalashdan oldin mebelning changini artib olishing kerak.,clean wipe,
hence,adverb,C1,keyin bundan buyon,впоследствии,Happening at a certain time in the future from now.,ˈhɛns,12248,time,The meeting will take place two weeks hence in the main office.,Uchrashuv ikki haftadan so‘ng markaziy idorada bo‘lib o‘tadi.,later subsequently,
entirely,adverb,B1,butunlay tamoman,полностью,In every way or completely.,ɪnˈtaɪəli,12250,describing,I am not entirely sure if we have enough time for this.,Bunga yetarli vaqtimiz borligiga unchalik ishonchim komil emas.,completely totally,partially
radar,noun,B2,radar,радар,A system that uses radio waves to find the position and speed of objects.,ˈɹeɪdɑː,12252,ielts,The airport uses radar to track the positions of all incoming planes.,Aeroport barcha kelayotgan samolyotlar o'rnini kuzatish uchun radardan foydalanadi.,sonar detection,
rescue,verb,B1,qutqarmoq xalos etmoq,спасать,To save someone or something from a dangerous situation.,ˈɹɛs.kjuː,12254,actions,The well-trained team rescued everyone after the avalanche in the mountains.,Tog'dagi qor ko'chkidan so'ng yaxshi tayyorgarlik ko'rgan guruh barchani qutqarib qoldi.,save liberate,endanger
combat,verb,B2,kurashmoq,бороться,To try to stop something bad from happening or spreading.,ˈkɒmˌbæt,12256,ielts,The government is trying to find new ways to combat drug addiction.,Hukumat giyohvandlikka qarshi kurashishning yangi usullarini izlamoqda.,fight tackle,
stopped,adjective,A2,to'xtagan,остановившийся,"Not moving anymore, or having come to an end.",stɒpt,12258,describing,They passed a stopped car on the side of the road today.,Ular bugun yo'l chetida to'xtab turgan mashina yonidan o'tib ketishdi.,halted stationary,moving
occupation,noun,B2,kasb ish,профессия,A person's job or the regular work they do to earn money.,ˌɒkjʊˈpeɪʃən,12260,work,"Please fill out your name, address, and occupation on this form.","Iltimos, ushbu shaklga ismingiz, manzilingiz va kasbingizni yozing.",job profession,
donations,noun,B1,ehsonlar xayriya,пожертвования,Money or goods given to help people or organizations in need.,doʊˈneɪʃənz,12262,ielts,The charity relies on small donations from the public to survive.,Xayriya tashkiloti o'z faoliyatini yuritish uchun aholidan tushadigan kichik ehsonlarga tayanadi.,gift contribution,
baker,noun,A2,novvoy nonvoy,пекарь,A person who professionally makes and sells bread and other baked goods.,ˈbeɪ.kə,12264,food-drink,The local baker makes fresh bread every morning before we wake up.,Mahalliy novvoy har kuni ertalab biz uyg'onishimizdan oldin yangi non yopadi.,,
elsewhere,adverb,B1,boshqa joyda o'zga joyda,в другом месте,"In, at, or to a place that is not here.",ˌɛlsˈʍɛə,12266,places,"If this shop is closed, we should try looking somewhere elsewhere.","Agar bu do'kon yopiq bo'lsa, biz boshqa joydan izlab ko'rishimiz kerak.",somewhere else,
conservative,adjective,B2,konservativ o'zgarishni yoqtirmaydigan,консервативный,Tending to dislike change or innovation and preferring traditional ways.,kənˈsɜːvətɪv,12268,ielts,The older generation often has a conservative view on new technology.,Keksa avlod vakillari yangi texnologiyalarga nisbatan ko'pincha konservativ qarashadi.,traditional,progressive
guestbook,noun,B1,mehmonlar kitobi,книга отзывов,A book for guests to write their names and comments in.,ˈɡɛst.bʊk,12270,home,Please write your name in the guestbook before you leave the hotel.,Mehmonxonadan chiqib ketishdan oldin ismingizni mehmonlar kitobiga yozib qo'ying.,,
shock,verb,B1,hayron qoldirmoq larzaga solmoq,шокировать,To make someone feel surprised or upset by something bad or unexpected.,ʃɒk,12272,feelings,The sudden news about the accident really shocked the whole town.,Baxtsiz hodisa haqidagi to'satdan chiqqan xabar butun shaharni larzaga soldi.,surprise,
effectiveness,noun,B2,samaradorlik,эффективность,The quality of being successful in achieving a specific result.,ɪˈfɛk.tɪv.nɪs,12274,ielts,We need to test the effectiveness of this new teaching method.,Biz ushbu yangi o'qitish usulining samaradorligini sinab ko'rishimiz kerak.,efficiency,
ebony,noun,C2,qora daraxt ebanoz,чёрное дерево,"A very hard, dark, and expensive wood from tropical trees used for expensive furniture.",ˈɛb.ən.i,12276,describing,The artist carved a beautiful small statue out of dark polished ebony.,San'atkor qora rangli ebanoz yog'ochidan kichik haykalcha o'ydi.,onyx raven,
drawn,adjective,B2,durang bo'lgan,сыгранный вничью,Used to describe a game or competition that finished with no winner or loser.,dɹɔːn,12278,ielts,The final football match ended in a tense and drawn game today.,Bugungi futbol finali keskin va durang natija bilan yakunlandi.,tied,
walker,noun,A2,piyoda yuruvchi,пешеход,"A person who goes for a walk, especially for exercise or for pleasure.",ˈwɔːkə,12280,people-family,The park was full of early morning walkers enjoying the fresh air.,Bog' erta tongda toza havodan bahra olayotgan piyodalar bilan to'la edi.,pedestrian,
kiss,verb,A1,o'pmoq,целовать,"To touch someone with your lips to show love, affection, or as a greeting.",kɪs,12282,actions,She leaned forward to kiss her mother on the cheek goodbye.,U xayrlashish uchun onasining yuzidan o'pib qo'ydi.,,
beast,noun,B2,yirtqich maxluq,зверь,A large or dangerous animal that lives in the wild.,biːst,12284,animals,The legends told stories of a dangerous beast living in the forest.,Afsonalarda o'rmonda yashaydigan xavfli yirtqich haqida hikoyalar aytilgan.,animal creature,
experiment,noun,B1,tajriba eksperiment,эксперимент,A scientific test done to learn how something works or if an idea is true.,ɪkˈspɛɹ.ɪ.mənt,12286,school,We will conduct a science experiment in the lab this afternoon.,Bugun tushdan keyin laboratoriyada ilmiy tajriba o'tkazamiz.,test trial,
overseas,adjective,B2,xorijiy chet el,зарубежный,Coming from or going to another country across the sea.,ˌəʊvəˈsiːz,12288,travel,Many companies are now expanding into new overseas markets for growth.,Ko'plab kompaniyalar hozirda o'sish uchun xorijiy bozorlarga kirib bormoqda.,foreign abroad,domestic
dodge,verb,C1,chetinmoq chalg'itmoq,увиливать,To avoid something by moving quickly or using a clever trick.,dɒd͡ʒ,12290,actions,He tried to dodge the difficult question during the live interview.,U jonli efirdagi intervyu paytida qiyin savoldan qochishga urindi.,avoid evade,confront
counsel,verb,C2,maslahat bermoq,советовать,To give professional or expert advice to someone about a problem.,ˈkaʊn.səl,12292,ielts,The lawyer did counsel his client to remain silent during questioning.,Advokat mijoziga so'roq paytida sukut saqlashni maslahat berdi.,advise suggest,
federation,noun,C1,federatsiya ittifoq,федерация,A group of states or organizations that are joined together as one.,ˌfɛdəˈɹeɪʃn̩,12294,ielts,The sports federation decided to host the international championship this year.,Sport federatsiyasi bu yil xalqaro chempionatni o'tkazishga qaror qildi.,union alliance,
pizza,noun,A1,pitssa,пицца,A round flat piece of bread baked with cheese and vegetables on top.,ˈpiː.tsə,12296,food-drink,We ordered a large pepperoni pizza for our dinner last night.,Kecha kechki ovqat uchun katta pepperoni pitszasi buyurtma qildik.,,
assignment,noun,B1,topshiriq vazifa,задание,A piece of work that someone is given to do.,əˈsaɪn.mənt,12298,school,The teacher gave us a challenging assignment to complete by Friday.,O'qituvchi bizga jumagacha bajarishimiz kerak bo'lgan murakkab vazifa berdi.,task duty,
queries,noun,B2,savollar so'rovlar,вопросы,Questions or requests for information made to someone or a computer system.,ˈkwɪəriz,12302,work,The teacher was happy to answer any queries from the students.,O'qituvchi o'quvchilardan kelgan har qanday savollarga javob berishdan xursand bo'ldi.,questions inquiries,answers
rush,verb,B1,shoshilish tezlashish,спешить,To move or do something very quickly because you do not have much time.,ɹʌʃ,12304,actions,I had to rush to catch my bus this morning.,Bugun ertalab avtobusga ulgurish uchun shoshilishimga to'g'ri keldi.,hurry race,dawdle
absence,noun,B2,yo'qlik ishtirok etmaslik,отсутствие,The fact of not being where you are expected to be.,ˈæb.s(ə)n̩s,12306,ielts,"During his long absence from work, the office was very quiet.","Uning ishda uzoq vaqt bo'lmaganida, ofis juda sokin edi.",nonattendance,presence
cluster,noun,C1,to'da guruh,скопление,A group of similar things that are positioned or occurring closely together.,ˈklʌstə,12308,describing,A small cluster of trees stood in the middle of the field.,Dala o'rtasida bir to'da daraxtlar o'sib turardi.,group bunch,
whereas,conjunction,B2,holbuki aksincha,в то время как,Used to compare two different facts or situations.,weəɹˈæz,12310,ielts,"I love spicy food, whereas my sister prefers it mild.","Men achchiq taomlarni yaxshi ko'raman, holbuki singlim shirinroq ovqatlarni afzal ko'radi.",while although,
yoga,noun,A2,yoga,йога,A system of physical and mental exercises for health and relaxation.,ˈjoʊ.ɡə,12312,body-health,She practices yoga every morning to feel relaxed and focused.,U o'zini xotirjam va diqqatli his qilish uchun har kuni ertalab yoga bilan shug'ullanadi.,,
surprise,noun,A2,kutilmagan hodisa ajablanish,сюрприз,The feeling you get when something unexpected happens.,sə(ː)ˈpɹaɪ̯z,12314,feelings,It was a big surprise when my friend visited me today.,"Bugun do'stim meni ko'rgani kelganida, bu juda kutilmagan hol bo'ldi.",amazement astonishment,
everybody,pronoun,A1,hamma barcha,все,Every person in a group or in the world.,ˈɛvɹiɪbɒdi,12316,people-family,Does everybody have their ticket ready for the train ride today?,Poyezdga chiqish uchun hammaning chiptasi tayyormi?,everyone,nobody
sublime,adjective,C2,hayratomuz ulugvor,величественный,Causing deep admiration and respect due to extreme beauty or magnificence.,səˈblaɪm,12318,ielts,The view of the mountains at sunrise was absolutely sublime and unforgettable.,Quyosh chiqayotgandagi tog‘lar manzarasi juda hayratomuz va unutilmas edi.,magnificent awe-inspiring,
acceptable,adjective,B1,maqbul yetarli,приемлемый,Good enough to be allowed or to satisfy a specific need.,əkˈsɛp.tə.bəl,12320,describing,"His performance was acceptable, although it could have been much better.","Uning ishi maqbul darajada edi, garchi undan ham yaxshiroq bo‘lishi mumkin bo‘lsa-da.",adequate passable,unacceptable
glad,adjective,A2,xursand mamnun,радый,Feeling happy and pleased about something.,ɡlæd,12322,feelings,I am so glad that you could come to my party today.,Bugun bazmimga kela olganingizdan juda xursandman.,happy pleased,
globe,noun,B1,yer shari globus,земной шар,"The planet Earth, or a round model representing the Earth.",ɡləʊb,12324,places,Students looked at the globe to locate all the different countries.,O‘quvchilar barcha mamlakatlarni topish uchun globusga qarashdi.,earth world,
copper,noun,B2,mis,медь,"A reddish-brown metal used for making coins, wires, and pipes.",ˈkɒpə,12326,nature,Old electricity wires are often made of copper because it conducts well.,"Eski elektr simlari ko‘pincha misdan yasaladi, chunki u tokni yaxshi o‘tkazadi.",,
rack,noun,B2,javon tokcha,стеллаж,A structure with shelves or hooks for holding or storing things.,ɹæk,12328,home,Please put your wet coat on the rack near the front door.,"Iltimos, ho'l paltongizni eshik yonidagi ilmoqqa osib qo'ying.",shelf frame,
medication,noun,B1,dori dori-darmon,медикаменты,A substance or drug used to treat an illness or improve health.,mɛdɪˈkeɪʃən,12330,body-health,You must take your medication exactly as the doctor has prescribed it.,Siz dorini shifokor aytganidek aynan vaqtida ichishingiz kerak.,medicine drug,
warehouse,noun,B2,ombor,склад,A large building where goods are stored before they are sold or distributed.,ˈwɛə(ɹ)haʊs,12332,work,The furniture is kept in a warehouse until it is ready for delivery.,Mebel yetkazib berishga tayyor bo'lguncha omborda saqlanadi.,storage depot,
shareware,noun,C1,sinov dasturi,условно-бесплатное ПО,"Software that is available to use for free, usually with limited features or time.",ˈʃɛəˌwɛər,12334,work,You can download this shareware to test if the program suits your needs.,Dastur sizning ehtiyojlaringizga mos kelishini sinab ko'rish uchun ushbu versiyani yuklab oling.,trialware,
receipt,noun,A2,chex kvitansiya,квитанция,A paper document showing that money has been paid for goods or services.,ɹɪˈsiːt,12338,travel,Keep your receipt in case you need to return the item later.,"Agar mahsulotni qaytarishingiz kerak bo'lsa, chekingizni saqlab qo'ying.",bill proof,
supposed,adjective,B2,faraz qilingan gumon qilingan,предполагаемый,"Believed or claimed by many people to be true, although this may not be true.",səˈpəʊzd,12340,ielts,He is the supposed leader of this dangerous and secret criminal organization.,U ushbu xavfli va maxfiy jinoiy tashkilotning taxminiy yetakchisi hisoblanadi.,reputed,
nobody,pronoun,A1,hech kim,никто,Not any person; not a single human being.,ˈnəʊ.bɒd.i,12342,basics,"I looked inside the dark room, but there was nobody at all.","Qorong‘u xonaning ichiga qaradim, lekin u yerda hech kim yo‘q edi.",,
ghost,noun,B1,arvoh ruh,привидение,The spirit of a dead person that some people believe can be seen.,ɡəʊst,12344,describing,The children were scared because they thought they saw a ghost yesterday.,"Bolalar qo‘rqib ketishdi, chunki ular kecha arvoh ko‘rganmiz deb o‘ylashdi.",apparition phantom,
violation,noun,C1,buzilish qoidabuzarlik,нарушение,"An action that breaks a law, rule, or agreement.",ˌvaɪ.əˈleɪ.ʃən,12346,ielts,Parking in front of the gate is a clear violation of rules.,Darvoza oldida to‘xtash qoidalarning ochiqdan-ochiq buzilishi hisoblanadi.,breach infringement,observance
configure,verb,B2,sozlamoq moslamoq,конфигурировать,To arrange or prepare a computer system so it works in a specific way.,kənˈfɪɡə(ɹ),12348,work,You need to configure your email settings before you can send messages.,Xabar yuborishdan avval elektron pochta sozlamalarini to‘g‘rilab olishingiz kerak.,setup arrange,
stability,noun,B2,barqarorlik turg‘unlik,стабильность,The condition of being steady and not changing or falling over.,stəˈbɪlɪti,12350,ielts,The economic stability of the country helps businesses grow and expand further.,Mamlakatdagi iqtisodiy barqarorlik biznesning rivojlanishi va kengayishiga yordam beradi.,steadiness firmness,instability
southwest,noun,A2,janubi-g‘arb,юго-запад,The direction between south and west.,saʊθˈwɛst,12352,travel,We are planning to visit a small town in the southwest region.,Biz janubi-g‘arbiy mintaqadagi kichik bir shaharchaga tashrif buyurishni rejalashtiryapmiz.,,northeast
pride,noun,B1,faxr iftixor,гордость,A feeling of deep pleasure or satisfaction from your own achievements or qualities.,pɹaɪd,12354,feelings,She felt a great sense of pride when her son graduated university.,O‘g‘li universitetni bitirganida u juda katta faxr tuyg‘usini his qildi.,dignity satisfaction,shame
institutional,adjective,C1,muassaviy tashkiliy,институциональный,"Relating to a large organization or system, such as a school, bank, or government.",ˌɪn.stɪˈtjuː.ʃə.nəl,12356,ielts,The government needs to address deep-rooted institutional problems in the healthcare sector.,Hukumat sog‘liqni saqlash sohasidagi chuqur ildiz otgan tashkiliy muammolarni hal qilishi kerak.,organizational systemic,
independence,noun,B2,mustaqillik erkinlik,независимость,The state of being free and not controlled or governed by another country or person.,ˌɪn.dɪˈpɛn.dəns,12358,ielts,Many countries fought for their independence during the twentieth century.,Ko‘pgina mamlakatlar yigirmanchi asrda o‘z mustaqilligi uchun kurashdilar.,freedom autonomy,dependence
reporter,noun,A2,muxbir jurnalist,репортёр,"A person who collects information and writes news stories for newspapers, radio, or television.",ɹɪˈpɔː.tə,12360,work,The reporter interviewed the politician about the new city development project.,Muxbir siyosatchidan yangi shahar rivojlanish loyihasi haqida intervyu oldi.,journalist correspondent,
metabolism,noun,C1,moddalar almashinuvi,метаболизм,The chemical processes in the body that change food and drink into energy.,mɪˈtab.ə.lɪz.əm,12362,body-health,Regular exercise can help to increase your body's metabolism over time.,Muntazam mashq qilish vaqt o‘tishi bilan organizm moddalar almashinuvini yaxshilashga yordam beradi.,,
champion,noun,B1,chempion g‘olib,чемпион,A person or team that has won a competition or sports event.,ˈt͡ʃæm.pi.ən,12364,actions,He became the world champion after winning the final match last night.,"Kecha final o‘yinida g‘alaba qozonib, u jahon chempioni bo‘ldi.",winner victor,loser
cloudy,adjective,A1,bulutli havo,облачный,"If the sky is cloudy, it is covered with many clouds.",ˈklaʊ̯diː,12366,nature,"It was a cloudy day, so we decided to stay inside home.",Havo bulutli bo‘lgani uchun biz uyda qolishga qaror qildik.,overcast gray,sunny
personally,adverb,B1,shaxsan o'zim,лично,Used to show that you are giving your own opinion about something.,ˈpɜː.sə.nə.li,12368,describing,"I am really annoyed with her, personally, for what she said.",U aytgan gaplari uchun shaxsan o'zim undan juda xafaman.,,
plenty,noun,A2,yetarlicha ko'p mo'l,изобилие,"A large amount of something, more than enough.",ˈplɛnti,12370,basics,We are lucky to live in a land of peace and plenty.,Tinch va farovon yurtda yashayotganimizdan omadimiz kulgan.,abundance sufficiency,lack
solo,adjective,B1,yakkaxon yolg'iz,соло,Done by one person without any help or other people.,ˈsoʊ.loʊ,12372,actions,The pilot successfully completed his first solo flight yesterday morning.,Uchuvchi kecha ertalab o'zining ilk mustaqil parvozini muvaffaqiyatli yakunladi.,single individual,joint
sentence,verb,B2,hukm qilmoq jazolamoq,приговорить,To tell a person who is guilty of a crime what their punishment is.,ˈsɛn.təns,12374,ielts,The judge sentenced the man to five years in prison today.,Sudya bugun erkakni besh yilga ozodlikdan mahrum etishga hukm qildi.,condemn adjudge,
ignore,verb,A2,e'tiborsiz qoldirmoq pisand qilmaslik,игнорировать,To deliberately pay no attention to something or someone.,ɪɡˈnɔː,12376,actions,He decided to ignore the rude comments made by his neighbor.,U qo'shnisining qo'pol gaplarini e'tiborsiz qoldirishga qaror qildi.,disregard neglect,notice
maria,noun,C2,oy dengizlari,моря,Large dark flat areas on the surface of the moon.,ˈmɑɹ.i.ə,12378,nature,Scientists study the maria on the moon to learn about its history.,Olimlar oy tarixini o'rganish uchun oy dengizlarini tadqiq qilishadi.,,
excellence,noun,B2,yuksaklik mukammallik,превосходство,The high quality of being very good at something.,ˈɛksələns,12380,ielts,The university is known for excellence in teaching and scientific research.,Universitet o'qitish va ilmiy tadqiqotlardagi yuksakligi bilan tanilgan.,brilliance,
wealth,noun,B1,boylik,богатство,"A large amount of money, property, or valuable things that someone owns.",wɛlθ,12382,ielts,He used his family wealth to help those in his community.,U o'z oilaviy boyligini mahalladoshlariga yordam berish uchun ishlatdi.,riches,
tall,adjective,A1,baland uzun,высокий,Having a greater height than average or than other things.,tɔːl,12384,describing,The new building is very tall and can be seen from everywhere.,Yangi bino juda baland va uni hamma yerdan ko'rish mumkin.,high,short
somewhere,adverb,A2,qayerdadir,где-то,In or at an unknown or unspecified place.,ˈsʌm.wɛɹ,12386,places,I must have left my keys somewhere in the living room.,Men kalitlarimni mehmonxonada qayerdadir qoldirgan bo'lsam kerak.,,
vacuum,verb,B1,changyutkich bilan tozalash,пылесосить,To clean a floor or carpet using a machine that sucks up dust.,ˈvæ.kjuːm,12388,home,You should vacuum the carpet once a week to keep it clean.,Gilamni toza saqlash uchun haftada bir marta changyutkich bilan tozalash kerak.,hoover,
brass,noun,B2,latun,латунь,A shiny yellow metal made by mixing copper and zinc.,bɹɑːs,12390,ielts,The old door handles were made of polished brass.,Eski eshik tutqichlari yaltiroq latundan yasalgan edi.,,
plaza,noun,B1,maydon xiyobon,площадь,"A public open space in a city, often surrounded by buildings.",ˈplæzə,12392,places,The tourists sat on a bench in the sunny city plaza.,Sayyohlar quyoshli shahar maydonidagi o'rindiqqa o'tirishdi.,square,
survival,noun,B2,omon qolish tirik qolish,выживание,The state of continuing to live or exist after a difficult situation.,səˈvaɪ.vəl,12394,ielts,His survival in the open ocean for three days was a miracle.,Uch kun ochiq dengizda omon qolgani chinakam mo‘’jiza bo‘ldi.,existence endurance,death
quest,noun,C1,izlanish maqsad sari safar,поиск,A long and difficult search for something important or challenging.,kwɛst,12396,ielts,The knight went on a long quest to find the hidden treasure.,Ritsar yashirin xazinani topish uchun uzoq va mashaqqatli safarga otlandi.,search mission,
toe,noun,A2,oyoq barmog‘i,палец ноги,One of the five small parts at the end of your foot.,təʊ,12398,body-health,I accidentally hit my big toe against the corner of the table.,Oyoq bosh barmog‘imni tasodifan stolning burchagiga urib oldim.,,
thumbnail,noun,B2,kichik rasmcha eskiz,миниатюра,A very small image that represents a larger picture or page on a computer.,ˈθʌm.neɪl,12400,work,Click on the thumbnail to see the full version of the photo.,Rasmni to‘liq ko‘rish uchun kichik tasvir ustiga bosing.,miniature icon,
whenever,conjunction,B1,qachonki har gal,когда бы ни,Every time that something happens or is the case.,wəˈnɛvə,12402,time,"Whenever he has a pair of aces, his eyelids twitch.","Har gal qo‘lida ikkita tuz bo‘lsa, uning ko‘z qovoqlari pirpiraydi.",every time,
nova,noun,C2,nova yulduz,новая звезда,A star that suddenly becomes much brighter for a short time.,ˈnəʊ.və,12404,nature,The astronomer was excited to observe the sudden appearance of a nova.,Astronom nova yulduzining to‘satdan paydo bo‘lishini kuzatganidan hayajonlandi.,,
lifetime,noun,B2,umr hayot,продолжительность жизни,The entire period of time during which a person is alive.,ˈlaɪf.taɪm,12406,time,It is the chance of a lifetime to visit such a place.,Bunday joyga tashrif buyurish — bir umrda bir keladigan imkoniyat.,lifespan,
booty,noun,C1,o'lja g'animat,добыча,Valuable goods or money taken from an enemy in war or by theft.,ˈbuːti,12408,actions,The pirates buried their stolen booty on a secret tropical island.,Qaroqchilar o‘g‘irlangan o‘ljalarini sirli tropik orolga ko‘mib tashlashdi.,plunder loot,
forgotten,adjective,A2,esdan chiqqan unutilgan,забытый,Not remembered by someone or no longer in their thoughts.,fəˈɡɒt.n̩,12410,describing,He found a forgotten letter hidden in his old desk drawer.,U eskirgan stol tortmasida yashiringan unutilgan xatni topib oldi.,lost,remembered
acrobat,noun,B2,akrobat dorboz,акробат,A person who performs difficult physical acts like jumping and balancing.,ˈæk.ɹə.bæt,12412,people-family,The acrobat performed amazing stunts high above the circus ring.,Akrobat sirk maydoni uzra juda balandda ajoyib tryuklarni namoyish etdi.,gymnast,
venue,noun,B2,joy manzil,место проведения,A place where people meet for an organized event like a concert or conference.,ˈvɛnjuː,12414,places,They have finally chosen a large venue for the music festival.,Ular nihoyat musiqa festivali uchun katta joy tanlashdi.,location site,
athletic,adjective,B1,sportchi jismonan baquvvat,спортивный,"Having a strong, muscular body or being good at sports.",æθˈlɛt.ɪk,12416,body-health,He has a very athletic build because he plays tennis every day.,U har kuni tennis o'ynagani uchun juda sportchi qomatga ega.,fit muscular,unfit
thermal,adjective,B2,issiqlik issiqlikni saqlovchi,тепловой,Relating to heat or designed to keep you warm by trapping heat.,ˈθɜːməl,12418,describing,You should wear thermal underwear if you go skiing in the mountains.,"Agar tog'da chang'i uchmoqchi bo'lsangiz, issiqlikni saqlovchi ichki kiyim kiyishingiz kerak.",warm heated,
fairly,adverb,B1,yetarlicha ancha,довольно,"To a moderate degree or amount, but not very.",ˈfɛə(ɹ).li,12420,describing,"The test was fairly difficult, but most students finished it on time.","Imtihon ancha qiyin edi, lekin ko'pchilik talabalar uni o'z vaqtida tugatdi.",quite moderately,
intelligent,adjective,B1,aqlli zehnli,умный,"Having the ability to learn, understand, and think in a logical way.",ɪnˈtɛlɪd͡ʒənt,12422,describing,She is an intelligent student who asks very thoughtful questions in class.,U darsda juda o'ylangan savollar beradigan aqlli o'quvchi.,smart clever,stupid
traveler,noun,A2,sayohatchi musofir,путешественник,A person who is travelling or who often travels to different places.,ˈtræv.əl.ər,12424,travel,The lonely traveler walked across the desert under the hot sun.,Yolg'iz sayohatchi jazirama quyosh ostida sahro bo'ylab yurdi.,tourist wayfarer,
enemy,noun,B1,dushman raqib,враг,A person who hates or wants to harm another person or group.,ˈɛnəmi,12426,ielts,He made a lot of enemies after changing the rules at work.,"Ishdagi qoidalarni o'zgartirgach, u ko'plab dushman orttirib oldi.",foe adversary,friend
puzzle,noun,A2,boshqotirma jumboq,головоломка,A game or problem that is difficult and tests your thinking ability.,ˈpʌzəl,12428,actions,Solving this crossword puzzle is much harder than I first thought.,Bu krossvordni yechish o'ylaganimdan ancha qiyinroq ekan.,brainteaser mystery,
aluminum,noun,B2,alyuminiy,алюминий,A silver-white metal that is very light and does not rust.,əˈlu.mɪ.nəm,12430,nature,Many drink cans are made of thin aluminum sheets today.,Hozirgi kunda ko'plab ichimlik idishlari yupqa alyuminiydan yasaladi.,,
wishlist,noun,B1,istaklar ro'yxati,список желаний,A list of things that a person would like to have or buy.,ˈwɪʃ.lɪst,12432,home,I added the camera to my online wishlist for my next birthday.,Men tug'ilgan kunim uchun kamerani onlayn istaklar ro'yxatimga qo'shib qo'ydim.,,
sms,noun,A1,xabar sms,смс,A short written message sent from one mobile phone to another.,ˌes.emˈes,12434,basics,Please send me an sms when you arrive at the train station.,Temir yo'l vokzaliga yetib borganingizda menga xabar yuboring.,text message,
republican,adjective,B2,respublika tarafdori respublikachi,республиканский,Supporting a system of government where the country is led by elected representatives.,ɹɪˈpʌblɪkən,12436,ielts,The politician expressed his strong republican views during the public debate.,Siyosatchi ochiq munozara chog'ida o'zining qat'iy respublikachi qarashlarini bayon qildi.,,monarchist
latter,adjective,C1,ikkinchisi oxirgisi,последний,The second of two people or things that have just been mentioned.,ˈlæt.ə(ɹ),12438,ielts,We had coffee and cake; the latter was absolutely delicious to eat.,Biz kofe va tort ichdik; ikkinchisi juda mazali edi.,,
thick,adjective,A2,qalin yo'g'on,толстый,Having a large distance between two opposite sides or surfaces.,θɪk,12440,describing,He wore a thick coat because it was freezing outside today.,Tashqarida sovuq bo'lgani uchun u qalin palto kiyib oldi.,broad,thin
syndrome,noun,C1,sindrom kasallik belgisi,синдром,A group of signs or symptoms that happen together as part of a disease.,ˈsɪndɹəʊm,12442,body-health,The doctor explained that her symptoms indicate a specific medical syndrome.,Shifokor uning alomatlari ma'lum bir tibbiy sindromdan dalolat berishini tushuntirdi.,,
attendance,noun,B2,qatnashish qatnov,посещаемость,The fact of being present at an event or at a place.,əˈtɛn.dəns,12444,school,Attendance at all the university lectures is important for passing the exam.,Imtihondan o'tish uchun universitetdagi barcha ma'ruzalarda qatnashish muhimdir.,,
penalty,noun,B2,jarima jazo,штраф,A punishment given for breaking a rule or law.,ˈpɛn.əl.ti,12446,ielts,The referee gave a penalty because the player touched the ball.,Hakam o‘yinchi to‘pga qo‘li bilan tegangani uchun jarima zarbasi belgiladi.,punishment sentence,reward
drum,noun,A2,baraban,барабан,A musical instrument that you hit with sticks or your hands to make sound.,ˈdɹʌm,12448,actions,The young boy practiced playing the drums in his room all afternoon.,Yosh bola tushdan keyin xonasida baraban chalishni mashq qildi.,percussion,
builder,noun,A2,quruvchi binokor,строитель,A person whose job is to build or repair houses and other structures.,ˈbɪl.də,12450,work,The builder said the new house will be finished by next month.,Quruvchi yangi uy kelasi oyga bitishini aytdi.,constructor,
vista,noun,C1,manzara,вид,A beautiful view of a large area of countryside or a city.,ˈvɪstə,12452,nature,"From the mountain top, we enjoyed a stunning vista of the valley.",Tog‘ cho‘qqisidan vodiyning ajoyib manzarasidan bahramand bo‘ldik.,view prospect,
flood,noun,B1,toshqin suv toshqini,наводнение,An overflow of a large amount of water onto land that is usually dry.,flʌd,12454,nature,The heavy rain caused a major flood in the town center yesterday.,Kuchli yomg‘ir shahar markazida katta suv toshqinini keltirib chiqardi.,deluge inundation,drought
ease,noun,B2,yengillik osonlik,легкость,The ability to do something without difficulty or much effort.,iːz,12456,describing,She learned to speak the new language with surprising ease.,U yangi tilni hayratlanarli darajada oson o‘rgandi.,easiness facility,difficulty
arena,noun,B2,arena maydon,арена,"A large building or flat ground used for sports events, concerts, or shows.",əˈɹiːnə,12458,places,Thousands of fans gathered at the arena to watch the final match.,Minglab muxlislar final o‘yinini tomosha qilish uchun arenaga yig‘ilishdi.,stadium pitch,
announcement,noun,B1,e’lon bildirishnoma,объявление,A public statement that gives people information about something that has happened or will happen.,əˈnaʊns.mɛnt,12460,work,The head of the company made an important announcement during the meeting.,Kompaniya rahbari majlis davomida muhim e’lon qildi.,declaration notice,
appreciate,verb,B1,qadrlamoq minnatdor bo‘lmoq,ценить,To recognize how good or valuable someone or something is.,əˈpɹiː.si.eɪt,12462,feelings,I really appreciate all the hard work you did for this project.,Ushbu loyiha uchun qilgan barcha mehnatlaringizni chin dildan qadrlayman.,value esteem,
casual,adjective,B2,norasmiy tasodifiy,небрежный,"Relaxed and informal in style, manner, or relationship.",ˈkaʒ(uː)əl,12464,describing,Most of the office staff prefers to wear casual clothes on Fridays.,Ofis xodimlarining aksariyati juma kunlari norasmiy kiyim kiyishni ma’qul ko‘radi.,informal relaxed,formal
grown,adjective,B1,voyaga yetgan katta yoshli,взрослый,Having reached the stage of being a full adult.,ɡɹəʊn,12466,people-family,I am a grown person and can make my own choices.,Men voyaga yetgan insonman va o'z qarorlarimni o'zim qabul qila olaman.,adult mature,child
polish,verb,B2,silliqlamoq sayqallamoq,полировать,To make a surface smooth and shiny by rubbing it.,ˈpɒl.ɪʃ,12468,actions,He had to polish the wooden table until it was shiny.,U yog'och stolni yaltiraguncha silliqlashi kerak edi.,shine buff,
lovely,adjective,A2,yoqimli chiroyli,прекрасный,"Very pleasant, beautiful, or enjoyable.",ˈlʌv.li,12470,describing,We had a lovely time at the park yesterday afternoon.,Kecha tushdan keyin bog'da juda yoqimli vaqt o'tkazdik.,beautiful pleasant,ugly
clause,noun,B2,gap bo'lagi qoida bandi,пункт,A part of a sentence containing a subject and a verb.,klɔːz,12472,school,The teacher explained how to identify a dependent clause correctly.,O'qituvchi ergash gapni qanday qilib to'g'ri aniqlashni tushuntirib berdi.,sentence part,
troops,noun,B2,qo'shinlar harbiy xizmatchilar,войска,Groups of soldiers or military personnel in uniform.,tɹuːps,12474,ielts,The troops returned home after the long mission was finished.,Uzoq missiya tugaganidan so'ng qo'shinlar uyga qaytdi.,soldiers army,
indoor,adjective,A2,bino ichidagi yopiq,внутренний,Situated or used inside a building rather than outside.,ˈɪndɔː,12476,places,We played indoor games because it was raining outside.,Tashqarida yomg'ir yog'ayotgani uchun biz bino ichida o'yinlar o'ynadik.,inside internal,outdoor
broker,noun,B2,vositachi dallol,посредник,A person who acts as a professional middleman between a buyer and a seller.,ˈbɹəʊkə,12478,work,The real estate broker helped us find a nice house to buy.,Uy-joy vositachisi bizga xarid qilish uchun yaxshi uy topishda yordam berdi.,agent mediator,
charger,noun,A2,quvvatlagich zaryadlovchi,зарядное устройство,A piece of equipment used to put electricity into a battery or electronic device.,ˈtʃɑːdʒə,12480,home,Put the batteries in the charger overnight so we can use them tomorrow.,Batareyalarni ertaga ishlatishimiz uchun tunda quvvatlagichga qo'yib qo'ying.,,
regularly,adverb,B1,muntazam ravishda doimiy,регулярно,Happening at fixed times or with a similar pattern over a period of time.,ˈɹɛɡ.jʊ.lə.li,12482,actions,We regularly buy lottery tickets from the corner store.,Biz burchakdagi do'kondan muntazam ravishda lotereya chiptalarini sotib olamiz.,frequently often,irregularly
pine,noun,B2,qarag'ay,сосна,"A tall evergreen tree that has thin, needle-like leaves and produces brown cones.",paɪn,12484,nature,The northern slopes were covered mainly in pine.,Shimoliy yonbag'irlar asosan qarag'ayzorlar bilan qoplangan edi.,pine tree,
tend,verb,B2,moyil bo'lmoq,иметь склонность,To be likely to behave in a particular way or have a specific habit.,ˈtɛnd,12486,ielts,They tend to go out on Saturdays.,Ular shanba kunlari tashqariga chiqishga moyil.,incline lean,
gulf,noun,C1,farq jarlik,пропасть,"A large and important difference between two groups, ideas, or situations.",ɡʌlf,12488,ielts,There is a growing gulf between the rich and the poor.,Boylar va kambag'allar o'rtasida tobora kattalashib borayotgan jarlik bor.,gap chasm,
rick,verb,C2,cho'zib qo'ymoq,вывихнуть,To slightly hurt a part of your body by twisting or straining it.,ɹɪk,12490,body-health,I think I managed to rick my neck while sleeping on the train.,Poyezdda uxlab ketib bo'ynimni cho'zib qo'yganman shekilli.,sprain strain,
divorce,noun,B1,ajrashish,развод,The legal end of a marriage.,dɪˈvɔːs,12492,people-family,Richard obtained a divorce from his wife some years ago.,Richard bir necha yil oldin xotini bilan ajrashgan edi.,separation,marriage
shopper,noun,A2,xaridor,покупатель,A person who is buying things in a store or market.,ˈʃɒp.ə,12494,basics,The busy shopper looked for the best price on winter coats.,Band xaridor qishki kurtkalar uchun eng yaxshi narxni qidirdi.,customer client,seller
partly,adverb,B1,qisman,частично,To some degree but not completely.,ˈpɑɹtli,12496,describing,The project was partly finished when the deadline finally arrived today.,"Loyihaning topshirilish muddati kelganda, u qisman bajarilgan edi.",somewhat slightly,entirely
customize,verb,B2,moslashtirmoq moslamoq,настраивать,To change something so it is perfect for your personal needs.,ˈkʌs.tə.maɪ̯z,12498,actions,You can customize the settings on your phone to match your preferences.,Telefoningizdagi sozlamalarni o‘z xohishingizga qarab moslashingiz mumkin.,personalize modify,
candy,noun,A1,qandolat shirinlik,конфета,A small sweet food made from sugar or chocolate.,ˈkæn.di,12500,food-drink,My little brother loves eating candy after his delicious healthy lunch.,Kichkina ukam mazali va sog‘lom tushlikdan keyin shirinlik yeyishni yaxshi ko‘radi.,sweets,
pills,noun,A2,dori tabletka,таблетки,Small solid pieces of medicine that you swallow.,pɪlz,12502,body-health,The doctor told him to take his pills twice every single day.,Shifokor unga kuniga ikki marta dori ichishni buyurdi.,tablets medicine,
sensor,noun,B2,datchik sezgich,датчик,"A piece of equipment that detects light, heat, or movement and reacts to it.",ˈsɛn.sə,12504,work,Modern phones contain a light sensor that adjusts the screen brightness automatically.,Zamonaviy telefonlarda ekranning yorqinligini avtomatik sozlaydigan yorug‘lik datchigi bo‘ladi.,detector,
telecom,noun,B2,telekommunikatsiya aloqa,телекоммуникации,The technology or companies involved in sending information over long distances using electronic systems.,ˈtɛlə(ˌ)kɒm,12506,work,The government is investing heavily in the national telecom infrastructure this year.,Hukumat bu yil milliy telekommunikatsiya infratuzilmasiga katta sarmoya kiritmoqda.,,
hunt,verb,B1,ovlamoq qidirmoq,охотиться,To look for something or someone very carefully or to chase wild animals.,hʌnt,12508,actions,The police are currently hunting for evidence to solve the local crime.,Politsiya hozirda jinoyatni ochish uchun dalil qidirmoqda.,search seek,
deputy,noun,B2,o‘rinbosar deputat,заместитель,A person who is second in command and can act for the leader.,ˈdɛpjəti,12510,ielts,The deputy director managed the office while the boss was away traveling.,Direktor o‘rinbosari boshliq safarda bo‘lgan vaqtda idorani boshqarib turdi.,lieutenant delegate,
complaint,noun,B1,shikoyat e’tiroz,жалоба,A statement that you are unhappy or not satisfied with something.,kəmˈpleɪnt,12512,ielts,We received a formal complaint regarding the poor service at our restaurant.,Restoranimizdagi yomon xizmat ko‘rsatish bo‘yicha rasmiy shikoyat kelib tushdi.,grievance,
afghanistan,noun,A2,Afg'oniston,Афганистан,A country in South Asia known for its rugged mountains and long history.,æfˈɡænɪstæn,12514,places,My friend traveled across the mountains of Afghanistan last summer.,Do'stim o'tgan yozda Afg'oniston tog'lari bo'ylab sayohat qildi.,,
spanking,adjective,C1,tezkor shiddatli,быстрый,Moving with great speed or a lot of energy.,ˈspæŋkɪŋ,12516,describing,They walked at a spanking pace to reach the station on time.,Stansiyaga o'z vaqtida yetib olish uchun ular juda tez yurishdi.,brisk fast,slow
governance,noun,C1,boshqaruv,управление,"The way in which a country, organization, or system is managed.",ˈɡʌvənəns,12518,ielts,Good governance is essential for the economic development of any nation.,Har qanday davlatning iqtisodiy rivojlanishi uchun yaxshi boshqaruv juda muhimdir.,administration management,
mill,noun,B1,tegirmon,мельница,A machine or building used for grinding grain into flour or other powders.,mɪl,12520,work,The farmer took his wheat to the local mill to be ground.,Dehqon bug'doyini maydalash uchun mahalliy tegirmonga olib bordi.,grinder factory,
moral,adjective,B2,axloqiy ma'naviy,моральный,Concerning the principles of right and wrong behavior.,ˈmɒɹəl,12522,ielts,It is our moral duty to help those who are in need.,Muhtojlarga yordam berish bizning axloqiy burchimizdir.,ethical righteous,immoral
den,noun,B2,yashirin joy in,логово,"A wild animal's home, usually a cave or hole in the ground.",ˈdɛn,12524,animals,The bear retreated to its den to sleep during the cold winter.,Ayiq qishki sovuqda uxlash uchun o'z iniga kirib ketdi.,lair cave,
finger,noun,A1,barmoq,палец,"One of the five long, thin parts at the end of each hand.",ˈfɪŋɡəː,12528,body-health,She pointed her finger at the map to show us the way.,U bizga yo'lni ko'rsatish uchun xaritaga barmog'i bilan ishora qildi.,,
pound,noun,A2,hayvonlar qamoqxonasi,приют для животных,A secure place where stray or lost animals are kept until they are found.,ˈpaʊ̯nd,12530,animals,They took the lost dog to the city animal pound yesterday.,Ular topib olingan itni kecha shahar hayvonlar qamoqxonasiga olib borishdi.,animal shelter,
locate,verb,B1,topmoq aniqlamoq,находить,To discover the exact place or position of something or someone.,lə(ʊ)ˈkeɪt,12532,actions,I really can't locate the files I saved on this computer.,Men bu kompyuterda saqlagan fayllarni umuman topa olmayapman.,find discover,
camcorder,noun,B1,videokamera,видеокамера,A portable device used to record both video and audio.,ˈkæmˌkoɹ.dɚ,12534,home,He used his camcorder to record the school performance last night.,U kecha maktabdagi chiqishni videokameraga yozib oldi.,,
burn,noun,A2,oziq kuyish,ожог,A painful injury on the body caused by heat or fire.,bɜːn,12536,body-health,She went to the doctor to treat the burn on her hand.,U qo‘lidagi kuyish jarohatini davolatish uchun shifokorga bordi.,,
ourselves,pronoun,A2,o‘zimiz,мы сами,Used when the people speaking or writing are the object of an action.,aʊəˈsɛlvz,12538,basics,We should keep this secret to ourselves and tell nobody else.,Biz bu sirni o‘zimizda saqlashimiz va boshqa hech kimga aytmasligimiz kerak.,,
tobacco,noun,B1,tamaki,табак,Dried leaves used for making cigarettes or for smoking in a pipe.,təˈbæk.əʊ,12540,food-drink,The government is trying to reduce the use of tobacco products.,Hukumat tamaki mahsulotlaridan foydalanishni kamaytirishga harakat qilmoqda.,,
wooden,adjective,A2,yog‘och,деревянный,Something that is made of wood.,ˈwʊdn̩,12542,describing,They sat on a simple wooden bench in the park today.,Ular bugun bog‘dagi oddiy yog‘och o‘rindiqda o‘tirishdi.,,
tough,adjective,B1,qattiq bardoshli,жесткий,"Difficult to cut, break, or damage; strong and able to endure.",tʌf,12544,ielts,The steak was very tough and difficult to chew properly.,Go‘sht juda qattiq edi va uni yaxshilab chaynash qiyin bo‘ldi.,hard strong,soft
incident,noun,B2,hodisa voqea,происшествие,"An event or occurrence, often one that is unpleasant or unusual.",ˈɪn.sɪ.dənt,12546,ielts,The police were called to investigate a minor incident at the park.,Politsiyani bog'dagi kichik bir hodisani tekshirish uchun chaqirishdi.,episode event,
gonna,verb,A1,moqchi bo'lmoq,собираться,"A common informal way to say going to, used for future plans.",ɡən.ə,12548,basics,I am gonna finish my homework before I go outside to play.,Tashqariga o'ynashga chiqishdan oldin vazifamni bajarib qo'ymoqchiman.,,
lie,verb,A2,yotmoq,лежать,To be in or move into a horizontal position on a surface.,laɪ̯,12550,actions,I like to lie on the grass and look at the clouds.,"Men maysada yotib, bulutlarga qarashni yaxshi ko'raman.",rest recline,stand
conversation,noun,A2,suhbat gaplashuv,разговор,A talk between two or more people in which thoughts or feelings are shared.,ˌkɒn.vəˈseɪ.ʃn̩,12554,actions,We had a long conversation about our plans for the next summer.,Kelasi yozgi rejalarimiz haqida uzoq suhbatlashdik.,chat dialogue,
chest,noun,A2,sandiq,сундук,"A large, strong box, typically made of wood, used for storing or transporting items.",t͡ʃɛst,12556,home,Grandmother kept all her old photos in a large wooden chest.,Buvim barcha eski suratlarini katta yog'och sandiqda saqlagan.,box trunk,
billy,noun,B1,erkak echki,козёл,A male goat.,ˈbɪli,12558,animals,The farmer kept a strong billy to lead the herd of goats.,Fermer echkilar podasini boshqarish uchun kuchli erkak echki saqlardi.,he-goat,
worship,verb,B2,sig'inmoq topinmoq,поклоняться,To show deep respect or adoration for a god or a sacred object.,ˈwɜː.ʃɪp,12560,ielts,People from many different cultures worship in their own special ways.,Turli madaniyat vakillari o'zlarining maxsus usullarida sig'inishadi.,adore revere,
capability,noun,B2,imkoniyat salohiyat,способность,The natural or developed power to do something or achieve a result.,ˌkeɪ.pəˈbɪl.ɪ.ti,12562,ielts,The new software has the capability to process data very quickly.,Yangi dasturiy ta'minot ma'lumotlarni juda tez qayta ishlash imkoniyatiga ega.,ability potential,inability
craig,noun,C2,qoyatosh tik qoya,скала,A steep or rugged rocky cliff or hill.,kreɪɡ,12564,nature,The climbers struggled to scale the rugged craig during the storm.,Toqqa chiquvchilar bo'ron paytida tik qoyaga chiqishda qiynalishdi.,crag cliff,
herself,pronoun,A2,o'zi o'zini,себя,Used when the female person performing an action is also the one receiving it.,hɜːˈsɛlf,12566,basics,She decided to bake the birthday cake by herself.,U tug'ilgan kun tortini o'zi pishirishga qaror qildi.,,
precision,noun,C1,aniqlik puxtalik,точность,"The quality of being exact, accurate, and careful.",pɹɪˈsɪʒ.ən,12568,ielts,The watchmaker assembled the tiny parts with great precision.,Soatsoz mayda qismlarni katta aniqlik bilan yig'di.,accuracy exactness,imprecision
solve,verb,A2,yechmoq hal qilmoq,решать,To find the correct answer to a problem or a difficult situation.,sɑlv,12570,actions,It took the team three hours to solve the difficult math problem.,Jamoaga qiyin matematika masalasini yechish uchun uch soat vaqt ketdi.,resolve fix,
reproduction,noun,B2,ko'paytirish nusxa,размножение,The process of copying something or creating new living things.,ˌɹiːpɹəˈdʌkʃən,12572,ielts,The library prohibits the unauthorized reproduction of rare books.,Kutubxona noyob kitoblarning ruxsatsiz nusxasini olishni taqiqlaydi.,copy duplication,
minority,noun,B2,ozchilik,меньшинство,A smaller group within a larger population that is different from the others.,maɪˈnɒɹ.ɪ.ti,12574,ielts,Only a small minority of the students passed the very hard exam.,Talabalarning juda ozchilik qismi qiyin imtihondan o'tdi.,,majority
amp,noun,B1,kuchaytirgich,усилитель,A piece of electronic equipment that makes sounds or signals stronger.,ˈæmp,12576,work,The guitarist plugged his electric guitar into the amp for the show.,Gitara chaluvchi konsert uchun elektr gitarasini kuchaytirgichga uladi.,amplifier,
ingredients,noun,B1,masalliqlar tarkibiy qismlar,ингредиенты,The different items needed to cook a particular type of food.,ɪnˈɡriːdiənts,12578,food-drink,Check the ingredients on the label before you buy the product.,Mahsulotni sotib olishdan oldin yorlig'idagi masalliqlarni tekshirib ko'ring.,components elements,
sole,adjective,B2,yagona yakkayu yagona,единственный,Being the only one; not shared with anyone else.,səʊl,12580,describing,She is the sole person responsible for managing this big project.,Ushbu katta loyihani boshqarish uchun yagona mas'ul shaxs aynan u.,single lone,multiple
franchise,noun,C1,franshiza savdo huquqi,франшиза,A business right to sell a company's goods or use its brand name.,ˈfɹænt͡ʃaɪ̯z,12582,ielts,He decided to open a new coffee shop as a franchise.,U kofe do'konini franshiza asosida ochishga qaror qildi.,license dealership,
recorder,noun,B1,blokfleyta yozib oluvchi qurilma,блокфлейта,A small musical instrument like a flute that you play by blowing into it.,ɹiˈkɔː.də,12584,school,My little brother is learning to play the recorder at school.,Kichik ukam maktabda blokfleyta chalishni o'rganyapti.,flute pipe,
passion,noun,B2,ishtiyoq qiziqish,страсть,A very strong feeling of liking or loving something very much.,ˈpæʃən,12586,feelings,He has a true passion for teaching children how to paint.,Uning bolalarga rasm chizishni o'rgatishga bo'lgan chinakam ishtiyoqi bor.,enthusiasm zeal,apathy
sight,noun,A2,ko'rish qobiliyati nigoh,зрение,The physical ability to see using your eyes.,saɪt,12588,body-health,He is losing his sight and now can barely read books.,Uning ko'rish qobiliyati pasaymoqda va endi kitoblarni zo'rg'a o'qiydi.,vision eyesight,
clay,noun,B2,loy gillar,глина,"A heavy, sticky type of soil used to make pots, bricks, and sculptures.",kleɪ,12590,nature,The artist used wet clay to sculpt a beautiful vase for us.,Rassom vaza yasash uchun nam loydan foydalandi.,mud earth,
defence,noun,B2,mudofaa himoya,защита,"The act of protecting someone or something from attack, danger, or harm.",dɪˈfɛns,12592,ielts,The country strengthened its national defence against potential foreign threats.,Mamlakat tashqi tahdidlarga qarshi o'z milliy mudofaasini kuchaytirdi.,protection security,attack
weak,adjective,A2,kuchsiz zaif,слабый,Having little physical strength or energy.,wi(ː)k,12594,describing,The child was too weak to move the heavy stone by himself.,Bola og'ir toshni o'zi joyidan jildirib qo'yish uchun juda kuchsiz edi.,feeble frail,strong
refund,noun,B1,pulni qaytarish to'lovni qaytarish,возврат денег,An amount of money that is given back to you after returning a product.,ɹɪˈfʌnd,12596,work,"If the camera is faulty, you can return it for a full refund.","Agar kamera nosoz bo'lsa, uni qaytarib pulingizni to'liq olishingiz mumkin.",reimbursement repayment,
divided,adjective,B2,bo'lingan ajralgan,разделённый,Separated into different parts or having conflicting opinions.,dɪˈvaɪdɪd,12598,ielts,The committee had divided opinions on the new project proposal.,Qo'mita a'zolarining yangi loyiha bo'yicha fikrlari turlicha edi.,split separated,united
reception,noun,B1,qabul marosim,приём,A formal social party given to celebrate a special event like a wedding.,ɹɪˈsɛp.ʃn̩,12600,places,We attended a beautiful wedding reception at the hotel last night.,Kecha mehmonxonada o‘tkazilgan chiroyli to‘y bazmida qatnashdik.,party gathering,
wise,adjective,B2,dono aqlli,мудрый,Having or showing the ability to make good decisions based on experience.,waɪz,12602,describing,It is wise to save some money for an emergency situation.,Favqulodda vaziyatlar uchun ozgina pul tejab qo‘yish aqlli ishdir.,sensible intelligent,foolish
odds,noun,C1,ehtimol imkoniyat,вероятность,The probability that something will happen or be successful.,ɑdz,12604,ielts,The odds of winning the lottery are extremely low.,Lotereyada yutib chiqish ehtimoli juda past.,probability likelihood,
correctly,adverb,A2,to‘g‘ri,правильно,"In a way that is true, accurate, or does not contain mistakes.",kəˈɹɛk(t).li,12606,actions,Make sure you fill out the application form correctly.,Ariza shaklini to‘g‘ri to‘ldirganingizga ishonch hosil qiling.,accurately rightly,incorrectly
insider,noun,C1,o‘z odami xabardor kishi,инсайдер,Someone who is part of a group and knows its secret information.,ɪnˈsaɪdɚ,12608,ielts,An insider leaked the secret plans to the national newspaper.,Tashkilotdagi o‘z odami maxfiy rejalarni gazetalarga oshkor qildi.,initiate member,outsider
geography,noun,B1,geografiya,география,"The study of the earth's surface, its climate, land, and the people who live there.",dʒiˈɒɡɹəfi,12610,school,My brother enjoys studying geography and learning about different countries of the world.,Akam geografiyani o'rganishni va dunyo mamlakatlari haqida bilib olishni yoqtiradi.,,
worry,verb,A2,tashvishlanish xavotirlanish,беспокоиться,To feel unhappy and nervous about something that might happen or has happened.,ˈwʌ.ɹi,12612,feelings,"Please do not worry, everything will be fine by tomorrow morning.","Iltimos, xavotirlanmang, ertagacha hamma narsa yaxshi bo'ladi.",fret bother,calm
eve,noun,B2,kun arafasi,канун,The day or evening just before a special holiday or an important event.,iːv,12614,time,We were very excited on the eve of our big summer trip.,Katta yozgi sayohatimiz arafasida hammamiz juda hayajonda edik.,,
carter,noun,C1,aravakash,возчик,A person whose job is to transport goods using a cart pulled by animals.,ˈkɑɹtɚ,12616,work,"In the past, the carter would deliver heavy supplies to the local market.",Ilgari aravakashlar mahalliy bozorga og'ir yuklarni yetkazib berishgan.,,
marc,noun,C2,uzum qoldig'i,виноградный жмых,The leftover skins and stems of grapes after they have been pressed for juice.,mɑːk,12618,food-drink,The winemaker removed the marc from the press after the wine was made.,"Sharob tayyor bo'lgach, vinochi uzum qoldiqlarini pressdan olib tashladi.",,
danger,noun,A2,xavf,опасность,A situation in which something bad or harmful is likely to happen to someone.,ˈdeɪn.d͡ʒə,12620,describing,The warning signs tell swimmers about the danger of strong ocean currents.,Ogohlantiruvchi belgilar suzuvchilarga kuchli dengiz oqimlari xavfi haqida xabar beradi.,risk peril,safety
vitamin,noun,B1,vitamin,витамин,A natural substance in food that is necessary for the body to stay healthy.,ˈvɪt.ə.mɪn,12622,body-health,Fresh fruits and vegetables are a great source of essential vitamins for health.,Yangi meva va sabzavotlar sog'liq uchun zarur vitaminlarning eng yaxshi manbaidir.,,
widely,adverb,B1,keng miqyosda,широко,Used to say that something happens in many places or involves many people.,ˈwaɪdli,12624,ielts,English is now widely spoken as a second language in many different countries.,Ingliz tili hozirda ko'plab mamlakatlarda ikkinchi til sifatida keng qo'llaniladi.,generally broadly,
phrase,noun,B2,ibora so'z birikmasi,фраза выражение,A short group of words used to express a specific idea or feeling.,ˈfɹeɪ̯z,12626,ielts,You can use this common phrase to start your speech more confidently.,Nutqingizni ishonchliroq boshlash uchun ushbu keng tarqalgan iborani ishlatsangiz bo'ladi.,expression term,
functionality,noun,B2,funksionallik imkoniyat,функциональность,The quality of having a useful purpose and the ability to perform tasks.,ˌfʌŋkʃəˈnælɪti,12628,ielts,The new smartphone app has better functionality than the previous version did.,Yangi smartfon ilovasi avvalgi versiyaga qaraganda ko'proq imkoniyatlarga ega.,utility capability,
paradise,noun,B2,jannat,рай,"A place that is extremely beautiful, pleasant, or peaceful to live in.",ˈpæɹ.ə.daɪ̯s,12630,places,The tropical island was a quiet paradise with white sand and clear water.,Bu tropik orol oppoq qum va tiniq suv bilan haqiqiy jannat makoni edi.,heaven,
hybrid,noun,B2,gibrid aralash,гибрид,Something that is a mixture of two different things or types.,ˈhaɪ.bɹɪd,12632,ielts,They decided to buy a hybrid car to save money on fuel costs.,Ular yonilg'i xarajatlarini tejash uchun gibrid avtomobil sotib olishga qaror qilishdi.,mixture blend,
intermediate,adjective,B1,o'rta,промежуточный,Being in the middle of a process or between two levels of difficulty.,ɪn.tə(ɹ)ˈmi.di.ət,12634,describing,I am currently taking an intermediate English course at the local language school.,Men hozir mahalliy til markazida o'rta darajadagi ingliz tili kursida o'qiyapman.,middle medium,advanced
emotional,adjective,B1,hissiyotga boy ta'sirchan,эмоциональный,Having strong feelings or relating to the way people feel about things.,ɪˈməʊʃənəl,12636,feelings,It was a very emotional moment when the family finally met again.,Oila a'zolari nihoyat yana uchrashganda bu juda ta'sirli lahza bo'ldi.,sentimental sensitive,
pad,noun,B1,yostiqcha yozuv daftari,подушечка блокнот,A soft piece of material or a stack of paper used for writing.,pæd,12638,home,Please write down your contact details on this small writing pad for me.,"Iltimos, bog'lanish uchun ma'lumotlaringizni mana bu kichik bloknotga yozib bering.",cushion notebook,
glory,noun,C1,shon-shuhrat,слава,"Great fame, honor, and admiration received from other people for success.",ˈɡlɔː.ɹi,12640,ielts,The athlete achieved great glory after winning three gold medals at the games.,"Sportchi o'yinlarda uchta oltin medalni qo'lga kiritgach, katta shon-shuhratga ega bo'ldi.",fame honor,
bigger,adjective,A1,kattaroq,больше,"Greater in size, amount, or importance than something else.",ˈbɪɡəː,12642,describing,I need a bigger box to put all these books inside.,Kitoblarimning hammasini solish uchun menga kattaroq quti kerak.,larger,smaller
diesel,noun,B1,dizel yoqilgʻisi solyarka,дизель,A type of liquid fuel used to power heavy engines in trucks or buses.,ˈdiːzəl,12644,travel,The truck driver stopped at the station to fill up with diesel.,Yuk mashinasi haydovchisi dizel quyish uchun shoxobchada to‘xtadi.,diesel fuel,
versus,preposition,B2,qarshi nisbatan,против,Used to show that two people or groups are competing against each other.,ˈvɜːsəs,12646,ielts,The final game will be Spain versus France this Sunday evening.,Yakshanba kuni kechqurun final o‘yini Ispaniya va Fransiya o‘rtasida bo‘lib o‘tadi.,against vs,
combine,verb,B1,birlashtirmoq qo‘shmoq,объединять,To join two or more things together to make a single unit.,kəmˈbaɪn,12648,actions,You should combine these two colors to get a nice shade.,Chiroyli rang hosil qilish uchun bu ikki rangni aralashtirishingiz kerak.,unite join,separate
overnight,adverb,B2,bir kecha ichida kechasi bilan,за ночь,Happening during the night or very quickly in a short time.,əʊvə(ɹ)ˈnaɪt,12650,time,Their small online store became famous almost overnight.,Ularning kichik onlayn do‘koni deyarli bir kecha ichida mashhur bo‘lib ketdi.,quickly suddenly,
geographic,adjective,B2,geografik,географический,Relating to the physical features or location of an area on Earth.,d͡ʒiəˈɡɹæfɪk,12652,ielts,The geographic position of the city makes it a perfect trade hub.,Shaharning geografik joylashuvi uni savdo markaziga aylantiradi.,geographical,
rod,noun,B2,tayoq cho‘p,стержень,"A long, thin, straight piece of wood, metal, or plastic.",ɹɒd,12654,home,He stood by the lake all morning with his fishing rod.,U qarmoq tayoqchasi bilan ertalabgacha ko‘l bo‘yida turdi.,pole stick,
saudi,adjective,B1,saudiya,саудовский,Relating to the country of Saudi Arabia or its people.,ˈsaʊdi,12656,places,We are planning a business trip to the Saudi capital soon.,Biz yaqinda Saudiya poytaxtiga xizmat safari uyushtirishni rejalashtiryapmiz.,,
fault,noun,B1,ayb xato,вина,Responsibility for a mistake or something bad that has happened.,fɔːlt,12658,feelings,It is not my fault that we missed the last train home.,Oxirgi poyezdga ulgurmaganimiz mening aybim emas.,blame responsibility,innocence
introduce,verb,A2,tanishtirmoq,представлять,To tell two or more people who do not know each other their names.,ˌɪntɹəˈdʒuːs,12660,people-family,"Let me introduce you to my sister, who just arrived today.",Sizni bugun kelgan singlim bilan tanishtirib qo‘yay.,present,
silk,noun,B1,ipak,шёлк,"A smooth, soft, and expensive fabric made from thread produced by silkworms.",sɪlk,12662,clothes,She wore a beautiful blue dress made of pure Chinese silk.,U sof xitoy ipagidan tikilgan chiroyli ko‘k ko‘ylak kiygandi.,,
promotional,adjective,B2,reklama targ‘ibot,рекламный,Intended to help sell a product or service through advertising.,pɹəˈmoʊʃənəl,12664,work,The company is offering promotional discounts for all new online customers.,Kompaniya barcha yangi onlayn mijozlar uchun reklama chegirmalarini taqdim etmoqda.,advertising marketing,
babies,noun,A1,chaqaloqlar go‘daklar,младенцы,Very young children who are not yet able to speak or walk well.,ˈbeɪbiz,12666,people-family,The hospital ward is full of newborn babies sleeping in their beds.,Shifoxona palatasi o‘z o‘rnida uxlayotgan yangi tug‘ilgan chaqaloqlarga to‘la.,infants,
romantic,adjective,B1,romantik ishqiy,романтический,Relating to love or a close emotional relationship between two people.,ɹə-,12668,feelings,They enjoyed a romantic dinner at a quiet restaurant by the sea.,Ular dengiz bo'yidagi sokin restoran birga romantik kechki ovqat qilishdi.,loving amorous,unromantic
generator,noun,B2,generator elektr ishlab chiqaruvchi,генератор,A machine that changes energy into electricity for use in homes or buildings.,ˈdʒɛnəɹeɪtə(ɹ),12670,home,The generator started automatically when the main power supply failed.,Elektr toki uzilganda generator avtomatik ravishda ishga tushdi.,dynamo,
jimmy,verb,C2,temir bilan ochmoq g'ijimlamoq,взламывать,To force a door or window open using a metal tool like a crowbar.,ˈd͡ʒɪmi,12672,actions,The thief managed to jimmy the lock and enter the back door.,"O'g'ri qulfni temir moslama bilan ochib, orqa eshikdan kirdi.",pry force,
graham,noun,C1,butun g'alla uni,мука грубого помола,"A type of brown flour made from wheat, used to make healthy crackers.",ˈɡɹeɪ.əm,12674,food-drink,These graham crackers are a popular snack for children in the afternoon.,Bu butun g'alla unidan qilingan pechenyeler bolalar uchun ajoyib tushlik tamaddi.,wholemeal wheat,
suspension,noun,B2,to'xtatib turish vaqtincha chetlashtirish,приостановка,The act of stopping something for a short period of time.,səˈspɛnʃən,12676,ielts,The suspension of the project was necessary due to a lack of funds.,Mablag' yetishmagani uchun loyihani vaqtincha to'xtatib turishga to'g'ri keldi.,pause delay,continuation
correction,noun,B1,tuzatish xato,исправление,The act of changing something that is wrong to make it right.,kəˈɹɛkʃən,12678,actions,The teacher made a small correction to my English essay today.,O'qituvchi bugun ingliz tili inshoyimga kichik tuzatish kiritdi.,amendment revision,error
slowly,adverb,A1,sekin asta,медленно,"At a low speed, not quickly.",ˈsləʊli,12680,describing,Please speak more slowly so that I can understand you.,"Iltimos, sizni tushunishim uchun sekinroq gapiring.",leisurely,quickly
authentication,noun,B2,autentifikatsiya tasdiqlash,аутентификация,The process of proving that someone is who they claim to be.,ɔːˌθɛntɪˈkeɪʃn̩,12682,ielts,Online banking systems require strong authentication for security reasons.,Xavfsizlik nuqtai nazaridan onlayn bank tizimlari kuchli autentifikatsiyani talab qiladi.,validation verification,
communicate,verb,B1,muloqot qilish fikr almashish,общаться,"To share information or ideas with others by speaking, writing, or using signals.",kəˈmjuːnɪkeɪt,12684,actions,It is important to communicate your ideas clearly during the meeting.,Majlis davomida o'z fikrlaringizni aniq yetkazish muhimdir.,interact correspond,
rugby,noun,B1,regbi,регби,A team sport played with an oval ball where players run or kick it.,ˈɹʌɡbi,12686,describing,My brother loves to play rugby with his friends on weekends.,Akam dam olish kunlari do'stlari bilan regbi o'ynashni yaxshi ko'radi.,,
showtimes,noun,A2,namoyish vaqtlari seanslar,время сеансов,The scheduled times when a movie or play starts.,ˈʃəʊtaɪmz,12688,travel,I checked the showtimes to see when the movie starts tonight.,Kino bugun necha boshlanishini bilish uchun namoyish vaqtlarini tekshirdim.,schedules,
infant,noun,B1,chaqaloq go'dak,младенец,A baby who is very young and needs a lot of care from parents.,ˈɪn.fənt,12692,people-family,The infant slept peacefully in its mother's arms all through the night.,Chaqaloq kechasi bilan onasining bag'rida tinchgina uxlab chiqdi.,baby,
samuel,noun,A1,Samuil,Самуил,A common male given name of Hebrew origin.,ˈsæm.ju.əl,12694,basics,Samuel is planning to study computer science at the university next year.,Samuil kelgusi yili universitetda informatika fanini o'qimoqchi.,,
fluid,noun,C1,suyuqlik,жидкость,"A substance that can flow easily, such as a liquid or a gas.",ˈfluːɪd,12696,ielts,Doctors advised him to drink plenty of fluid to avoid getting dehydrated.,Shifokorlar suvsizlanib qolmaslik uchun ko'proq suyuqlik ichishni maslahat berishdi.,liquid,solid
kick,verb,A2,tepmoq,пинать,To hit someone or something with your foot.,kɪk,12698,actions,You should not kick the ball inside the house while playing games.,Uy ichida o'ynayotganingda koptokni tepmasliging kerak.,,
hurt,verb,A2,og'ritmoq jarohatlamoq,причинять боль,To cause physical pain or injury to yourself or another person.,hɜːt,12700,body-health,Be careful when you run or you might hurt your knee again.,"Yugurayotganda ehtiyot bo'l, aks holda tizzangni yana og'ritib qo'yishing mumkin.",injure wound,
machinery,noun,B2,texnika uskunalar,оборудование,A group of large machines or pieces of equipment used for production.,məˈʃiːnəɹi,12702,work,The factory workers are learning how to operate the new heavy machinery.,Zavod ishchilari yangi og'ir uskunalarni boshqarishni o'rganishmoqda.,equipment,
bandwidth,noun,C1,o'tkazish qobiliyati tezlik,пропускная способность,The amount of data that can be sent through an internet connection.,ˈbændwɪdθ,12704,ielts,We need more bandwidth to download these large video files very quickly.,Bu katta video fayllarni tezroq yuklab olishimiz uchun bizga yuqoriroq tezlik kerak.,capacity,
unlike,preposition,B1,farqli o'laroq,в отличие от,Used to show that two things are different from each other.,ʌnˈlaɪk,12706,describing,"Unlike his brother, Tom prefers to spend his weekends reading quiet books.","Akasidan farqli o'laroq, Tom dam olish kunlarini sokin kitoblar o'qib o'tkazishni yoqtiradi.",,like
equation,noun,B2,tenglama,уравнение,A mathematical statement showing that two expressions have the same value.,ɪˈkweɪ.ʒən,12708,ielts,You need to solve this quadratic equation to finish the homework.,Uyga vazifani bajarish uchun ushbu kvadrat tenglamani yechishingiz kerak.,formula,
proven,adjective,B2,isbotlangan tasdiqlangan,доказанный,Shown to be true by facts or experience.,ˈpɹuː.vn̩,12710,ielts,This is a proven method for learning a new language quickly.,Bu yangi tilni tez o'rganishning tasdiqlangan usuli.,verified,unproven
slip,verb,A2,toyib ketmoq sirpanib ketmoq,поскользнуться,To lose your balance and slide because the surface is wet or icy.,slɪp,12712,actions,Be careful not to slip on the icy pavement today.,Bugun yo'ldagi muzda toyib ketmaslik uchun ehtiyot bo'ling.,slide,
reviewer,noun,B1,taqrizchi sharhlovchi,рецензент,"A person who writes their opinion about books, movies, or products.",rɪˈvjuː.ər,12714,work,The movie reviewer gave the film a very positive rating.,Kino sharhlovchisi ushbu filmga juda yuqori baho berdi.,critic,
quarterly,adjective,B2,choraklik,ежеквартальный,Happening once every three months.,ˈkwɔː.təl.i,12716,time,The company holds a quarterly meeting to discuss its financial progress.,Kompaniya o'zining moliyaviy yutuqlarini muhokama qilish uchun choraklik yig'ilish o'tkazadi.,,
devil,noun,B2,iblis shayton,дьявол,A powerful evil spirit or creature in many religions and stories.,ˈdɛvəl,12720,feelings,"In many old stories, the devil tries to trick people into sinning.",Ko'plab qadimiy ertaklarda iblis odamlarni gunohga boshlashga urinadi.,demon satan,angel
comply,verb,C1,amal qilmoq bo'ysunmoq,подчиняться,"To act according to a rule, request, or law.",kəmˈplaɪ,12722,ielts,All businesses must comply with the new safety regulations starting today.,Barcha korxonalar bugundan boshlab yangi xavfsizlik qoidalariga amal qilishi shart.,obey follow,violate
florist,noun,B1,gul sotuvchi,флорист,A person whose job is to arrange and sell flowers.,ˈflɒɹɪst,12724,work,I went to the florist to buy a bouquet for my mother.,Onam uchun guldasta sotib olishga gul do'koniga bordim.,,
cherry,noun,A2,olcha gilos,вишня,"A small, round, soft fruit that is usually red and has a stone.",ˈt͡ʃɛɹi,12726,food-drink,She topped the cake with a single bright red cherry.,U tortning ustiga bitta yorqin qizil gilos qo'ydi.,,
continental,adjective,B2,materik qit'a,континентальный,Relating to a large land mass or the main part of a continent.,ˌkɑntɪˈnɛntl̩,12728,travel,The researchers studied continental drift over millions of years.,Tadqiqotchilar millionlab yillar davomida materiklarning siljishini o'rgandilar.,,
alternate,adjective,B2,navbatdagi galma-galdagi,чередующийся,Happening one after the other in a repeating pattern.,ɔlʈə(r).neʈ,12730,ielts,We meet on alternate Fridays to discuss our progress in the project.,Biz loyihadagi yutuqlarimizni muhokama qilish uchun har ikki haftada bir juma kuni uchrashamiz.,every other,
achievement,noun,B2,yutuq erishilgan natija,достижение,Something important that you succeed in doing by your own efforts or hard work.,əˈt͡ʃiːv.mənt,12732,ielts,Graduating from university with honors was a great achievement for my sister.,Universitetni imtiyozli diplom bilan bitirish opam uchun katta yutuq bo‘ldi.,success accomplishment,failure
limitations,noun,B2,chegaralar cheklovlar,ограничения,The points at which someone or something stops being effective or able to perform.,lɪmɪˈteɪʃənz,12734,ielts,Every machine has its own limitations regarding how much work it can do.,Har bir texnikaning o‘z ish hajmi bo‘yicha ma’lum cheklovlari bor.,restrictions constraints,freedom
webcam,noun,B1,veb-kamera,веб-камера,A camera connected to a computer that sends live video images over the internet.,ˈwɛbˌkæm,12736,home,She turned on her webcam to start the online meeting with colleagues.,U hamkasblari bilan onlayn yig‘ilishni boshlash uchun veb-kamerasini yoqdi.,camera,
funeral,noun,B1,dafn marosimi janoza,похороны,"A ceremony held to honor a person who has died, often before burying them.",ˈfjuː.nə.ɹəl,12738,people-family,Many people attended the funeral to pay their final respects to him.,Ko‘p odamlar uni so‘nggi yo‘lga kuzatish uchun dafn marosimiga kelishdi.,burial,
earrings,noun,A2,sirg‘alar,серьги,Pieces of jewelry that you wear on your ears.,ˈɪə.rɪŋz,12740,clothes,She wore a pair of beautiful gold earrings to the wedding party.,U to‘y bazmiga bir juft chiroyli tillo sirg‘alar taqib bordi.,,
convenient,adjective,B1,qulay,удобный,Easy to use or fitting well with your plans.,kənˈviːniənt,12744,describing,Fast food might be convenient but it is also very unhealthy.,Tez tayyor bo'ladigan ovqat qulay bo'lishi mumkin ammo u juda nosog'lom.,handy simple,inconvenient
manga,noun,B2,manga yapon komikslari,манга,A style of Japanese comic books or graphic novels intended for all ages.,ˈmæŋɡə,12746,describing,I spent the whole weekend reading my favorite Japanese manga series.,Dam olish kunimni sevimli yapon mangasini o'qish bilan o'tkazdim.,,
socket,noun,B1,rozetka uyacha,розетка,A hole in a wall where you plug in electrical equipment for power.,ˈsɒkɪt,12748,home,Make sure you plug the lamp into the wall socket properly.,Chiroqni devordagi rozetkaga to'g'ri ulaganingizga ishonch hosil qiling.,outlet,
silent,adjective,A2,sokin jim,тихий,Making no sound or not speaking at all.,ˈsaɪ̯lənt,12750,describing,The house was completely silent while the baby was sleeping.,Bola uxlayotgan paytda uyda mutlaqo jimlik hukm surardi.,quiet noiseless,noisy
literary,adjective,B2,adabiy,литературный,"Related to books, literature, or the profession of writing.",ˈlɪt.(ə.)ɹə.ɹi,12752,ielts,The professor has made a significant contribution to literary criticism.,Professor adabiy tanqid sohasiga katta hissa qo'shdi.,,
orientation,noun,B2,yo'nalish mo'ljal,ориентация,The direction that something or someone is facing or pointing toward.,ˌɔɹiɛnˈteɪʃən,12756,ielts,The building has a south-facing orientation to maximize natural sunlight.,Tabiiy yorug'likdan maksimal foydalanish uchun bino janubga qaragan.,alignment direction,
pill,noun,B1,dori tabletka,таблетка,A small solid piece of medicine that you swallow.,pɪl,12758,body-health,You need to take this pill with a glass of water.,Bu dorini bir stakan suv bilan ichishingiz kerak.,tablet,
childhood,noun,A2,bolalik,детство,The period of time when a person is a child.,ˈtʃaɪld.hʊd,12760,people-family,I spent most of my happy childhood in a small village.,Men baxtli bolaligimning ko'p qismini kichik qishloqda o'tkazganman.,,
swing,verb,B1,tebranmoq chayqalmoq,качаться,To move rhythmically backwards and forwards or from side to side while hanging.,ˈswɪŋ,12762,actions,The children laughed as they swung on the old wooden swing.,Bolalar eski yog'och arg'imchoqda tebranib kulishdi.,sway oscillate,
meta,adjective,C1,o'ziga xos tushunarli,мета,Describing something that refers to itself or its own structure.,ˈmɛtə,12766,ielts,The movie is very meta because the characters know they are acting.,"Bu kino juda meta, chunki qahramonlar aktyor ekanliklarini bilishadi.",self-referential recursive,
analog,adjective,B2,analog oddiy,аналоговый,Using physical mechanisms rather than computer-based digital technology.,ˈænəˌlɒɡ,12768,describing,He prefers using an analog watch instead of a digital one.,U raqamli soat o'rniga analog soat taqishni afzal ko'radi.,mechanical conventional,digital
facial,adjective,B2,yuzga oid yuzaki,лицевой,Relating to or concerning the face.,ˈfeɪ.ʃəl,12770,body-health,The cream is designed to improve your facial skin health.,Bu krem yuz teringiz salomatligini yaxshilash uchun mo'ljallangan.,,
talent,noun,A2,iqtidor qobiliyat,талант,A natural ability or skill to do something very well.,ˈtælənt,12772,describing,She has a real talent for learning foreign languages quickly.,U chet tillarini tez o'rganish bo'yicha haqiqiy iqtidorga ega.,gift aptitude,
flexibility,noun,B2,egiluvchanlik moslashuvchanlik,гибкость,The ability to change or adapt easily to new situations.,ˌflɛksɪˈbɪlɪti,12774,ielts,Our new job schedule offers more flexibility for working parents.,Yangi ish jadvalimiz ishlaydigan ota-onalar uchun ko'proq moslashuvchanlik yaratadi.,adaptability versatility,rigidity
seeker,noun,B2,izlovchi qidiruvchi,искатель,"A person who is searching for something specific, like knowledge or truth.",ˈsiːkə,12776,people-family,He is a seeker of truth who travels to different cultures.,U turli madaniyatlarga sayohat qiluvchi haqiqat izlovchisidir.,searcher hunter,
wisdom,noun,C1,donolik zakovat,мудрость,The ability to make good judgments based on deep experience and understanding of life.,ˈwɪzdəm,12778,ielts,She shared her wisdom with the students during the graduation ceremony.,U bitiruv marosimida talabalarga o'z donishmandligini ulashdi.,insight sagacity,folly
shoot,verb,B1,otmoq o'q uzmoq,стрелять,To fire a bullet or arrow from a weapon to hit a target.,ʃuːt,12780,actions,The hunter had to shoot quickly when the deer started running away.,Kiyik qochib keta boshlaganda ovchi tezda o'q uzishi kerak edi.,fire discharge,
mint,noun,C1,yalpiz,мята,A fragrant green plant often used to add fresh flavor to drinks and food.,mɪnt,12782,food-drink,Adding a bit of fresh mint makes the tea taste much better.,Bir oz yangi yalpiz qo'shish choyning ta'mini ancha yaxshilaydi.,,
payday,noun,B2,maosh kuni,день зарплаты,The specific day of the month when an employee receives their salary payment.,ˈpeɪdeɪ,12784,work,Everyone in the office is happy because today is finally payday.,"Ofisdagi hamma xursand, chunki bugun nihoyat maosh kuni.",,
elite,noun,C1,elita saralar,элита,A small group of people who are the most powerful or successful in a society.,ɪˈliːt,12786,ielts,The country is controlled by a small elite that owns most businesses.,Mamlakat biznesning katta qismiga egalik qiluvchi kichik bir elita tomonidan boshqariladi.,aristocracy upper-class,masses
spin,verb,B2,aylantirmoq gir aylantirmoq,вращать,To turn around and around very quickly in a circle.,spɪn,12788,actions,Children love to spin around until they feel very dizzy and fall.,Bolalar boshi aylanib ketguncha va yiqilguncha aylanishni yaxshi ko'rishadi.,rotate revolve,
poems,noun,A2,she'rlar,стихи,"Pieces of writing that express ideas and feelings, often with a rhythm or rhyming sounds.",ˈpəʊ.ɪmz,12790,school,She likes reading romantic poems in her free time every single evening.,U bo'sh vaqtida romantik she'rlar o'qishni juda yaxshi ko'radi.,verses,
deadline,noun,B1,so'nggi muddat,крайний срок,The final time or date by which something must be finished or completed.,ˈdɛdˌlaɪn,12792,work,We must submit our project report before the deadline on Friday afternoon.,Biz loyiha hisobotini juma kuni tushgacha bo'lgan so'nggi muddatda topshirishimiz kerak.,time-limit,
jurisdiction,noun,C1,yurisdiksiya vakolat,юрисдикция,The official power or authority to make legal decisions and judgments in an area.,d͡ʒʊɹɪsˈdɪkʃən,12794,ielts,The case falls outside the jurisdiction of this local court of law.,Ushbu ish mazkur sudning vakolat doirasidan tashqarida joylashgan.,authority power,
robot,noun,A2,robot,робот,A machine that can carry out complex tasks automatically by following programmed instructions.,ˈɹəʊ̯.bɒt,12796,home,Modern factories use a robot to perform dangerous or repetitive heavy tasks.,Zamonaviy zavodlar xavfli yoki bir xil takrorlanuvchi og'ir ishlarni bajarish uchun robot ishlatadi.,automaton,
equipped,adjective,B2,jihozlangan ta'minlangan,оборудованный,"Having the necessary tools, skills, or equipment to do a specific job or task.",ɪˈkwɪpt,12798,describing,The new kitchen is fully equipped with everything we need for cooking.,Yangi oshxona ovqat pishirish uchun kerakli barcha narsalar bilan to'liq jihozlangan.,prepared ready,unprepared
powder,noun,B1,kukun kukunsimon,порошок,"A dry substance in the form of very small, loose particles.",ˈpaʊ.də(ɹ),12800,home,The baker added a spoonful of baking powder to the flour mixture.,Novvoy un aralashmasiga bir qoshiq qabartma kukun qo'shdi.,dust grit,
wash,verb,A1,yuvmoq yuvinmoq,мыть,To clean something or your body using water and usually soap.,wɒʃ,12802,basics,"The car is so dirty, we need to wash it today.","Mashina juda iflos, uni bugun yuvib qo'yishimiz kerak.",clean rinse,dirty
gnome,noun,C1,gnom mittivoy,гном,An imaginary small creature in myths that often lives underground.,ˈnəʊ̯m,12804,nature,The garden was decorated with a small statue of a smiling gnome.,Bog'da tabassum qilayotgan gnomning kichik haykali bor edi.,dwarf,
declaration,noun,B2,bayonot deklaratsiya,декларация,"An official or formal statement of an idea, opinion, or decision.",ˌdɛk.ləˈɹeɪ.ʃən,12806,ielts,The government made a formal declaration about the new economic policy.,Hukumat yangi iqtisodiy siyosat haqida rasmiy bayonot berdi.,announcement statement,
gadgets,noun,B1,moslamalar jihozlar,гаджеты,"Small, useful pieces of electronic equipment or tools.",ˈɡædʒ.ɪts,12808,home,My kitchen is full of modern gadgets that make cooking easier.,Oshxonam ovqat tayyorlashni osonlashtiradigan zamonaviy moslamalar bilan to'la.,devices tools,
noble,adjective,B2,olijanob sharafli,благородный,Having or showing fine personal qualities that people admire.,ˈnəʊbəl,12810,describing,Helping those in need is considered a very noble action.,Muhtojlarga yordam berish juda olijanob ish hisoblanadi.,honorable virtuous,despicable
automation,noun,B2,avtomatlashtirish,автоматизация,The use of machines or computers to do tasks without needing human help.,ˌɔː.təˈmeɪ.ʃən,12812,work,The factory increased efficiency by investing in new forms of automation.,Zavod yangi avtomatlashtirish texnologiyalariga sarmoya kiritib samaradorlikni oshirdi.,automatization,
gospel,noun,C1,xushxabar injil,евангелие,The teaching of Jesus Christ or the first four books of the New Testament.,ˈɡɒspəl,12816,ielts,"Many people treat his advice as gospel, never questioning his decisions.","Ko‘pchilik uning maslahatini muqaddas haqiqat deb bilib, hech qachon shubha qilmaydi.",,
shore,noun,B1,qirg'oq sohil,берег,"The land along the edge of a sea, lake, or large river.",ʃɔː,12818,nature,We walked along the sandy shore watching the sunset over the water.,"Biz qumli qirg‘oq bo‘ylab sayr qilib, quyoshning suv uzra botishini tomosha qildik.",coast seaside,
knight,noun,B2,ritsar,рыцарь,A soldier in the Middle Ages who wore armor and fought on horseback.,ˈnaɪ̯t,12820,people-family,The brave knight defended the castle from the invading enemy forces.,Jasur ritsar qal’ani bosqinchi dushman kuchlaridan himoya qildi.,,
loose,adjective,A2,bo'sh qotirilmagan,свободный,Not held or fastened firmly in place.,luːs,12822,describing,The handle on this door is very loose and might fall off.,Bu eshikning dastasini bo‘shab qolgan va uzilib tushishi mumkin.,slack shaky,tight
recipient,noun,B2,qabul qiluvchi oluvchi,получатель,A person who receives something that is given to them.,ɹəˈsɪp.i.ənt,12824,ielts,She was the recipient of a prestigious award for her scientific research.,U ilmiy tadqiqotlari uchun nufuzli mukofot sohibi bo‘ldi.,receiver beneficiary,giver
illness,noun,A2,kasallik xastalik,болезнь,The state of being physically or mentally sick.,ˈɪl.nəs,12826,body-health,She missed several weeks of work due to a sudden illness.,U to‘satdan kasal bo‘lib qolgani uchun bir necha hafta ishga chiqa olmadi.,sickness disease,health
southeast,noun,A2,janubi-sharq,юго-восток,The direction that is between south and east on a map or compass.,ˌsaʊθˈiːst,12828,places,Their house is located in the southeast of the country.,Ularning uyi mamlakatning janubi-sharqida joylashgan.,,northwest
pending,adjective,B2,kutilayotgan hal etilmagan,ожидающий решения,"Waiting to be finished, decided, or dealt with.",ˈpɛndɪŋ,12830,work,The final decision on the new law is still pending.,Yangi qonun bo'yicha yakuniy qaror hali ham kutilmoqda.,unresolved unfinished,
personalized,adjective,B2,moslashtirilgan shaxsiylashtirilgan,персонализированный,Made or changed to suit the needs of a specific person.,ˈpɜːsənəlaɪzd,12832,describing,They offered a personalized fitness program for each client.,Ular har bir mijoz uchun moslashtirilgan mashg'ulot dasturini taklif qilishdi.,customized tailored,
teenage,adjective,A2,o'smirlik o'spirinlik,подростковый,Relating to the period of life between thirteen and nineteen years old.,ˈtiːneɪd͡ʒ,12834,people-family,She spent her teenage years living in a small village.,U o'smirlik yillarini kichik bir qishloqda o'tkazdi.,,
triple,adjective,B1,uch karrali uchlik,тройной,Consisting of three parts or being three times the size or amount.,ˈtɹɪp.əl,12836,describing,They requested a triple portion of ice cream for the birthday party.,Ular tug'ilgan kun bazmi uchun muzqaymoqning uch karrali porsiyasini so'rashdi.,treble,single
cooper,noun,C1,bochkasoz,бондарь,A person whose job is making or repairing wooden barrels and containers.,ˈkuːpə(ɹ),12838,work,The local cooper crafted a sturdy barrel to hold the fresh apples.,Mahalliy bochkasoz yangi uzilgan olmalarni saqlash uchun mustahkam bochka yasab berdi.,,
unusual,adjective,A2,g'ayritabiiy noodatiy,необычный,Different from what is normal or common.,ʌnˈjuːʒ(u)əl,12840,describing,It is quite unusual to see snow in this part of town.,Shaharning bu qismida qor yog'ishini ko'rish juda noodatiy hol.,rare uncommon,normal
destruction,noun,B2,vayronagarchilik buzilish,разрушение,The act of damaging something so badly that it cannot be used anymore.,dɪsˈtɹʌkʃən,12842,ielts,The earthquake caused massive destruction throughout the entire coastal region.,Zilzila butun qirg'oq bo'yi hududida ulkan vayronagarchiliklarga sabab bo'ldi.,damage ruin,creation
increasingly,adverb,B2,tobora ko'proq borgan sari,всё более,More and more as time passes.,ɪnˈkriːsɪŋli,12844,ielts,It is becoming increasingly difficult to find affordable housing in the city.,Shaharda arzon uy-joy topish borgan sari qiyinlashib bormoqda.,ever-increasingly,
migration,noun,B2,migratsiya ko'chish,миграция,The movement of people or animals from one region to another.,maɪˈɡɹeɪʃ(ə)n,12846,nature,The seasonal migration of birds is a truly fascinating natural phenomenon.,Qushlarning mavsumiy ko'chishi tabiatning haqiqatan ham hayratlanarli hodisasidir.,movement displacement,
disorder,noun,B2,tartibsizlik xastalik,беспорядок,A state of confusion or a physical or mental illness in the body.,dɪsˈɔːdə(ɹ),12848,body-health,She was diagnosed with a rare sleep disorder that affects her rest.,Unga uyqu bilan bog'liq kamyob xastalik tashxisi qo'yildi.,illness disease,order
routine,noun,B1,tartib odatiy mashg'ulot,рутина,A fixed way of doing things that happens regularly or repeatedly.,ɹuːˈtiːn,12850,time,Following a daily exercise routine helps me stay healthy and fit.,Har kunlik mashq tartibiga rioya qilish sog'lom va tetik bo'lishga yordam beradi.,habit ritual,
basically,adverb,B1,aslida asosan,в основном,Used to describe the most important or simple part of something.,ˈbeɪ.sɪk.(ə.)li,12852,ielts,"Basically, we need to finish this project by the end of Friday.","Aslida, biz ushbu loyihani juma kunigacha tugatishimiz kerak.",essentially fundamentally,
conventional,adjective,B2,an'anaviy odatiy,обычный,Following traditional or generally accepted ideas and behaviors.,kənˈvɛnʃənl̩,12854,describing,Many people prefer conventional methods rather than trying something new.,Ko'pchilik yangi narsalarni sinab ko'rishdan ko'ra an'anaviy usullarni afzal ko'radi.,typical traditional,atypical
titans,noun,C1,gigantlar qudratli kishilar,титаны,"Very powerful, strong, and influential people or organizations.",ˈtaɪtənz,12856,ielts,The two technology titans agreed to merge their companies last year.,Ikki texnologiya giganti o'tgan yili kompaniyalarini birlashtirishga kelishib oldi.,giants magnates,
axis,noun,C1,o'q,ось,An imaginary line around which a spinning object turns.,ˈæksɪs,12858,nature,The Earth completes one full rotation on its axis every twenty-four hours.,Yer o'z o'qi atrofida yigirma to'rt soat ichida bir marta aylanib chiqadi.,,
sought,verb,B2,qidirilgan talab qilingan,искал,Attempted to find or obtain something; the past tense of seek.,sɔːt,12860,actions,She sought advice from her teacher before making the final decision.,U yakuniy qarorni qabul qilishdan oldin o'qituvchisidan maslahat so'radi.,searched looked,
firewall,noun,B2,xavfsizlik devori himoya tizimi,брандмауэр,A security system that protects a computer network from unauthorized access.,ˈfaɪə.wɔəl,12862,work,The company installed a new firewall to protect their private data.,Kompaniya o'zining shaxsiy ma'lumotlarini himoya qilish uchun yangi xavfsizlik devorini o'rnatdi.,,
median,noun,C1,mediana o'rta qiymat,медиана,The middle number in a list of numbers sorted from smallest to largest.,ˈmiː.dɪən,12864,ielts,"To find the median, list all the numbers and select the middle value.","Medianani topish uchun barcha sonlarni ketma-ket yozib, o'rtadagisni tanlab oling.",average midpoint,
scanner,noun,B1,skaner,сканер,A machine that copies a document or picture into a digital format on a computer.,ˈskænɚ,12866,home,He put the document in the scanner to send it by email.,Hujjatni elektron pochta orqali jo'natish uchun uni skanerga qo'ydi.,,
herein,adverb,C2,bunda mazkur hujjatda,в этом,"In this document, book, or piece of writing.",hɪɹˈɪn,12868,ielts,The terms and conditions are clearly explained herein.,Qoida va shartlar mazkur hujjatda aniq tushuntirilgan.,hereby,
occupational,adjective,B2,kasbiy ishga doir,профессиональный,Relating to a person's job or the work they do.,ɑkjuˈpeɪʃənəl,12870,work,Back pain is a common occupational hazard for office workers.,Bel og'rig'i ofis xodimlari uchun odatiy kasbiy xavf hisoblanadi.,professional vocational,
animated,adjective,B2,jonli jo'shqin,оживлённый,"Full of energy, excitement, or lively movement.",ˈæn.ɪ.meɪ.tɪd,12872,feelings,They had an animated discussion about their future travel plans.,Ular kelajakdagi sayohat rejalari haqida jonli bahslashishdi.,lively spirited,dull
judicial,adjective,C1,sud sudga oid,судебный,"Relating to the law, the courts, or the system of justice.",d͡ʒuˈdɪʃəl,12874,ielts,The judicial system ensures that everyone is treated fairly by law.,Sud tizimi qonun oldida barchaga adolatli munosabatda bo'linishini ta'minlaydi.,legal,
adjustment,noun,B2,o'zgartirish moslashish,корректировка,A small change made to something to improve it or make it work better.,əˈd͡ʒʌst.mənt,12876,actions,A minor adjustment to the engine made the car run smoothly.,Dvigatelga qilingan kichik o'zgartirish mashinaning ravon ishlashini ta'minladi.,change modification,
hero,noun,A2,qahramon,герой,A person who is admired for their courage or outstanding noble achievements.,ˈhɪə.ɹəʊ,12878,people-family,My mother is my hero because she works hard to help me.,"Onam mening qahramonim, chunki u menga yordam berish uchun tinmay ishlaydi.",champion,coward
integer,noun,B2,butun son,целое число,A whole number that is not a fraction or a decimal.,ˈɪn.tɪ.d͡ʒə(ɹ),12880,ielts,The math teacher asked us to identify every integer in the set.,Matematika o‘qituvchisi bizdan to‘plamdagi har bir butun sonni aniqlashni so‘radi.,,
bachelor,noun,B1,bo‘ydoq bakalavr,холостяк,"A man who is not married, or someone holding an undergraduate university degree.",ˈbæt͡ʃ.ə.lə(ɹ),12882,people-family,"After finishing his studies, he became a bachelor of engineering science.","O‘qishni tamomlagach, u muhandislik fanlari bakalavri darajasini oldi.",,wedder
engaged,adjective,B1,unashtirilgan,помолвленный,Having officially agreed to get married to someone.,ɪnˈɡeɪd͡ʒd,12884,people-family,They got engaged last month and are planning a summer wedding.,Ular o‘tgan oy unashtirildi va yozda to‘y qilishni rejalashtirishmoqda.,betrothed,
struct,noun,C1,struktura,структура,A group of data fields stored together in computer programming.,strʌkt,12886,ielts,You should use a struct to organize this user information properly.,Ushbu foydalanuvchi ma’lumotlarini tartibga solish uchun strukturadan foydalanishingiz kerak.,,
binary,adjective,B2,ikkilik,двоичный,Relating to a system of counting using only two digits: zero and one.,ˈbaɪ.nə.ɹɪ,12888,ielts,Computers process all data using a complex binary code system.,Kompyuterlar barcha ma’lumotlarni murakkab ikkilik kod tizimi yordamida qayta ishlaydi.,base-2,
difficulty,noun,A2,qiyinchilik mushkullik,трудность,The state or quality of being hard to do or understand.,ˈdɪfɪkəlti,12890,describing,I had some difficulty finding the address in such a large city.,Bunday katta shaharda manzilni topishda biroz qiyinchilikka duch keldim.,trouble,ease
punk,adjective,B2,punkcha norasmiy,панковский,"Related to a loud, aggressive style of rock music and its rebellious fashion.",ˈpʌŋk,12892,describing,"You look very punk with your t-shirt, piercing, and metal chains.","Futbolkang, pirsinging va zanjirlaring bilan juda punk ko'rinyapsan.",rebellious unconventional,conventional
collective,adjective,B2,umumiy jamoaviy,коллективный,Done by a group of people working together as a whole.,kəˈlɛktɪv,12894,ielts,The team made a collective decision to finish the project early.,Jamoa loyihani erta tugatish bo'yicha umumiy qaror qabul qildi.,joint shared,individual
coalition,noun,C1,koalitsiya ittifoq,коалиция,A temporary group of people or organizations working together for a specific goal.,kəʊ.əˈlɪʃ.ən,12896,ielts,The two parties formed a coalition government after the recent election.,Ikkita partiya oxirgi saylovdan keyin koalitsion hukumat tuzdi.,alliance union,
dropped,verb,B1,tushirib yuborilgan uzilib qolgan,уроненный прерванный,To let something fall or for a phone connection to suddenly break.,dɹɑpt,12898,actions,We had a dropped call while talking on the phone earlier.,Haligi telefon orqali gaplashayotganimizda aloqa uzilib qoldi.,fell disconnected,held
enrollment,noun,B2,ro'yxatdan o'tish qabul,регистрация зачисление,"The act of officially joining a school, course, or program.",ənˈɹəʊl.mənt,12900,school,University enrollment usually happens during the month of September every year.,Universitetga qabul odatda har yili sentyabr oyida amalga oshiriladi.,registration admission,
duke,noun,C1,gersog,герцог,A male noble of the highest rank below a king.,dʒuːk,12902,people-family,The Duke arrived at the palace in his royal carriage today.,Gersog bugun saroyga o'zining qirollik aravasida yetib keldi.,nobleman peer,
pace,noun,B1,sur'at temp,темп скорость,The speed at which something happens or at which someone moves.,peɪs,12904,describing,He walked at a steady pace to keep himself from getting tired.,Charchab qolmaslik uchun u bir maromda yurdi.,speed tempo,
besides,preposition,B1,tashqari,кроме,In addition to someone or something else.,bɪˈsaɪdz,12906,describing,"Besides my brothers, my cousins will also come to the party.",Aka-ukalarimdan tashqari amakivachchalarim ham ziyofatga kelishadi.,except apart,
collector,noun,B1,to'plovchi kolleksioner,коллекционер,A person who finds and keeps objects of a particular type as a hobby.,kəˈlɛk.tɚ,12908,people-family,He is a famous collector of rare old stamps and coins.,U noyob qadimiy markalar va tangalarning mashhur kolleksioneri.,gatherer accumulator,
arc,noun,B2,yoy,дуга,A part of a circle or a curved shape.,ɑːk,12910,nature,The setting sun painted a bright orange arc across the sky.,Botayotgan quyosh osmonda yorqin to'q sariq rangli yoy chizdi.,curve arch,
advertisers,noun,B2,reklamachilar,рекламодатели,People or companies that pay to promote products or services to the public.,ˈæd.və.taɪ.zərz,12912,work,Advertisers use social media to reach more potential customers every day.,Reklamachilar har kuni ko'proq mijozlarga yetib borish uchun ijtimoiy tarmoqlardan foydalanadilar.,marketers sponsors,
atlas,noun,B1,atlas,атлас,A book that contains maps of different parts of the world.,ˈætləs,12914,school,Open your atlas to the page showing the map of Asia.,Atlasingizni ochib Osiyo xaritasi ko'rsatilgan sahifani toping.,,
observation,noun,B2,kuzatuv kuzatish,наблюдение,The act of carefully watching someone or something to learn more about them.,ˌɒbzəˈveɪʃn̩,12916,ielts,Scientific progress often starts with the careful observation of natural events.,Ilmiy taraqqiyot ko'pincha tabiat hodisalarini diqqat bilan kuzatishdan boshlanadi.,study monitoring,
torture,noun,C1,qiynoq azob,пытка,The act of causing severe physical or mental pain to someone.,ˈtoɹt͡ʃɚ,12918,feelings,Waiting for the final exam results felt like absolute torture to her.,Imtihon natijalarini kutish uning uchun haqiqiy azob edi.,torment agony,
restoration,noun,B2,tiklash qayta tiklash,восстановление,The process of returning something to its original or good condition.,ɹɛstəˈɹeɪʃən,12920,ielts,The restoration of this old building will take at least two years.,Bu qadimiy binoni qayta tiklash kamida ikki yil vaqt oladi.,repair renewal,destruction
convenience,noun,B1,qulaylik,удобство,"The state of being useful, easy, or helpful for a person.",kənˈviːnɪəns,12922,describing,Fast food is popular because of its low cost and convenience.,Tez tayyorlanadigan taomlar arzonligi va qulayligi tufayli juda mashhur.,comfort,inconvenience
opposition,noun,B2,qarshilik qarshi taraf,оппозиция,Strong disagreement or the act of competing against someone or something.,ˌɒp.əˈzɪʃ.ən,12924,ielts,The plan met with strong opposition from the local residents.,Bu reja mahalliy aholi tomonidan kuchli qarshilikka uchradi.,resistance hostility,agreement
container,noun,A2,idish konteyner,контейнер,A hollow object used to hold or carry things inside it.,kənˈteɪnə,12926,home,Please put the leftovers in a plastic container and store them.,"Iltimos, ortib qolgan ovqatni plastik idishga solib saqlab qo'ying.",box holder,
defendant,noun,C1,sudlanuvchi ayblanuvchi,подсудимый,A person in a court of law who is accused of having committed a crime.,dɪˈfɛnd.ənt,12928,ielts,The defendant told the judge that he was innocent of the crime.,Sudlanuvchi sudyaga o‘zining aybsiz ekanligini aytdi.,accused,plaintiff
warner,noun,B2,ogohlantiruvchi,предупреждающий,A person who tells others about a danger or a potential problem.,ˈwɔː(ɹ)nə(ɹ),12930,actions,He acted as a warner to his friends about the upcoming storm.,U do‘stlarini yaqinlashib kelayotgan bo‘ron haqida ogohlantiruvchi vazifasini bajardi.,,
confirmation,noun,B1,tasdiq tasdiqlash,подтверждение,A document or statement that shows that something is definitely true or arranged.,ˌkɑn.fəɹˈmeɪ.ʃən,12932,work,We will send you a written confirmation of your hotel booking.,Biz sizga mehmonxona bron qilganingiz haqida yozma tasdiqnoma yuboramiz.,verification proof,denial
app,noun,A2,ilova dastur,приложение,A small computer program designed to do a specific task on a mobile phone.,æp,12934,basics,I downloaded a new fitness app to track my daily exercise.,Men kundalik mashqlarimni kuzatib borish uchun yangi fitnes ilovasini yuklab oldim.,application,
embedded,adjective,C1,o‘rnatilgan singdirilgan,встроенный,Firmly fixed into the surface of something or deep within something.,ɪmˈbɛdɪd,12936,ielts,The microchip is embedded deep inside the plastic casing of the device.,Mikrochip qurilmaning plastik korpusi ichiga chuqur o‘rnatilgan.,inbuilt inserted,
inkjet,noun,B2,struyli printer,струйный принтер,A type of printer that prints by spraying tiny drops of ink onto paper.,ˈɪŋk.dʒɛt,12938,home,Inkjets are very common for printing high-quality color photos at home.,Struyli printerlar uy sharoitida sifatli rangli fotosuratlarni chiqarish uchun juda qulay.,,
supervisor,noun,B1,boshliq nazoratchi,руководитель,A person in charge of a group of workers or a specific task.,ˈsuːpəˌvaɪzə(ɹ),12940,work,You should discuss any problems with your supervisor before taking action.,Biror ish qilishdan oldin muammolaringizni boshlig‘ingiz bilan muhokama qilishingiz kerak.,manager boss,
wizard,noun,B2,sehrgar ekspert,волшебник,A person who is extremely good or talented at doing a specific complex thing.,ˈwɪz.əːd,12942,describing,He is a computer wizard who can fix any technical problem instantly.,U har qanday texnik muammoni darhol hal qila oladigan kompyuter ustasi.,expert genius,
corps,noun,C1,guruh jamoa,корпус,An organized group of people who share a specific job or purpose.,kɔːr,12944,ielts,The diplomatic corps was invited to the president's annual winter reception.,Diplomatik korpus prezidentning yillik qishki qabuliga taklif qilindi.,unit group,
liver,noun,B1,jigar,печень,A large organ in the body that cleans the blood and helps process food.,ˈlɪvə,12946,body-health,Eating too much fat can be harmful to your liver health.,Juda ko'p yog'li ovqat iste'mol qilish jigaringizga zarar yetkazishi mumkin.,,
peripherals,noun,B2,tashqi qurilmalar,периферийные устройства,"External equipment that connects to a computer, such as a mouse or printer.",pəˈrɪfərlz,12948,work,I need to buy some new peripherals like a keyboard and mouse.,Menga sichqoncha va klaviatura kabi yangi tashqi qurilmalar sotib olish kerak.,accessories devices,
brochure,noun,A2,buklet risola,брошюра,A small book or folded paper with information about a product or service.,ˈbɹəʊ.ʃə(ɹ),12950,travel,Please pick up a travel brochure from the tourist information desk.,"Iltimos, sayyohlik axborot markazidan sayohat bukletini olib keling.",pamphlet booklet,
recall,verb,B2,eslamoq yodga olmoq,вспоминать,To bring a fact or event back into your mind to remember it.,ɹɪˈkɔːl,12952,actions,I cannot recall his name even though we met last year.,"O'tgan yili ko'rishgan bo'lsak-da, uning ismini eslay olmayapman.",remember recollect,forget
antenna,noun,B2,antenna,антенна,A device used to send or receive radio or television signals.,ænˈtɛn.ə,12954,home,We need to fix the antenna to get a better television signal.,Televizor yaxshi ko'rsatishi uchun antennani tuzatib qo'yishimiz kerak.,aerial,
departure,noun,A2,jo'nab ketish,отправление,"The act of leaving a place, especially to start a journey.",dɪˈpɑː(ɹ)tjə(ɹ),12956,travel,Our departure from the airport was delayed due to heavy snowfall.,Kuchli qor yog'ishi tufayli aeroportdan jo'nab ketishimiz kechikdi.,leaving,arrival
belief,noun,B1,ishonch e'tiqod,вера,"A feeling that something is true or exists, even without proof.",bɪˈliːf,12958,feelings,It is my firm belief that honesty is the best policy.,Rostgo'ylik eng yaxshi yo'l ekanligiga qat'iy ishonaman.,faith conviction,doubt
bikini,noun,B1,bikini,бикини,A women's two-piece swimsuit for swimming or sunbathing.,bɪˈkiː.ni,12960,clothes,She bought a new colorful bikini for her beach holiday trip.,U plyajdagi ta'tili uchun yangi rang-barang bikini sotib oldi.,two-piece,
decor,noun,B2,bezak dizayn,оформление,The style and arrangement of furniture and objects in a room.,ˈdeɪkɔː,12962,home,The minimalist decor of the living room makes it feel very spacious.,Mehmonxonaning minimalistik uslubdagi bezagi uni juda keng ko'rsatadi.,design style,
lookup,noun,B2,qidiruv ma'lumot izlash,поиск,The act of searching for information in a book or database.,ˈlʊkˌʌp,12964,work,This database lookup helps us find customer details very quickly.,Ushbu ma'lumotlar bazasini qidirish bizga mijozlar haqidagi ma'lumotlarni tez topishga yordam beradi.,search query,
ion,noun,C1,ion,ион,An atom or group of atoms that has an electrical charge.,ˈaɪən,12966,ielts,The salt dissolves into sodium and chloride ions in the water.,Tuz suvda natriy va xlorid ionlariga parchalanadi.,,
diameter,noun,B2,diametr,диаметр,A straight line measuring the width of a circle through its center.,daɪˈæmɪtə(ɹ),12968,ielts,The circle has a diameter of exactly ten centimeters across.,Bu aylananing diametri aniq o‘n santimetrga teng.,,
doll,noun,A1,qo‘g‘irchoq,кукла,A toy that looks like a small person or baby.,dɒl,12970,basics,The little girl is playing with her favorite plastic doll.,Kichkina qizaloq o‘zining sevimli qo‘g‘irchog‘i bilan o‘ynayapti.,,
bidder,noun,C1,xaridor narx taklif qiluvchi,участник торгов,A person who offers a specific price for something during an auction.,ˈbɪd.ə,12972,work,The highest bidder at the auction will win the painting.,Auksionda eng yuqori narx taklif qilgan xaridor rasmga ega bo‘ladi.,buyer,
singer,noun,A1,xonanda qoʻshiqchi,певец,"A person who sings songs, especially as their job or hobby.",ˈsɪŋ.ə,12974,people-family,The famous singer performed a beautiful song at the concert last night.,Mashhur xonanda kechagi konsertda juda goʻzal qoʻshiq kuyladi.,vocalist,
herald,verb,C1,darak bermoq bashorat qilmoq,возвещать,To be a sign that something is about to happen.,ˈhɛɹ.əld,12976,ielts,These heavy rain clouds herald the arrival of a long storm.,Bu qora bulutlar uzoq davom etadigan boʻron yaqinlashayotganidan darak beradi.,announce foreshadow,
aging,noun,B2,qarish,старение,The natural process of becoming older over time.,ˈeɪ.d͡ʒɪŋ,12978,body-health,Proper nutrition and exercise can help slow down the aging process.,Toʻgʻri ovqatlanish va jismoniy mashqlar qarish jarayonini sekinlashtirishga yordam beradi.,senescence,
intervention,noun,C1,aralashuv,вмешательство,The act of getting involved in a situation to change what is happening.,ɪntəˈvɛnʃən,12980,ielts,The government's intervention was necessary to stop the economic crisis.,Iqtisodiy inqirozni toʻxtatish uchun hukumatning aralashuvi zarur edi.,involvement interference,
plugin,noun,B2,plagin qoʻshimcha dastur,плагин,A small software program that adds a new feature to a larger application.,ˈplʌɡɪn,12984,work,You need to install this plugin to watch videos on the website.,Veb-saytda video koʻrish uchun ushbu plagini oʻrnatishingiz kerak.,extension add-on,
diving,noun,B1,suvga shoʻngʻish,дайвинг,The sport or activity of jumping into water or swimming underwater.,ˈdaɪ.vɪŋ,12986,travel,We went scuba diving to see the colorful fish under the sea.,Dengiz ostidagi rang-barang baliqlarni koʻrish uchun shoʻngʻishga bordik.,,
modification,noun,B2,o'zgartirish,изменение,The act of making small changes to something to improve it.,ˌmɑdɪfɪˈkeɪʃən,12988,ielts,We made a small modification to the plan to save some time.,Vaqtni tejash uchun rejaga kichik o'zgartirish kiritdik.,change adjustment,
suppose,verb,B1,taxmin qilmoq deb o'ylamoq,полагать,"To believe something is probably true, even if you are not certain.",səˈpəʊz,12990,actions,I suppose we all agree that this is the best solution.,"Menimcha, hammamiz bu eng yaxshi yechim ekanligiga rozi bo'lamiz.",assume,
reed,noun,B2,qamish,камыш,A tall plant that grows in groups near water with hollow stems.,ɹiːd,12992,nature,Tall reeds were swaying slowly in the wind by the river.,Daryo bo'yidagi baland qamishlar shamolda sekin tebranardi.,,
moderate,adjective,B2,o'rtacha mo'tadil,умеренный,"Neither very great nor very small in amount, intensity, or quality.",ˈmɒdəɹət,12994,describing,The hotel offers a high level of comfort at a moderate price.,Mehmonxona o'rtacha narx evaziga yuqori darajadagi qulaylikni taqdim etadi.,fair average,extreme
terror,noun,B2,dahshat qo'rquv,ужас,A feeling of extreme fear or worry about something very bad.,ˈtɛɹ.ɚ,12996,feelings,The children were filled with terror when the storm started suddenly.,To'satdan bo'ron boshlanganda bolalar dahshatga tushishdi.,fear dread,
younger,adjective,A1,kichik yoshroq,младший,Used to describe someone who is not as old as another person.,ˈjʌŋɡə,12998,people-family,My younger brother is still going to primary school right now.,Mening ukam hali ham boshlang'ich maktabga boradi.,junior,older
thirty,noun,A1,o'ttiz,тридцать,The number that is one more than twenty-nine.,ˈθɜːti,13000,basics,We have thirty students in our class for this english lesson.,Bizning ingliz tili darsimizda o'ttiz nafar o'quvchi bor.,,
mice,noun,A2,sichqonlar,мыши,"Small furry animals with long tails, plural of mouse.",maɪs,13002,animals,The cat was hunting for mice in the old house.,Mushuk eski uyda sichqonlarni ovlayotgan edi.,,
opposite,adjective,A2,qarama-qarshi,противоположный,"Located directly across from something else, or facing in another direction.",ˈɒp.ə.zɪt,13004,describing,She saw him walking on the opposite side of the road.,U yigitni yo‘lning qarama-qarshi tomonida ketayotganini ko‘rib qoldi.,contrary,same
understood,verb,A1,tushundim angladim,понял,To know the meaning of something that someone has said or written.,ʌndəˈstʊd,13006,actions,He finally understood what the teacher was trying to explain.,U oxiri o‘qituvchi nima demoqchi bo‘lganini tushunib yetdi.,comprehend grasped,
rapidly,adverb,B2,tezlik bilan jadal,быстро,Happening or done in a very short time.,ˈɹæpɪdli,13008,ielts,Technology is changing so rapidly that it is hard to keep up.,"Texnologiya shunchalik tez rivojlanyaptiki, unga yetib olish qiyin.",quickly fast,slowly
ban,verb,B1,taqiqlash man qilish,запрещать,To say officially that something is not allowed.,ˈbæn,13010,ielts,The government decided to ban smoking in all public places.,Hukumat barcha jamoat joylarida chekishni taqiqlashga qaror qildi.,forbid prohibit,allow
temp,noun,B1,vaqtincha ishchi,временный работник,A person employed to work for a short period of time.,tɛmp,13012,work,We hired a temp to help us during the busy summer season.,Biz yozgi gavjum mavsumda yordam berishi uchun vaqtincha ishchi yolladik.,temporary,
intro,noun,B1,kirish qism tanishtiruv,вступление,"A short beginning part of a song, film, or presentation.",ˈɪntɹoʊ,13014,school,The video has a cool intro that grabs your attention immediately.,Videoning darhol diqqatingni tortadigan ajoyib kirish qismi bor.,introduction,outro
assurance,noun,C1,ishonch kafolat,заверение,A statement made to someone to make them feel confident or certain about something.,əˈʃɔːɹəns,13016,ielts,He gave me his assurance that the work would be finished today.,U ishning bugun bitishiga menga kafolat berdi.,guarantee promise,doubt
clerk,noun,B1,ish yurituvchi kotib,клерк,"A person who works in an office dealing with records, letters, and administrative tasks.",klɑːk,13018,work,The office clerk filed all the important documents in the cabinet.,Ofis kotibi barcha muhim hujjatlarni shkafga joylab qo'ydi.,administrator secretary,
outline,noun,B2,reja chizma,контур,A brief summary that gives the main points of a plan or document.,ˈaʊtlaɪn,13020,ielts,The professor provided an outline of the course at the beginning.,Professor dars boshida kursning qisqacha rejasini taqdim etdi.,summary sketch,
tramadol,noun,C1,tramadol,трамадол,A strong medicine used to reduce moderate to severe pain in the body.,ˈtɹæm.əˌdɔl,13022,body-health,The doctor prescribed tramadol to help manage the patient's severe back pain.,Shifokor bemorning kuchli bel og'rig'ini qoldirish uchun tramadol yozib berdi.,painkiller,
compilation,noun,C1,to'plam jamlanma,компиляция,The act of gathering information from different places to create a single work.,ˌkɒm.pɪˈleɪ.ʃən,13024,ielts,The book is a compilation of articles written by various famous experts.,Kitob turli mashhur mutaxassislar tomonidan yozilgan maqolalar to'plamidir.,collection assembly,
verification,noun,B2,tasdiqlash tekshiruv,подтверждение,The process of proving that something is true or accurate.,ˌvɛ.ɹə.fɪˈkeɪ.ʃən,13026,ielts,The detective needs verification of your whereabouts last night.,Detektivga o‘tgan kecha qayerda bo‘lganingizni tasdiqlovchi dalil kerak.,confirmation proof,refutation
odd,adjective,A2,g‘alati toq,странный,Different from what is usual or expected; not normal.,ɒd,13028,describing,"She slept in, which was very odd for her routine.","U uxlab qoldi, bu uning tartibi uchun juda g‘alati edi.",strange unusual,common
wrap,verb,A2,o‘rash o‘ramoq,заворачивать,To cover something completely by folding a material around it.,ɹæp,13030,actions,Christmas gifts are commonly known to be wrapped in paper.,Rojdestvo sovg‘alari odatda qog‘ozga o‘raladi.,bind cover,
mood,noun,B1,kayfiyat ruh,настроение,The way you feel at a particular time.,muːd,13032,feelings,I've been in a bad mood since I was dumped.,Tashlab ketilishimdan beri kayfiyatim yo‘q.,humor spirit,
favor,noun,B1,yaxshilik xizmat,одолжение,A kind or helpful act that you do for someone.,ˈfeɪ.və,13034,actions,He did me a favor when he took me home.,"U meni uyga tashlab qo‘yib, menga yaxshilik qildi.",service assistance,
attractive,adjective,A2,jozibali kelishgan,привлекательный,Pleasing or appealing to the senses or mind.,əˈtɹæktɪv,13036,describing,She looks very attractive in her new blue dress today.,U yangi ko‘k ko‘ylagida juda jozibali ko‘rinadi.,charming appealing,ugly
occasion,noun,B1,vaziyat holat,случай,A special event or a particular time when something happens.,əˈkeɪʒən,13038,time,We met on several occasions during the summer holiday.,Biz yozgi ta'til davomida bir necha bor uchrashdik.,event time,
victim,noun,B1,jabrlanuvchi qurbon,жертва,"A person who has been harmed, injured, or killed as a result of a crime.",ˈvɪktɪm,13040,ielts,The police questioned the victim about the robbery last night.,Politsiya kecha sodir bo‘lgan o‘g‘rilik yuzasidan jabrlanuvchini so‘roq qildi.,sufferer,
careful,adjective,A2,ehtiyotkor sinchkov,осторожный,Giving a lot of attention to what you are doing to avoid mistakes or harm.,ˈkɛɹfəl,13042,describing,Please be careful when you cross this busy road.,"Iltimos, bu gavjum yo‘lni kesib o‘tayotganda ehtiyot bo‘ling.",cautious attentive,careless
beam,noun,B2,to'sin balka,балка,"A long, thick piece of wood or metal used to support a building structure.",ˈbiːm,13044,home,The wooden beam in the ceiling supports the weight of the roof.,Shiftga o'rnatilgan yog'och to'sin tomni ko'tarib turibdi.,girder joist,
orchestra,noun,B1,orkestr,оркестр,A large group of musicians who play many different instruments together.,ˈɔː.kɪs.tɹə,13046,ielts,The symphony orchestra performed a beautiful piece of classical music last night.,Simfonik orkestr kecha klassik musiqadan ajoyib asar ijro etdi.,band ensemble,
sunset,noun,A2,quyosh botishi shom,закат,The time of day when the sun goes down below the horizon.,ˈsʌnˌsɛt,13048,nature,We sat on the beach and watched the beautiful orange sunset.,"Biz sohilga o'tirib, quyosh botishining go'zal manzarasini tomosha qildik.",dusk twilight,sunrise
moreover,adverb,C1,bundan tashqari qolaversa,более того,Used to add another important piece of information to what you just said.,mɔːˈɹəʊ.və,13050,ielts,"The house is beautiful; moreover, it is in a great location.","Uy juda chiroyli, qolaversa, u juda yaxshi joyda joylashgan.",furthermore additionally,
polyphonic,adjective,C2,polifonik ko'p ovozli,полифонический,Music that has two or more independent melodies played at the same time.,ˌpɒlɪˈfɒnɪk,13052,ielts,The choir sang a complex polyphonic piece during the church service.,Xor cherkov ibodati vaqtida murakkab ko'p ovozli asar kuyladi.,contrapuntal,
lottery,noun,B1,lotereya,лотерея,A game where people buy numbered tickets to try to win money prizes.,ˈlɒtəɹi,13054,ielts,He bought a lottery ticket hoping to win the massive jackpot prize.,U katta yutuqni qo'lga kiritish umidida lotereya chiptasini sotib oldi.,raffle sweepstake,
aside,adverb,B2,chetga bir chetda,в сторону,To or on one side so as to be out of the way.,əˈsaɪd,13056,actions,Please step aside so the people can walk through the hallway.,"Iltimos, odamlar yo'lakdan o'tib olishi uchun chetroqqa turing.",apart away,
licence,noun,B1,litsenziya ruxsatnoma,лицензия,An official document that gives you permission to own or do something.,ˈlaɪ.səns,13058,work,You need a valid driving licence to operate a car legally.,Avtomobilni qonuniy boshqarish uchun sizda haydovchilik guvohnomasi bo'lishi kerak.,permit authorization,
adjustable,adjective,B1,sozlanadigan moslanadigan,регулируемый,Able to be changed or moved to suit a specific need or size.,əˈd͡ʒʌstəbəl,13060,describing,You can change the height of this adjustable office chair easily.,Bu sozlanadigan ish stulining balandligini osonlikcha o'zgartirishingiz mumkin.,flexible adaptable,fixed
allocation,noun,C1,taqsimot ajratma,распределение,The act of giving a specific amount of money or resources for a purpose.,ˌæl.əˈkeɪ.ʃən,13062,ielts,The government announced a new budget allocation for public school improvements.,Hukumat umumta'lim maktablarini yaxshilash uchun yangi byudjet ajratmasini e'lon qildi.,distribution allotment,
essay,noun,B1,insho maqola,сочинение,"A short piece of writing on a particular subject, usually by a student.",ˈɛs.eɪ,13064,school,I need to write a long essay about history for my class.,Men darsim uchun tarix haqida uzun insho yozishim kerak.,composition paper,
dialogue,noun,B2,dialog suhbat,диалог,"A conversation between two or more people in a book, play, or film.",ˈdaɪəlɒɡ,13066,ielts,The actors performed the dialogue with a lot of emotion and skill.,Aktyorlar dialogni juda ko'p hissiyot va mahorat bilan ijro etishdi.,conversation talk,
alphabetical,adjective,B1,alifbo tartibida,алфавитный,Arranged in the order of the letters of the alphabet.,ˌæl.fəˈbɛt.ɪ.kəl,13068,describing,Please keep all the files in alphabetical order for easier access.,Oson topish uchun barcha fayllarni alifbo tartibida saqlang.,ordered sorted,
dispatched,verb,B2,jo'natilgan yuborilgan,отправленный,To have sent someone or something to a destination for a particular purpose.,dɪˈspætʃt,13070,actions,The manager dispatched a team to solve the problem at the office.,Menejer ofisdagi muammoni hal qilish uchun jamoani yubordi.,sent shipped,
handheld,adjective,B2,qo'lda ishlatiladigan,портативный,Small enough to be held and used easily in one or both hands.,ˈhænd.held,13072,describing,She carries a small handheld device to check the warehouse inventory.,U ombordagi mollarni tekshirish uchun qo'lda ishlatiladigan kichik qurilmadan foydalanadi.,portable compact,
trace,noun,B2,iz,след,A small mark or sign that shows someone or something was present there.,tɹeɪs,13074,describing,Police found no trace of the missing person in the forest.,Politsiya o'rmonda g'oyib bo'lgan odamdan hech qanday iz topa olmadi.,track trail,
disposal,noun,C1,tashlab yuborish yo'q qilish,утилизация,The act of getting rid of something that is no longer wanted or needed.,dɪsˈpəʊ.zəl,13076,ielts,The correct disposal of dangerous chemicals is very important for our environment.,Xavfli kimyoviy moddalarni to'g'ri yo'q qilish atrof-muhitimiz uchun juda muhimdir.,removal clearance,
shut,verb,A1,yopmoq,закрывать,To move something into a position so that an opening is covered.,ʃʌt,13078,actions,Please shut the window because it is cold outside today.,"Iltimos, derazani yopib qo'y, chunki tashqarida sovuq.",close,open
phd,noun,B2,doktorlik darajasi fan nomzodi,докторская степень,The highest university degree that can be earned in a specific field of study.,piː eɪtʃ ˈdiː,13080,ielts,She is working hard to complete her PhD in history this year.,U bu yil tarix bo'yicha doktorlik dissertatsiyasini tugatish ustida qattiq ishlamoqda.,doctorate,
greatly,adverb,B1,juda sezilarli darajada,сильно,By a very large amount or to a high degree.,ˈɡɹeɪtli,13082,describing,The quality of life has greatly improved in our town recently.,Keyingi paytlarda shahrimizda hayot sifati sezilarli darajada yaxshilandi.,very significantly,
blogging,noun,B1,blog yuritish blogerlik,ведение блога,The activity of regularly writing and posting content on a personal website or blog.,ˈblɑ.ɡiŋ,13084,actions,She enjoys blogging about her travels to different countries around the world.,U dunyo bo'ylab sayohatlari haqida blog yuritishni yaxshi ko'radi.,,
mask,noun,A2,niqob niqobcha,маска,A cover for the face to protect it or hide who you are.,mɑːsk,13086,clothes,Everyone had to wear a protective mask inside the crowded hospital building.,Gavjum shifoxona binosida hamma himoya niqobini taqib yurishi kerak edi.,cover shield,
commonly,adverb,B1,odatda ko'pincha,обычно,Happening often or seen by many people in most situations.,ˈkɑmənli,13088,describing,This plant is commonly found in tropical forests near the equator.,Bu o'simlik ekvator yaqinidagi tropik o'rmonlarda ko'p uchraydi.,usually frequently,
photographer,noun,A2,fotosuratchi suratkash,фотограф,A person who takes photographs as a hobby or as their job.,fəˈtɒɡ.ɹə.fə,13090,people-family,The professional photographer took some beautiful pictures of the wedding guests today.,Professional fotosuratchi bugun to'y mehmonlarining juda chiroyli suratlarini oldi.,,
inform,verb,B1,xabar bermoq ma'lumot bermoq,информировать,To tell someone about something or give them important facts.,ɪnˈfɔɹm,13092,actions,Please inform the office if you cannot attend the meeting tomorrow.,"Agar ertangi majlisga kela olmasangiz, iltimos, idoraga xabar bering.",notify tell,
turkish,adjective,A1,turk turkcha,турецкий,"Relating to Turkey, its people, or its official language.",ˈtɜːkɪʃ,13094,describing,We had a delicious lunch at a traditional Turkish restaurant downtown yesterday.,Kecha shahardagi an'anaviy turk restoranida juda mazali tushlik qildik.,,
coal,noun,B1,ko'mir,уголь,A black rock mined from the ground and burned to produce heat or power.,kəʊl,13096,nature,In the past many homes were heated using coal during the winter.,Ilgari ko'plab uylar qishda ko'mir yoqib isitilgan.,,
quantum,noun,C2,kvant,квант,The smallest possible and indivisible unit of energy or a physical phenomenon.,ˈkwɒntəm,13098,ielts,The discovery of the quantum changed our entire understanding of modern physics.,Kvantning kashf etilishi zamonaviy fizika haqidagi barcha tushunchamizni o'zgartirib yubordi.,,
intent,noun,C1,niyat maqsad,намерение,The purpose or the plan that someone has for doing something.,ɪnˈtɛnt,13100,ielts,She went to the meeting with the clear intent of resigning today.,U yig'ilishga bugun iste'foga chiqish niyati bilan bordi.,purpose aim,
largely,adverb,B2,asosan ko'proq,по большей части,For the most part; mainly or chiefly.,ˈlɑːd͡ʒ.li,13102,ielts,The project was largely successful thanks to the team's hard work.,Jamoaning mehnatkashligi tufayli loyiha asosan muvaffaqiyatli yakunlandi.,mostly mainly,
pleasant,adjective,A2,yoqimli xush,приятный,"Enjoyable, attractive, or friendly.",ˈplɛz.ənt,13104,describing,We had a very pleasant walk around the park this afternoon.,Bugun tushdan keyin bog'da juda yoqimli sayr qildik.,nice agreeable,unpleasant
constructed,adjective,B2,qurilgan sun'iy,построенный,Built or created by people rather than occurring naturally.,kənˈstɹʌktəd,13106,ielts,The bridge was constructed using advanced technology to ensure it stays strong.,Ko'prik uzoq vaqt mustahkam turishi uchun zamonaviy texnologiyalar yordamida qurilgan.,built made,
spoke,verb,A1,gapirdi so'zladi,говорил,The past simple form of speak; to have said something using your voice.,spəʊk,13108,actions,She spoke to the teacher about her grades after the lesson ended.,Dars tugagandan so'ng u o'qituvchi bilan baholari haqida gaplashdi.,talked,
arrow,noun,A2,o'q strelka,стрела,"A thin object with a sharp point, often used as a sign for direction.",ˈæɹəʊ̯,13112,basics,Follow the arrow on the wall to find the way to exit.,Chiqish yo'lini topish uchun devordagi strelka bo'ylab yuring.,pointer,
engagement,noun,B2,uchrashuv belgilangan tadbir,встреча,An arrangement to meet someone or do something at a specific time.,ɪnˈɡeɪd͡ʒ.mənt,13114,work,He had a business engagement and could not attend the party tonight.,Uning ish bo'yicha uchrashuvi bor edi va bugun kechqurungi bazmga bora olmadi.,appointment meeting,
rough,adjective,B1,dag'al notekis,грубый,"Having a surface that is not smooth, even, or soft to the touch.",ɹʌf,13116,describing,The cat had rough skin on its tongue when it licked me.,Mushuk meni yalaganda uning tili dag'al ekanligini sezdim.,coarse uneven,smooth
weird,adjective,B1,g'alati ajabtovur,странный,Very strange or unusual in a way that is difficult to explain.,ˈwɪə(ɹ)d,13118,describing,It is weird how he always wears a coat on hot days.,Issiq kunlarda ham doim palto kiyib yurishi juda g'alati.,strange odd,
tee,noun,B1,futbolka,футболка,"A casual short-sleeved shirt, often made of cotton, worn in warm weather.",ˈtiː,13120,clothes,I bought a comfortable cotton tee to wear during the summer holiday.,Yozgi ta'tilda kiyish uchun qulay paxtali futbolka sotib oldim.,t-shirt,
refinance,verb,C1,qayta moliyalashtirish,рефинансировать,To get a new loan with better terms to pay off an existing one.,ˌriː.faɪˈnæns,13122,ielts,They decided to refinance their mortgage to get a lower interest rate.,Ular foiz stavkasini pasaytirish uchun ipoteka kreditini qayta moliyalashtirishga qaror qilishdi.,,
inspired,adjective,B2,ilhomlangan ruhlangan,вдохновленный,Feeling excited and wanting to do something creative or good.,ɪnˈspaɪɹd,13124,ielts,The artist was inspired by the beautiful sunset to paint a picture.,"Rassom go'zal quyosh botishini ko'rib, rasm chizishga ilhomlandi.",motivated creative,
blade,noun,B2,tig' pichoq,лезвие,The sharp flat metal part of a tool or weapon used for cutting.,bleɪd,13126,home,Make sure the knife blade is sharp before you start cutting meat.,Go'sht kesishdan oldin pichoqning tig'i o'tkirligiga ishonch hosil qiling.,edge,
suddenly,adverb,A2,to'satdan birdaniga,внезапно,Happening very quickly and without any warning.,ˈsʌd.ən.li,13128,actions,"Suddenly, it started to rain while we were walking in the park.",Bog'da sayr qilib yurganimizda to'satdan yomg'ir yog'a boshladi.,unexpectedly abruptly,
oxygen,noun,B1,kislorod,кислород,A gas in the air that all people and animals need to breathe.,ˈɒk.sɪ.d͡ʒən,13130,nature,Plants produce oxygen which is necessary for human life on Earth.,O'simliklar Yer yuzidagi inson hayoti uchun zarur bo'lgan kislorodni ishlab chiqaradi.,,
cookie,noun,A1,pechenye,печенье,A small sweet baked food that is usually round and flat.,ˈkʊki,13132,food-drink,Would you like to have a cookie with your cup of tea?,Choyingiz bilan bitta pechenye yeysizmi?,biscuit,
canyon,noun,B2,kanyon darra,каньон,"A very deep valley with steep sides, often with a river running through.",ˈkænjən,13134,nature,We traveled to the grand canyon to see the impressive rock formations.,Biz hayratlanarli qoyalarni ko'rish uchun katta kanyonga bordik.,gorge,
merely,adverb,B2,shunchaki faqat,просто,Used to emphasize that something is not more than what you are saying.,ˈmɪəli,13136,ielts,He was merely trying to help when he offered his honest advice.,"U samimiy maslahat berib, shunchaki yordam bermoqchi edi.",simply just,
arrangement,noun,B2,kelishuv tartib,договоренность,A plan or agreement made with someone to do something in the future.,əˈɹeɪnd͡ʒmənt,13138,ielts,We made an arrangement to meet at the station at ten o'clock.,Biz soat o'nda vokzalda uchrashishga kelishib oldik.,agreement deal,
bibliography,noun,C1,adabiyotlar ro'yxati,библиография,A list of books and articles that were used when writing a specific paper.,bɪbliˈɒɡɹəfi,13140,ielts,You must include a bibliography at the end of your research essay.,Ilmiy inshongiz oxirida foydalanilgan adabiyotlar ro'yxati bo'lishi shart.,references,
pointer,noun,B2,maslahat ishora,совет,A small piece of helpful advice or a useful tip.,ˈpɔɪn.tə,13142,work,The teacher gave me some helpful pointers on how to study better.,O'qituvchi menga yaxshiroq o'qish bo'yicha foydali maslahatlar berdi.,tip advice,
compatibility,noun,B2,moslik moslashuvchanlik,совместимость,The ability of two or more things to exist or work together without problems.,kəmˌpætəˈbɪlɪti,13144,ielts,There are some compatibility issues between the old software and the computer.,Eski dasturiy ta'minot va kompyuter o'rtasida moslik bilan bog'liq muammolar bor.,harmony,incompatibility
stretch,verb,B1,cho'zmoq,растягивать,To make something longer or wider by pulling it.,stɹɛt͡ʃ,13146,actions,You should stretch your muscles before you start running in the morning.,Ertalab yugurishni boshlashdan oldin mushaklaringizni cho'zishingiz kerak.,extend expand,shrink
furthermore,adverb,C1,bundan tashqari qolaversa,более того,Used to add more information to what you have just said.,ˈfɜː(ɹ).ðə(ɹ)ˌmɔː(ɹ),13148,ielts,"The house is very large; furthermore, it is in a great location.","Bu uy juda katta, qolaversa, joylashuvi ham juda qulay.",moreover besides,
cooperative,adjective,B2,hamkorlikka tayyor ahil,готовый к сотрудничеству,Willing to help or do what is asked.,kuˈɑp.ɹətɪv,13150,ielts,We need to be cooperative if we want to finish this task.,"Agar bu ishni tugatmoqchi bo'lsak, hamkorlikda ishlashimiz kerak.",helpful collaborative,uncooperative
sleeve,noun,A2,yeng,рукав,The part of a piece of clothing that covers your arm.,sliːv,13152,clothes,My shirt has a long sleeve that I can fold up easily.,"Ko‘ylagimning yengi uzun, uni osonlikcha qayirib qo‘yishim mumkin.",,
cleaner,noun,A1,farrosh tozalovchi,уборщик,A person whose job is to keep rooms or offices tidy and clean.,ˈkliː.nə,13154,work,The cleaner comes to our office every morning to tidy up.,Farrosh har kuni ertalab ofisimizni tartibga keltirish uchun keladi.,,
cricket,noun,B2,kriket,крикет,A team sport played with a ball and wooden bats on grass.,ˈkɹɪk.ɪt,13156,ielts,Many people in England enjoy watching a game of cricket together.,Angliyadagi ko‘plab insonlar kriket o‘yinini tomosha qilishdan zavqlanishadi.,,
beef,noun,A2,mol go‘shti,говядина,"The meat from a cow, often eaten as food.",bif,13158,food-drink,We had some delicious roasted beef for our Sunday family dinner.,Yakshanba kungi oilaviy kechki ovqatimiz uchun mazali mol go‘shtidan taom tayyorladik.,,
stroke,noun,B2,insult,инсульт,A serious medical condition where blood stops flowing to part of the brain.,stɹəʊk,13160,body-health,The old man was rushed to hospital after suffering a sudden stroke.,Qariya to‘satdan insult bo‘lganidan so‘ng shoshilinch ravishda shifoxonaga olib ketildi.,,
township,noun,B2,shahar atrofi qishloq,посёлок,A small town or a specific area of a town used as a district.,ˈtaʊnʃɪp,13162,places,They moved to a small township located just outside the large city.,Ular katta shahardan uncha uzoq bo‘lmagan kichik shaharchaga ko‘chib o‘tishdi.,,
rankings,noun,B2,reytinglar o‘rinlar,рейтинги,A list of people or things ordered by their quality or level of success.,ˈræŋkɪŋz,13164,ielts,The university reached the top of the global rankings this year.,Bu yil universitet jahon reytinglarida eng yuqori o‘rinni egalladi.,ratings levels,
robin,noun,B1,qizilishton,малиновка,A small bird with a red chest that is often seen in gardens.,ˈɹɒ.bɪn,13168,nature,I saw a robin singing on the tree in our back garden.,Bog'imizdagi daraxtda sayrayotgan qizilishtonni ko'rib qoldim.,bird,
strap,noun,B1,tasma qayish,ремешок,"A narrow strip of material used to hold, fasten, or carry something.",stɹæp,13170,clothes,The strap of my watch broke while I was walking home.,Uyga qaytayotganimda soatimning tasmasi uzilib ketdi.,band belt,
headquarters,noun,B2,bosh qarorgoh markaz,штаб-квартира,The main office or building where a company or organization is controlled.,ˌhɛdˈkwɔː.təz,13172,work,The company has its international headquarters in the city center.,Kompaniyaning xalqaro bosh qarorgohi shahar markazida joylashgan.,base office,
surf,verb,B2,syorfing qilmoq to'lqinda uchmoq,заниматься сёрфингом,To ride on a wave in the sea using a special board.,sɜːf,13174,actions,He loves to go surf at the beach during his summer holidays.,U yozgi ta'til paytida plyajda syorfing qilishni juda yoqtiradi.,,
olympic,adjective,B1,olimpiya,олимпийский,"Relating to the Olympic Games, a major international sports competition held every four years.",əˈlɪmpɪk,13176,places,The Olympic athletes trained for years to win a gold medal.,Olimpiya o‘yinlari sportchilari oltin medalni yutish uchun yillar davomida shug‘ullandilar.,,
transformation,noun,B2,o‘zgarish shakllanish,преобразование,A complete and often positive change in the appearance or character of someone or something.,ˌtɹæns.fə(ɹ)ˈmeɪ.ʃən,13178,ielts,The city underwent a radical transformation over the last ten years.,So‘nggi o‘n yil ichida shahar tubdan o‘zgarib ketdi.,change modification,
entities,noun,C1,mavjudotlar tashkilotlar,сущности,Things that exist as distinct and independent units or organizations.,ˈɛntɪtiz,13180,ielts,These two companies are separate legal entities under the current law.,Bu ikki kompaniya amaldagi qonunchilikka ko‘ra alohida yuridik shaxslar hisoblanadi.,objects beings,
rainbow,noun,A2,kamalak,радуга,A colorful arch in the sky made by sunlight shining through rain.,ˈɹeɪnboʊ,13182,nature,We saw a beautiful rainbow in the sky after the rain.,Yomg‘irdan keyin osmonda chiroyli kamalakni ko‘rdik.,iris,
hook,noun,B1,ilmoq ilgak,крючок,A curved piece of metal or plastic used for catching or hanging things.,hʊk,13184,home,Please hang your heavy winter coat on the hook by the door.,"Iltimos, qishki paltoni eshik yonidagi ilgakka osib qo‘ying.",clasp catch,
roulette,noun,B2,ruletka,рулетка,A gambling game where a ball is rolled onto a spinning wheel with numbered sections.,ɹuːˈlɛt,13186,actions,He lost all his money playing roulette at the casino last night.,U kecha kazinoda ruletka o‘ynab bor pullarini yutqazib qo‘ydi.,,
israeli,adjective,B1,isroillik,израильский,Relating to the country of Israel or its people.,ɪzˈreɪli,13188,people-family,The Israeli government decided to increase funding for public schools.,Isroil hukumati davlat maktablarini moliyalashtirishni oshirishga qaror qildi.,,
subscriber,noun,B2,obunachi abonent,подписчик,A person who pays regularly to receive a service or a publication.,səbˈskɹaɪbɚ,13190,work,Our magazine has over ten thousand subscribers around the whole world.,Jurnalimizning butun dunyo bo‘ylab o‘n mingdan ortiq obunachisi bor.,member client,
valve,noun,B2,klapan ventily,клапан,A part of a machine or organ that opens to control the flow of liquid.,ˈvælv,13192,body-health,You need to turn the valve to stop the water from flowing out.,Suv oqib ketmasligi uchun klapanni burab qo‘yishingiz kerak.,tap regulator,
knife,noun,A1,pichoq,нож,A tool with a sharp metal blade used for cutting food or other things.,ˈnaɪ̯f,13194,food-drink,He was looking for a sharp knife to chop some fresh steak.,U yangi mol go‘shtini to‘g‘rash uchun o‘tkir pichoq qidirayotgan edi.,blade cutter,
jamaica,noun,B2,guldorrayhon,гибискус,A tropical plant with red flowers used to make a refreshing sour drink.,d͡ʒəˈmeɪ.kə,13196,food-drink,I drank a cold glass of jamaica on a hot summer day.,Issiq yoz kunida muzdek guldorrayhon sharbatini ichdim.,roselle hibiscus,
priorities,noun,B2,ustuvorliklar muhim vazifalar,приоритеты,Things that you think are more important than other things.,pɹaɪˈɒɹ.ɪ.tiz,13198,ielts,You should list your daily tasks based on your highest priorities.,Kundalik ishlaringizni eng muhim vazifalaringizga qarab belgilab olishingiz kerak.,preferences interests,
bookstore,noun,A1,kitob do'koni,книжный магазин,A shop where you can buy books.,ˈbʊkstɔː,13200,places,I went to the bookstore to buy a new English novel.,Yangi inglizcha roman sotib olish uchun kitob do'koniga bordim.,bookshop,
adopt,verb,B2,asrab olmoq qabul qilmoq,принимать,To legally take someone else's child into your family to care for them.,əˈdɒpt,13202,people-family,They decided to adopt a baby after many years of marriage.,Ular ko'p yillik turmushdan so'ng chaqaloq asrab olishga qaror qilishdi.,take in,
denied,verb,B1,rad etilgan inkor qilingan,отрицал,To say that something is not true or did not happen.,dɪˈnaɪd,13204,actions,The suspect denied everything when the police asked him about the crime.,"Politsiya jinoyat haqida so'raganda, gumondor hamma narsani inkor qildi.",rejected refused,accepted
incredible,adjective,B1,ajoyib aqlbovar qilmas,невероятный,"Extremely good, impressive, or difficult to believe.",ɪŋˈkɹɛdɪbəl,13206,describing,The view from the top of the mountain was truly incredible.,Tog' cho'qqisidan ko'rinadigan manzara shunchaki ajoyib edi.,amazing wonderful,believable
freeware,noun,C1,bepul dasturiy ta'minot,бесплатное ПО,Computer software that you can download and use for free.,ˈfɹiːˌwɛə,13208,work,"This application is freeware, so you do not need to pay anything.","Bu dastur bepul, shuning uchun hech narsa to'lashingiz shart emas.",,
donation,noun,B2,ehson xayriya,пожертвование,Money or goods that you give to help an organization or a charity.,dəʊˈneɪʃən,13210,ielts,They were collecting donations for the elderly at Christmas time this year.,Ular Rojdestvo arafasida qariyalar uchun xayriya yigʻishayotgan edi.,contribution gift,
outer,adjective,B2,tashqi,внешний,Located on the outside of something.,ˈaʊtə,13212,describing,You should wear an outer layer to stay warm in the cold.,Sovuqda issiq yurish uchun ustingizdan qalin kiyim kiyib olishingiz kerak.,external,inner
crop,noun,B2,hosil ekin,урожай,"Plants grown by a farmer, such as wheat or vegetables, to eat or sell.",kɹɒp,13214,nature,The farmer expects a very good crop of wheat this coming autumn.,Dehqon bu kuzda bugʻdoydan juda yaxshi hosil olishni kutmoqda.,harvest yield,
tales,noun,A2,ertaklar hikoyalar,сказки,"Stories about imaginary events or people, often for children.",teɪlz,13216,actions,My grandmother told us many wonderful tales when we were small children.,Biz yosh bolaligimizda buvim bizga juda koʻp ajoyib ertaklar aytib berardi.,stories legends,
thumbs,noun,A1,bosh barmoqlar,большие пальцы,"The short, thick finger on the side of your hand.",θʌmz,13218,body-health,He gave us a thumbs up to show everything was fine.,Hammasi joyidaligini ko'rsatish uchun u bosh barmog'ini ko'tardi.,,
seeds,noun,A2,urug'lar donlar,семена,Small hard parts of a plant from which a new plant can grow.,siːdz,13220,nature,I am planning to plant some sunflower seeds in the garden.,Bog'ga kungaboqar urug'larini ekmoqchiman.,grains kernels,
lite,adjective,B2,yengil,облегчённый,A simple version of a product or food with less fat or calories.,laɪt,13222,describing,Most users prefer the lite version because it is much faster.,"Ko'pchilik foydalanuvchilar yengil versiyasini afzal ko'rishadi, chunki u tezroq ishlaydi.",simple basic,full
organizational,adjective,B2,tashkiliy,организационный,Relating to the way something is arranged or organized.,ˌɔː(ɹ)ɡənɪˈzeɪʃənəl,13224,ielts,She has excellent organizational skills and manages her time very well.,U juda yaxshi tashkiliy qobiliyatlarga ega va vaqtini to'g'ri boshqaradi.,structural,
skype,verb,B1,Skype orqali gaplashmoq,связываться по скайпу,To call or message someone using the internet software called Skype.,skaɪp,13226,work,We can skype tomorrow morning to discuss the details of the project.,Loyiha tafsilotlarini muhokama qilish uchun ertaga ertalab Skype orqali gaplashamiz.,,
twelve,noun,A1,o'n ikki,двенадцать,The number that comes after eleven and before thirteen.,twɛlv,13228,basics,There are twelve months in a year and twelve hours on clocks.,Bir yilda o'n ikki oy va soatda o'n ikki soat bor.,,
founder,noun,B2,asoschi,основатель,"A person who starts a new company, organization, or institution.",ˈfaʊ̯n.dəː,13230,ielts,The founder of the company is planning to step down next month.,Kompaniya asoschisi kelasi oy lavozimidan ketishni rejalashtirmoqda.,creator initiator,ruiner
dispute,noun,B2,nizo tortishuv,спор,A serious disagreement or argument between people or groups.,dɪsˈpjuːt,13232,ielts,The two neighbors were involved in a long dispute over the fence.,Ikki qo'shni panjara ustida uzoq vaqt tortishib qoldi.,debate quarrel,agreement
everywhere,adverb,A2,hamma joyda har yerda,везде,In or to all places or locations.,ˈɛv.ɹi.(h)weə(ɹ),13234,places,I looked for my keys everywhere but could not find them.,Kalitlarimni hamma joydan qidirdim lekin topa olmadim.,all-around,nowhere
excerpt,noun,C1,parcha lavha,отрывок,"A short piece of writing, music, or film taken from a larger work.",ˈɛɡzɜː(p)t,13236,ielts,The newspaper published an excerpt from the author's new book.,Gazeta yozuvchining yangi kitobidan bir parcha chop etdi.,extract snippet,
steam,noun,B1,bug',пар,The hot gas that is created when water is boiled.,stiːm,13238,nature,Hot steam rose from the pot of boiling water.,Qaynayotgan suv solingan idishdan issiq bug' chiqayotgan edi.,vapor,
discharge,verb,C1,bajarmoq ado etmoq,выполнять,To finish or complete an official duty or an obligation.,dɪsˈtʃɑːdʒ,13240,ielts,The new manager will discharge his duties with a focus on teamwork.,Yangi menejer o‘z vazifalarini jamoaviy ishlashga e’tibor qaratib bajaradi.,fulfill perform,neglect
ace,verb,B2,a’lo topshirmoq muvaffaqiyat qozonmoq,блестяще справиться,To complete a test or task perfectly or very successfully.,eɪs,13242,school,I studied all night because I really wanted to ace the exam.,Men butun kecha o‘qidim chunki imtihonni a’lo darajada topshirmoqchi edim.,succeed excel,fail
halloween,noun,A2,hellouin,хэллоуин,A holiday celebrated on October 31st with costumes and scary themes.,ˌhæləˈwiːn,13244,time,Children wear scary costumes when they go trick-or-treating on Halloween.,Bolalar Hellouinda qo‘rqinchli liboslar kiyib shirinlik yig‘ishga chiqishadi.,,
climbing,noun,B1,tirmashish tog‘ga chiqish,скалолазание,The activity of moving upwards on a mountain or a wall.,ˈklaɪ̯mɪŋ,13246,nature,Rock climbing is a popular sport for people who enjoy adventure.,Qoyaga tirmashish sarguzashtni yaxshi ko‘radigan odamlar uchun ommabop sport turidir.,ascent mounting,
stood,verb,A1,turdi tik turdi,стоял,"The past tense of stand, meaning to be in an upright position.",stʊd,13248,actions,He stood at the bus stop and waited for his friend.,U avtobus bekatida tik turib do‘stini kutdi.,,sat
perfume,noun,A2,atir xushbo‘y hid,духи,A liquid with a pleasant smell that people put on their skin.,ˈpɜːfjuːm,13250,describing,She sprayed a little perfume on her wrist before leaving home.,U uydan chiqishdan oldin bilagiga ozgina atir sepdi.,fragrance scent,
carol,noun,B1,bayram qo‘shig‘i,рождественский гимн,A traditional song that people sing during the Christmas season.,ˈkæɹəl,13252,time,The choir sang a beautiful Christmas carol at the church event.,Xor cherkov marosimida chiroyli bayram qo‘shig‘ini kuyladi.,hymn,
albany,noun,B2,albani,олбани,The capital city of the state of New York in the USA.,ˈɔːlbəni,13254,places,Many politicians work in the state capital of Albany.,Ko‘plab siyosatchilar shtat poytaxti Albanida ishlashadi.,,
hazardous,adjective,B2,xavfli xatarli,опасный,Involving risk or danger to safety or health.,ˈhæ.zɚ.dɪs,13256,ielts,Working with chemicals in this factory can be very hazardous indeed.,Zavodda kimyoviy moddalar bilan ishlash juda xavfli bo‘lishi mumkin.,dangerous risky,safe
stack,verb,B1,taxlamoq ustma-ust qo‘ymoq,складывать,To arrange objects on top of each other in an orderly way.,stæk,13258,actions,Please stack those empty chairs neatly in the corner of the room.,"Iltimos, o‘sha bo‘sh stullarni xona burchagiga tartib bilan taxlab qo‘ying.",pile heap,
somebody,pronoun,A1,kimdir birov,кто-то,An unspecified or unknown person.,ˈsʌmbˌɒdi,13260,basics,Somebody left their umbrella on the bus this morning by mistake.,Bugun ertalab kimdir adashib soyabonini avtobusda unutib qoldiribdi.,someone,
sue,verb,C1,sudga bermoq sudlashmoq,подавать в суд,To take legal action against someone in a civil court.,sjuː,13262,ielts,The company decided to sue the contractor for failing to finish work.,Kompaniya ishni oxiriga yetkazmagani uchun pudratchini sudga berishga qaror qildi.,litigate,
