headword,pos,cefr_level,translation_uz,translation_ru,definition_en,ipa,frequency_rank,category,example_en,example_uz,synonyms,antonyms
fucking,adjective,C2,iflos la'nati,чертов,A word used to add strong emphasis or express extreme anger and frustration.,ˈfʌkɪŋ,21000,describing,"This is a fucking nightmare, I have no idea what to do.","Bu la'nati tush kabi, nima qilishni umuman bilmayapman.",bloody damned,
jane,noun,B2,jinsi mato,джинсовая ткань,A sturdy twilled cotton fabric used for making pants or clothes.,d͡ʒeɪn,21004,clothes,The jacket is made from a high quality blue jane fabric.,Kurtka sifatli moviy rangli jinsi matosidan tikilgan.,denim jeans,
dumb,adjective,B1,ahmoq nodon,глупый,Lacking intelligence or showing a lack of good sense.,dʌm,21006,describing,It was a dumb mistake to leave the keys in the car.,Mashinada kalitni unutib qoldirish juda ahmoqona xato bo'ldi.,stupid foolish,smart
fucked,adjective,C1,o'ta nochor ayanchli,в безнадежном положении,"In a very difficult, bad, or hopeless situation.",fʌkt,21008,feelings,"If we do not finish this report by tonight, we are totally fucked.","Agar biz bu hisobotni kechgacha tugatmasak, ahvolimiz judayam og'ir bo'ladi.",doomed ruined,
suck,verb,A2,shimmoq so'rmoq,сосать,To hold something in the mouth and pull it with your lips.,sʌk,21010,body-health,The baby began to suck on her bottle to drink the milk.,Chaqaloq sut ichish uchun butilkasini so‘ra boshladi.,absorb pull,blow
mustn,verb,A2,mumkin emas taqiqlanadi,нельзя,Used to say that someone is not allowed to do something or it is prohibited.,mʌsnt,21012,basics,"You mustn't talk during the exam, please keep your silence now.","Imtihon paytida gaplashish mumkin emas, iltimos, jim turing.",cannot forbidden,can
nothin,pronoun,A2,hech narsa,ничего,A casual way to say that something does not exist or has no amount.,ˈnʌθɪn,21014,basics,There is nothin in the fridge so we should go buy some food.,"Muzlatgichda hech narsa qolmadi, shuning uchun oziq-ovqat olib kelishimiz kerak.",nothing nil,something
molly,noun,C2,moli,молли,"A small, colorful freshwater fish often kept in home aquariums.",ˈmɒli,21016,animals,The bright orange molly swims quickly around the small glass aquarium tank.,Yorqin toʻq sariq rangli moli kichik akvarium ichida tez suzib yuribdi.,,
damned,adjective,B2,la'nati sho'rlik,проклятый,Used to express strong annoyance or anger towards a person or a thing.,dæmd,21018,feelings,I cannot get this damned car to start no matter what I try.,"Qancha urinmayin, bu la'nati mashinani oʻtqiza olmayapman.",cursed annoying,blessed
betty,noun,B2,eskich klyuch o'g'ri moslamasi,отмычка,A special tool used by criminals to open locks without a key.,ˈbɛti,21028,home,The thief used a betty to open the locked warehouse door.,O'g'ri omborxona eshigini ochish uchun maxsus moslamadan foydalandi.,picklock jimmy,
frankie,noun,B1,Frankenshteyn,Франкенштейн,A common informal nickname used to refer to a famous fictional monster.,ˈfræŋki,21034,ielts,Many people mistakenly call the monster Frankie instead of the doctor.,Ko'pchilik odamlar xatoyon qilib maxluqni doktor emas balki Frankie deb ataydi.,Frankenstein,
digging,verb,A2,qazish kovlash,копание,To make a hole in the ground or move earth using your hands or a tool.,ˈdɪɡɪŋ(ɡ),21036,actions,The children are digging a large hole in the sand at beach.,Bolalar sohil qumida katta chuqur qazishyapti.,excavating shoveling,
drank,verb,A1,ichdi ichimlik,выпил,"Past tense of drink; to swallow a liquid, such as water, into your body.",ˈdɹæŋk,21038,food-drink,He drank a glass of cold water after the long hot run.,U uzoq yugurishdan keyin bir stakan sovuq suv ichdi.,consumed swallowed,
comin,verb,A1,kelayotgan kelmoqda,идущий,"A casual way to say coming, usually used in speech or informal text messages.",ˈkʌmɪn,21040,actions,"I am just comin home now, so I will be there soon.",Hozir uyga kelyapman shuning uchun tez orada yetib boraman.,arriving,leaving
caroline,noun,C2,qadimiy kumush tanga,старинная серебряная монета,A historical silver coin that was once used in Italy.,ˈkæ.ɹəˌlaɪn,21044,ielts,The museum collection includes a rare caroline from the eighteenth century.,Muzey kolleksiyasida o'n sakkizinchi asrga oid noyob kumush tanga saqlanadi.,coin,
sammy,noun,B2,sendvich,сэндвич,"An informal term for a sandwich, often used in casual conversation.",ˈsæmi,21048,food-drink,I am going to the kitchen to make a quick ham sammy now.,"Men hozir oshxonaga borib, tezda bir sendvich tayyorlab olaman.",sandwich,
fingerprints,noun,B1,barmoq izlari,отпечатки пальцев,The unique patterns of lines left by the tips of your fingers on a surface.,ˈfɪŋɡəprɪnts,21052,body-health,The police found his fingerprints all over the scene of the crime.,Politsiya jinoyat joyida uning barmoq izlarini topib oldi.,fingerprints,
sonny,noun,B1,bolakay o'g'ilcha,сынок,A familiar or affectionate term used to address a young boy.,ˈsʌni,21056,people-family,"Listen here, sonny, you need to be careful when crossing the street.",Quloq sol bolakay ko'chani kesib o'tayotganda juda ehtiyot bo'lishing kerak.,boy lad,
logan,noun,C2,muvozanatli tosh,балансирующий камень,A large stone that is balanced in such a way that it can be rocked easily.,ˈloʊɡən,21058,nature,The hiker stopped to look at the massive logan on the cliff.,Sayohatchi qoyadagi ulkan muvozanatli toshni tomosha qilish uchun to‘xtadi.,rocking-stone,
ivan,noun,C2,ayvon,айван,A vaulted space or hall which is open on one side and walled on three sides.,ˈaɪwɑːn,21062,places,The old madrasa featured a grand central ivan decorated with blue tiles.,Qadimiy madrasa ko‘k koshinlar bilan bezatilgan ulug‘vor markaziy ayvonga ega edi.,iwan,
caesar,noun,B2,imperator hukmdor,цезарь,A title given to an emperor or a powerful ruler of a country.,ˈsizɚ,21066,ielts,The Caesar commanded his large army to march towards the distant city.,Imperator o‘zining katta qo‘shiniga uzoq shaharga qarab yurishni buyurdi.,emperor ruler,subject
fucker,noun,C1,iflos pastkash,мудак,A very offensive and rude way to describe a person who is disliked.,ˈfʌk.ə(ɹ),21068,ielts,"You fucker, you have completely destroyed my car in this accident!","Iflos, sen bu avariyada mashinamni butunlay yaroqsiz holga keltirding!",asshole bastard,
mitch,verb,B2,darsdan qochmoq,прогуливать уроки,To stay away from school or work without permission.,mɪt͡ʃ,21070,school,Did you ever mitch school when you were a teenager?,O'smirligingizda darsdan qochib yurganmisiz?,truant skive,attend
chanting,noun,B2,xorshox qo'shiq aytish,скандирование,"The act of singing or shouting words repeatedly, often in a religious or protest context.",ˈtʃɑːntɪŋ,21072,actions,I remember hearing loud chanting coming from the nearby church.,Yaqin-atrofdagi cherkovdan eshitilgan baland ovozdagi xorshox qo'shiqlar hamon esimda.,singing intonation,
dana,noun,C2,saxovat ehson,пожертвование,The practice of giving or being generous to others as a virtuous act.,ˈdɑːnə,21074,ielts,The monk spoke about the importance of dana in daily life.,Ruhoniy kundalik hayotda saxovat va ehsonning ahamiyati haqida gapirdi.,generosity charity,greed
forgetting,verb,A2,unutish yoddan chiqarish,забывание,The act of failing to remember information or a person you once knew.,fəˈɡɛtɪŋ,21076,actions,I am forgetting where I put my keys every single morning.,Har kuni ertalab kalitlarimni qayerga qo'yganimni unutib qo'yyapman.,omission,remembering
sarge,noun,B2,serjant,сержант,An informal way to address or refer to a sergeant in the military.,sɑːd͡ʒ,21078,work,The soldiers stood at attention when Sarge walked into the room.,Serjant xonaga kirganda askarlar tik turib hurmat bajo keltirishdi.,sergeant,
spoil,noun,C1,o'lja g'animat,трофей,Valuable goods or money taken from an enemy after winning a war or fight.,spɔɪl,21080,ielts,The soldiers returned home with the spoils of their successful long campaign.,Askarlar g'alabali harbiy yurishdan o'lja bilan qaytishdi.,plunder booty,
benny,noun,C1,imtiyoz naf,выгода,An advantage or positive result gained from a specific situation or choice.,ˈbɛni,21082,work,One of the main bennies of this job is the free lunch.,Bu ishning asosiy imtiyozlaridan biri bepul tushlik berilishidir.,advantage perk,drawback
barney,verb,C1,janjallashmoq tortishmoq,спорить,To engage in a noisy argument or disagreement with someone.,ˈbɑːni,21086,actions,The two neighbors often barney over the noise late at night.,Qo'shnilar ko'pincha tunda shovqin solgani uchun janjallashib qolishadi.,argue quarrel,agree
darn,verb,B2,yamamo yamoq,штопать,To mend a hole in a piece of clothing by sewing across it.,dɑɹn,21088,clothes,My mother used to darn my socks when they had holes.,Onam paypoqlarim teshilganda ularni yamab berardilar.,mend sew,
satan,noun,B2,shayton,сатана,The main evil spirit in many religions who is the enemy of all good.,ˈseɪ.tən,21090,ielts,They believe that Satan is the source of all evil in the world.,Ular dunyodagi barcha yovuzliklarning manbasi shayton deb ishonishadi.,devil demon,God
arse,noun,B2,dumbula kalta,задница,A vulgar word for a person's buttocks or bottom area.,ɑːs,21098,body-health,He fell down and landed right on his arse in public.,U yiqilib tushdi va hammayoqda dumbasi bilan yerga urildi.,buttocks backside,
sucker,noun,C1,tekinxo'r yalmavuz,паразит,A person who unfairly lives off others and does not give anything back.,ˈsʌk.ə,21116,ielts,I am tired of paying for that lazy sucker every single time.,Har safar o'sha dangasa tekinxo'r uchun pul to'lashdan charchadim.,freeloader sponger,provider
sobs,verb,B2,hiqillab yig'lamoq,рыдать,"To cry noisily, taking sudden, sharp breaths.",sɑbz,21118,feelings,She sits in her room and sobs when she feels very lonely.,U o'zini yolg'iz his qilganda xonasida o'tirib hiqillab yig'laydi.,weeps cries,laughs
stella,noun,C2,yulduzsimon shakl,звездообразная структура,A structure that has the shape of a star.,ˈstɛl.ə,21120,nature,The artist painted a large stella on the wall of the house.,Rassom uyning devoriga katta yulduzsimon shakl chizdi.,star,
alison,noun,C2,alissum,алиссум,A type of small garden plant that often has clusters of tiny white flowers.,ˈælɪsən,21122,nature,The white alison flowers look beautiful in the front garden border.,Oq alissum gullari bog'ning old qismida juda chiroyli ko'rinadi.,alyssum,
cunt,noun,C2,jinsiy a'zo iflos odam,пизда,A highly offensive term for female genitalia or a very unpleasant and rude person.,kʌnt,21124,feelings,I try to avoid him because everyone says he is a total cunt.,"U bilan gaplashmaslikka harakat qilaman, chunki hamon uni juda yomon odam deyishadi.",bitch jerk,
asses,noun,B2,eshaklar axmoqlar,ослы дураки,"The plural form of ass, meaning either a donkey or a very foolish person.",ˈæsɪz,21126,animals,You are acting like absolute asses by arguing over such small things.,"Bunday mayda narsalar uchun tortishib, xuddi axmoqlardek ish tutyapsizlar.",donkeys fools,
phoebe,noun,C2,febe qushi,феба,A small songbird found in America that belongs to the flycatcher family.,ˈfiːbi,21130,nature,The phoebe sat on the branch waiting for a small insect to fly.,"Febe qushi shoxda o'tirib, o'tib qoladigan mayda hasharotni poylab turdi.",,
sniffs,verb,B1,hidlamoq ishidamoq,нюхать,To breathe air into the nose in short sounds to smell something.,snɪfs,21132,actions,The dog sniffs the ground to track where the rabbit went.,It quyon qayerga qochganini bilish uchun yerni hidlab ko'radi.,smells,
wang,verb,C1,uloqtirmoq otmoq,швырять,To throw an object with a lot of force or speed.,ˈwæŋ,21134,actions,He decided to wang the old rock as far as he could.,U eski toshni qo'lidan kelganicha uzoqroqqa uloqtirib tashlashga qaror qildi.,throw hurl,
prostitute,noun,B2,fohisha qo‘shmachi,проститутка,A person who engages in sexual activity for money as a way of living.,ˈpɹɒstɪˌtjuːt,21136,ielts,The law works to protect individuals who are forced to become prostitutes.,Qonun majburan fohishalikka itilgan shaxslarni himoya qilish uchun xizmat qiladi.,sex-worker,
erica,noun,C1,erika qo‘ng‘iroqgul,эрика,A small plant or shrub with tiny bell-shaped flowers often grown in gardens.,ˈɛrɪkə,21138,nature,We planted some erica bushes along the edge of our flower garden.,Biz gulzorimizning chetiga bir nechta erika butalarini ekdik.,heather,
lola,noun,A1,buvi ona,бабушка,A word used in the Philippines to address or refer to a grandmother.,ˈloʊlə,21140,people-family,My lola makes the best traditional food for our family gatherings.,Mening buvim oilaviy yig'inlarimiz uchun eng mazali an'anaviy taomlarni tayyorlaydi.,grandmother grandma,grandchild
roars,verb,B2,baqirmoq o‘kramoq,реветь,"To make a very loud, deep sound, especially as an animal like a lion.",ɹɔɹz,21146,animals,The lion roars loudly when it is hungry in the wild forest.,Arslon yovvoyi o‘rmonda och qolganida qattiq o‘kiradi.,bellows howls,whispers
sheila,noun,B2,ayol xonim,женщина,A word used in Australian English to refer to a woman.,ˈʃiːlə,21148,people-family,I met a friendly sheila who showed me the way to town.,Menga shaharga boradigan yo‘lni ko‘rsatgan bir xushmuomala ayol bilan tanishdim.,woman lady,bloke
pervert,verb,C1,buzmoq shaytonlatmoq,искажать,To change something good or true into something bad or harmful.,ˈpəː.vəːt,21150,ielts,He used his position to pervert the course of justice for money.,U o'z mansabidan adolat yo'lini buzish uchun pul evaziga foydalandi.,corrupt distort,restore
murmuring,noun,C1,shivirlash pichirlash,бормотание,"A soft, low, and continuous sound, often like people talking quietly.",ˈmɜːmərɪŋ,21154,ielts,I could hear the murmuring of students in the quiet library hallway.,Kutubxona yo'lagida talabalarning pichirlab gaplashayotganini eshitib turardim.,whispering muttering,
ribs,noun,B1,qovurgalar,рёбра,The curved bones that form the cage around the chest of a person or animal.,ɹɪbz,21162,body-health,He felt a sharp pain in his ribs after the hard fall.,Yiqilganidan keyin qovurgʻalari juda qattiq ogʻridi.,,
lunatic,noun,C1,aqldan ozgan jinni,сумасшедший,A person who behaves in a very dangerous or crazy way.,ˈluːnətɪk,21164,describing,Only a complete lunatic would drive that fast on a icy road.,Muzlamada bunday tez haydashga faqat aqldan ozgan odam jur'at qiladi.,madman maniac,sane
gal,noun,B2,qiz qizaloq,девушка,A friendly or informal way to refer to a girl or young woman.,ɡæl,21166,people-family,She is a very smart gal who knows exactly what she wants.,U o'zi nima xohlashini yaxshi biladigan juda aqlli qiz.,girl woman,
panties,noun,A2,ichki kiyim,трусы,Underwear worn by women and girls.,ˈpæntiz,21168,clothes,She bought a new pair of cotton panties at the store.,U do'kondan yangi paxtali ichki kiyim sotib oldi.,knickers,
violet,adjective,B1,binafsharang,фиолетовый,Having the color of the flowers called violets.,ˈvaɪ.ə.lət,21170,describing,The sky turned a beautiful violet color during the sunset.,Quyosh botayotganda osmon chiroyli binafsharang tusga kirdi.,purple,
beware,verb,B2,ehtiyot bo'lmoq ogoh bo'lmoq,остерегаться,To be very careful because something might be dangerous.,biˈwɛɚ,21172,actions,You should beware of the dog when entering the yard.,Hovliga kirayotganda itdan ehtiyot bo'lishingiz kerak.,avoid watch,trust
fireworks,noun,B1,feyerverk mushak,фейерверк,"Small explosive items that create bright, colorful lights and loud sounds in the sky.",ˈfaɪ̯.ə.wɜːks,21174,actions,We went to the city center to watch the colorful fireworks display.,Rang-barang mushakbozlikni tomosha qilish uchun shahar markaziga bordik.,pyrotechnics,
rode,verb,A2,haydadi mindi,ехал,The past tense of ride; to travel as a passenger or operator of something.,ɹəʊd,21176,travel,He rode his bicycle to the park early yesterday morning.,U kecha erta tongda velosipedini parkka haydab bordi.,,
melt,verb,A2,erimoq suyuqlanmoq,таять,To change from a solid state to a liquid state by heating.,mɛlt,21178,nature,The butter will melt quickly if you put it in a pan.,"Sariyog'ni tovaga solsangiz, tezda erib ketadi.",dissolve thaw,freeze
racist,adjective,B2,irqchi,расистский,Believing that one race of people is better or worse than another race.,ˈɹeɪ.sɪst,21180,ielts,It is wrong to make racist comments about people from other countries.,Boshqa davlat odamlari haqida irqchi fikrlar bildirish noto'g'ri.,prejudiced discriminatory,
ankle,noun,A2,to'piq,лодыжка,The joint connecting the foot to the leg.,ˈæŋ.kəl,21184,body-health,I twisted my ankle while running on the uneven forest path.,O'rmondagi notekis yo'lda yugurayotib to'pig'imni qayirib oldim.,,
nicer,adjective,A1,yaxshiroq yoqimliroq,лучше,"More pleasant, kind, or enjoyable than before.",ˈnaɪsə,21186,describing,This new hotel is much nicer than the one we visited before.,Bu yangi mehmonxona biz avval borganimizdan ancha yaxshiroq.,better pleasanter,worse
terrifying,adjective,B1,dahshatli qo'rqinchli,ужасающий,Causing extreme fear or terror.,ˈtɛɹɪfaɪ.ɪŋ,21188,feelings,The children had a terrifying experience during the big thunderstorm last night.,O'tgan kechagi kuchli momaqaldiroq paytida bolalar juda qo'rqinchli vaziyatni boshdan kechirishdi.,frightening scary,
gasp,verb,B2,nafas yutmoq xurpaymoq,вздыхать,"To breathe in suddenly and loudly because of surprise, pain, or shock.",ɡɑːsp,21190,actions,The audience started to gasp when the performer fell from the rope.,Artist arqondan yiqilib tushganda tomoshabinlar hayratdan nafaslarini ichiga yutishdi.,pant sigh,
villain,noun,B2,yovuz qahramon,злодей,"A bad person in a book, movie, or play who causes harm to others.",ˈvɪl.ən,21192,ielts,The villain in this movie tries to take over the whole world.,Bu kino filmidagi yovuz qahramon butun dunyoni egallashga harakat qiladi.,antagonist,hero
whew,interjection,B1,uf,фух,A sound made to show that you are tired or feeling relief.,hwjuː,21194,feelings,"Whew, I am so glad that we finished the project on time!","Uf, loyihani o‘z vaqtida tugatganimizdan juda xursandman!",,
countess,noun,B2,grafinya,графиня,A woman who has a high social rank in the nobility.,ˈkaʊntɪs,21196,people-family,The countess arrived at the palace in her expensive horse carriage.,Grafinya saroyga qimmatbaho ot aravasida yetib keldi.,,
learnt,verb,A2,o‘rgangan,изучил,"Past tense and past participle of learn, commonly used in British English.",ˈlɜːnt,21198,school,I learnt how to play the piano when I was a child.,Men bolaligimda pianinoda chalishni o‘rganganman.,studied,
chew,verb,A2,chaynamoq,жевать,To crush food with your teeth before you swallow it.,tʃuː,21200,food-drink,Make sure to chew your food thoroughly before you swallow it.,Yutishdan oldin ovqatni yaxshilab chaynab qo'ying.,masticate,
fanny,noun,B2,dumg'aza,ягодицы,An informal way to refer to the buttocks or bottom.,ˈfæni,21202,body-health,Get off your fanny and help me clean the room.,O'rningdan turib xonani tozalashga yordam ber.,bottom backside,
upbeat,adjective,B2,xursand ko'tarinki,оптимистичный,Feeling happy and positive about a situation or the future.,ʌpˈbit,21204,feelings,"Despite the problems, she remained upbeat about the project's success.","Muammolarga qaramay, u loyiha muvaffaqiyatiga optimistik qaradi.",cheerful optimistic,depressed
messy,adjective,A2,tartibsiz pala-partish,беспорядочный,Not neat or tidy; in a state of confusion.,ˈmɛsi,21206,describing,My little brother left his messy room after playing all day.,"Kichik ukam kun bo'yi o'ynagach, xonasini juda tartibsiz qoldirdi.",untidy disordered,neat
spoon,noun,A1,qoshiq,ложка,"A tool with a small bowl at the end, used for eating or serving.",spuːn,21208,food-drink,She used a large spoon to stir the soup in the pot.,U qozondagi sho'rvani aralashtirish uchun katta qoshiqdan foydalandi.,,
tucker,verb,B2,holdan toydirmoq charchatmoq,изматывать,To make someone very tired or exhausted.,ˈtʌkə,21210,actions,The long hike up the mountain really tuckered us all out.,Tog'ga ko'tarilishdagi uzoq piyoda yo'l hammamizni rosa charchatib qo'ydi.,exhaust tire,energize
swamp,noun,B2,botqoq,болото,"An area of soft, wet land, often covered with water.",ˈswɒmp,21212,nature,Many unique birds and insects live in the deep forest swamp.,O'rmon ichidagi chuqur botqoqda ko'plab noyob qushlar va hasharotlar yashaydi.,marsh wetland,
rattling,adjective,B2,taqillayotgan g'ichirlayotgan,гремящий,"Making a series of short, sharp sounds by hitting something.",ˈratlɪŋ,21214,describing,The old car made a rattling noise as it drove away.,Eski mashina ketayotganda g'ichirlagan tovush chiqarayotgan edi.,clattering clanking,
dreamt,verb,B1,tush ko'rgan orzu qilgan,видел во сне,To have seen or experienced images in the mind while sleeping.,dɹɛmt,21216,actions,I dreamt that I was flying over a beautiful green valley.,Men go'zal yashil vodiy ustida uchayotganimni tush ko'rdim.,imagined envisioned,
rig,noun,B2,jihoz asbob-uskuna,оборудование,Special tools or equipment designed for a specific type of work.,ɹɪɡ,21218,work,The workers brought a heavy rig to drill for oil on site.,Ishchilar neft qazib olish uchun maydonchaga maxsus jihoz olib kelishdi.,equipment apparatus,
fart,verb,B1,yel chiqarmoq,пердеть,To release gas from the stomach through the bottom.,fɑːt,21220,body-health,It is considered very rude to fart loudly in a quiet room.,Tinch xonada baland ovoz bilan yel chiqarish juda odobsizlik hisoblanadi.,break-wind,
assassin,noun,C1,yollanma qotil,убийца,"A person who kills an important person, often for political reasons.",əˈsæsɪn,21222,ielts,The politician was targeted by an assassin while leaving the building.,Siyosatchi binodan chiqib ketayotganida yollanma qotil hujumiga uchradi.,killer murderer,
torch,verb,B2,o't qo'ymoq yoqib yubormoq,поджигать,To intentionally destroy something by setting it on fire.,tɔːtʃ,21224,actions,Some criminals torched the old building to hide their tracks.,Jinoyatchilar izlarini yashirish uchun eski binoga o't qo'yishdi.,burn ignite,extinguish
howling,adjective,B2,uvullagan kuchli,завывающий,"Describing a very strong wind that makes a loud, sad noise.",ˈhaʊlɪŋ,21226,nature,We stayed indoors because of the howling wind outside.,Tashqaridagi kuchli shamol uvullagani uchun uyda qoldik.,blustery roaring,
stall,noun,B1,rastavoy savdo nuqtasi,прилавок,A small table or booth used for selling items in a market.,stɔːl,21228,places,She bought some fresh fruit from a small market stall.,U bozordagi kichik rastadan yangi mevalar sotib oldi.,booth stand,
riot,noun,B2,tartibsizlik g'alayon,беспорядки,A situation where a group of people behaves violently in a public place.,ˈɹaɪ.ət,21230,ielts,The match ended in a riot after the referee's controversial decision.,Hakamning bahsli qaroridan so'ng o'yin g'alayon bilan yakunlandi.,uproar disturbance,
whereabouts,noun,C1,manzil turgan joyi,местонахождение,The place where a person or thing is currently located.,ˌ(h)wɛəɹəˈbaʊts,21232,ielts,The police are still trying to discover the suspect's whereabouts.,Politsiya hali ham gumonlanuvchining qayerdaligini aniqlashga harakat qilmoqda.,location position,
teenager,noun,A2,o'smir,подросток,A young person who is between thirteen and nineteen years old.,ˈtiːnˌeɪ.dʒəː,21234,people-family,Most teenagers will undergo many changes before they reach adulthood.,Ko'pgina o'smirlar voyaga yetguncha juda ko'p o'zgarishlarni boshdan kechirishadi.,youth adolescent,adult
morgue,noun,C1,o'likxona murdaxona,морг,A place where dead bodies are kept before they are buried or cremated.,mɔːɡ,21236,places,The police sent the body to the city morgue for examination.,Politsiya jasadni tekshiruv uchun shahar o'likxonasiga yubordi.,,
sexually,adverb,B2,jinsiy jihatdan,сексуально,Relating to sex or the physical activities involving sex organs.,ˈsɛksjʊəli,21238,body-health,"He was sexually active by the age of fifteen, the doctor noted.","Shifokorning ta'kidlashicha, u o'n besh yoshidan boshlab jinsiy hayot kechirgan.",,
smack,noun,B2,mazza ta'm,привкус,A small or noticeable amount of a particular flavor or quality.,smæk,21240,food-drink,This tea has a faint smack of lemon in every single sip.,Bu choyning har bir qultumida limonning yengil mazgasi bor.,hint flavor,
congratulate,verb,B1,tabriklamoq qutlamoq,поздравлять,To tell someone that you are happy about their success or good luck.,kənˈɡɹæt͡ʃ.ʊˌleɪt,21242,actions,I want to congratulate you on passing your final university exams.,Sizni universitet imtihonlaridan muvaffaqiyatli o'tganingiz bilan tabriklayman.,felicitate compliment,
choking,noun,B1,bo'g'ilish tiqilib qolish,удушье,The state of being unable to breathe because something is stuck in your throat.,ˈtʃəʊkɪŋ,21244,body-health,The child was choking because he swallowed a small piece of plastic.,Bola kichik plastik bo'lagini yutib yuborgani uchun bo'g'ilib qoldi.,suffocation asphyxia,
orphan,noun,B1,yetim,сирота,A child whose parents are no longer alive or have abandoned them.,ˈɔːfən,21246,people-family,The local charity provides food and housing for every orphan in town.,Mahalliy xayriya tashkiloti shahardagi barcha yetim bolalarni oziq-ovqat va uy-joy bilan ta'minlaydi.,foundling,
stunt,noun,B2,tryuk,трюк,A difficult or dangerous action performed to entertain people or attract attention.,stʌnt,21248,ielts,The movie featured a daring stunt involving a fast motorcycle jump.,Filmda tezkor mototsikl sakrashini o'z ichiga olgan jasur tryuk namoyish etildi.,feat trick,
lipstick,noun,A2,lab bo'yog'i,губная помада,A small stick of colored makeup that you put on your lips.,ˈlɪpstɪk,21250,clothes,She always wears bright red lipstick before going to the party.,U kechaga borishdan oldin doim qizil lab bo'yog'ini surtadi.,,
hatch,verb,B1,tuxumdan chiqmoq,вылупляться,"When a young bird, fish, or insect comes out of its egg.",hæt͡ʃ,21252,animals,It takes about three weeks for the chicken eggs to hatch.,"Tovuq tuxumlari yorilib, jo'jalar chiqishi uchun uch hafta vaqt ketadi.",,
quid,noun,B2,funt sterling,фунт стерлингов,An informal British word for one pound of money.,kwɪd,21254,ielts,Could you lend me ten quid until I get my salary?,Oyligimni olgunimcha menga o'n funt qarz bera olasanmi?,pound,
sadly,adverb,A2,afsuski attang,к сожалению,Used to say that something is unfortunate or not good.,ˈsædli,21256,feelings,"Sadly, I could not attend the party because I was sick.",Afsuski kasal bo'lganim uchun bazmga bora olmadim.,unfortunately,
labour,noun,B2,mehnat ish,труд,Hard physical or mental work that needs a lot of effort.,ˈleɪ.bə,21258,ielts,The project requires a great deal of hard labour to finish.,Loyihani yakunlash uchun ko'p mehnat talab qilinadi.,work toil,leisure
salute,verb,B2,hurmat ko'rsatmoq salom bermoq,отдавать честь,To show respect to someone by making a formal hand movement.,səˈl(j)uːt,21260,actions,The soldiers stood straight and began to salute the national flag.,Askarlar tik turib davlat bayrog'iga hurmat bajo keltirishdi.,greet honor,
bartender,noun,B1,barmen,бармен,A person whose job is to serve drinks at a bar.,ˈbɑːˌtɛndə(ɹ),21262,people-family,The friendly bartender served me a cold glass of water.,Xushmuomala barmen menga bir stakan sovuq suv tutdi.,,
balcony,noun,A2,ayvon balkon,балкон,A small area with a wall or rail outside an upper room.,ˈbælkəni,21264,home,We sat on the balcony and watched the sunset every evening.,Biz har oqshom balkonda o'tirib quyosh botishini tomosha qilardik.,,
einstein,noun,C1,daho ziyrak,гений,A person who is extremely intelligent or a brilliant genius.,ˈaɪn.staɪn,21266,ielts,He studied hard to become a real einstein at our school.,U maktabimizdagi chinakam daho bo‘lish uchun juda ko‘p o‘qidi.,genius brain,dunce
inaudible,adjective,C1,eshitilmas eshitilmaydigan,неслышный,So quiet that it cannot be heard by human ears.,ɪnˈɔː.də.bəl,21268,describing,"Dogs can hear this whistle, but for people it is inaudible.","Bu hushtakni itlar eshitadi, lekin odamlar uchun u eshitilmaydi.",silent quiet,audible
melody,noun,B1,ohang kuy,мелодия,A sequence of musical notes that sounds pleasant when played together.,ˈmɛl.ə.di,21270,actions,Alyssa likes to sing melodies while playing the drums.,Alissa barabanda o‘ynayotganda yoqimli ohanglarni kuylashni yaxshi ko‘radi.,tune air,
barbecue,noun,B1,barbekyu mangal,барбекю,"An outdoor fireplace or grill used for cooking food, often meat, over hot charcoal.",ˈbɑːbɪˌkjuː,21272,food-drink,We cooked our food on the barbecue in the garden last night.,Kecha bog'da barbekyuda ovqat pishirdik.,grill,
moans,verb,B2,ingrayapti noliyapti,стонет,"To make a long, low sound of pain, sadness, or unhappiness.",məʊnz,21274,feelings,He often moans about the poor quality of food at work.,U ishxonadagi ovqatning sifatsizligidan tez-tez noliydi.,complains groans,
quicker,adjective,A1,tezroq,быстрее,Done or happening in a shorter amount of time than something else.,ˈkwɪkɚ,21276,describing,Taking the bus is much quicker than walking to the center.,Avtobusda markazga borish piyoda borgandan ko'ra ancha tezroq.,faster,slower
perimeter,noun,B2,perimetr chegara,периметр,The continuous line forming the boundary of a closed geometric figure or area.,pəˈɹɪm.ɪ.tə(ɹ),21278,ielts,The soldiers guarded the entire perimeter of the military base.,Askerlar harbiy bazaning butun chegarasini qo'riqlashdi.,boundary edge,
crab,noun,B1,qisqichbaqa,краб,"A sea animal with a hard shell, eight legs, and two large claws.",kɹæb,21280,animals,We saw a small crab crawling on the sand at the beach.,Sohil qumida sudralib yurgan kichik qisqichbaqani ko'rdik.,,
landlord,noun,B1,ijaraga beruvchi uy egasi,арендодатель,A person who owns a house or apartment and rents it to other people.,ˈlænd.lɔːd,21282,home,Our landlord is raising the monthly rent starting next month.,Uy egamiz kelasi oydan boshlab ijarani oshirmoqchi.,owner host,tenant
reggie,adjective,C1,past sifatli o'rtacha,низкокачественный,"Describing something that is of low, basic, or unremarkable quality.",ˈɹɛdʒi,21284,describing,He complained that the service at the hotel was quite reggie.,U mehmonxonadagi xizmat sifati pastligidan shikoyat qildi.,mediocre poor,premium
backyard,noun,A2,hovli orqa hovli,задний двор,An area of grass or open ground behind a private house.,bækˈjɑːd,21286,home,The children are playing football in the backyard right now.,Bolalar hozir orqa hovlida futbol o'ynashyapti.,garden yard,front yard
chopper,noun,B1,vertolyot,вертолет,An aircraft that flies using large spinning blades on top of it.,ˈtʃɒp.ə,21288,travel,The rescue team arrived quickly at the mountain scene by chopper.,Qutqaruv guruhi tog‘dagi hodisa joyiga vertolyotda tez yetib keldi.,helicopter,
rash,noun,B2,toshma qichima,сыпь,A group of red spots on the skin caused by illness or allergy.,ɹæʃ,21290,body-health,She developed a painful red rash after eating those wild berries.,O‘sha yovvoyi rezavorlarni yeganidan keyin terisida og‘riqli qizil toshma paydo bo‘ldi.,irritation,
despair,noun,B2,umidsizlik noumidlik,отчаяние,The complete feeling that there is no hope at all.,dɪˈspɛə(ɹ),21292,feelings,He looked at the ruins of his house in total despair.,"U uyining vayronalariga qarar ekan, mutlaqo umidsizlikka tushdi.",hopelessness despondency,hope
honorable,adjective,B2,sharafli hurmatli,почетный,Deserving respect and behaving in a way that is morally right.,ˈɒn.ə ɹəbl̩,21294,ielts,It is an honorable duty to serve your country with complete integrity.,O‘z vataniga halol xizmat qilish sharafli burchdir.,noble respectable,contemptible
shiny,adjective,A2,yaltiroq jilokor,блестящий,Reflecting a lot of light and appearing smooth or bright.,ˈʃaɪ.ni,21296,describing,The little boy found a shiny coin on the dirty street.,Kichkina bola iflos ko‘chadan yaltiroq tanga topib oldi.,bright glossy,dull
distress,noun,C1,tashvish azob,бедствие,"A state of extreme pain, worry, sadness, or danger.",dɪˈstɹɛs,21298,feelings,The loud cry for help indicated that the sailor was in distress.,Baland ovozda yordam so‘rash dengizchining xavf ostida qolganidan dalolat berardi.,anguish torment,
tanner,noun,C2,charmgar terini oshlovchi,кожевник,A person whose job is to turn animal skins into leather.,ˈtænɚ,21300,work,The local tanner used natural ingredients to process the animal hides.,Mahalliy charmgar hayvon terilarini ishlash uchun tabiiy vositalardan foydalangan.,,
telegram,noun,C1,telegramma,телеграмма,A message sent over long distances using an electrical telegraph system.,ˈtɛləˌɡɹæm,21302,work,My grandfather received a telegram announcing the birth of his first child.,Bobom birinchi farzandi tug'ilgani haqida telegramma olgan edi.,wire cable,
hallelujah,interjection,C2,hallelujah shukrona,аллилуйя,"An exclamation of great joy, happiness, or praise to God.",ˌhæl.əˈl(j)uː.jə,21304,feelings,Hallelujah! It is finally the weekend and we can rest now.,Hallelujah! Nihoyat hafta oxiri bo'ldi va biz dam olishimiz mumkin.,,
howdy,interjection,B2,salom,привет,An informal way of saying hello to someone.,ˈhaʊdi,21306,basics,"Howdy folks, and welcome to our ninth annual summer party today!","Hammaga salom, to'qqizinchi yillik yozgi bayramimizga xush kelibsiz!",hello hi,goodbye
magician,noun,B1,sehrgar fokuschi,фокусник,A person who performs tricks to entertain people by making things appear or disappear.,məˈd͡ʒɪʃən,21308,people-family,The magician pulled a white rabbit out of his empty hat.,Sehrgar bo'sh shlyapasidan oq quyon chiqarib ko'rsatdi.,illusionist,
dynamite,noun,C1,dinamit,динамит,A powerful explosive substance used for breaking rocks in mining and construction.,ˈdʌɪnəmʌɪt,21310,work,The workers used dynamite to blast through the hard rock tunnel.,Ishchilar qattiq qoyani yorib o'tish uchun dinamitdan foydalanishdi.,explosive,
unpleasant,adjective,A2,yoqimsiz,неприятный,Not friendly or enjoyable; causing feelings of dislike.,ʌnˈplɛzn̩t,21312,describing,It was an unpleasant experience to walk home in the heavy rain.,Qattiq yomg'irda uyga piyoda qaytish juda yoqimsiz bo'ldi.,disagreeable distasteful,pleasant
jealousy,noun,B2,rashk hasad,ревность,A feeling of being unhappy because you want what someone else has.,ˈd͡ʒɛl.ə.si,21314,feelings,He looked at his brother's new car with a feeling of jealousy.,U akasining yangi mashinasiga hasad bilan qaradi.,,
pudding,noun,B1,puding shirinlik,пудинг,"A soft, sweet dessert often served after a main meal.",ˈpʊdɪŋ,21316,food-drink,For dinner tonight we are having a delicious chocolate pudding.,Bugun kechki ovqatga mazali shokoladli puding yeymiz.,dessert,
sadness,noun,A2,g'am qayg'u,грусть,The feeling of being unhappy or sorrowful.,ˈsædnəs,21318,feelings,She could not hide the deep sadness in her eyes today.,U bugun ko'zlaridagi chuqur qayg'uni yashira olmadi.,melancholy sorrow,happiness
scoundrel,noun,C2,tomi ketgan yaramas,негодяй,A dishonest or immoral person who treats other people badly.,ˈskaʊ̯ndɹəl,21320,people-family,That scoundrel cheated all his neighbors out of their hard-earned money.,O'sha yaramas barcha qo'shnilarining halol pulini aldab olib qo'ydi.,villain rascal,
sensible,adjective,B2,aqlli ma'qul,разумный,Showing good judgment and being practical.,ˈsen.sə.bl̩,21322,ielts,It would be sensible to take an umbrella before you leave home.,Uydan chiqishdan oldin soyabon olish oqilona ish bo'lardi.,reasonable practical,foolish
dragging,verb,B1,suyrash tortish,тащить,To pull something heavy along the ground with effort.,ˈdɹæɡɪŋ,21324,actions,The boy was dragging his heavy school bag along the hallway floor.,Bola og'ir maktab sumkasini koridor polida sudrab ketayotgan edi.,pulling hauling,
bribe,verb,C1,pora bermoq,давать взятку,To give money or gifts to someone to make them act in a dishonest way.,bɹaɪb,21326,ielts,The businessman tried to bribe the official to win the big contract.,Tadbirkor katta shartnomani yutib olish uchun amaldorga pora bermoqchi bo'ldi.,corrupt suborn,
interrogation,noun,C1,so'roq,допрос,The act of asking someone a lot of questions in a serious or formal way.,ɪnˌteɹ.əˈɡeɪ.ʃən,21328,ielts,The suspect remained silent throughout the long police interrogation yesterday.,Gumonlanuvchi kecha politsiyaning uzoq davom etgan so'rog'ida sukut saqladi.,questioning inquiry,
haircut,noun,A2,soch turmagi soch oldirish,стрижка,The act of shortening hair or the specific style in which hair is cut.,ˈhɛə(ɹ)kʌt,21330,body-health,You look very different after getting a new haircut this morning.,Bugun ertalab soch oldirganingizdan keyin juda o'zgarib ketibsiz.,hairstyle,
awhile,adverb,B2,bir oz vaqtga,ненадолго,For a short period of time.,əˈwaɪl,21332,time,Could you please stay and help me with this project awhile?,"Iltimos, ozgina qolib, menga shu loyihada yordam bera olasizmi?",briefly temporarily,
deliberately,adverb,B2,atayin qasddan,намеренно,Done in a way that is planned and not by accident.,dɪˈlɪb.(ə.)ɹət.li,21334,ielts,He deliberately left the door open so the cat could get out.,U mushuk chiqib ketsin deb eshikni atayin ochiq qoldirdi.,intentionally purposefully,accidentally
starve,verb,B1,och qolmoq ochlikdan aziyat chekmoq,голодать,To feel very hungry because you have not had enough food.,stɑːv,21336,food-drink,I missed breakfast this morning and I am absolutely starving now.,"Bugun ertalab nonushta qilmagan edim, hozir juda och qoldim.",famish,satiate
maniac,noun,B2,jinnivoy telba,маньяк,A person who acts in a wild or very dangerous way.,ˈmeɪ.niˌæk,21338,people-family,That guy drives like a total maniac on these narrow city streets.,U odam shaharning tor ko'chalarida xuddi jinnivoydek mashina haydaydi.,lunatic,
straw,noun,A2,somon naycha,солома,A thin tube made of plastic or paper used for drinking liquids.,stɹɔː,21340,food-drink,Could I please have an extra straw for my iced coffee?,Muzli qahvam uchun yana bitta naycha bersangiz bo'ladimi?,,
accuse,verb,B2,ayblamoq,обвинять,To say that someone has done something wrong or committed a crime.,əˈkjuːz,21342,ielts,They continue to accuse him of stealing money from the company.,Ular uni kompaniya pullarini o'g'irlashda ayblashda davom etishyapti.,blame charge,defend
glue,noun,B1,yelim,клей,A sticky substance used to join two things together firmly.,ɡluː,21344,home,I used some strong glue to fix my broken plastic toy.,Singan o'yinchoqlarimni tuzatish uchun kuchli yelimdan foydalandim.,adhesive cement,
salesman,noun,A2,sotuvchi,продавец,A man whose job is to sell products in a shop or business.,ˈseɪlzmən,21346,work,The car salesman explained all the features of the new model.,Avtomobil sotuvchisi yangi modelning barcha qulayliklarini tushuntirib berdi.,,
diner,noun,B2,mijoz ovqatlanuvchi,посетитель ресторана,"A person who is eating a meal, usually at a restaurant.",ˈdaɪnə(ɹ),21348,food-drink,The waiter brought the menu to the diner sitting at the table.,Ofitsiant stol o'rnida o'tirgan mijozga menyuni olib keldi.,,
weigh,verb,B1,tortmoq vaznini o'lchamoq,взвешивать,To measure how heavy a person or an object is.,weɪ,21350,actions,You need to weigh the ingredients before you start baking the cake.,Tort pishirishni boshlashdan oldin masalliqlarning og'irligini tortib olishingiz kerak.,measure assess,
cue,noun,B2,ishora belgi,сигнал,A sign or event that tells someone it is time to do something.,ˈkjuː,21352,ielts,The music was the cue for the dancers to enter the stage.,Musiqa raqqoslarning sahnaga chiqishi uchun ishora bo'ldi.,signal prompt,
sketch,noun,B1,eskiz chizma,эскиз,A simple and quick drawing that does not show many details.,ˈskɛt͡ʃ,21354,school,The architect made a quick sketch of the house design.,Me'mor uy loyihasining tezkor eskizini chizdi.,drawing draft,
behold,verb,C1,ko'rmoq nazar solmoq,созерцать,To look at something with great interest or admiration.,bɪˈhəʊld,21356,ielts,We stood on the mountain peak to behold the beautiful sunset.,Biz go'zal quyosh botishini tomosha qilish uchun tog' cho'qqisida turdik.,see observe,
plead,verb,B2,iltijo qilmoq yolvormoq,умолять,To ask for something in a very serious and emotional way.,pliːd,21358,feelings,The child began to plead with his mother for one more toy.,Bola onasidan yana bitta o'yinchoq so'rab yolvora boshladi.,beg appeal,
wig,noun,B1,parik suniy soch,парик,An artificial covering of hair worn on the head for fashion or to hide baldness.,wɪɡ,21360,clothes,She decided to wear a blonde wig for the costume party tonight.,U kostyumlar bazmi uchun sariq parik taqishga qaror qildi.,hairpiece toupee,
scissors,noun,A1,qaychi,ножницы,"A hand-held tool with two sharp blades used for cutting paper, cloth, or hair.",ˈsɪzəz,21362,home,Please hand me the scissors so I can cut this piece paper.,Iltimos shu qog'ozni kesib olishim uchun qaychini uzatib yuboring.,shears,
mentally,adverb,B2,aqlan xayolan,умственно,Relating to the processes that happen inside your brain or mind.,ˈmɛntəli,21364,body-health,He prepared himself mentally for the difficult exam he had to take.,U bo'lajak qiyin imtihonga o'zini xayolan tayyorlab qo'ydi.,psychologically,physically
flee,verb,B2,qochib qutulmoq yashirinmoq,убегать,To run away from a place or situation of danger.,ˈfliː,21366,actions,Many people had to flee their homes because of the terrible war.,Ko'p odamlar dahshatli urush sababli o'z uylarini tashlab qochishga majbur bo'ldi.,escape,stay
gangster,noun,B2,jinoiy guruh a'zosi jinoyatchi,гангстер,A member of a group of criminals who work together to commit crimes.,ˈɡæŋ.stəː,21368,ielts,The famous gangster was finally caught by the police after many years.,Mashhur jinoyatchi ko'p yillardan so'ng nihoyat politsiya tomonidan qo'lga olindi.,criminal bandit,
altogether,adverb,B2,butunlay umuman,вполне,"Completely, totally, or considering everything that has happened or been said.",ɔːl.tʊˈɡɛð.ə(ɹ),21370,ielts,"Altogether, it was a very successful meeting for the entire team today.","Umuman olganda, bugungi yig'ilish butun jamoa uchun juda muvaffaqiyatli o'tdi.",entirely totally,
briefcase,noun,B1,portfel,портфель,A flat case used for carrying business papers and documents.,ˈbɹiːfˌkeɪs,21372,work,He took his important documents out of his leather briefcase.,U muhim hujjatlarini charm portfelidan chiqardi.,attache,
buzzer,noun,B2,qo‘ng‘iroq signal,зуммер,An electrical device that makes a loud buzzing sound to give a signal.,ˈbʌzə,21374,home,"If you think you know the answer, hit the buzzer quickly.","Agar javobni bilsangiz, tezroq signal tugmasini bosing.",alarm,
quitting,verb,B1,tashlash voz kechish,увольнение прекращение,"The act of stopping an activity, habit, or leaving a job.",ˈkwɪtɪŋ,21376,actions,Quitting smoking is the best thing you can do for health.,Chekishni tashlash sog‘lig‘ingiz uchun qila oladigan eng yaxshi narsadir.,stopping ending,starting
puppet,noun,B2,qo‘g‘irchoq,марионетка,A small model of a person moved by strings or a hand.,ˈpʌpɪt,21378,actions,The children laughed as the puppet danced on the stage.,Bolalar qo‘g‘irchoq sahnada raqsga tushayotganda kulishdi.,marionette,
pancakes,noun,A2,blinchik quymoq,блины,"A thin, round, flat cake made from flour, milk, and eggs.",ˈpænkeɪks,21380,food-drink,We usually eat hot pancakes with honey for our Sunday breakfast.,Biz odatda yakshanba nonushtasiga asal bilan issiq blinchiklar yeymiz.,crepes,
corridor,noun,A2,yo‘lak koridor,коридор,A long narrow passage in a building with doors leading to rooms.,ˈkɒɹɪdɔː,21382,home,Our office is located at the end of the long corridor.,Bizning ofisimiz uzun yo‘lakning oxirida joylashgan.,hallway passage,
embarrass,verb,B2,xijolat qilmoq uyaltirmoq,смущать,"To make someone feel ashamed, uncomfortable, or nervous in front of others.",ɪmˈbæɹəs,21384,feelings,His loud jokes in public often embarrassed his young daughter.,Uning omma oldidagi baland ovozli hazillari qizini ko‘pincha uyaltirardi.,humiliate shame,comfort
barks,verb,A2,vovullaydi huradi,лает,"The sharp, loud sound made by a dog when it is excited or angry.",bɑːks,21386,animals,The small dog barks loudly whenever someone walks past the front gate.,Kichkina it darvozadan o'tayotgan odamlarga qarab baland ovozda huradi.,yaps howls,
mafia,noun,B2,jinoiy guruh mafia,мафия,A secret criminal organization involved in illegal activities like selling drugs or extortion.,ˈmɑfi.ə,21388,ielts,The police are working hard to stop the local mafia from operating.,Politsiya mahalliy jinoiy guruh faoliyatini to‘xtatish uchun qattiq ishlamoqda.,syndicate cartel,
kiddo,noun,B1,bola bolakay,малыш,A friendly or informal way to address a child or a younger friend.,ˈkɪdoʊ,21390,people-family,"Don't worry about it, kiddo, everything is going to be just fine.","Xavotir olma, bolakay, hammasi yaxshi bo‘ladi.",child youngster,
heartbeat,noun,B1,yurak urishi,биение сердца,The rhythmic contraction and expansion of the heart that pumps blood through the body.,ˈhɑːtˌbiːt,21392,body-health,"If your heartbeat does not normalize soon, you should consult a doctor.","Agar yurak urishingiz tez orada me'yorga kelmasa, shifokorga murojaat qilishingiz kerak.",pulse,
cigar,noun,B2,sigara,сигара,A tube of rolled tobacco leaves that is lit at one end and smoked.,sɪˈɡɑː(ɹ),21394,food-drink,He sat back in his chair and enjoyed smoking a premium cigar.,"U stuliga o‘tirib, sifatli sigara chekishdan huzurlandi.",stogie,
noodles,noun,A1,kesma ugra,лапша,"A food made from dough that is shaped into long, thin strips and boiled.",ˈnuːd(ə)lz,21396,food-drink,We had a delicious bowl of hot chicken noodles for dinner tonight.,Bugun kechki ovqatga mazali tovuqli ugra sho‘rva ichdik.,pasta,
resign,verb,B2,ishdan bo'shash iste'fo berish,увольняться,To voluntarily leave a job or position permanently.,ɹɪˈzaɪn,21398,work,The manager decided to resign after working there for twenty years.,Menejer yigirma yil ishlaganidan so'ng iste'fo berishga qaror qildi.,vacate,
seize,verb,C1,tutib olmoq egallab olmoq,захватывать,"To take hold of something suddenly, by force or quickly.",siːz,21400,ielts,You should seize every opportunity to practice your English skills daily.,Ingliz tili ko'nikmalaringizni har kuni mashq qilish uchun har qanday imkoniyatdan foydalanishingiz kerak.,grasp grip,
iris,noun,B2,kamalak parda,радужная оболочка,The colored circular part of the eye around the black pupil.,ˈaɪ.ɹɪs,21402,body-health,Her iris was a very bright shade of green and gold.,Uning ko'zining kamalak pardasi yorqin yashil va tillarang tusda edi.,,
crow,noun,B1,qarg'a,ворона,A large bird with black feathers and a harsh croaking sound.,kɹəʊ,21404,nature,A black crow sat on the branch and looked at us.,Qora qarg'a shoxga qo'nib bizga qarab turdi.,,
straighten,verb,B1,tekislamoq to'g'rilamoq,выпрямлять,"To make something not bent, twisted, or curly anymore.",ˈstɹeɪtn̩,21406,actions,She stood up to straighten her clothes before the important meeting.,U muhim majlisdan oldin kiyimlarini to'g'rilash uchun o'rnidan turdi.,,bend
sting,verb,B1,chaqmoq sanchilmoq,жалить,"To cause sudden pain with a sharp point, like an insect.",ˈstɪŋ,21408,nature,Be careful not to let the bee sting you on the hand.,"Asalarini qo'lingdan chaqib olishiga yo'l qo'yma, ehtiyot bo'l.",,
coroner,noun,C1,sud tibbiyoti eksperti,судебно-медицинский эксперт,A public official who investigates the cause of death when it is sudden or unusual.,ˈkɒ.ɹə.nə(ɹ),21410,work,The coroner examined the body to determine why the man died suddenly.,Sud tibbiyoti eksperti o'lim sababini aniqlash uchun murdani ko'zdan kechirdi.,pathologist,
attic,noun,B1,chordoq,чердак,"The space just below the roof of a house, often used to store old things.",ˈætɪk,21412,home,We climbed into the dusty attic to look for our old family photos.,Eski oilaviy rasmlarimizni izlash uchun chang bosgan chordoqqa chiqdik.,loft,
sentimental,adjective,B2,hissiyotga beriluvchan ta'sirchan,сентиментальный,"Easily affected by emotions such as sadness, love, or nostalgia rather than by logic.",ˌsɛntiˈmɛntl̩,21414,describing,She keeps all her old letters because she is a very sentimental person.,U juda ta'sirchan inson bo'lgani uchun barcha eski xatlarini saqlab qo'ygan.,emotional nostalgic,practical
feds,noun,B2,politsiya xavfsizlik xizmati,федералы,Federal law enforcement officers or agents representing the national government.,fɛdz,21416,places,The feds arrived at the building to investigate the serious crime.,Politsiya og'ir jinoyatni tergov qilish uchun binoga yetib keldi.,police agents,
plea,noun,C1,iltimos yolvorish,просьба,"An urgent or emotional request for help, mercy, or support.",pliː,21418,ielts,The charity made a public plea for donations after the earthquake.,Xayriya tashkiloti zilziladan so'ng yordam so'rab murojaat qildi.,appeal request,
vengeance,noun,C2,o'ch qasos,месть,The act of harming someone because they did something bad to you.,ˈvɛnˌd͡ʒəns,21420,ielts,He swore to take vengeance on those who betrayed his trust.,U o'z ishonchini suiiste'mol qilganlardan qasos olishga qasam ichdi.,revenge retribution,forgiveness
corrupt,adjective,C1,korrupsiyalashgan poraxo'r,коррумпированный,Willing to use illegal or dishonest methods for personal gain or money.,kəˈɹʌpt,21422,ielts,"The government here is corrupt, so we'll emigrate to escape them.","Bu yerdagi hukumat korrupsiyalashgan, shuning uchun biz qochib ketamiz.",dishonest crooked,honest
whining,noun,B2,ingillash noliw,нытьё,The act of complaining in an annoying and high-pitched voice.,ˈwaɪnɪŋ,21424,feelings,Stop your whining and get back to your work right now.,"Noliwni bas qilib, darhol ishingga qayt.",complaining grumbling,
immortal,adjective,C1,o'lmas boqiy,бессмертный,Something or someone that lives forever and will never die.,ɪˈmɔɹtəl,21426,ielts,Many ancient legends talk about people who are said to be immortal.,Ko'plab qadimiy afsonalarda o'lmas odamlar haqida so'z boradi.,eternal undying,mortal
desperately,adverb,B2,chora-sizlarcha o'ta,отчаянно,Used to emphasize that someone has a very strong need for something.,ˈdɛsp(ə)ɹətli,21428,describing,I could desperately do with some cold coffee right now.,Hozir menga juda ham sovuq qahva kerak bo'lib turibdi.,extremely badly,
alcoholic,noun,B2,alkogolik aroqxo'r,алкоголик,A person who is addicted to drinking large amounts of alcohol.,ˌæl.kəˈhɒl.ɪk,21430,body-health,He has been a recovering alcoholic for the last five years.,U besh yildan beri ichkilikdan butunlay voz kechgan.,drunkard,
addict,noun,B2,qaram odam giyohvand,наркоман,A person who cannot stop doing something or using a harmful substance.,ˈæd.ɪkt,21432,body-health,The drug addict finally decided to seek help for his serious problem.,Giyohvand odam oxiri o'zining jiddiy muammosi uchun yordam so'rashga qaror qildi.,dependent,
delightful,adjective,B1,yoqimli xushnud,восхитительный,Very pleasant and causing a lot of happiness.,dəˈlaɪt.fl̩,21434,describing,We had a delightful evening talking with our friends in the garden.,"Bog'da do'stlarimiz bilan suhbatlashib, juda yoqimli oqshom o'tkazdik.",charming pleasant,unpleasant
peg,noun,B2,ilgak ilmoq,крючок,A small hook on a wall used for hanging clothes or bags.,ˈpɛɡ,21436,home,Please hang your heavy winter coat on the wooden peg by door.,"Iltimos, qalin qishki paltongizni eshik yonidagi ilgakka ilib qo'ying.",hook pin,
emotionally,adverb,B2,hissiyot bilan hissiy jihatdan,эмоционально,In a way that relates to your feelings and emotions.,ɪˈməʊʃənəli,21438,feelings,He spoke emotionally about the time he spent living away from home.,U uydan uzoqda yashagan davrlari haqida hissiyotga berilib gapirib berdi.,,
accountant,noun,B1,hisobchi buxgalter,бухгалтер,A person whose job is to keep and check financial accounts.,əˈkaʊn.tənt,21440,work,The company hired an accountant to manage all of their yearly taxes.,Kompaniya yillik soliqlarini boshqarish uchun hisobchi yolladi.,bookkeeper,
amusing,adjective,B1,qiziqarli kulgili,забавный,Funny and entertaining; causing you to smile or laugh.,əˈmjuːzɪŋ,21442,describing,The children found the clown's performance to be extremely amusing and fun.,Bolalar masxarabozning chiqishini juda qiziqarli va quvnoq deb bilishdi.,funny entertaining,boring
ignorant,adjective,B2,bilimsiz savodsiz,невежественный,Lacking knowledge or education about important things or a specific subject.,ˈɪɡ.nə.ɹənt,21444,ielts,It is dangerous to remain ignorant about the laws of the country.,Mamlakat qonunlari haqida bilimsiz qolish xavfli.,uneducated uninformed,knowledgeable
rum,noun,B2,rom,ром,A strong alcoholic drink made from sugar cane or molasses.,ɹʌm,21446,food-drink,He mixed a little rum into the cocktail for better flavor.,U ta'mini yaxshilash uchun kokteylga ozgina rom qo'shdi.,spirit alcohol,
wheelchair,noun,A2,nogironlar aravachasi,инвалидная коляска,A chair with wheels used by people who cannot walk to move around.,ˈwiːlt͡ʃɛə(ɹ),21448,body-health,The building has a ramp specifically for people in a wheelchair.,Binoda nogironlar aravachasidagi kishilar uchun maxsus yo'lak bor.,chair,
underwater,adjective,B1,suvosti suv ostidagi,подводный,"Existing, happening, or used below the surface of the water.",ʌndə(ɹ)ˈwɔːtə,21450,nature,Divers took photos of the beautiful underwater world in the ocean.,G'avvoslar okeandagi go'zal suvosti dunyosini suratga olishdi.,submerged sunken,above water
whisper,verb,B1,pichirlamoq shivirlamoq,шептать,To speak very quietly so that other people cannot hear what you are saying.,ˈ(h)wɪspə,21452,actions,She leaned over to whisper a secret in my ear during class.,U dars paytida qulog'imga sirni pichirlab aytish uchun egildi.,breathe,shout
pinky,noun,B1,kichkina barmoq jimjir,мизинец,The smallest finger on your hand.,ˈpɪŋki,21454,body-health,She wore a small silver ring on her pinky finger.,U jimjir barmog'iga kichkina kumush uzuk taqib yurardi.,,
explosive,adjective,B2,portlovchi,взрывной,Able or likely to cause a violent explosion.,ɪkˈspləʊsɪv,21456,ielts,The police found an explosive device hidden inside the old brown bag.,Politsiya eski jigarrang sumka ichiga yashirilgan portlovchi moslamani topdi.,volatile unstable,safe
rogue,noun,C1,firibgar qallob,мошенник,A person who behaves badly or is dishonest for their own gain.,ˈɹəʊ̯ɡ,21458,ielts,The rogue trader lost all the company's money in one bad deal.,Firibgar savdogar kompaniyaning barcha pulini yomon bitim tufayli yo‘qotdi.,rascal scoundrel,
shutter,noun,B2,deraza qopqog‘i panjur,ставня,A wooden or metal cover on the outside of a window.,ˈʃʌtəː,21460,home,We closed the wooden shutters to keep the storm wind out.,Bo‘ronli shamolni ichkariga kiritmaslik uchun yog‘och panjurlarni yopib qo‘ydik.,blind screen,
erase,verb,B1,o‘chirmoq,стирать,To remove something that has been written or recorded.,ɪˈɹeɪs,21462,actions,I need to erase these notes from the whiteboard after the meeting.,Majlisdan keyin doskadagi bu yozuvlarni o‘chirib tashlashim kerak.,delete remove,write
vet,verb,C1,tekshirmoq ko‘rib chiqmoq,проверять,To check something carefully to see if it is acceptable or safe.,vɛt,21464,work,The government will vet every candidate before offering them a job.,Hukumat ish taklif qilishdan oldin har bir nomzodni sinchiklab tekshiradi.,examine inspect,
lobster,noun,B2,omar dengiz qisqichbaqasi,омар,"A large sea animal with a hard shell and two large claws, eaten as food.",ˈlɒb.stə,21466,food-drink,We enjoyed a delicious dinner of fresh grilled lobster by the beach.,Biz sohil bo'yida mazali panjarada pishirilgan omar bilan kechki ovqatlandik.,,
ambitious,adjective,B2,intiluvchan g'ayratli,амбициозный,"Having a strong desire to succeed, achieve wealth, or gain high status.",æmˈbɪʃ.əs,21468,ielts,She is an ambitious student who wants to become a successful doctor.,U muvaffaqiyatli shifokor bo'lishni xohlaydigan intiluvchan talaba.,aspiring,
tick,noun,B2,soat chiqillashi,тик,"The short, sharp, regular sound made by a clock as it works.",tɪk,21470,time,The steady tick of the clock provided a comforting background for the room.,Soatning bir maromdagi chiqillashi xonaga osoyishtalik baxsh etardi.,,
rival,noun,B2,raqib bellashuvchi,соперник,"A person, team, or company that competes with others for the same goal.",ˈɹaɪvəl,21472,ielts,Chris is my biggest rival in the local tennis tournament this year.,Kris bu yilgi mahalliy tennis turnirida mening eng katta raqibimdir.,competitor opponent,ally
fiancé,noun,B2,kuyovnavkar kuyov,жених,A man who is engaged to be married to a specific woman.,fiˈɑnseɪ,21474,people-family,She went to pick up her fiancé from the airport this evening.,U kechqurun aeroportdan kuyovini kutib olish uchun ketdi.,,
wander,verb,B2,kezmoq sayr qilmoq,бродить,To walk slowly around an area without having a clear purpose or direction.,ˈwɒndə,21476,actions,We decided to wander through the old town to see the sights.,Biz diqqatga sazovor joylarni ko'rish uchun eski shahar bo'ylab kezishga qaror qildik.,roam,
napoleon,noun,C1,hukmronlik qiluvchi zolim,наполеон,A powerful person who controls others through ruthless actions and superior skill.,nəˈpəʊlɪən,21478,ielts,The manager acts like a little napoleon over his terrified employees.,Menejer o'z qo'l ostidagi xodimlarga nisbatan shafqatsiz hukmdordek munosabatda bo'ladi.,tyrant dictator,
whisky,noun,B2,viski,виски,A strong alcoholic drink made from fermented grains like barley or rye.,ˈwɪski,21480,food-drink,He poured a glass of whisky to relax after his long day.,U uzun ish kunidan so'ng dam olish uchun bir stakan viski quydi.,whiskey scotch,
humiliated,adjective,B2,sharmanda bo'lgan xor qilingan,униженный,Feeling ashamed and having lost your dignity in front of other people.,hjuːˈmɪlieɪtɪd,21482,feelings,She felt deeply humiliated after her boss criticized her in public.,Boshlig'i uni hamma oldida tanqid qilganidan keyin u o'zini juda qattiq xorlangandek his qildi.,ashamed embarrassed,proud
fiancée,noun,B2,kuyovbop kelin unashtirilgan qiz,невеста,A woman who has promised to marry someone.,fiˈɒ̃.seɪ,21484,people-family,He went to pick up his fiancée from the train station yesterday.,U kecha o'zining kelinini poyezd stansiyasidan kutib olgani bordi.,bride-to-be,
hissing,noun,B2,shillash sasi vishillash,шипение,"A long, sharp sound similar to the sound a snake makes.",ˈhɪsɪŋ,21486,nature,We heard a loud hissing coming from the leaking gas pipe.,Biz gaz quvuridagi sizishdan kelayotgan baland vishillash ovozini eshitdik.,hiss wheeze,
granddaughter,noun,A1,nevara qiz,внучка,The daughter of your son or daughter.,ˈɡrændˌdɔːtə,21488,people-family,My granddaughter is coming to visit me for the summer holidays.,Nevaram yozgi ta'til uchun meni ko'rgani kelyapti.,,
sniffing,verb,B1,hidlash hidlab ko'rish,нюханье,To breathe in through the nose to smell something or because of a cold.,ˈsnɪfɪŋ,21490,body-health,The dog was sniffing around the garden looking for a hidden bone.,It keti yashiringan suyakni izlab bog' bo'ylab hidlab yuribdi.,smelling,
obliged,adjective,B2,minnatdor qarzdor,благодарен,Feeling thankful because someone has helped you or done you a favor.,əˈblaɪd͡ʒd,21492,feelings,I am deeply obliged for your kind help with my difficult project.,Qiyin ishimda ko'rsatgan yordamingiz uchun sizdan juda minnatdorman.,grateful indebted,
stew,verb,B1,dimlab pishirmoq,тушить,To cook food slowly in liquid in a closed container.,stʃʉː,21494,food-drink,You should stew the meat for two hours to make it tender.,Go'sht yumshoq bo'lishi uchun uni ikki soat davomida dimlab pishiring.,simmer,
nun,noun,B2,rohiba,монахиня,A woman who is a member of a religious group and lives simply.,nʌn,21496,people-family,The nun spent her whole life helping the poor in the city.,Rohiba butun umrini shahardagi kambag'allarga yordam berish bilan o'tkazdi.,sister,friar
distract,verb,B2,chalg'itmoq,отвлекать,To stop someone from concentrating on what they are doing.,dɪˈstɹækt,21498,actions,Please do not talk to him because it will distract his focus.,"Iltimos, u bilan gaplashmang, chunki bu uning diqqatini chalg'itadi.",sidetrack,
sour,adjective,A2,nordon achigan,прокисший,"Having a sharp or acidic taste, like that of a lemon or vinegar.",ˈsaʊ.ə,21500,food-drink,This milk tastes sour so we should probably throw it away now.,"Bu sutning ta'mi nordon, shuning uchun uni tashlab yuborganimiz ma'qul.",acidic,sweet
spark,noun,B2,uchqun,искра,A tiny burning piece of material that flies out from a fire or electrical contact.,spɑɹk,21502,nature,The campfire sent a bright spark flying into the night sky.,Gullxan o‘chog‘idan ko‘kka yorqin uchqunlar sochildi.,cinder ember,
fierce,adjective,C1,shiddatli vahshiy,яростный,"Very strong, violent, or showing great energy and determination.",fɪəs,21504,describing,A fierce storm battered the coastline for several hours last night.,Shiddatli bo‘ron tun bo‘yi qirg‘oqni larzaga keltirdi.,furious ferocious,gentle
scam,noun,B2,firibgarlik aldov,мошенничество,A dishonest plan or illegal trick used to get money from people.,ˈskæm,21506,ielts,They realized the investment opportunity was just an online scam.,Ular bu sarmoya imkoniyati shunchaki internetdagi firibgarlik ekanini tushunib yetdilar.,deception fraud,
frustrated,adjective,B2,hafsalasi pir bo'lgan tushkun,разочарованный,Feeling annoyed or upset because you cannot do what you want to do.,fɹəˈstɹeɪ.tɪd,21508,feelings,She easily gets frustrated when it comes to learning complex math formulas.,Murakkab matematik formulalarni o'rganishda uning tezda hafsalasi pir bo'ladi.,annoyed discouraged,satisfied
suspenseful,adjective,B2,hayajonli qiziqarli,напряжённый,Making you feel excited or nervous because you do not know what will happen.,səˈspɛns.fəl,21510,describing,The television movie was so suspenseful that I could not look away.,"Bu televizion film shunchalik hayajonli ediki, ko'z uzolmadim.",thrilling tense,
adore,verb,B2,juda yaxshi ko'rmoq sevib qolmoq,обожать,To love someone very much and feel great respect for them.,əˈdɔː,21512,feelings,It is obvious to everyone that he simply adores his younger sister.,U o'zining singlisini juda yaxshi ko'rishi barchaga ayon.,cherish love,disdain
precinct,noun,C1,hudud qism,территория,"A specific area or part of a town, especially one with a specific purpose.",ˈpɹisɪŋkt,21514,places,The shops in the pedestrian precinct are usually busy on Saturday afternoons.,Piyodalar hududidagi do'konlar shanba tushdan keyin odatda gavjum bo'ladi.,area zone,
stove,noun,A2,o'choq plita,плита,A piece of equipment used to heat food or to warm a room.,stəʊv,21516,home,She placed the heavy pan on the stove to start cooking dinner.,U kechki ovqatni pishirish uchun og'ir tovani plita ustiga qo'ydi.,cooker heater,
haul,verb,B2,tortmoq tashimoq,тащить,To pull or carry something that is very heavy or difficult to move.,hɔːl,21518,actions,The truck was used to haul heavy logs from the deep forest.,Yuk mashinasi o‘rmondan og‘ir o‘tinlarni tashish uchun ishlatildi.,drag pull,
orphanage,noun,B1,mehribonlik uyi,детский дом,A place where children without parents live and are cared for by others.,ˈɔː(ɹ)fənɪd͡ʒ,21520,places,She decided to donate all her extra clothes to the local orphanage.,U o‘zining ortiqcha kiyimlarini mahalliy mehribonlik uyiga topshirishga qaror qildi.,children's home,
autograph,noun,B1,dastxat,автограф,"A signature of a famous person, usually signed for a fan.",ˈɔːtəɡɹɑːf,21522,people-family,The fans waited outside for hours just to get an autograph.,Muxlislar shunchaki dastxat olish uchun tashqarida soatlab kutishdi.,signature,
sharply,adverb,B2,keskin,резко,"In a way that is sudden, very noticeable, or done with force.",ˈʃɑɹpli,21524,describing,Prices have risen sharply since the start of the new year.,Yil boshidan beri narxlar keskin oshib ketdi.,suddenly abruptly,gradually
meds,noun,B1,dori darmon,лекарства,Medicine or drugs used to treat an illness or health condition.,mɛdz,21526,body-health,You should take your meds on time to feel better every day.,Tuzalib ketishing uchun dori-darmoningni o‘z vaqtida ichishing kerak.,medicine medication,
wardrobe,verb,B2,kiyim buyurtma qilib qaytarmoq,заказывать одежду и возвращать её,To buy clothing online and return it after wearing it once.,ˈwɔːdɹəʊb,21528,clothes,It is not fair to wardrobe clothes just for a single party.,"Faqat bir marta kiyib ko‘rish uchun kiyim buyurtma qilib, keyin uni qaytarish to‘g‘ri emas.",,
flirting,verb,B1,nozlanish suykalamoq,флирт,Behaving as if sexually attracted to someone in a playful or light way.,ˈflɜːrtɪŋ,21530,feelings,He spent the whole evening flirting with the girl at the bar.,U kechqurun bar boshida qiz bilan nozlanib o'tirdi.,coquetting,
dolly,noun,B2,o'yinchoq qo'g'irchoq,куколка,"A small toy in the shape of a person, often used by young children.",ˈdɑli,21532,basics,The little girl hugged her dolly tight before going to sleep.,Qizaloq uxlashdan oldin qo'g'irchog'ini mahkam quchoqlab oldi.,doll,
handful,noun,A2,bir hovuch,горсть,A small amount of something that fits in the palm of your hand.,ˈhæn(d)fʊl,21534,basics,She gave me a handful of nuts to eat while walking home.,U uyga qaytayotganimda yeyishim uchun bir hovuch yong'oq berdi.,amount,
pumpkin,noun,A2,qovoq,тыква,"A large, round, orange vegetable that is commonly used to make soup or pies.",ˈpʌmpkɪn,21536,food-drink,We made a delicious warm pumpkin soup for our dinner last night.,Kecha kechki ovqatga mazali issiq qovoq sho'rva tayyorladik.,,
thankful,adjective,A2,minnatdor,благодарный,Feeling pleased and happy about something good that has happened to you.,ˈθæŋkfəl,21538,feelings,I am truly thankful for all your help during these hard times.,Bu qiyin kunlarda yordamingiz uchun chin dildan minnatdorman.,grateful,ungrateful
compassion,noun,C1,hamdardlik rahm-shafqat,сострадание,A feeling of sadness for the suffering of others and a desire to help them.,kəmˈpæʃ.ən,21540,feelings,She showed great compassion for the victims of the natural disaster.,U tabiiy ofat qurbonlariga katta hamdardlik bildirdi.,pity empathy,indifference
veins,noun,B2,venalar qon tomirlari,вены,The tubes in your body that carry blood toward the heart.,veɪnz,21542,body-health,The doctor injected the medicine directly into his veins.,Shifokor dori vositasini to‘g‘ridan-to‘g‘ri uning qon tomiriga yubordi.,blood vessels,
obsession,noun,C1,jinnilik ishtiyoq,одержимость,An extreme interest in something that you cannot stop thinking about.,əbˈsɛʃən,21544,ielts,Collecting rare stamps has become an obsession for him recently.,Nodir markalarni yig‘ish oxirgi paytlarda u uchun haqiqiy ishtiyoqqa aylandi.,fixation mania,
axe,noun,B1,bolta,топор,A tool with a long handle and a sharp metal blade for chopping wood.,æks,21546,home,He used a sharp axe to chop the logs for the fireplace.,U kamin uchun o‘tinni o‘tkir bolta bilan yordi.,hatchet,
reckless,adjective,C1,ehtiyotsiz beparvo,безрассудный,Doing something dangerous without caring about the bad results that might happen.,ˈɹɛkləs,21548,describing,His reckless driving caused a serious accident on the highway today.,Uning ehtiyotsiz haydashi bugun magistral yo‘lda jiddiy avariyaga sabab bo‘ldi.,careless rash,cautious
razor,noun,B2,ustara,бритва,A tool with a very sharp blade used for removing hair from the skin.,ˈɹeɪzə,21550,body-health,He uses a sharp razor to shave his beard every morning.,U har kuni ertalab soqolini olish uchun o‘tkir ustara ishlatadi.,shaver,
frightening,adjective,A2,qo‘rqinchli dahshatli,пугающий,Something that makes you feel very afraid or worried.,ˈfɹaɪtənɪŋ,21552,feelings,It was a frightening experience to be lost in the dark forest.,Qorong‘u o‘rmonda adashib qolish juda qo‘rqinchli tajriba edi.,scary terrifying,calming
mutant,noun,C1,mutant o'zgaruvchan,мутант,An animal or plant that is different from its parents because of a genetic change.,ˈmjuːtənt,21554,nature,The scientists studied the mutant DNA to understand how the disease develops.,Olimlar kasallik qanday rivojlanishini tushunish uchun mutant DNKni o'rganishdi.,,
wally,noun,C1,ahmoq nodon,дурак,"A person who behaves in a silly, stupid or awkward way.",ˈwɒli,21556,describing,Don't be such a wally and just follow the instructions on screen.,Ahmoqlik qilma va shunchaki ekrandagi ko'rsatmalarga amal qil.,idiot fool,
heavenly,adjective,B2,jannatiy ajoyib,божественный,"Extremely pleasant, beautiful, or enjoyable.",ˈhɛvənli,21558,feelings,We spent a heavenly afternoon relaxing on the quiet sandy beach.,Biz tinch qumli sohil bo'yida jannatiy bir kunni o'tkazdik.,delightful wonderful,awful
dang,interjection,B2,la'nati,черт возьми,"A word used to show mild annoyance or anger, softer than saying damn.",ˈdæŋ,21560,feelings,"Dang, I forgot my keys inside the locked house again!","La'nati, kalitlarimni yana qulflangan uy ichida unutibman!",darn,
maiden,noun,C1,qiz bola qiz,девица,"A young unmarried woman, often used in older stories or literature.",ˈmeɪdən,21562,people-family,The brave knight saved the fair maiden from the dark forest.,Jasur ritsar go'zal qizni qorong'u o'rmondan qutqarib oldi.,damsel,
bark,verb,A2,vovullamoq irillamoq,лаять,"To make the loud, short sound that a dog makes.",bɑːk,21564,animals,The neighbor's dog began to bark loudly when I arrived home.,Uyga kelganimda qo'shnining iti qattiq vovullay boshladi.,,
congressman,noun,B2,kongressmen parlament a'zosi,конгрессмен,A male member of the United States House of Representatives.,ˈkɒŋɡrɛsmən,21566,work,The local congressman voted for the new tax reform bill yesterday.,Mahalliy kongressmen kecha yangi soliq islohoti qonun loyihasi uchun ovoz berdi.,,
pigeon,noun,B1,kabutar,голубь,A common gray or white bird often seen in city streets and parks.,ˈpɪ.dʒɪn,21568,animals,The pigeon flew down to the ground to eat some bread crumbs.,Kabutar non ushoqlarini yeyish uchun yerga qo‘ndi.,dove,
respectable,adjective,B2,hurmatga loyiq obro‘li,уважаемый,Good enough to be admired and approved of by other people.,[ɹɪˈspɛk.tə.bl̩],21570,describing,He has a respectable job and is known for being very honest.,U hurmatga loyiq ishda ishlaydi va juda halol inson sifatida tanilgan.,admirable laudable,disreputable
prank,noun,B2,hazil hazil-mutoyiba,шалость,A playful trick or joke that is intended to surprise or tease someone.,ˈpɹæŋk,21572,actions,The children thought it was a funny prank to hide my shoes.,Bolalar poyafzalimni yashirib qo‘yishni qiziqarli hazil deb o‘ylashdi.,trick joke,
treason,noun,C2,vatanga xiyonat,измена,The crime of betraying one's country or government.,ˈtɹiː.zən,21574,ielts,The soldier was accused of treason for giving secrets to the enemy.,Askarda dushmanga sirlarni oshkor qilganlikda ayblanib vatanga xiyonatda ayblov qo‘yildi.,betrayal perfidy,loyalty
stir,verb,B1,aralashtirmoq,размешивать,To move a spoon or stick around in a liquid to mix it.,stɜː,21576,actions,You need to stir the soup slowly so it does not burn.,Sho‘rvani kuymasin deb sekin-asta aralashtirib turishingiz kerak.,mix agitate,
missy,noun,B2,qizaloq,девочка,A word used by adults to address or refer to a young girl.,ˈmɪs.i,21578,people-family,"That is enough talking back from you, missy!","Gap qaytarganing yetadi, qizaloq!",,
señor,noun,B1,janob,сеньор,A Spanish title for a man that is equal to the English word Mr.,seɪnˈjɔɹ,21580,people-family,"The shop owner, Señor Garcia, greeted us with a warm smile today.",Do‘kon egasi janob Garsiya bizni bugun samimiy tabassum bilan kutib oldi.,sir gentleman,
tuna,noun,A2,tunets balig‘i,тунец,A large saltwater fish that is often eaten as food.,ˈtjuː.nə,21582,food-drink,I usually make a quick sandwich with canned tuna for my lunch.,Men odatda tushlik uchun konservalangan tunetsdan tez tayyorlanadigan sendvich qilaman.,,
tuck,verb,B1,tiqib qo‘ymoq joylamoq,заправлять,To push or fold the edge of something into a safe or tidy place.,tʌk,21584,actions,Make sure you tuck your shirt into your trousers before the meeting.,Majlisdan oldin ko‘ylagingizni shimingizning ichiga solib qo‘ying.,insert push,untuck
poop,noun,A2,axlat najas,какашки,The solid waste matter that leaves the body through the bowels.,ˈpuːp,21586,body-health,The dog left some poop on the grass in the park today.,Bugun it bog‘dagi maysazorga axlat qoldirib ketdi.,feces excrement,
cardinal,adjective,C1,asosiy tub,главный,Of the greatest importance; fundamental or main.,ˈkɑːd(ɪ)nəl,21588,ielts,Respecting other people's privacy is a cardinal rule in our office.,Boshqalarning shaxsiy hayotini hurmat qilish bizning ofisda asosiy qoida hisoblanadi.,fundamental primary,minor
altar,noun,B2,qurbongoh mehrob,алтарь,A flat table used for religious ceremonies or as a holy place.,ˈɒl.tə,21590,places,The priest stood in front of the altar to lead the prayer.,Ruhoniy ibodatni boshlash uchun qurbongoh oldida turdi.,shrine sanctuary,
jelly,noun,A2,jele,желе,A soft sweet food made from fruit juice or gelatine that sets into a jelly.,ˈd͡ʒɛl.i,21592,food-drink,His mother prepared jelly for him and his friends for dessert.,Onasi unga va do'stlariga shirinlik uchun jele tayyorlab berdi.,jello,
thrill,verb,B2,hayajonlantirmoq zavqlantirmoq,волновать,To cause someone to feel a sudden burst of excitement or pleasure.,θɹɪl,21594,feelings,The fast speed of the roller coaster will thrill the young riders.,Attraksionning tezligi yosh chavandozlarni hayajonga soladi.,rouse,
hogan,noun,C2,navaho uyi,хоган,A traditional wooden and earth house built by the Navajo people.,ˈhoʊ.ɡən,21598,places,The family gathered inside their traditional hogan to share a warm meal.,Oila issiq ovqatlanish uchun o'zlarining an'anaviy xoganlarida yig'ildi.,,
choke,verb,B1,bo'g'ilmoq tiqilib qolmoq,задыхаться,To be unable to breathe because something is stuck in your throat.,t͡ʃəʊk,21600,body-health,"Ever since he choked on a bone, he has refused to eat fish.",U suyakka tiqilib qolganidan beri baliq yeyishdan voz kechdi.,asphyxiate,
bodyguard,noun,B2,tansoqchi,телохранитель,A person hired to protect someone from danger or attack.,ˈbɒdiɡɑːd,21602,people-family,The famous singer arrived at the concert surrounded by his bodyguard.,Mashhur qo'shiqchi konsertga tansoqchisi hamrohligida yetib keldi.,,
jaw,noun,B1,jag',челюсть,Either of the two bones in the mouth that hold the teeth.,d͡ʒɔː,21604,body-health,His jaw dropped in amazement when he heard the shocking news.,"Shok xabarni eshitgach, uning hayratdan jag'i tushib qoldi.",,
popcorn,noun,A1,popkorn,попкорн,A light snack food made from corn kernels that pop when heated.,ˈpɒp.kɔː(ɹ)n,21606,food-drink,My friends and I ordered popcorn during the interval of the movie.,Kino tanaffusida men va do'stlarim popkorn buyurtma qildik.,popmaize,
courtroom,noun,B2,sud zali majlis zali,зал суда,The official room where a judge holds a trial to make legal decisions.,ˈkɔːtruːm,21608,places,Everyone stood up silently as the judge entered the large crowded courtroom.,Sudya sud zaliga kirib kelganida hamma jim bo‘lib o‘rnidan turdi.,court,
pointless,adjective,B1,ma'nosiz foydasiz,бессмысленный,Having no purpose or meaning because it cannot achieve any good result.,ˈpɔɪntləs,21610,describing,"Since the plan already failed, further discussion seems completely pointless to me.","Reja barbod bo‘lganidan keyin, bu haqda gaplashib o‘tirish mutlaqo ma'nosizdek tuyuladi.",useless futile,meaningful
outrageous,adjective,C1,juda adolatsiz g‘ayritabiiy,возмутительный,"Very shocking and morally wrong, often making people feel very angry.",aʊtˈɹeɪdʒəs,21612,ielts,It is outrageous that they are charging double prices for basic food.,Oddiy oziq-ovqat mahsulotlari uchun ikki barobar haq olishlari juda adolatsizlikdir.,shocking scandalous,reasonable
gracious,adjective,C1,xushmuomala nazokatli,любезный,"Behaving in a very polite, kind, and generous way to other people.",ˈɡɹeɪʃəs,21614,describing,She was gracious enough to thank everyone for their help and support.,U barchaga yordami va qo‘llab-quvvatlashi uchun minnatdorlik bildiradigan darajada xushmuomala edi.,polite courteous,rude
slaughter,verb,B2,so'ymoq qassoblik qilmoq,забивать,"To kill animals, usually for the purpose of eating their meat.",ˈslɔːtə,21616,food-drink,The farmer had to slaughter a sheep for the wedding feast.,To'y uchun fermer bitta qo'y so'yishga majbur bo'ldi.,butcher,
vest,noun,B2,nimcha,жилет,A sleeveless piece of clothing that you wear on the top half of your body.,vɛst,21618,clothes,He wore a smart blue vest over his white shirt for work.,U ishga oq ko'ylagi ustidan ko'k nimcha kiyib bordi.,waistcoat,
mechanic,noun,A2,mexanik usta,механик,"A person whose job is repairing machines, especially the engines of cars.",mɪˈkænɪk,21620,work,The car broke down so I called a mechanic to fix it.,"Mashinam buzilib qoldi, shuning uchun uni tuzatishga mexanik chaqirdim.",,
nana,noun,A1,buvi,бабушка,A word for a child's grandmother.,ˈnɑːnə,21622,people-family,Every Sunday we go to visit my nana for afternoon tea.,Har yakshanba biz buvimnikiga tushki choy ichgani boramiz.,grandmother,
saddle,noun,B2,egar,седло,A leather seat placed on the back of a horse for a person to sit on.,ˈsædl̩,21624,animals,He put the saddle on the horse before starting his long ride.,U uzoq yo‘lga chiqishdan oldin otiga egar qo‘ydi.,,
burial,noun,B2,dafn marosimi ko‘mish,захоронение,The ceremony of placing a dead body into the ground.,ˈbɛɹɪəl,21626,ielts,His whole family was present at his burial service last Sunday.,O‘tgan yakshanba kuni uning dafn marosimida butun oilasi ishtirok etdi.,funeral,
detention,noun,B2,hibsga olish qamoq,задержание,The state of being kept in a place and not allowed to leave.,dɪˈtɛnʃn̩,21628,ielts,The police kept him in detention for further questioning about the crime.,Politsiya uni jinoyat haqida so‘roq qilish uchun hibsda ushlab turdi.,custody,
vow,verb,C1,qasam ichmoq va'da bermoq,клясться,To make a serious promise to do something important or behave in a certain way.,vaʊ,21630,ielts,The rebels vowed to continue their fight until they won the war.,Isyonchilar urushda g‘alaba qozonmaguncha kurashni davom ettirishga qasam ichdilar.,pledge swear,
bake,verb,A2,pishirmoq,печь,To cook food using dry heat in an oven.,beɪk,21632,food-drink,I decided to bake a delicious cherry pie for my family today.,Men bugun oilam uchun mazali gilosli pirog pishirishga qaror qildim.,,
lightly,adverb,B1,yengil ohistalik bilan,легко,In a gentle way or without using much force or effort.,ˈlaɪtli,21634,describing,She touched his arm lightly to get his attention in the crowd.,U olomon ichida diqqatini tortish uchun uning yelkasiga yengil tegdi.,gently softly,heavily
gown,noun,B2,ko‘ylak mantya,мантия,"A long, elegant dress or an official robe worn for special ceremonies.",ˈɡaʊ̯n,21636,clothes,She wore a beautiful long gown to the graduation ceremony last night.,U kecha bitiruv marosimiga chiroyli uzun ko‘ylak kiyib bordi.,dress robe,
countryside,noun,A2,qishloq hududi tabiat qo'yni,сельская местность,Land that is far away from large cities where there are fields and few houses.,ˈkʌn.tɹiˌsaɪd,21638,places,They decided to spend their summer holiday in the quiet English countryside.,Ular yozgi ta'tilni sokin ingliz qishlog'ida o'tkazishga qaror qilishdi.,rural area,city
lethal,adjective,B2,o'limga olib keladigan halokatli,смертельный,Able to cause death or very serious harm to a living thing.,ˈliː.θəl,21640,ielts,The snake has a lethal venom that can kill a man quickly.,Bu ilonning zaxari o'ta halokatli bo'lib odamni tezda o'ldirishi mumkin.,deadly fatal,harmless
swan,noun,B1,oqqush,лебедь,A large water bird with a long neck that is usually white.,swɒn,21642,animals,We watched the beautiful swan swimming across the quiet lake this morning.,Biz bugun ertalab ko'lda suzib yurgan go'zal oqqushni tomosha qildik.,,
moonlight,noun,B1,oy nuri,лунный свет,The soft light from the moon that appears during the night.,ˈmuːnlaɪt,21644,nature,We took a romantic walk in the garden under the bright moonlight.,Biz yorqin oy nuri ostida bog'da romantik sayr qildik.,moonshine,
scattered,adjective,B2,sochilib yotgan tarqoq,разбросанный,Spread out over a wide area rather than being together in one place.,ˈskætɚd,21646,describing,There were scattered clouds in the sky throughout the entire sunny afternoon.,Tushdan keyin quyoshli bo'lishiga qaramay osmonda tarqoq bulutlar bor edi.,dispersed spread,gathered
bandits,noun,B2,qaroqchilar bosqinchilar,бандиты,"Armed people who steal from others, usually while traveling in a group.",ˈbændɪts,21648,people-family,The travelers were afraid of bandits hiding in the dark forest.,Yo‘lovchilar qorong‘u o‘rmonda yashiringan qaroqchilardan qo‘rqishdi.,robbers outlaws,
crackling,noun,C1,qarsildoq yog‘li teri,шква́рки,"The crispy, salty skin or fat left over after roasting pork.",ˈkɹæk(ə)lɪŋ,21650,food-drink,The crackling on the roast pork was crunchy and very delicious.,Qovurilgan cho‘chqa go‘shtining terisi juda qarsildoq va mazali edi.,pork-rind crispy-fat,
loneliness,noun,B1,yolg‘izlik,одиночество,An unhappy feeling caused by being alone and having no friends or family.,ˈloʊnlinəs,21652,feelings,She suffered from deep loneliness after moving to a new city.,"U yangi shaharga ko‘chib o‘tgach, qattiq yolg‘izlikni his qildi.",isolation solitariness,companionship
gladly,adverb,B1,jon deb mamnuniyat bilan,охотно,In a way that shows you are happy and willing to do something.,ˈɡlædli,21654,feelings,"If you need any help with your project, I will gladly assist.","Agar loyihangizda yordam kerak bo‘lsa, jon deb yordam beraman.",willingly happily,
volcano,noun,B1,vulqon,вулкан,A mountain that can open and push out hot melted rock and gas from inside.,vɒlˈkeɪ.nəʊ,21656,nature,The island was created by the eruption of a massive active volcano.,Bu orol ulkan faol vulqonning otilishi natijasida paydo bo‘lgan.,,
accomplice,noun,C1,tilsimchi jinoyat sherigi,соучастник,A person who helps someone else to commit a crime.,əˈkɒm.plɪs,21658,ielts,The police caught the robber and his accomplice trying to flee town.,Politsiya o‘g‘rini va uning sherigini shahardan qochmoqchi bo‘lganida qo‘lga oldi.,associate partner,
bounty,noun,C1,mukofot puli,вознаграждение,A reward of money paid for catching or killing a wanted criminal.,ˈbaʊnti,21660,ielts,The government offered a large bounty for information leading to his arrest.,Hukumat uning hibsga olinishiga olib keladigan ma’lumot uchun katta mukofot e’lon qildi.,reward payment,
blunt,adjective,B2,o‘tmas dag‘al,тупой,Saying exactly what you think without trying to be polite or kind.,blʌnt,21662,describing,He gave a blunt answer because he did not want to waste time.,U vaqtni yo‘qotmaslik uchun juda ochiq va keskin javob berdi.,direct frank,polite
duel,noun,C1,yakkakurash dueli,дуэль,A fight or struggle between two people or groups to resolve a conflict.,ˈˈd͡ʒuːəl,21664,ielts,The two politicians fought a bitter duel over the new economic policy.,Ikkala siyosatchi yangi iqtisodiy siyosat bo‘yicha qattiq yakkakurash olib borishdi.,fight contest,
baba,noun,B1,buvi momo,бабушка,An affectionate name for a grandmother or an elderly woman in some Eastern European cultures.,ˈbɑːbɑː,21666,people-family,My dear baba always tells us interesting stories from her young life.,Mehribon buvijonim har doim bizga yoshligi haqida qiziqarli hikoyalar aytib beradi.,,
handcuffs,noun,B2,kishan,наручники,A pair of metal rings joined by a chain used to lock someone's hands together.,ˈhændkʌfs,21668,actions,The police put handcuffs on the suspect before taking him away quickly.,Politsiyachilar gumonlanuvchini olib ketishdan oldin unga kishan solishdi.,shackles,
supposedly,adverb,B2,go'yoki taxminan,предположительно,Used to show that something is believed to be true based on claims or rumors.,səˈpəʊ̯.zɪd.li,21670,ielts,The ancient treasure was supposedly hidden in this dark cave for centuries.,Qadimiy xazina go‘yoki asrlar davomida shu qorong‘i g‘orda yashiringan.,reportedly purportedly,
faggot,noun,C1,o'tin bog'lami,вязанка,A bundle of wooden sticks or brushwood tied together for use as fuel.,ˈfæɡ.ət,21672,nature,He gathered a large faggot to keep the campfire burning all night.,U gulxanni butun tun davomida yoqib turish uchun bir bog'lam o'tin yig'di.,bundle stack,
hunch,noun,B2,taxmin sezgi,предчувствие,A feeling or idea that something is true without evidence.,hʌnt͡ʃ,21674,feelings,I have a hunch that it will rain later this afternoon.,Bugun tushdan keyin yomg'ir yog'ishi haqida menda bir taxmin bor.,intuition gut,
stain,verb,B1,dog' qilmoq dog' tushirmoq,испачкать,To leave a dirty mark on something that is difficult to remove.,steɪn,21676,actions,Be careful not to stain your shirt with that red wine.,"Ehtiyot bo'ling, qizil vino bilan ko'ylagingizga dog' tushirib qo'ymang.",mark soil,
thoughtful,adjective,B1,e'tiborli g'amxo'r,заботливый,Showing kindness and thinking about what other people need or want.,ˈθɔːtfəl,21678,describing,It was very thoughtful of you to bring me some flowers.,Menga gul olib kelganingiz juda e'tiborli ish bo'ldi.,considerate kind,thoughtless
entertain,verb,B1,ko'ngil ochmoq xursand qilmoq,развлекать,To provide fun or enjoyment for other people.,ˌɛntəˈteɪn,21680,actions,They hired a magician to entertain the children at the party.,Ular ziyofatda bolalar ko'nglini ochish uchun sehrgar yollashdi.,amuse delight,
ambush,noun,C1,pistirma,засада,A surprise attack by people hiding and waiting for someone.,ˈæm.bʊʃ,21682,ielts,The soldiers were caught in an enemy ambush during the patrol.,Patrul paytida askarlar dushman pistirmasiga tushib qolishdi.,trap surprise,
childish,adjective,B1,bolalarcha,ребячливый,Behaving in a silly or immature way that is typical of a child.,ˈt͡ʃaɪldɪʃ,21684,describing,Stop this childish behavior and try to act like an adult.,"Bu bolalarcha qiliqlarni yig'ishtirib, katta odamdek harakat qil.",immature silly,mature
unstable,adjective,B2,beqaror nobarqar,неустойчивый,"Not steady or firm; likely to change, fall, or fail suddenly.",ʌnˈsteɪ.bəl,21686,describing,The economic situation in the region remains very unstable right now.,Mintaqadagi iqtisodiy vaziyat hozircha juda beqarorligicha qolmoqda.,changeable shaky,stable
politician,noun,B1,siyosatchi,политик,"A person who is professionally involved in politics, especially as a government official.",ˌpɒl.ɪˈtɪʃ.ən,21688,ielts,Many politicians promise to lower taxes during their election campaigns.,Ko‘pgina siyosatchilar saylovoldi kampaniyasi davrida soliqlarni kamaytirishga va’da berishadi.,statesman official,
amazed,adjective,A2,hayron qolgan ajablangan,поражённый,Feeling or showing great surprise or wonder about something.,əˈmeɪzd,21690,feelings,I was amazed at how quickly the children learned the song.,Bolalar qo‘shiqni shunchalik tez o‘rganib olganidan hayron qoldim.,astonished surprised,
hulk,noun,C1,eski kema vayrona,блокшив,"A large, heavy, and old ship that is no longer used for sailing.",hʌlk,21692,places,The old rusted hulk remained in the harbor for many years.,Eski zanglagan kema ko‘p yillar davomida portda qolib ketdi.,wreck,
drunken,adjective,B2,mast,пьяный,Being in a state where you have consumed too much alcohol.,ˈdɹʌŋkən,21694,describing,The drunken man struggled to walk in a straight line home.,Mast odam uyi tomon to‘g‘ri yura olmay qiynaldi.,intoxicated tipsy,sober
cane,noun,B1,hass hassa,трость,A stick that helps a person to walk more easily or steadily.,keɪn,21696,body-health,The elderly man used a wooden cane to help him walk today.,Keksa odam yurishiga yordam berishi uchun yog‘och hassadan foydalandi.,walking-stick,
avenge,verb,C1,qasos olmoq o‘ch olmoq,отомстить,To harm someone because they have harmed you or someone you love.,əˈvɛnd͡ʒ,21698,ielts,He vowed to avenge the death of his loyal family members.,U sadoqatli oila a'zolarining o‘limi uchun qasos olishga qasam ichdi.,revenge,
dexter,adjective,C2,o‘ng,правый,Relating to the right side of something.,ˈdɛks.tə,21700,describing,"In heraldry, the dexter side of the shield faces the viewer's left.",Geraldikada qalqonning o‘ng tomoni tomoshabinning chap tomoniga qarab turadi.,right,sinister
tease,verb,B2,taramoq,начесывать,To comb hair upwards towards the roots to make it look thicker and fuller.,tiːz,21702,body-health,She likes to tease her hair to give it more volume.,U sochiga hajm berish uchun uni tarashni yoqtiradi.,backcomb,
slam,verb,B2,qarsillatib yopmoq taq etib yopmoq,хлопать,To shut a door or window with a lot of force and loud noise.,slæm,21704,actions,Please do not slam the door when you leave the room.,Xonadan chiqayotganingizda eshikni qarsillatib yopmang.,bang crash,
shattered,adjective,C1,judayam charchagan holsiz,изможденный,Feeling extremely tired and exhausted after a long period of hard work.,ˈʃætɚd,21706,feelings,I stayed up all night working and now I am completely shattered.,"Butun tun ishladim, endi esa judayam charchab qoldim.",exhausted weary,
racket,noun,B2,shovqin gʻalva,шум,A very loud and unpleasant noise that makes it hard to hear anything else.,ˈɹækɪt,21708,describing,With all that racket outside I cannot hear myself think.,Tashqaridagi shovqin sababli o'z xayollarimga ham jam bo'la olmayapman.,din noise,
eighth,adjective,A2,sakkizinchi,восьмой,Coming after seven other things in a series or order.,eɪtθ,21710,basics,Today is the eighth day of our summer vacation together.,Bugun birgalikdagi yozgi ta'tilimizning sakkizinchi kuni.,,
finch,noun,B2,chugurchuq,зяблик,A small bird with a strong beak that mostly eats seeds.,fɪnt͡ʃ,21712,animals,A small colorful finch landed on the branch near my window.,Derazam yonidagi shoxga kichkina rang-barang chugurchuq qo‘ndi.,songbird,
regiment,noun,C1,polk,полк,A large group of soldiers that is part of an army.,ˈɹɛd͡ʒɪmənt,21714,ielts,The entire regiment marched across the field during the morning ceremony.,Butun polk ertalabki marosim vaqtida maydon bo‘ylab saf tortib o‘tdi.,battalion,
kin,noun,B2,qarindosh urug‘,родственники,A person's family or blood relatives.,kɪn,21716,people-family,He gathered all his kin for a large family celebration yesterday.,U kecha katta oilaviy bayram uchun barcha qarindoshlarini yig‘di.,relatives family,
frighten,verb,A2,qo‘rqitmoq vahimaga solmoq,пугать,To make someone feel suddenly scared or nervous.,ˈfɹaɪ.tən,21718,feelings,The loud noise of the thunder began to frighten the children.,Momaqaldiroqning baland ovozi bolalarni qo‘rqita boshladi.,scare terrify,reassure
spaghetti,noun,A1,spagetti,спагетти,A type of long and thin pasta made from flour and water.,spəˈɡɛti,21720,food-drink,Her mother was cooking spaghetti for dinner in the kitchen.,Onasi kechki ovqat uchun spagetti pishirayotgan edi.,,
snarling,adjective,B2,vovullagan vajohatli,рычащий,"Making a loud, rough sound with teeth showing in an angry way.",ˈsnɑːlɪŋ,21722,animals,The snarling dog scared me away without ever opening its mouth.,"Vovullagan it meni qo‘rqitib, yaqinlashtirmadi.",growling,
chili,noun,A2,achchiq qalampir,чили,"A small, hot-tasting red or green pepper used to add flavor to food.",ˈt͡ʃɪli,21724,food-drink,I added a little bit of fresh chili to my spicy soup.,Sho‘rvamga ozgina yangi achchiq qalampir qo‘shdim.,chili-pepper,
abducted,verb,C1,o‘g‘irlangan,похищенный,"Taken away by force, usually to be held as a prisoner.",æbˈdʌktɪd,21728,ielts,The famous scientist was abducted while walking home late at night.,Mashhur olim kechasi uyiga qaytayotganida o‘g‘irlab ketildi.,kidnapped,
panicked,adjective,B1,vahimaga tushgan sarosimaga tushgan,запаниковавший,Feeling suddenly very afraid and unable to think clearly.,ˈpænɪkt,21730,feelings,She felt panicked when she realized she had lost her passport.,"Pasportini yo‘qotib qo‘yganini bilib, vahimaga tushdi.",frightened,calm
shallow,adjective,B1,sayoz chuqurmas,мелкий,Having only a small distance from the top to the bottom.,ˈʃæləʊ,21732,describing,The water in this part of the lake is quite shallow indeed.,Ko‘lning bu qismidagi suv ancha sayoz ekan.,superficial,deep
feather,noun,B1,pat,перо,"One of the soft, light parts that cover a bird's body.",ˈfɛð.ə,21734,animals,I found a beautiful blue bird feather lying on the garden path.,Bog‘ yo‘lagida yotgan chiroyli ko‘k qush patini topib oldim.,,
untie,verb,B1,yechmoq bo‘shatmoq,развязывать,To open a knot or loosen something that is tied with a string.,ʌnˈtaɪ,21736,actions,Can you help me untie these tight shoelaces before we go out?,Ko‘chaga chiqishdan oldin bu mahkam bog‘langan bog‘ichlarni yechishga yordamlashib yuborasizmi?,loosen unfasten,tie
stalking,noun,C1,ta‘qib qilish,сталкинг,The illegal act of following or watching a person in a threatening way.,ˈstɔːkɪŋ,21738,ielts,Stalking is a serious crime that causes victims to feel constant fear.,Ta‘qib qilish – qurbonlarda doimiy qo‘rquv hissini uyg‘otadigan jiddiy jinoyatdir.,harassment,
phony,adjective,C1,qalbaki soxta,фальшивый,"Not real or honest, but made to appear as if it is true.",ˈfoʊni,21740,describing,He gave me a phony excuse for why he was late today.,U kechikkaniga soxta bahona aytdi.,fake artificial,genuine
whack,verb,B2,urmoq shalop etkazmoq,ударять,To hit something hard and with a loud sound.,ˈwæk,21742,actions,The player had to whack the ball hard to score a goal.,O'yinchi gol urish uchun to'pni qattiq tepishi kerak edi.,strike hit,
sniper,noun,C1,mergan,снайпер,A person who shoots at people from a hidden position far away.,ˈsnaɪ.pɚ,21744,ielts,The soldiers were warned about a hidden sniper in the area.,Askarlarni hududdagi yashiringan mergan haqida ogohlantirishdi.,sharpshooter marksman,
twilight,noun,B2,shom qorong'usi shom,сумерки,The time of day just after the sun has gone down.,ˈtwaɪˌlaɪt,21746,time,We enjoyed taking a long walk during the quiet summer twilight.,Biz yozgi sokin shom qorong'usida uzoq sayr qilishdan zavqlandik.,dusk evening,dawn
godfather,noun,B2,cho'qintirgan ota,крёстный отец,A man who promises to help raise a child during their religious initiation.,ˈɡɑdfɑðɚ,21748,people-family,My godfather gave me a nice gift on my birthday every year.,Cho'qintirgan otam har yili tug'ilgan kunimda menga chiroyli sovg'a berardi.,,
robe,noun,B1,xalat,халат,"A long, loose piece of clothing worn for comfort or official ceremonies.",ɹəʊb,21750,clothes,She put on her warm robe after coming out of the shower.,"U dushdan chiqqach, issiq xalatini kiyib oldi.",gown,
waist,noun,A2,bel,талия,The part of the body between the hips and the stomach.,weɪst,21752,body-health,She wore a black belt around her slim waist to look stylish.,U zamonaviy ko'rinish uchun ingichka beliga qora kamar taqib oldi.,,
disappointment,noun,B1,hafsalasizlik ko'ngilsizlik,разочарование,A feeling of sadness because something did not happen as you expected.,dɪsəˈpɔɪntmənt,21754,feelings,"To my great disappointment, the concert was cancelled at the last minute.","Hafsalalarim pir bo'lib, konsert oxirgi daqiqada bekor qilindi.",letdown,satisfaction
curry,noun,B1,karri,карри,A spicy South Asian dish served with rice or bread.,ˈkʌ.ɹi,21756,food-drink,We often go to the local Indian restaurant to eat spicy curry.,Biz ko'pincha achchiq karri yeyish uchun mahalliy hind restoraniga boramiz.,,
ominous,adjective,C1,yomonlikdan darak beruvchi xavfli,зловещий,Suggesting that something bad is likely to happen in the future.,ˈɒmɪnəs,21758,ielts,There was an ominous silence before the storm began to hit hard.,Bo'ron boshlanishidan oldin g'alati va xavfli sukunat hukm surdi.,threatening foreboding,promising
sunlight,noun,A2,quyosh nuri,сонечный свет,The light that comes from the sun during the day.,ˈsʌnˌlaɪt,21760,nature,The bedroom was filled with warm sunlight throughout the entire morning.,Yotoqxona ertalabdan kechgacha iliq quyosh nuri bilan to'lib turardi.,daylight,
casualties,noun,B2,qurbonlar talofatlar,потери,People who are killed or injured in an accident or a war.,ˈkæʒjuəltiz,21762,ielts,The government reported that there were no casualties after the big earthquake.,Hukumat kuchli zilziladan so'ng qurbonlar bo'lmaganini xabar qildi.,victims,
shin,noun,B2,boldir,голень,The front part of your leg between your knee and your ankle.,ʃɪn,21764,body-health,Soccer players wear pads to protect their shins from getting hurt.,Futbolchilar boldirlarini shikastlanishdan himoya qilish uchun maxsus qalqon taqishadi.,tibia,
urine,noun,B2,siydik,моча,The yellow liquid waste that is produced by the kidneys and leaves the body.,ˈjʊəɹɪn,21766,body-health,The doctor asked the patient to provide a sample of their urine.,Shifokor bemordan tahlil uchun siydik namunasini olib kelishni so‘radi.,,
foreman,noun,B2,brigadir usta,бригадир,A person who is in charge of a group of workers at a site.,ˈfɔː(ɹ).mən,21768,work,The foreman gave instructions to the team before starting the building work.,Qurilish ishlari boshlanishidan oldin brigadir jamoaga kerakli ko‘rsatmalarni berdi.,supervisor,
probation,noun,C1,sinov muddati,испытательный срок,A period of time during which a person is being tested for a new job.,ˌpɹə(ʊ)ˈbeɪʃən,21770,ielts,I will be on probation for three months before becoming a permanent employee.,Doimiy xodim bo‘lishimdan oldin uch oy davomida sinov muddatida bo‘laman.,trial,
pinch,verb,B1,chimchilab olish qisib qo‘ymoq,ущипнуть,To press a small amount of someone's skin tightly between your thumb and finger.,pɪnt͡ʃ,21772,actions,My little brother loves to pinch me when I am not looking.,Ukajonim qaramay qolganimda meni chimchilab olishni yaxshi ko‘radi.,squeeze,
chatting,verb,A2,suhbatlashish gurunglashish,болтовня,Talking in a friendly and informal way with someone about daily things.,ˈt͡ʃætɪŋ,21774,actions,The two friends spent the whole afternoon chatting about their summer plans.,Ikki do‘st butun tushdan keyin yozgi rejalari haqida suhbatlashib o‘tirdi.,talking conversing,
bandit,noun,B2,qaroqchi bosqinchi,бандит,"A person who robs others, usually as part of a group in a lawless area.",ˈbændɪt,21776,people-family,The mountain road was dangerous because of the local band of bandits.,Tog' yo'li mahalliy qaroqchilar guruhi tufayli juda xavfli edi.,robber outlaw,
destined,adjective,C1,taqdir qilingan mo'ljallangan,предназначенный,Certain to happen or to end in a particular way because of fate.,ˈdɛstɪnd,21778,ielts,She always felt that she was destined for a great acting career.,U o'zini buyuk aktrisalik martabasi uchun yaratilgan deb hisoblar edi.,fated predetermined,
limo,noun,B2,limuzin,лимузин,"A very long and expensive car, often with a driver.",ˈlɪ.məʊ,21780,travel,The famous singer arrived at the hotel in a long black limo.,Mashhur qo'shiqchi mehmonxonaga uzun qora limuzinda yetib keldi.,limousine,
utterly,adverb,C1,butunlay mutlaqo,совершенно,Completely or entirely to the maximum degree.,ˈʌtəli,21782,ielts,"When I realized I lost my passport, I felt utterly hopeless.","Pasportimni yo'qotganimni anglaganimda, o'zimni mutlaqo ojiz his qildim.",completely absolutely,
ironic,adjective,B2,kinoyali istehzoli,ироничный,Happening in a way that is the opposite of what you expected to happen.,aɪˈɹɒn.ɪk,21786,ielts,It is ironic that the firefighter's house burned down last night.,O‘t o‘chiruvchining uyi yonib ketgani juda g‘alati va kutilmagan holat.,sarcastic satirical,sincere
popping,noun,B1,paqirash tarsillash,хлопанье,"The short, sharp sound made when something bursts or snaps open.",ˈpɒpɪŋ,21788,actions,I heard the popping of balloons during the birthday party celebration.,Tug‘ilgan kun bayramida sharlarning tarsillagan ovozini eshitdim.,cracking snapping,
farther,adverb,A2,uzoqroq yiroqroq,дальше,At a greater distance in physical space.,ˈfɑːðə,21790,travel,We decided to drive a little farther to reach the lake.,Ko‘lga yetib olish uchun yana biroz uzoqroq haydashga qaror qildik.,further,nearer
skipper,noun,B2,kapitan sardor,шкипер,The person who is in charge of a ship or a sports team.,ˈskɪp.ə,21792,work,The team skipper led his players onto the field with confidence.,Jamoa sardori o‘z o‘yinchilarini maydonga ishonch bilan boshlab chiqdi.,captain leader,
flattered,adjective,B1,mamnun bo‘lgan ko‘ngli ko‘tarilgan,польщённый,Feeling very pleased and proud because someone said something kind about you.,ˈflæt.əd,21794,feelings,I was flattered by your kind words about my new project.,Yangi loyiham haqidagi iliq so‘zlaringiz meni juda mamnun qildi.,honored pleased,
coconut,noun,A2,kokos,кокос,A large round fruit with a hard brown shell and white flesh inside.,ˈkəʊ.kə.nʌt,21796,food-drink,We drank fresh coconut water while sitting on the sunny beach.,"Quyoshli sohil bo‘yida o‘tirib, yangi kokos suvidan ichdik.",,
hooray,interjection,A1,ura,ура,A word shouted to express great joy or victory.,həˈɹeɪ,21798,feelings,Hooray! We have finally finished all of our difficult exams today.,Ura! Biz nihoyat bugun barcha qiyin imtihonlarimizni topshirib bo‘ldik.,hurrah,
blessings,noun,B2,barakalar ne'matlar,благословения,Good things that happen to you and make your life better.,ˈblɛs.ɪŋz,21800,ielts,We should always be thankful for the many blessings in our lives.,Hayotimizdagi ko‘plab ne‘matlar uchun har doim shukr qilishimiz kerak.,benefits,
meaningless,adjective,B2,ma'nosiz befoyda,бессмысленный,Having no purpose or importance; not having any clear meaning.,ˈmiːnɪŋləs,21802,ielts,It is meaningless to argue about things that cannot be changed.,Hech narsani o'zgartirib bo'lmaydigan vaziyatda bahslashishning foydasi yo'q.,nonsensical senseless,meaningful
fade,verb,B2,so'nish xiralashish,увядать,"To slowly become less bright, loud, or strong until disappearing.",feɪd,21804,nature,The colors of the old photograph began to fade over time.,Eski suratning ranglari vaqt o'tishi bilan xiralashib ketdi.,dim wither,brighten
wretched,adjective,C1,baxtsiz sho'rlik,жалкий,"Feeling very unhappy, sick, or having an extremely poor quality of life.",ˈɹɛt͡ʃɪd,21806,feelings,"After the disaster, thousands of people lived in wretched conditions.",Falokatdan so'ng minglab odamlar juda og'ir sharoitda yashashdi.,miserable unhappy,happy
disappearance,noun,B2,yo'qolish g'oyib bo'lish,исчезновение,The process of someone or something becoming impossible to see or find.,dɪsəˈpɪəɹəns,21808,ielts,Wireless technology led to the disappearance of cords on old telephone handsets.,Simsiz texnologiyalar eski telefonlarning simlari yo'qolib ketishiga sabab bo'ldi.,vanishing,appearance
supermarket,noun,A1,supermarket do'kon,супермаркет,A large shop where you pick your own food and household goods to buy.,ˌsupɚˈmɑɹkət,21810,food-drink,I went to the local supermarket to buy some fresh food today.,Men bugun yangi mahsulotlar xarid qilish uchun mahalliy supermarketga bordim.,store,
pier,noun,B2,pristan prichal,пристань,A long platform built from the shore over water for ships or walking.,pɪə,21812,travel,Many people enjoy walking along the wooden pier during the summer evenings.,Ko'plab odamlar yozgi oqshomlarda yog'och pristandan yurishni yaxshi ko'rishadi.,jetty dock,
betrayal,noun,C1,xiyonat sotqinlik,предательство,The act of being disloyal to someone who trusts you.,bɪˈtɹeɪəl,21814,ielts,His betrayal of his best friend left everyone feeling very shocked and sad.,Uning o'z yaqin do'stiga qilgan xiyonati barchani hayratda qoldirdi va xafa qildi.,treachery,loyalty
keeper,noun,B1,saqlovchi qo'riqchi,хранитель,A person who looks after something or someone and keeps them safe.,ˈkiːpə,21816,actions,The lighthouse keeper ensured the light stayed on throughout the dark night.,Mayoq qo'riqchisi tun davomida chiroq o'chmasligini nazorat qilib turdi.,guardian custodian,
restless,adjective,B2,tinchsiz bezovta,беспокойный,Unable to stay still or quiet because of worry or boredom.,ˈɹɛstlɪs,21818,feelings,The restless child could not sit still in the classroom today.,Tinchsiz bola bugun sinfxonada jim o‘tira olmadi.,fidgety uneasy,calm
marvellous,adjective,B2,ajoyib ajoyibotli,изумительный,"Extremely good, pleasant, or causing great surprise and admiration.",ˈmɑːvələs,21820,describing,We had a marvellous time at the beautiful beach last summer.,O‘tgan yozda go‘zal sohilda ajoyib vaqt o‘tkazdik.,wonderful fantastic,dreadful
grudge,noun,C1,gina adovat,неприязнь,A feeling of deep anger or dislike towards someone for a past action.,ɡɹʌd͡ʒ,21822,ielts,It is not healthy to hold a grudge against your old friends.,Eski do‘stlaringizga nisbatan gina saqlash sog‘liq uchun foydali emas.,resentment bitterness,
submarine,noun,B1,suvosti kemasi,субмарина,A ship designed to operate completely underwater for long periods.,sʌb.məˈɹiːn,21824,travel,The navy submarine remained underwater during the entire training mission.,Harbiy dengiz floti suvosti kemasi o‘quv mashg‘uloti davomida suv ostida qoldi.,sub U-boat,surface ship
pawn,noun,B2,pishka,пешка,The smallest and least valuable chess piece that moves forward only.,ˈpɔːn,21826,actions,He lost his pawn early in the game to his opponent.,U o‘yin boshida raqibiga o‘z pishkasini boy berdi.,,
joker,noun,B1,hazilkash masxaraboz,шутник,A person who often tells jokes or tries to make people laugh.,ˈd͡ʒəʊkə,21828,people-family,He is a real joker and always makes us laugh at school.,U juda hazilkash yigit va maktabda bizni doim kuldiradi.,comedian clown,
whoops,interjection,A2,voy voy-bo,ой,A word used when you have made a small or clumsy mistake.,wʊps,21830,feelings,"Whoops, I accidentally dropped my glass of water on the floor.","Voy, bilmay suv stakanimni yerga tushirib yubordim.",oops,
porch,noun,B1,ayvon ayvona,крыльцо,A covered area just outside the front door of a house.,pɔːtʃ,21832,home,They sat on the porch and watched the rain fall outside.,"Ular ayvonda o‘tirib, yomg‘ir yog‘ayotganini tomosha qilishdi.",veranda,
boil,verb,A2,qaynatmoq,кипятить,To heat a liquid until it starts to bubble and turn into steam.,bɔɪ(ə)l,21834,food-drink,You need to boil some water to make a cup of tea.,Choy damlash uchun bir oz suv qaynatishingiz kerak.,cook heat,freeze
kneel,verb,B1,tizzalab o'tirmoq tiz cho'kmoq,стоять на коленях,To go down into a position where your knees are touching the floor.,niːl,21836,actions,You have to kneel down to look under the low bed.,Past karavot tagini ko'rish uchun tizzalab o'tirishingiz kerak.,,stand
clumsy,adjective,B1,beqaror eptishmas,неуклюжий,Moving or acting in a way that is not careful and often drops things.,ˈklʌmzi,21838,describing,He is very clumsy and often drops dishes in the kitchen.,"U juda eptishmas, oshxonada idishlarni tez-tez tushirib yuboradi.",awkward uncoordinated,graceful
ammunition,noun,C1,o'q-dori,боеприпасы,Things like bullets or shells that are fired from weapons in a war.,ˌæmjuˈnɪʃən,21840,ielts,The soldiers ran out of ammunition during the long battle.,Uzoq davom etgan jangda askarlarning o'q-dorisi tugab qoldi.,ammo,
sushi,noun,A2,sushi,суши,A Japanese food made of small balls of rice with fish or vegetables.,ˈsuːʃi,21842,food-drink,He went to a Japanese restaurant and ordered sushi and noodles.,"U yapon restoraniga borib, sushi va lag'mon buyurtma qildi.",,
chandler,noun,C2,ta'minotchi,поставщик,"A dealer who supplies specialized equipment or provisions, often for ships.",ˈt͡ʃændlɚ,21844,work,The ship chandler delivered fresh supplies before the vessel left the port.,Kema portdan chiqib ketishidan oldin ta'minotchi yangi mahsulotlarni yetkazib berdi.,supplier,
brady,verb,C2,yurak urishi sekinlashmoq,замедлять сердечный ритм,To experience an abnormally slow heartbeat of under sixty beats per minute.,ˈbreɪdi,21846,body-health,The patient began to brady during the intense monitoring of his heart.,Yurak monitoringi davomida bemorning yurak urishi sekinlashib qoldi.,,
greed,noun,B2,ochko'zlik tamagirlik,жадность,An excessive and selfish desire for more money or possessions than you need.,ɡɹiːd,21848,feelings,His uncontrollable greed led him to make many dishonest business decisions.,Uning nazorat qilib bo'lmaydigan ochko'zligi ko'plab nohalol biznes qarorlariga olib keldi.,avarice covetousness,generosity
unlucky,adjective,A2,omadsiz baxtsiz,неудачливый,Having bad luck or experiencing unpleasant things that are not your fault.,ʌnˈlʌki,21850,describing,I was very unlucky to lose my passport on the first day.,Pasportimni birinchi kuniyoq yo'qotib qo'yganim juda omadsiz holat bo'ldi.,unfortunate,lucky
hike,noun,B1,piyoda sayohat,поход,"A long walk in the countryside, usually taken for pleasure or exercise.",haɪk,21852,travel,We went on a long hike through the mountains last weekend.,O'tgan dam olish kunlari tog'larda uzoq piyoda sayohat qildik.,trek walk,
dagger,noun,C1,xanjar,кинжал,"A short, sharp knife used as a weapon for stabbing.",ˈdæɡəː,21854,actions,The historical exhibit featured an ancient dagger with an ornate gold handle.,Tarixiy ko'rgazmada oltin dasta bilan bezatilgan qadimiy xanjar namoyish etildi.,dirk knife,
chow,noun,C1,ovqat yegulik,еда,An informal way to refer to food or a meal.,t͡ʃaʊ,21856,food-drink,We stopped at a small diner to get some hot chow.,Biz issiq ovqatlanib olish uchun kichik kafeda to'xtadik.,food meal,
handwriting,noun,A2,xat xati yozuv,почерк,The particular way a person forms letters when writing by hand.,ˈhændɹaɪtɪŋ,21858,school,It is difficult to read his handwriting because he writes so quickly.,U juda tez yozgani uchun xatini o'qish qiyin.,script,
mock,verb,B2,masxara qilmoq kamsitmoq,насмехаться,To laugh at someone or make fun of them in an unkind way.,mɒk,21860,actions,It is not polite to mock people who are different from you.,O‘zingdan farqli odamlarni masxara qilish odobdan emas.,ridicule taunt,respect
shelly,adjective,C1,chiganoqli,ракушечный,Covered with or consisting of many shells from sea creatures.,ˈʃɛli,21862,nature,We spent the afternoon walking along the beautiful shelly beach.,Biz tushdan keyin chiganoqqa to‘la go‘zal sohil bo‘ylab sayr qildik.,,
clap,verb,A2,qarsak chalmoq,хлопать,To hit your hands together many times to show you liked a performance.,klæp,21864,actions,The audience started to clap loudly after the singer finished the song.,"Xonanda qo‘shiqni tugatgach, tomoshabinlar qarsak chalishni boshlashdi.",applaud,
mustache,noun,B1,mo‘ylov,усы,Hair that grows on a man's upper lip.,mʌˈstɑːʃ,21866,body-health,He decided to grow a thick mustache for the winter season.,U qish fasli uchun qalin mo‘ylov o‘stirishga qaror qildi.,,
offence,noun,B2,huquqbuzarlik jinoyat,правонарушение,An illegal act that is against the law.,əˈfɛns,21868,ielts,Driving without a valid license is a serious traffic offence.,Hujjatlarsiz haydash jiddiy yo‘l harakati qoidabuzarligi hisoblanadi.,crime violation,
sultan,noun,B2,sulton,султан,A king or ruler in some Muslim countries.,ˈsʌltən,21870,ielts,The sultan built a magnificent palace in the center of the city.,Sulton shaharning markazida muhtasham saroy qurdirgan.,ruler monarch,
fortress,noun,B2,qal’a qo‘rg‘on,крепость,"A large, strong building or place used for protection against an enemy.",ˈfoɹ.tɹɪs,21872,places,"The old fortress stood on the hill, overlooking the entire valley.","Qadimiy qal’a tepalikda joylashib, butun vodiyga nazar solib turardi.",fort stronghold,
café,noun,A1,kafe choyxona,кафе,"A small shop where you can buy coffee, drinks, and light meals to eat there.",ˌkæˈfeɪ,21874,food-drink,We met at a local café to chat over a cup of coffee.,Kofe ustida suhbatlashish uchun mahalliy kafeda uchrashdik.,coffeehouse,
peel,verb,A2,artmoq po‘stini archmoq,чистить,"To remove the outer skin or covering from a fruit, vegetable, or other thing.",piːl,21876,food-drink,I helped my mother peel some fresh oranges for the fruit salad.,Onamga mevali salat uchun yangi apelsinlarni archishga yordam berdim.,skin pare,
petrol,noun,A2,benzin,бензин,A liquid made from oil that is used to provide power for car engines.,ˈpɛt.ɹəl,21878,travel,We stopped at the gas station to fill up with more petrol.,Mashinaga benzin quyish uchun zapravkada to‘xtadik.,gas fuel,
warp,verb,C1,qiyshaymoq qiyshaytirmoq,деформироваться,"To become bent or twisted out of shape, often because of heat or moisture.",wɔːp,21880,ielts,The wooden door began to warp after the heavy rain and humidity.,Kuchli yomg‘ir va namlikdan keyin yog‘och eshik qiyshayib qoldi.,distort twist,straighten
muttering,noun,B2,g‘o‘ldirash pichirlash,бормотание,"Quiet, unclear speech usually showing that someone is unhappy or complaining about something.",ˈmʌt.ər.ɪŋ,21882,feelings,I could hear the angry muttering of the students in the back row.,Orqa qatordagi talabalarning jahldor g‘o‘ldirashlarini eshita oldim.,murmuring grumbling,
shook,verb,A1,silkitdi qimirlatdi,тряс,Past tense of shake; to move something quickly up and down or side to side.,ʃʊk,21884,actions,He shook the bottle well before pouring the juice into the glass.,Sharbatni stakanga quyishdan oldin u idishni yaxshilab silkitdi.,trembled vibrated,
swine,noun,C1,cho'chqa,свинья,"A farm animal that produces pork, often used as a dirty or insulting word.",swaɪn,21886,animals,The farmer decided to raise swine to sell at the local market.,Fermer mahalliy bozorda sotish uchun cho'chqa boqishga qaror qildi.,pig hog,
jingle,noun,B2,qo'shiqcha reklamalik taron,рекламная песенка,A short and catchy song used in commercials to help people remember a product.,ˈd͡ʒɪŋɡl̩,21888,ielts,That catchy jingle has been stuck in my head all day today.,O'sha yopishqoq taronani butun kun davomida kalla-u xayolimdan chiqara olmadim.,melody tune,
lordship,noun,C2,janob hazratlari,милорд,A formal title used when speaking to a high-ranking man such as a judge.,ˈlɔːd.ʃɪp,21890,ielts,May I address your lordship regarding the new evidence in this court case?,Sud ishi bo'yicha yangi dalillar yuzasidan janob sudya bilan gaplashsam maylimi?,title rank,
peach,noun,A2,shaftoli,персик,"A soft, round, sweet fruit with yellow-orange skin and a large stone inside.",ˈpiːt͡ʃ,21892,food-drink,I love eating a ripe peach on a hot summer afternoon.,Yozning issiq tushida pishgan shaftoli yeyishni juda yaxshi ko'raman.,,
alongside,preposition,B2,yonma-yon yonida,рядом с,Close to the side of something or someone.,əˌlɒŋˈsaɪd,21894,ielts,The new hospital was built alongside the existing medical center.,Yangi kasalxona mavjud tibbiyot markazi yonida qurildi.,beside next to,
nerd,noun,B2,aqlli odam kompyuter ishqibozi,ботаник,A person who is very interested in computers or technical topics.,nɜːd,21896,people-family,He is a computer nerd who spends all his time coding.,U bor vaqtini dasturlashga sarflaydigan kompyuter ishqibozi.,geek,
crook,verb,C1,bukmoq egmoq,сгибать,To bend your finger or arm into a curved shape.,kɹʊk,21898,actions,He had to crook his finger to hook it around the ring.,U halqani ilib olish uchun barmog'ini bukib qo'ydi.,bend curve,straighten
mack,noun,C2,yomg'irpo'sh plash,плащ,A light coat that protects the wearer from rain.,mæk,21900,clothes,I put on my mack before walking out into the heavy rain.,Kuchli yomg'irda ko'chaga chiqishdan oldin yomg'irpo'shimni kiydim.,raincoat,
grasp,verb,B2,anglamoq tushunmoq,понимать,To understand a complicated idea or concept clearly.,ɡɹɑːsp,21902,ielts,I find it difficult to grasp the rules of this new game.,Ushbu yangi o'yin qoidalarini tushunish menga qiyin bo'lyapti.,understand comprehend,
humiliating,adjective,B2,xalqni sharmanda qiladigan kamsituvchi,унизительный,"Making someone feel ashamed, embarrassed, or less important.",hjuːˈmɪliˌeɪtɪŋ,21904,feelings,It was a humiliating experience to fail the test in front of everyone.,Hamma oldida imtihondan yiqilish juda sharmandali holat edi.,shaming degrading,dignifying
quarrel,noun,B2,janjal tortishuv,ссора,An angry argument or disagreement between people.,ˈkwɒɹ(ə)l,21906,ielts,They had a minor quarrel about who should wash the dishes.,Idishlarni kim yuvishi kerakligi haqida ular biroz tortishib qolishdi.,argument dispute,agreement
lively,adjective,B1,jonli faol,оживленный,"Full of energy, excitement, or activity.",ˈlaɪv.li,21908,describing,The party was very lively with music and dancing all night.,Kechasi bilan musiqa va raqslar bilan bazm juda jonli o'tdi.,energetic active,dull
fury,noun,C1,g'azab shiddat,ярость,"A state of feeling or acting with very strong, uncontrolled anger.",ˈfjʊə.ɹi,21910,feelings,The storm hit the coast with the full fury of the ocean.,To'fon qirg'oqqa okeanning butun shiddati bilan yopirildi.,rage wrath,calm
policemen,noun,A2,politsiyachilar militsiyachilar,полицейские,Men who are members of the police force.,pəˈliːsmən,21912,people-family,The two policemen walked down the street to check the shops.,Ikki politsiyachi do'konlarni tekshirish uchun ko'cha bo'ylab yurib ketdi.,officers cops,
sensei,noun,B2,ustoz murabbiy,сэнсэй,"A teacher or master of a martial art, especially in Japanese styles.",ˈsɛnseɪ,21914,people-family,The sensei taught his students how to focus during the fight.,Ustoz o'z shogirdlariga jang paytida qanday diqqatni jamlashni o'rgatdi.,master mentor,
primitive,adjective,C1,ibtidoiy sodda,примитивный,Belonging to an early stage of human history or very simple and basic.,ˈpɹɪmɪtɪv,21916,ielts,The tribe lived in a primitive hut made of mud and wood.,Qabila loy va yog'ochdan yasalgan ibtidoiy kulbada yashardi.,simple ancient,advanced
reign,noun,C1,hukmronlik davr,правление,The period of time during which a king or queen rules a country.,ɹeɪn,21918,ielts,Many changes occurred during the queen's long reign over the country.,Qirolichaning mamlakatdagi uzoq hukmronlik davrida ko'plab o'zgarishlar yuz berdi.,rule sovereignty,
stash,verb,B2,yashirib qo'ymoq berkimoq,прятать,To store or hide something in a safe place for future use.,stæʃ,21920,actions,She decided to stash her extra cash inside a hollow book.,U ortiqcha pulini kovak kitob ichiga yashirib qo'yishga qaror qildi.,hide store,
peculiar,adjective,B2,g'alati noodatiy,необычный,"Something that is strange, odd, or not what you usually expect.",pɪˈkjuː.li.ə,21922,describing,The sky had a peculiar appearance just before the heavy rain started.,Katta yomg'ir boshlanishidan oldin osmon juda g'alati tusga kirdi.,odd strange,common
foreigners,noun,A2,chet elliklar,иностранцы,People who come from a country that is not your own.,ˈfɒɹ.ɪ.nəz,21924,people-family,Many foreigners visit our city to see the historical ancient monuments.,Ko'plab chet elliklar qadimiy yodgorliklarni ko'rish uchun shahrimizga tashrif buyurishadi.,,
fuse,verb,C1,eritib birlashtirmoq qo'shmoq,плавить,To join two or more things together by melting them.,fjuːz,21926,actions,The heat was high enough to fuse the different metal pieces together.,Issiqlik turli metall parchalarini eritib birlashtirish uchun yetarli edi.,melt blend,
freezer,noun,A1,muzlatgich,морозильник,A machine used to store food at very cold temperatures to keep it frozen.,fɹiːzə,21928,home,Please put the bag of frozen peas into the freezer right away.,"Iltimos, muzlatilgan no'xat solingan xaltani tezroq muzlatgichga qo'yib qo'y.",,
inheritance,noun,B2,meros,наследство,Money or property that you receive from someone after they have died.,ɪnˈhɛɹətəns,21930,ielts,She decided to use her inheritance to open a small local bakery.,"U o'z merosidan foydalanib, kichik mahalliy novvoyxona ochishga qaror qildi.",legacy,
bollocks,noun,C2,safsata bema'ni gap,чепуха,A rude way to describe something that you believe is completely untrue or nonsense.,ˈbɒ.ləks,21932,ielts,Don't listen to his story; it is a total load of bollocks.,"Uning gapiga quloq solma, bularning hammasi safsata.",absurdity nonsense,
swept,verb,A2,supurdi tozaladi,подмел,Moved a broom or brush across a floor to clean it.,swɛpt,21934,actions,She swept the dusty floor until it looked clean and shiny.,U chang bosgan yerni toza va yaltiroq bo'lguncha supurdi.,cleaned,
shovel,noun,B1,belkurak kurak,лопата,"A tool with a handle used for moving earth, snow, or other materials.",ˈʃʌv.əl,21936,home,He used a large shovel to clear the snow from the driveway.,U yo'lakdagi qorni tozalash uchun katta belkurakdan foydalandi.,spade,
misunderstood,adjective,B2,noto'g'ri tushunilgan anglashilmovchilik,неправильно понятый,Not judged or understood correctly by other people.,ˌmɪs.ʌn.dəˈstʊd,21938,describing,He is a misunderstood person who actually has a very kind heart.,"U aslida juda mehribon qalbli, ammo ko'pchilik uni noto'g'ri tushunadi.",underappreciated,
sensation,noun,B2,sezgi tuyg'u,ощущение,A physical feeling or awareness that comes when something touches your body.,sɛnˈseɪʃən,21940,body-health,I had a strange sensation of being watched by someone nearby.,Meni kimdir kuzatayotgandek g'alati bir tuyg'u sezdim.,feeling perception,
fugitive,noun,C1,qochqin,беглец,A person who is running away from the law or the police to avoid arrest.,ˈfjuːd͡ʒɪtɪv,21942,ielts,The police finally caught the fugitive after he hid for two weeks.,Politsiya ikki hafta yashiringan qochqinni nihoyat qo'lga oldi.,runaway escapee,
tidy,adjective,A2,ozoda tartibli,аккуратный,Kept in order and arranged neatly without any mess.,ˈtaɪ.di,21944,home,She always kept her desk immaculately tidy; nothing was ever out of place.,U ish stolini doim juda ozoda saqlardi; hamma narsa o'z joyida edi.,neat orderly,messy
jammed,adjective,B2,tiqilib qolgan band,"забитый, застрявший",Unable to move or open because something is stuck or crowded.,dʒæmd,21946,describing,The main road into the city was completely jammed with morning traffic.,Shaharga kiradigan asosiy yo‘l ertalabki tirbandlik tufayli butunlay to‘silib qolgan edi.,packed congested,clear
classy,adjective,B2,o‘ta didli nafis,"стильный, элегантный","Very stylish, elegant, and of high quality.",ˈklɑːsi,21948,describing,She looked very classy in her new black evening dress today.,U bugun yangi qora kechki libosida juda nafis ko‘rinardi.,chic elegant,tacky
mushrooms,noun,A2,qo'ziqorinlar,грибы,Fungi that grow in the ground or on decaying wood and are often eaten.,ˈmʌʃ.ruːmz,21950,food-drink,We went to the forest to pick mushrooms for our dinner.,Kechki ovqat uchun qo'ziqorin terishga o'rmonga bordik.,fungi,
millionaire,noun,B1,millioner,миллионер,A person who has at least one million dollars or other currency in total wealth.,ˌmɪl.i.əˈnɛə(ɹ),21952,ielts,The self-made millionaire donated a large amount of money to the hospital.,O'z mehnati bilan boyigan millioner shifoxonaga katta miqdorda pul xayriya qildi.,millionist,
cosmic,adjective,B2,kosmik koinotga oid,космический,"Relating to the universe and the stars, planets, and galaxies within it.",ˈkɒz.mɪk,21954,ielts,Scientists are studying cosmic rays to learn more about the early universe.,Olimlar koinotning ilk davrini o'rganish uchun kosmik nurlarni tadqiq qilmoqdalar.,universal,
vomit,verb,B2,qusmoq qayt qilmoq,рвать,To bring food or liquid up from your stomach and out through your mouth.,ˈvɒmɪt,21956,body-health,The spoiled milk made the little boy vomit all night long.,Achiq sut sababli kichkina bola tuni bilan qayt qilib chiqdi.,puke spew,
warmth,noun,B1,iliqlik issiqlik,тепло,A pleasant feeling of being warm or a friendly and kind attitude.,wɔːmθ,21958,describing,I love the warmth of the sun on my face in spring.,Bahorda yuzimga uriladigan quyosh nurlarining iliqligini yaxshi ko'raman.,heat kindness,coldness
alas,interjection,C1,afsus,увы,A word used to express that you are feeling sad or disappointed about something.,əˈlæs,21960,ielts,"I wanted to go out, but alas, it started raining heavily.","Tashqariga chiqmoqchi edim, lekin afsuski, qattiq yomg'ir yog'a boshladi.",unfortunately sadly,
overwhelming,adjective,B2,kuchli hayratlanarli,ошеломляющий,Very strong or great so that it is hard to deal with or resist.,ˌəʊvəˈ(h)wɛlmɪŋ,21962,ielts,She felt an overwhelming need to tell the truth to everyone.,U hamma narsani rostini aytib qo'yish kerak degan juda kuchli istakni his qildi.,staggering intense,
sherry,noun,B2,sherri xeres,херес,A type of strong alcoholic drink that is made from white grapes.,ˈʃɛɹi,21964,food-drink,Would you like a glass of sherry before we eat dinner?,Kechki ovqatdan oldin bir stakan sherri ichishni xohlaysizmi?,,
robbing,verb,B1,o'g'irlik talonchilik,грабёж,Taking property from a person or place illegally by using force or threats.,ˈrɒbɪŋ,21966,actions,The man was caught while robbing the small shop on the corner.,Haligi odam burchakdagi kichik do'konni o'g'irlayotganida qo'lga tushdi.,stealing theft,
laurel,noun,C1,g'alaba ramzi shon-sharaf,лавры,Public honor and fame that someone receives after a great achievement.,ˈlɒɹ.əl,21968,ielts,"After winning the gold medal, she decided to rest on her laurels.",Oltin medalni qo'lga kiritgach u erishgan yutuqlari bilan kifoyalanib qolishga qaror qildi.,glory fame,
drift,verb,B2,oqib ketish suzib yurish,дрейфовать,To move slowly especially when pushed by water or air currents.,dɹɪft,21970,nature,The small wooden boat began to drift slowly out to the sea.,Kichkina yog'och qayiq asta-sekin dengiz tomon oqib keta boshladi.,float wander,
ruthless,adjective,C1,shafqatsiz o'ta qattiqqo'l,безжалостный,Having no pity or care for other people's feelings when achieving something.,ˈɹuːθləs,21972,describing,The businessman was known for his ruthless approach to removing his competitors.,Tadbirkor raqobatchilarini yo'q qilishdagi shafqatsiz yondashuvi bilan tanilgan edi.,merciless cruel,compassionate
crappy,adjective,B2,sifatsiz yomon,паршивый,Of very poor quality or unpleasant.,ˈkɹæpi,21974,describing,I had a really crappy day at work because of the stress.,Ishdagi stress tufayli kunim juda yomon o'tdi.,lousy inferior,excellent
depressing,adjective,B1,tushkunlikka soladigan qayg'uli,удручающий,Making you feel very sad and without hope.,dɪˈpɹɛsɪŋ(ɡ),21976,feelings,Watching the depressing news on television makes me feel very sad.,Televizorda qayg'uli xabarlarni ko'rish odamni tushkunlikka soladi.,saddening gloomy,cheerful
