headword,pos,cefr_level,translation_uz,translation_ru,definition_en,ipa,frequency_rank,category,example_en,example_uz,synonyms,antonyms
york,verb,C2,qusmoq qayt qilmoq,блевать,To be sick and empty the contents of your stomach through your mouth.,jɔː(ɹ)k,14000,body-health,He had too much to drink and ended up yorking in the street.,U ko'p ichib qo'ydi va ko'chada qusib qo'ydi.,vomit puke,
texas,noun,C2,kemaning yuqori qavati,верхняя палубная надстройка,The highest structure or cabin deck located on a steamboat.,ˈtɛk.səs,14002,travel,The passengers gathered on the texas to enjoy the view of the river.,Yo'lovchilar daryo manzarasidan zavqlanish uchun kemaning yuqori qavatiga yig'ilishdi.,,
washington,noun,C2,bayroq talashish o'yini,игра в захват флага,A team sport where players try to capture an object from the other side.,ˈwɒʃɪŋtən,14004,actions,The children were playing washington in the park all afternoon.,Bolalar tushdan keyin parkda bayroq talashish o'yinini o'ynashdi.,agawan-base,
sony,noun,C1,o'g'il bolaga murojaat,сынок,A friendly or informal way to address a young boy or man.,ˈsɒni,14006,people-family,"Listen here, sony, you need to work harder if you want success.","Quloq sol, o'g'lim, agar muvaffaqiyatga erishmoqchi bo'lsang, qattiqroq ishlashing kerak.",sonny boy,
japan,verb,C2,laklamoq jilolamoq,лакировать,"To cover an object with a hard, shiny black varnish or lacquer.",d͡ʒəˈpæn,14008,actions,The artisan decided to japan the wooden box for a better finish.,Usta chiroyliroq ko'rinishi uchun yog'och qutini laklashga qaror qildi.,varnish lacquer,
netherlands,noun,B2,orqa dumi,задница,A slang term used to refer to a person's buttocks.,ˈnɛðərləndz,14020,body-health,He fell down and landed right on his nether regions today.,U yiqilib tushdi va qoq dumba qismiga urilib oldi.,butt bottom,
austin,noun,B1,Ostin,Остин,The capital city of the U.S. state of Texas.,ˈɔːstɪn,14022,places,I am planning to visit the city of Austin next summer.,Kelasi yozda Ostin shahriga borishni rejalashtiryapman.,,
missouri,noun,B1,Missuri,Миссури,A state located in the Midwestern region of the United States.,mɪˈzʊəri,14026,places,My cousin lives in the state of Missouri near the river.,Jiyanim Missuri shtatida daryo yaqinida yashaydi.,,
andrew,noun,A1,Endryu,Эндрю,A common masculine given name of Greek origin.,ˈændruː,14028,people-family,Andrew went to the park to meet his friends today.,Endryu bugun do'stlari bilan uchrashish uchun parkka bordi.,,
brian,verb,C2,cho'g'lamoq isitmoq,поддерживать огонь,To maintain heat or light near the opening of an oven or fire.,ˈbraɪən,14030,actions,You need to brian the oven carefully to bake the bread.,Nonni pishirish uchun o'choq olovini yaxshilab ushlab turishing kerak.,stoke heat,
daniel,noun,B2,orqa dumg'aza,зад,A slang term often used to refer to a person's buttocks.,ˈdænjəl,14032,body-health,He landed on his daniel after slipping on the icy floor.,"Muzlab qolgan polda sirg'anib ketib, dumg'aza qismiga yiqildi.",rear bottom,
maine,noun,B1,Men shtati,штат Мэн,A state located in the northeastern region of the United States.,meɪn,14036,places,They decided to spend their summer vacation in the state of Maine.,Ular yozgi taʼtilni Men shtatida oʻtkazishga qaror qilishdi.,,
sydney,noun,A2,Sidney shahri,Сидней,"The largest and most well-known city in Australia, located on the coast.",ˈsɪdni,14040,places,Many tourists visit the famous opera house when they travel to Sydney.,Sidneyga borgan koʻplab sayyohlar mashhur opera teatrini tomosha qilishadi.,,
louisiana,noun,B1,Luiziana shtati,Луизиана,A state in the southern United States known for its unique culture and food.,luˌiːziˈænə,14042,places,New Orleans is the most famous city found in the state of Louisiana.,Nyu-Orlean Luiziana shtatidagi eng mashhur shahar hisoblanadi.,,
wilson,noun,A2,Vilson familiyasi,Уилсон,A common English surname or a given name used for people.,ˈwɪlsən,14044,people-family,Our new neighbor is a very friendly man named Mr. Wilson.,Yangi qoʻshnimiz janob Vilson ismli juda xushmuomala odam.,,
stephen,noun,A2,Stiven ismi,Стивен,A common masculine given name of Greek origin.,ˈstiːvən,14046,people-family,I have a close friend named Stephen who lives in London.,Londonda yashaydigan Stiven ismli yaqin doʻstim bor.,,
elizabeth,noun,A2,Elizabet ismi,Элизабет,A common feminine given name often associated with royalty.,ɪˈlɪzəbəθ,14048,people-family,Queen Elizabeth was a very influential leader for many decades.,Qirolicha Elizabet koʻp oʻn yillar davomida juda nufuzli rahbar boʻlgan.,,
jeff,noun,C1,arqon,веревка,"A thick, strong cord or line used in circus performances.",dʒef,14050,actions,The acrobat carefully climbed the jeff to reach the high platform.,Akrobat baland platformaga chiqish uchun arqon boʻylab ehtiyotkorlik bilan koʻtarildi.,rope cord,
sweden,noun,A1,shvetsiya,Швеция,A country located in Northern Europe.,ˈswiːdən,14052,places,My cousin went to Sweden for a holiday last winter season.,Amakim o'tgan qish ta'tilida Shvetsiyaga dam olgani bordi.,,
mississippi,noun,A2,missisipi,Миссисипи,A very long and famous river in the United States.,ˌmɪsɪˈsɪpi,14054,places,The Mississippi River flows through the middle of the United States.,Missisipi daryosi Amerika Qo'shma Shtatlarining o'rtasidan oqib o'tadi.,,
connecticut,noun,B1,konnektikut,Коннектикут,A state located in the northeastern part of the United States.,kəˈnetɪkət,14056,places,He lives in a small town in the state of Connecticut.,U Konnektikut shtatidagi kichik bir shaharchada yashaydi.,,
jordan,noun,A2,iordaniya,Иордания,A country in the Middle East with many historical sites.,ˈd͡ʒɔɹdən,14060,places,Many tourists travel to Jordan to see the ancient city Petra.,Ko'plab sayyohlar qadimiy Petra shahrini ko'rish uchun Iordaniyaga borishadi.,,
lewis,noun,C2,tosh ko'tarish moslamasi,монтажная петля для камня,A metal tool used to lift very heavy stones into place during construction work.,ˈluːɪs,14064,work,The mason used a lewis to hoist the heavy granite into place.,Usta og'ir granitni ko'tarish uchun maxsus moslamadan foydalandi.,lewisson,
adam,noun,C2,bayramdan ikki kun oldingi vaqt,день перед сочельником,The day that occurs exactly two days before a major holiday like Christmas.,ˈæd.əm,14066,time,We began our final holiday preparations on the adam of Christmas day.,Biz bayram oldidan oxirgi tayyorgarlik ishlarini Rojdestvodan ikki kun oldin boshladik.,,
forth,adverb,C1,oldinga tashqariga,вперед наружу,"Moving forward in space or time, away from a starting point.",fɔːθ,14068,actions,The scouts went forth into the forest to find a new path.,Qidiruvchilar yangi yo‘l topish uchun o‘rmon ichkarisiga qarab ketishdi.,forward onward,back
occurred,verb,B2,yuz berdi sodir bo'ldi,произошло,Happened or took place at a specific time or in a specific situation.,əˈkɝd,14070,ielts,The accident occurred late last night while most people were already asleep.,"Baxtsiz hodisa kecha tunda, ko'pchilik uxlab yotgan vaqtda yuz berdi.",happened transpired,
dutch,noun,B1,gollandiyalik golland,голландский,Relating to the people or language of the Netherlands.,dʌt͡ʃ,14074,places,The Dutch people are famous for their excellent system of water management.,Golland xalqi o'zining ajoyib suv resurslarini boshqarish tizimi bilan mashhur.,netherlands,
poland,noun,A1,polsha,польша,A country located in Central Europe with Warsaw as its capital city.,ˈpəʊlənd,14076,places,I am planning a trip to visit several beautiful cities in Poland.,Men Polshadagi bir nechta chiroyli shaharlarni ko'rish uchun sayohat rejalashtiryapman.,,
detroit,noun,B2,detroyt,детройт,"A major city in the United States, historically known for its large automobile manufacturing industry.",dɪˈtrɔɪt,14078,places,Detroit is widely considered the heart of the American car manufacturing industry.,Detroyt Amerika avtomobilsozlik sanoatining yuragi deb hisoblanadi.,,
alexander,noun,C1,aleksandr,александр,A common male name of Greek origin meaning defender of the people.,ˌælɪɡˈzændɚ,14080,people-family,Alexander is a very popular name used in many different countries today.,Aleksandr bugungi kunda ko'plab mamlakatlarda juda mashhur ism.,,
birmingham,noun,B1,birmingem,бирмингем,"A large city in England, known for its industrial heritage and central location.",ˈbɜːmɪŋəm,14084,places,We visited Birmingham to see the famous shopping centers and museums there.,Biz u yerdagi mashhur savdo markazlari va muzeylarni ko'rish uchun Birmingemga bordik.,,
hamilton,noun,C1,o'n dollarlik,десятидолларовая купюра,Informal term used to describe a ten-dollar bill in the United States currency.,ˈhæmɪltən,14092,places,He pulled a Hamilton from his wallet to pay for the coffee.,U qahva haqini to'lash uchun hamyonidan o'n dollarlik chiqardi.,,
harris,noun,C2,nasha giyohvandlik,наркотик,A slang term for a drug made from dried hemp plant leaves.,ˈhæɹɪs,14096,body-health,I would rather stay home with some harris than go out.,Tashqariga chiqqandan ko‘ra uyda o‘tirib nasha chekkanim ma’qulroq.,cannabis weed,
tiffany,noun,C2,yupqa mato shoyi,тонкая ткань,A type of very light and thin fabric often made from silk.,ˈtɪfəni,14098,clothes,She wore a dress made of light tiffany for the wedding.,To‘y uchun u yupqa shoyi matodan tikilgan ko‘ylak kiyib oldi.,gauze muslin,
limousines,noun,B2,limuzinlar,лимузины,Large luxury cars that are often driven by a professional driver for important people.,ˈlɪməziːnz,14100,travel,The famous actors arrived at the big award ceremony in black limousines.,Mashhur aktyorlar katta taqdirlash marosimiga qora limuzinlarda yetib kelishdi.,limos,
testimonials,noun,B2,tavsiyanomalar mijozlar fikrlari,рекомендации отзывы,Written statements from people who have used a product or service successfully.,ˌtestɪˈməʊniəlz,14104,ielts,The website shows many positive testimonials from our very satisfied customers.,Veb-saytda mamnun mijozlarimizdan olingan ko'plab ijobiy tavsiyanomalar joylashtirilgan.,reviews feedback,
memories,noun,B1,xotiralar esdaliklar,воспоминания,Things that you remember from the past.,ˈmɛm.(ə.)ɹiz,14106,feelings,Looking at these old photos always brings back many happy memories.,Ushbu eski suratlarga qarash doimo ko'plab quvonchli xotiralarni yodga soladi.,recollections,
mayor,noun,B1,shahar hokimi,мэр,The person who is elected or chosen to lead the government of a city.,ˈmɛə,14108,places,The mayor gave a speech about the new park in the city.,Shahar hokimi yangi bog‘ haqida nutq so‘zladi.,official leader,
jokes,noun,A2,hazillar kulgili voqealar,шутки,Something that you say or do to make people laugh.,d͡ʒəʊks,14110,feelings,My brother always tells funny jokes to make us laugh during dinner.,Akam kechki ovqat paytida bizni kuldirish uchun doim qiziqarli hazillar aytadi.,gags fun,seriousness
chile,noun,A2,achchiq qalampir,чили,"A small, hot-tasting pod or fruit used to add spice to food.",ˈt͡ʃɪli,14114,food-drink,I added some fresh chile to the soup to make it spicy.,Sho'rvani achchiq qilish uchun unga ozgina yangi qalampir qo'shdim.,chili pepper,
trans,adjective,B2,transgender,трансгендерный,Relating to a person whose gender identity differs from their sex assigned at birth.,tɹænz,14116,ielts,The organization supports trans individuals in the local community with legal help.,Tashkilot mahalliy hamjamiyatdagi transgender insonlarga huquqiy yordam ko'rsatadi.,transgender,
acres,noun,B2,yer maydoni,акры,"A unit of land area equal to about 4,000 square meters.",ˈeɪ.kəz,14118,nature,They bought fifty acres of land to start a small family farm.,Ular kichik fermer xo'jaligini boshlash uchun ellik gektar yer sotib olishdi.,fields land,
config,noun,C1,sozlama konfiguratsiya,конфигурация,The specific way that a computer program or system is set up.,ˌkənˈfɪɡ,14120,work,You need to update the system config to enable the new feature.,Yangi funksiyani yoqish uchun tizim sozlamalarini yangilashingiz kerak.,setup settings,
terry,noun,C1,terri sochiq matosi,махровая ткань,A soft cotton fabric with raised loops used for towels and bathrobes.,ˈtɛɹi,14124,clothes,She wrapped herself in a warm and soft white terry bathrobe.,U o'zini issiq va yumshoq oq terri xalatga o'rab oldi.,towelling,
foto,noun,A1,rasm surat,фотография,An informal spelling of a picture made with a camera.,ˈfəʊtəʊ,14126,basics,Can you take a nice foto of me in the park?,Parkda mening chiroyli rasmimni tushirib bera olasizmi?,photo photograph,
indicators,noun,B2,ko'rsatkichlar belgilar,показатели,Signs or pieces of information that show the state or level of something.,ˈɪndɪkeɪtərz,14128,ielts,Economic indicators show that the country is growing very quickly this year.,Iqtisodiy ko'rsatkichlar bu yil mamlakat juda tez o'sayotganini ko'rsatmoqda.,signs markers,
laid,verb,A2,qo'yildi joylashtirdi,положил,Placed something in a flat or horizontal position.,leɪd,14130,actions,She laid the book on the table and went to the kitchen.,U kitobni stol ustiga qo'ydi-da oshxonaga chiqib ketdi.,placed set,lifted
blvd,noun,B1,bulvar keng ko'cha,бульвар,"A wide, main road in a town or city, usually with trees.",ˈbuːlvɑːr,14132,travel,They live in a beautiful apartment on Sunset Blvd.,Ular Sunset bulvaridagi go'zal bir xonadonda yashashadi.,avenue street,
warren,noun,C1,quyonlar inlari murakkab yo'laklar,кроличья нора,An area with many holes or underground tunnels where rabbits live together in large groups.,ˈwɒɹən,14136,nature,The rabbits disappeared quickly into the warren when the fox appeared nearby.,Tulki yaqinlashgan zahoti quyonlar tezda inlariga kirib ketishdi.,burrow tunnel,
philip,noun,B2,musicha chumchuq,домовый воробей,A small brown bird that lives in towns and cities throughout the world.,ˈfɪlɪp,14140,animals,A little philip was eating some breadcrumbs on the park bench.,Bog'dagi o'rindiqda bir kichkina chumchuq non ushog'ini yeb o'tirgan edi.,sparrow,
collins,noun,C1,kokteyl ichimligi,коктейль коллинз,"A refreshing cold drink made with spirit, lemon, sugar, and sparkling water.",ˈkɑlɪnz,14142,food-drink,The bartender prepared a classic gin collins for the summer party.,Barman yozgi bazm uchun klassik jin-kollins kokteylini tayyorlab berdi.,cocktail,
broadway,noun,B2,keng ko'cha sayilgoh,широкая улица эспланада,"A wide, open street or path, often used for walking or public enjoyment.",ˈbɹɔːdweɪ,14144,places,We enjoyed a long walk along the city's main paved broadway.,Biz shahar markazidagi keng sayilgoh bo'ylab uzoq sayr qildik.,esplanade boulevard,
parker,noun,B2,mashinani toxtatuvchi haydovchi,парковщик,A person who parks their vehicle in a parking space.,ˈpɑɹkɚ,14146,places,The parker struggled to fit his large truck into the tight space.,Haydovchi katta yuk mashinasini tor joyga qo'yishga qiynaldi.,,
ralph,verb,C1,qusmoq qayt qilmoq,блевать,To bring up food or drink from the stomach through the mouth.,ɹælf,14150,body-health,He started to ralph after eating the very spicy street food today.,"U juda achchiq ko‘cha taomini yegach, qusa boshladi.",vomit throwup,
morris,noun,C2,morris raqsi,моррис,A traditional English folk dance performed by people wearing special costumes.,ˈmɒɹɪs,14152,people-family,The villagers gathered in the square to perform the traditional morris dance.,Qishloq aholisi maydonda an’anaviy morris raqsini ijro etish uchun yig‘ilishdi.,folk-dance,
bestsellers,noun,B1,eng ko'p sotilgan kitoblar,бестселлеры,Books or other products that are very popular and sell in large numbers.,ˈbestˌseləz,14154,ielts,She loves reading the latest bestsellers during her long summer holidays.,U yozgi ta'tillarida eng ko'p sotilgan kitoblarni o'qishni juda yaxshi ko'radi.,hits favorites,
holland,noun,C2,zigir mato,голландское полотно,A smooth and strong type of linen cloth that was originally imported from Holland.,ˈhɒlənd,14156,clothes,The old shirt was made from a thick piece of sturdy holland fabric.,Ushbu eski ko'ylak qalin va pishiq zigir matodan tikilgan edi.,linen cloth,
veterans,noun,B2,faxriylar,ветераны,"People who have served in the military, usually during a long period of time.",ˈvɛ.tə.ɹənz,14158,people-family,Many veterans marched through the city to honor those who served before.,Ko'plab faxriylar o'z safdoshlarini xotirlash uchun shaharda yurish qildilar.,ex-soldiers,
sigma,noun,C2,sigma yunoncha harf,сигма,The eighteenth letter of the Greek alphabet or a symbol used in mathematics and statistics.,ˈsɪɡmə,14160,ielts,The researchers reported their findings at the five sigma level of certainty.,Tadqiqotchilar o'z natijalarini besh sigma aniqlik darajasida e'lon qilishdi.,,
recordings,noun,A2,yozuvlar audioyozuvlar,записи,Audio or video files that have been captured and saved for listening or watching later.,rɪˈkɔːrdɪŋz,14162,work,I listened to the recordings of the meeting to clarify the details.,Tafsilotlarni aniqlashtirish uchun yig'ilish yozuvlarini eshitib chiqdim.,tapes tracks,
thou,noun,C2,mingtalik ming,тысяча,An informal slang term used to refer to one thousand of something.,ðaʊ,14166,ielts,The fancy new watch ended up costing me about five thou today.,Bu qimmatbaho soat menga bugun besh mingga tushdi.,grand,
medicare,noun,C1,davlat tibbiy sug'urtasi,государственное медицинское страхование,A public system that provides health insurance and medical care for the people.,ˈmɛdɪkɛər,14170,body-health,The government provides medical insurance for all citizens through the medicare system.,Hukumat medicare tizimi orqali barcha fuqarolar uchun tibbiy sug'urta taqdim etadi.,healthcare insurance,
feelings,noun,A2,tuygular hislar,чувства,The emotional states or reactions that a person experiences inside themselves.,ˈfiː.lɪŋz,14172,feelings,It is important to talk about your feelings with your best friend.,Eng yaqin do'sting bilan his-tuyg'ularing haqida gaplashish juda muhim.,emotions sentiments,
commonwealth,noun,C1,hamdo'stlik davlat,содружество,An independent state or a group of nations working together for the public good.,ˈkɑmənˌwɛlθ,14174,ielts,The Commonwealth includes many nations that share common goals and values.,Hamdo'stlik umumiy maqsad va qadriyatlarga ega bo'lgan ko'plab davlatlarni o'z ichiga oladi.,union federation,
reputation,noun,B2,obro' nufuz,репутация,The common opinion that people have about what someone or something is like.,ˌɹɛpjʊˈteɪʃən,14176,ielts,The new manager has a reputation for being a stickler for details.,Yangi menejer mayda-chuyda ishlarga juda jiddiy qarashi bilan tanilgan.,name fame,
resistant,adjective,B2,chidamli qarshilik ko'rsatuvchi,устойчивый,Not harmed or affected by something like a disease or strong force.,ɹəˈzɪstənt,14178,describing,The bacteria became resistant to the common types of antibiotics used.,Bakteriyalar keng qo'llaniladigan antibiotiklarga nisbatan chidamli bo'lib qoldi.,tolerant immune,susceptible
hang,verb,A2,osmoq osilib turmoq,висеть,To be held at the top so that the bottom part moves freely.,ˈhæŋ,14180,actions,The heavy curtains hang from the ceiling to cover the windows.,Derazalarni yopish uchun og'ir pardalar shiftdan osilib turibdi.,suspend dangle,
curve,noun,B2,egri chiziq qayrilma,изгиб,A smooth and gradual bend in a line or surface.,kɜːv,14184,describing,You should slow down when approaching a sharp curve on the road.,Yo‘ldagi keskin burilishga yaqinlashganda tezlikni kamaytirish kerak.,bend turn,straight
creator,noun,B2,yaratuvchi ijodkor,создатель,A person who makes or invents something new.,kɹiːˈeɪ̯təː,14186,people-family,She is a popular digital creator on social media platforms.,U ijtimoiy tarmoqlardagi mashhur raqamli ijodkor hisoblanadi.,maker author,
amber,noun,B2,kahrabo sariq-jigarrang,янтарь,A hard yellowish-brown substance used for making jewelry.,ˈæm.bəː,14188,nature,The antique necklace was made of beautiful polished amber.,Bu qadimiy marjon chiroyli sayqallangan kahrabodan yasalgan edi.,,
qualifications,noun,B2,malaka diplom,квалификация,Official documents or skills that show you are qualified for a job.,ˌkwɑlɪfɪˈkeɪʃənz,14190,work,You need relevant academic qualifications to apply for this position.,Ushbu lavozimga ishga kirish uchun tegishli malaka hujjatlari kerak.,credentials,
slideshow,noun,B1,taqdimot slaydlar,слайд-шоу,A series of images shown on a screen one after another.,ˈslaɪdˌʃoʊ,14192,school,The teacher presented a slideshow to explain the history lesson.,O‘qituvchi tarix darsini tushuntirish uchun taqdimot namoyish etdi.,slide deck,
tracker,noun,B2,kuzatuvchi dastur,трекер,A device or software that follows the position or progress of something.,ˈtɹækə(ɹ),14194,actions,The fitness tracker records how many steps I take every day.,Fitnes treker har kuni qancha qadam bosganimni hisoblab boradi.,monitor,
variation,noun,B2,o‘zgarish xilma-xillik,разновидность,A change or a slight difference from the usual form of something.,ˌvɛəɹɪˈeɪʃn̩,14196,ielts,There is a slight variation in the color of these two products.,Bu ikki mahsulotning rangi o‘rtasida biroz farq bor.,difference diversity,uniformity
passage,noun,B2,parcha matn qismi,отрывок,A short section of a written work or a piece of music.,ˈpæsɪd͡ʒ,14198,ielts,Please read the following passage and answer the questions below it.,"Iltimos, quyidagi matn qismini o'qing va savollarga javob bering.",excerpt section,
transferred,verb,B1,ko'chirilgan uzatilgan,переведённый,Moved someone or something from one place to another.,tɹɑːnsˈfɜːd,14200,actions,He transferred all his files to a new computer last week.,U o'tgan hafta barcha fayllarini yangi kompyuterga ko'chirib o'tkazdi.,moved shifted,
trunk,noun,B2,magistral tan,туловище,"The main part of the human body, not including the head and limbs.",tɹʌŋk,14202,body-health,The exercises helped him strengthen the muscles in his trunk.,Mashqlar unga tanasining markaziy qismidagi mushaklarni baquvvat qilishga yordam berdi.,torso,
hiking,noun,A2,piyoda sayohat,пеший туризм,The activity of going for long walks in the countryside.,ˈhaɪkɪŋ,14204,travel,We are going hiking in the mountains this coming weekend.,Biz kelayotgan dam olish kunlari tog'larga piyoda sayohatga chiqamiz.,trekking,
headset,noun,B1,quloqchin garnitura,гарнитура,"A pair of headphones with a microphone, used for speaking and listening.",ˈhɛdsɛt,14206,work,The customer service agent wears a headset to answer calls clearly.,Mijozlarga xizmat ko'rsatish agenti qo'ng'iroqlarga aniq javob berish uchun garnituradan foydalanadi.,headphones,
photograph,noun,A1,surat rasm,фотография,A picture taken with a camera.,ˈfəʊ.təˌɡɹɑːf,14208,basics,She keeps a nice photograph of her family on the desk.,U ish stolida oilasining chiroyli suratini saqlaydi.,picture photo,
distributor,noun,B2,tarqatuvchi yetkazib beruvchi,дистрибьютор,A person or company that supplies goods to shops and other businesses.,dɪˈstrɪbjʊtə,14210,work,He works as a distributor for a large computer parts company.,U yirik kompyuter qismlari kompaniyasining distribyutori bo'lib ishlaydi.,supplier wholesaler,
hood,noun,A2,kapyushon,капюшон,A part of a jacket or coat that can be pulled up to cover your head.,hʊd,14212,clothes,It started raining so she pulled her hood up over her head.,Yomg'ir yog'a boshladi va u kapyushonini boshiga tortib oldi.,,
wrestling,noun,B1,kurash,борьба,A sport in which two people fight by holding and pushing each other on the ground.,ˈɹɛs.l̩.ɪŋ,14214,actions,My brother has been practicing freestyle wrestling for three years.,Ukam uch yildan beri erkin kurash bilan shug'ullanadi.,grappling,
suicide,noun,B2,o'z joniga qasd qilish,самоубийство,The act of intentionally killing oneself.,ˈs(j)uːɪˌsaɪd,14216,ielts,The charity provides support to those at risk of suicide.,Ushbu xayriya tashkiloti o'z joniga qasd qilish xavfi ostida bo'lganlarga yordam beradi.,,
photoshop,verb,B2,fotoshop qilish,фотошопить,To edit a digital image using special software to change how it looks.,ˈfəʊ.təʊ.ʃɒp,14218,actions,She photoshopped the picture to remove the background mess.,U rasmdagi ortiqcha narsalarni olib tashlash uchun uni fotoshop qildi.,edit retouch,
gathering,noun,B2,yig'ilish majlis,собрание,A social meeting or event where a group of people come together.,ˈɡæð.ə.ɹɪŋ,14222,actions,I met her at a local gathering of engineers and scientists.,Men u bilan muhandislar va olimlarning mahalliy yig'ilishida tanishdim.,assemblage,
projection,noun,C1,bo'rtib chiqqan qism bo'rtiq,выступ,A part of a surface that sticks out or protrudes from the main object.,pɹəˈd͡ʒɛkʃən,14224,describing,The cliff had many projections where birds could build their nests.,Qoyada qushlar uya qurishi mumkin bo'lgan ko'plab bo'rtiqlar bor edi.,protuberance,
chase,verb,B1,quvmoq ta'qib qilmoq,преследовать,To run after someone or something quickly in order to catch them.,t͡ʃeɪs,14226,actions,The police had to chase the thief through the busy city streets.,Politsiya o'g'rini gavjum shahar ko'chalari bo'ylab quvishga majbur bo'ldi.,pursue follow,
mathematical,adjective,B2,matematik,математический,Relating to math or showing extreme precision and accuracy.,ˌmæθ(.ə)ˈmæt.ɪ.kəl,14228,school,She solved the difficult mathematical problem in less than five minutes.,U murakkab matematik masalani besh daqiqadan kam vaqt ichida yechdi.,,
logical,adjective,B2,mantiqiy,логичный,"Reasonable and using clear, sound thinking to reach a conclusion.",ˈlɒd͡ʒɪkəl,14230,ielts,It is a logical decision to save money for your future needs.,Kelajakdagi ehtiyojlaringiz uchun pul tejash - mantiqiy qaror.,reasonable sensible,illogical
sauce,noun,A2,sous qayla,соус,A thick liquid served with food to add flavor or moisture.,sɔːs,14232,food-drink,This pasta is delicious because of the rich tomato sauce.,Bu makaron mazali pomidor sousi tufayli juda shirin.,,
fame,noun,B2,shon-shuhrat,слава,The state of being known or recognized by many people.,feɪm,14234,ielts,Many young people today dream of achieving global fame and success.,Bugungi kunda ko'plab yoshlar butun dunyoga mashhur bo'lishni orzu qiladi.,renown,obscurity
specialized,adjective,B2,ixtisoslashgan maxsus,специализированный,Having a high level of skill or knowledge in one particular area or subject.,ˈspeʃ.əl.aɪzd,14236,work,The hospital provides specialized care for patients with rare heart conditions.,Kasalxona yurak xastaliklari bilan og‘rigan bemorlar uchun ixtisoslashgan xizmat ko‘rsatadi.,expert professional,general
diagnostic,adjective,C1,tashxis qo‘yuvchi diagnostik,диагностический,Relating to the process of identifying a disease or problem by its signs.,daɪ.əɡˈnɒs.tɪk,14238,body-health,The doctor ordered several diagnostic tests to understand the cause of illness.,Shifokor kasallik sababini aniqlash uchun bir nechta diagnostika tekshiruvlarini tayinladi.,analytical investigative,
payable,adjective,B2,to‘lanishi kerak bo‘lgan,подлежащий оплате,Required to be paid at a particular time or in a specific situation.,ˈpeɪəbl̩,14240,work,Is the income tax payable at the end of the financial year?,Daromad solig‘ini moliya yili oxirida to‘lash kerakmi?,due owed,receivable
courtesy,noun,B2,odob axloq,вежливость,Polite behavior and respect shown towards other people.,ˈkɜːtəsi,14242,describing,He showed great courtesy by opening the door for all the guests.,"U barcha mehmonlarga eshikni ochib, yuksak odob ko‘rsatdi.",politeness kindness,rudeness
automobile,noun,B1,avtomobil mashina,автомобиль,"A road vehicle with an engine, designed to carry a small number of people.",ˈɔː.tə.məˌbiːl,14244,travel,The automobile industry has changed significantly over the last twenty years.,Avtomobil sanoati so‘nggi yigirma yil ichida sezilarli darajada o‘zgardi.,car vehicle,
confidential,adjective,B2,maxfiy sirli,конфиденциальный,Meant to be kept secret and not shared with other people publicly.,ˌkɒn.fɪˈdɛn.ʃəl,14246,ielts,You must keep all the information in this document strictly confidential.,Ushbu hujjatdagi barcha ma’lumotlarni qat’iy maxfiy saqlashingiz kerak.,private secret,public
statutory,adjective,C1,qonuniy belgilangan,законный,"Fixed, done, or required by law.",ˈstætjʊt(ə)ɹɪ,14248,ielts,The company failed to meet its statutory requirements for safety reporting.,Kompaniya xavfsizlik hisobotlari bo'yicha qonuniy talablarni bajara olmadi.,legal lawful,illegal
northeast,noun,B1,shimoli-sharq,северо-восток,The direction between north and east on a compass.,ˌnɔːθˈiːst,14250,travel,Our house is located in the northeast of the city.,Uyimiz shaharning shimoli-sharqiy qismida joylashgan.,,southwest
retired,adjective,B1,nafaqaxo'r nafaqaga chiqqan,отставной,"Having stopped working permanently, usually because of reaching a certain age.",ɹɪˈtaɪəd,14252,people-family,My grandfather is a retired teacher who enjoys gardening every day.,"Bobom nafaqadagi o'qituvchi bo'lib, har kuni bog'dorchilik bilan shug'ullanishni yoqtiradi.",pensioner,employed
paintings,noun,A2,rasmlar suratlar,картины,Pictures or images created by using paint on a surface like paper or canvas.,ˈpeɪntɪŋz,14254,describing,The museum has many beautiful oil paintings from the nineteenth century.,Muzeyda o‘n to‘qqizinchi asrga oid ko‘plab chiroyli suratlar bor.,pictures images,
bracelet,noun,B1,bilaguzuk,браслет,A piece of jewelry that you wear around your wrist.,ˈbɹeɪslət,14256,clothes,She wore a silver bracelet that sparkled under the bright lights.,U yorqin chiroqlar ostida yaltirab turgan kumush bilaguzuk taqib yurardi.,wristband,
injection,noun,B2,ukol ineksiya,инъекция,The act of putting medicine into the body using a needle.,ɪnˈd͡ʒɛk.ʃən,14258,body-health,The doctor gave the patient an injection to stop the pain.,Shifokor og‘riqni qoldirish uchun bemorga ukol qildi.,shot,
protective,adjective,B2,himoyalovchi himoya qiluvchi,защитный,Used to keep someone or something safe from harm or damage.,pɹəˈtɛk.tɪv,14260,describing,You should wear protective glasses when working with these chemicals.,Bu kimyoviy moddalar bilan ishlaganda himoya ko‘zoynagini taqib yurishingiz kerak.,defensive safe,vulnerable
acoustic,adjective,B2,akustik elektr bo‘lmagan,акустический,Relating to musical instruments that produce sound naturally without using electricity.,əˈkuː.stɪk,14262,ielts,He prefers playing the acoustic guitar rather than the electric one.,U elektr gitara o‘rniga akustik gitarada chalishni ma’qul ko‘radi.,analog,electric
railway,noun,A2,temiryo'l,железная дорога,A system of tracks and trains used for transporting people and goods between places.,ˈɹeɪlˌweɪ,14264,travel,We decided to travel across the country by the national railway system.,Biz mamlakat bo'ylab poyezdda sayohat qilishga qaror qildik.,railroad,
cassette,noun,B1,kasseta,кассета,A small plastic case containing magnetic tape used to record or play audio.,kəˈsɛt,14266,home,I found an old cassette in the attic containing my favorite songs.,Chordoqdan sevimli qo'shiqlarim yozilgan eski kassetani topib oldim.,tape,
initially,adverb,B2,dastlab boshida,изначально,At the beginning of a period or process.,ɪˈnɪʃəli,14268,ielts,"Initially, the project seemed difficult, but we completed it on time.","Loyiha boshida qiyin tuyulgan edi, lekin biz uni vaqtida tugatdik.",originally firstly,finally
indicator,noun,B2,ko'rsatkich belgisi,индикатор,A sign or piece of equipment that shows the state or level of something.,ˈɪn.dɪˌkeɪ.tə(ɹ),14270,ielts,The rising prices are a clear indicator of a struggling national economy.,Narxlarning ko'tarilishi iqtisodiyotdagi qiyinchiliklarning yaqqol ko'rsatkichidir.,sign measure,
fusion,noun,B2,qo'shilish birlashuv,слияние,The process of joining two or more things together to form one.,ˈfjuː.ʒən,14272,ielts,The restaurant is famous for its fusion of traditional and modern cuisine.,Bu restoran an'anaviy va zamonaviy oshxonaning uyg'unligi bilan mashhur.,merger combination,separation
sunglasses,noun,A1,quyoshdan saqlovchi ko'zoynak,солнечные очки,Dark glasses that you wear to protect your eyes from the bright sunlight.,ˈsʌnˌɡlɑːsɪz,14274,clothes,I always wear sunglasses when I go to the beach in summer.,Yozda plyajga borganimda har doim quyoshdan saqlovchi ko'zoynak taqib yuraman.,shades,
ruby,noun,B1,yoqut,рубин,A dark red precious stone often used in jewelry.,ˈɹuː.bi,14276,describing,"She was wearing a beautiful ring decorated with a large, bright ruby.",U katta va yorqin yoqut bilan bezatilgan chiroyli uzuk taqib yurgandi.,,
steering,noun,B1,boshqaruv tizimi rul,управление,The part of a vehicle that allows you to control the direction it moves in.,ˈstɪərɪŋ,14278,travel,The steering in my old car feels very loose when I drive.,Eski mashinamni haydaganimda boshqaruv tizimi juda bo'shashib qolganini sezaman.,,
beads,noun,A2,munchoq,бусы,"Small decorative objects with a hole through the middle, often worn on a string.",biːdz,14280,clothes,She wore a long string of colorful beads around her neck today.,Bugun u bo'yniga uzun rangli munchoq taqib olgan edi.,,
fortune,noun,B2,taqdir qismat,судьба,"The events that happen to a person throughout their life, especially good or bad luck.",ˈfɔːˌt͡ʃuːn,14282,ielts,She believes that her fortune will change for the better next year.,U kelgusi yili taqdiri yaxshi tomonga o'zgarishiga ishonadi.,fate destiny,
preference,noun,B2,afzallik tanlov,предпочтение,A stronger liking for one thing over another.,ˈpɹɛf(ə)ɹ(ə)ns,14284,ielts,Do you have a personal preference for tea or coffee in mornings?,Ertalab choy yoki kofeni ko'proq afzal ko'rasizmi?,,
canvas,noun,B2,mato polotno,холст,"A strong, rough cloth used by artists to paint on.",ˈkænvəs,14286,describing,The artist carefully stretched the white canvas over a wooden frame today.,Rassom bugun oq matoni yog'och ramka ustiga ehtiyotkorlik bilan tortdi.,,
parish,noun,C1,cherkov hududi,приход,A local area with its own church and community of believers.,ˈpæɹɪʃ,14288,places,The priest visited every family living within the local parish last week.,O'tgan hafta ruhoniy cherkov hududidagi barcha oilalarni ziyorat qildi.,,
cemetery,noun,B1,qabriston mozor,кладбище,A place where the bodies of dead people are buried.,ˈsɛm.ɪˌtɹi,14290,places,We visited the local cemetery to pay our respects to our ancestors.,Ajdodlarimizni xotirlash uchun mahalliy qabristonga bordik.,graveyard,
planner,noun,A2,rejalashtiruvchi kundalik,планировщик,A book or tool used to organize your daily schedule and important tasks.,ˈplænɚ,14292,work,I always write my important daily meetings in my small pocket planner.,Men muhim kundalik uchrashuvlarimni doimo cho'ntak kundaligimga yozib boraman.,,
exploration,noun,B2,izlanish tadqiqot,исследование,The act of traveling to a place to learn more about it.,ˌɛkspləˈɹeɪʃən,14294,ielts,The space exploration program led to many new technological discoveries for everyone.,Fazoni tadqiq etish dasturi barchamiz uchun ko‘plab yangi texnologik kashfiyotlarga yo‘l ochdi.,research investigation,
mins,noun,A1,daqiqa minut,минуты,Short form for units of time equal to sixty seconds.,mɪnɪts,14296,time,I will be ready in five mins if you wait for me.,"Agar kutib tursang, besh daqiqada tayyor bo‘laman.",minutes,
fewer,determiner,B1,kamroq,меньше,A smaller number of people or things.,ˈfjuː.ɚ,14298,describing,There are fewer cars on the road during the early morning hours.,Ertalabki soatlarda yo‘lda mashinalar kamroq bo‘ladi.,lesser,more
coupon,noun,B1,chegirma kuponi vaucher,купон,A paper or digital ticket that lets you buy something for a lower price.,ˈkuːˌpɒn,14300,work,I used a coupon to get a discount on my groceries today.,Bugun oziq-ovqat xaridimga chegirma olish uchun kupon ishlatdim.,voucher ticket,
stem,verb,C1,kelib chiqmoq asoslanmoq,происходить,To be caused by something or to start from a certain point.,stɛm,14302,ielts,Most of our problems stem from poor communication within the team.,Muammolarimizning aksariyati jamoa ichidagi noto‘g‘ri muloqotdan kelib chiqadi.,originate arise,
proxy,noun,C1,vakil ishonchli shaxs,представитель,A person or thing authorized to act on behalf of another person.,ˈpɹɒk.si,14304,ielts,He signed the legal document through his proxy during the meeting.,U yig‘ilish paytida hujjatlarni o‘z vakili orqali imzoladi.,representative substitute,
astronomy,noun,B2,astronomiya,астрономия,"The scientific study of the stars, planets, and space.",əˈstɹɑn.ə.mi,14306,nature,She decided to study astronomy because she loves looking at the stars.,U yulduzlarga qarashni yaxshi ko‘rgani uchun astronomiyani o‘rganishga qaror qildi.,stargazing,
drew,verb,A2,chizdi tortdi,рисовал,The past tense of the verb meaning to make a picture using a pen.,dɹuː,14310,actions,She drew a beautiful picture of the mountains during her holiday.,U ta’til paytida tog‘larning chiroyli rasmini chizdi.,sketched,
flu,noun,A2,gripp,грипп,"A common infectious illness that causes a fever, headache, and sore throat.",fluː,14312,body-health,I caught the flu and had to stay in bed all week.,Men gripp bo‘lib qoldim va butun hafta to‘shakda yotishga majbur bo‘ldim.,influenza,
translate,verb,B1,tarjima qilmoq,переводить,To express the meaning of words in a different language.,tɹɑːnzˈleɪt,14314,school,Can you translate this English sentence into Uzbek for me?,Ushbu inglizcha gapni menga o‘zbek tiliga tarjima qila olasizmi?,interpret,
costume,noun,A2,kiyim libos,костюм,A set of special clothes worn to look like someone else or for an occasion.,ˈkɒs.tjuːm,14316,clothes,We wore gorilla costumes to the party.,Biz kechaga gorillalar kiyimini kiyib bordik.,outfit disguise,
tagged,adjective,B1,belgilangan yorliqlangan,с меткой,Having a piece of paper or electronic device attached to show information.,tæɡd,14318,actions,All the tagged items are on sale.,Barcha belgilangan narsalar arzonlashtirilgan.,labeled marked,
killer,noun,B2,qotil,убийца,A person or thing that causes death or takes a life.,ˈkɪlə,14320,ielts,There is a killer on the loose in the city.,Shaharda qotil erkin yuribdi.,murderer assassin,
tune,noun,B1,ohang kuylash,мелодия,A series of musical notes that make a pleasant sound.,tjuːn,14324,describing,Eric played a catchy tune on his acoustic guitar.,Erik akustik gitarasida yoqimli bir kuyni chaldi.,melody song,
bishop,noun,C1,yeparxiya boshlig'i yepiskop,епископ,A senior member of the church in charge of an area.,ˈbɪʃəp,14326,ielts,The bishop gave a sermon during the Sunday service.,Yepiskop yakshanba kungi ibodat paytida va'z o'qidi.,clergyman pastor,
corn,noun,A2,makkajo'xori,кукуруза,A tall plant with yellow seeds on large cobs used for food.,ˈkɔːn,14328,food-drink,We had grilled corn for dinner last night.,Kecha kechki ovqatga qovurilgan makkajo'xori yedik.,maize grain,
compression,noun,C1,siqilish bosim,сжатие,The process of making something smaller or more compact by applying pressure.,kəmˈpɹɛʃ.ən,14330,ielts,The file compression software reduced the size of my heavy document.,Faylni siquvchi dastur hujjatim hajmini ancha kichraytirdi.,pressure compaction,expansion
seasonal,adjective,B1,mavsumiy,сезонный,Relating to or occurring only at a particular time of the year.,ˈsiːzənəl,14332,time,Many shops offer big discounts during the seasonal sales in January.,Ko'pgina do'konlar yanvar oyidagi mavsumiy chegirmalar vaqtida katta arzonchiliklar taklif qiladi.,periodic,nonseasonal
constitutional,adjective,C1,asosiy konstitutsiyaviy,конституционный,Relating to the basic structure or essential nature of something or someone.,ˌkɒn.stɪˈtjuː.ʃ(ə)n.(ə)l,14334,ielts,Freedom of speech is a constitutional right in many modern countries.,So'z erkinligi ko'plab zamonaviy davlatlarda konstitutsiyaviy huquq hisoblanadi.,fundamental structural,
grew,verb,A2,o'sdi o'stirildi,вырос,"The past tense of grow, meaning to become larger or increase in size.",ɡɹuː,14336,actions,My little sister grew so much during our summer holiday trip.,Kichik singlim yozgi ta'til vaqti davomida juda o'sib qoldi.,increased developed,shrank
perfectly,adverb,B1,mukammal benuqson,отлично,In a way that is completely right or correct without any faults.,ˈpɜː.fɪk(t).li,14338,describing,The cake was perfectly baked and tasted wonderful for the party.,Tort benuqson pishirilgan va ziyofatda juda mazali chiqdi.,flawlessly faultlessly,imperfectly
tin,noun,B1,konserva qutisi qalay,жестяная банка,A metal container used for storing food to keep it fresh for longer.,tɪn,14340,food-drink,I opened a tin of tuna to make a quick lunch sandwich.,Tushlikka tez tayyorlanadigan sendvich uchun bir quti konserva tunets ochdim.,can container,
slave,noun,B2,qul,раб,A person who is legally owned by someone else and forced to work.,sleɪv,14342,ielts,History shows the terrible conditions endured by a slave in the past.,Tarix o'tmishda qullarning qanchalik og'ir sharoitlarda yashaganini ko'rsatadi.,servant thrall,master
instantly,adverb,B2,darhol zahoti,немедленно,Happening immediately or very quickly without any waiting time.,ˈɪnstəntli,14344,time,She felt better instantly after drinking a glass of cold water.,Bir stakan sovuq suv ichgandan keyin u zahoti o'zini yaxshiroq his qildi.,immediately promptly,later
trek,verb,B2,piyoda yurish uzoq yo'l bosish,совершать длительный поход,"To go on a long and difficult journey, especially by walking through nature.",tɹɛk,14346,travel,We plan to trek through the mountains during our summer vacation.,Biz yozgi ta'tilimizda tog'lar bo'ylab piyoda yurishni rejalashtiryapmiz.,hike tramp,
encoding,noun,C1,kodlash shifrlash,кодирование,The process of changing information into a secret code or a specific computer format.,ɪnˈkoʊdɪŋ,14348,ielts,The software uses a special encoding to protect your private messages.,Dastur shaxsiy xabarlaringizni himoya qilish uchun maxsus kodlashdan foydalanadi.,encryption,decoding
litigation,noun,C2,sud jarayoni,судебный процесс,The process of taking a legal case to a court of law.,ˌlɪtɪˈɡeɪ̯ʃən,14350,ielts,The company faces expensive litigation after the accident at the factory.,Zavoddagi baxtsiz hodisadan so'ng kompaniya qimmat sud jarayonlariga duch keldi.,lawsuit action,
horizontal,adjective,B1,gorizontal yotiq,горизонтальный,"Lying flat or level, not going up or down.",ˌhɒɹɪˈzɒn.təl,14352,describing,Please draw a horizontal line across the middle of the paper.,"Iltimos, qog'ozning o'rtasidan gorizontal chiziq torting.",flat level,vertical
artwork,noun,B2,san'at asari ijod namunasi,произведение искусства,"A painting, sculpture, or any other object created for its beauty or meaning.",ˈɑːtˌwɜːk,14354,ielts,The gallery displays beautiful artwork from local artists of the region.,Galereyada hududning mahalliy rassomlari yaratgan chiroyli san'at asarlari namoyish etiladi.,art piece,
cosmetic,adjective,B2,yuzaki sathi,косметический,Affecting only the outside appearance rather than the essential quality or function.,kɒzˈmɛtɪk,14356,describing,The changes to the building were purely cosmetic and did not improve safety.,"Binoga qilingan o'zgarishlar faqat yuzaki bo'lib, xavfsizlikni yaxshilamadi.",superficial external,structural
terrorist,noun,B2,terrorchi,террорист,A person who uses violence and fear to achieve political or religious goals.,ˈtɛɹəɹɪst,14358,ielts,The government is working hard to prevent terrorist attacks in the city.,Hukumat shaharda terrorchilik hujumlarining oldini olish uchun qattiq ishlamoqda.,extremist militant,
informational,adjective,B1,axborotga oid ma'lumotli,информационный,Providing useful facts or information about a particular subject.,ˌɪnfəˈmeɪʃənəl,14360,ielts,The museum provided an informational brochure about the history of the region.,Muzey hudud tarixi haqida foydali ma'lumotlarni o'z ichiga olgan buklet taqdim etdi.,informative educational,
ecommerce,noun,B2,elektron tijorat,электронная коммерция,The activity of buying and selling products over the internet.,ˈiːˌkɒmɜːs,14362,work,The company has expanded its business through the growth of ecommerce.,Kompaniya elektron tijoratning rivojlanishi orqali o'z faoliyatini kengaytirdi.,online-shopping e-business,
mobility,noun,B2,harakatchanlik mobilik,мобильность,The ability to move freely or be moved easily from place to place.,mə(ʊ)ˈbɪlɪti,14364,ielts,Daily exercise helps maintain mobility and independence as you get older.,Kundalik mashqlar yoshi o'tgan sari harakatchanlik va mustaqillikni saqlashga yordam beradi.,movement agility,immobility
floral,adjective,B1,gulga oid gulli,цветочный,Decorated with flowers or related to flowers.,ˈfloɹəl,14366,describing,She decided to wear a beautiful floral dress to the summer party.,U yozgi bazmga chiroyli gul naqshli ko'ylak kiyishga qaror qildi.,flowery botanical,
struggle,verb,B1,qiynalish kurashish,бороться,To experience great difficulty while trying to do something.,ˈstɹʌɡəl,14368,actions,Many students struggle with learning a new language at the beginning.,Ko'pgina talabalar boshida yangi tilni o'rganishda qiynalishadi.,strive contend,succeed
suffering,noun,B2,azob uqubat,страдание,The state of feeling physical or emotional pain.,ˈsʌfəɹɪŋ,14370,feelings,The war caused immense suffering to the innocent people in the region.,Urush mintaqadagi begunoh odamlarga ulkan azob-uqubat keltirdi.,pain misery,happiness
fisher,noun,B1,baliqchi,рыбак,"A person who catches fish, especially for a living or as a hobby.",ˈfɪʃə,14372,people-family,The fisher caught many large fish in the river this morning.,Baliqchi bugun ertalab daryodan juda ko'p katta baliq tutdi.,angler,
rat,noun,A2,kalamush,крыса,A small animal like a mouse but larger with a long tail.,ɹæt,14374,animals,A large rat ran across the floor and hid under the table.,"Katta kalamush yugurib o'tib, stol ostiga yashirindi.",,
spears,verb,B2,nayza bilan sanchmoq,пронзать,"To pierce or strike something with a long, thin, pointed weapon.",spɪərz,14376,actions,The hunter spears the fish as it swims near the surface.,Ovchi baliq suv yuzasiga yaqin suzayotganda uni nayza bilan sanchdi.,pierce impale,
prospective,adjective,C1,bo'lajak potentsial,потенциальный,"Likely to happen, exist, or become something in the future.",pɹəˈspɛktɪv,14378,ielts,We are meeting with prospective students to explain the university programs.,Biz universitet dasturlarini tushuntirish uchun bo'lajak talabalar bilan uchrashyapmiz.,potential future,
bedding,noun,B1,ko'rpa-to'shak,постельное белье,"The sheets, blankets, and pillows used on a bed.",ˈbɛdɪŋ,14380,home,I need to wash the bedding before our guests arrive today.,Mehmonlarimiz kelguncha ko'rpa-to'shaklarni yuvib qo'yishim kerak.,bedclothes bedlinen,
ultimately,adverb,B2,pirovardida oxir-oqibat,в конце концов,Used to talk about what happens at the end of a long process.,ˈʌl.tɪ.mɪt.lɪ,14382,ielts,"Ultimately, the decision to change jobs was the best for him.","Oxir-oqibat, ishni o'zgartirish haqidagi qaror u uchun eng yaxshisi bo'ldi.",finally eventually,
equally,adverb,B1,teng ravishda barobar,одинаково,"In a way that is the same in amount, size, or value.",ˈiːkwəli,14384,describing,The money was shared equally among the three brothers.,Pul uch aka-uka o'rtasida teng taqsimlandi.,fairly evenly,unequally
spectacular,adjective,B2,ajoyib ajoyibotli,зрелищный,Very impressive and exciting to look at.,spɛkˈtæk.jʊ.lə,14386,describing,The fireworks display last night was absolutely spectacular.,Kecha tunda bo'lgan mushakbozlik juda ajoyib edi.,impressive stunning,
coordination,noun,B2,muvofiqlashtirish hamkorlik,координация,The ability to use different parts of the body together smoothly and effectively.,kəʊˌɔːdɪˈneɪʃən,14388,body-health,I am terrible at sports because I have very poor physical coordination.,"Sportga umuman qobiliyatim yo‘q, chunki harakatlarimni boshqarishda qiynalaman.",synchronization balance,clumsiness
connector,noun,B2,ulagich ulanish moslamasi,разъем,A small device used to join two electrical wires or cables together safely.,kəˈnɛktɚ,14390,work,Make sure the connector is firmly plugged into the back of the computer.,Ulagich kompyuterning orqa qismiga mahkam o‘rnatilganiga ishonch hosil qiling.,plug adapter,
brad,noun,C1,miq sim qoziqcha,гвоздь без шляпки,"A very thin, small nail used for attaching wood or fastening papers together.",bɹad,14392,home,He used a small brad to secure the delicate wooden frame piece.,U nozik yog‘och ramka qismini mahkamlash uchun kichkina mixchadan foydalandi.,nail pin,
combo,noun,B1,majmua qo‘shma to‘plam,комбинация,A set of different things sold together as a single product or meal.,ˈkɒmbəʊ,14394,food-drink,"I ordered the lunch combo which includes a burger, fries, and drink.","Men tushlik uchun burger, fri va ichimlikdan iborat to‘plamga buyurtma berdim.",combination set,
activation,noun,B2,faollashtirish ishga tushirish,активация,The process of making something start working or become active.,ˌæktɪˈveɪʃn̩,14396,ielts,The activation of the new security system will happen early tomorrow morning.,Yangi xavfsizlik tizimini ishga tushirish ertaga erta tongda amalga oshiriladi.,initiation trigger,deactivation
naturally,adverb,B1,tabiiyki o‘z-o‘zidan,естественно,Used to say that something is expected or happens without any effort.,ˈnæt͡ʃ.(ə.)ɹə.li,14398,describing,"Naturally, I was disappointed that I did not win the prize.","Tabiiyki, sovrinni yutmaganimdan ko‘nglim biroz qoldi.",obviously surely,artificially
tablet,noun,A2,dori tabletka,таблетка,"A small, solid piece of medicine that you swallow with water.",ˈtæblət,14400,body-health,The doctor told me to take one tablet after every single meal.,Shifokor har bir ovqatdan keyin bittadan dori ichishimni aytdi.,pill capsule,
jury,noun,B2,hakamlar hay'ati,жюри,A group of people who listen to the facts and decide if someone is guilty.,ˈd͡ʒʊəɹi,14402,ielts,The jury took three days to reach a final decision on the case.,Hakamlar hay’ati ish bo‘yicha yakuniy qarorga kelish uchun uch kun vaqt sarfladi.,judges panel,
tail,noun,A2,dum,хвост,The long part at the back of an animal's body.,ˈteɪ̯l,14404,animals,The dog wagged its tail when it saw its owner.,It egasini ko'rganida it dumini likillatdi.,,
charm,noun,B2,joziba jozibadorlik,обаяние,The quality of being pleasant and attractive to other people.,tʃɑːm,14406,feelings,He uses his natural charm to persuade people to help him.,U odamlarni yordam berishga ko'ndirish uchun o'zining tabiiy jozibasidan foydalanadi.,appeal charisma,boredom
lawn,noun,B1,maysazor chimzor,лужайка,An area of grass in a garden or park that is cut short.,lɔːn,14408,nature,We sat on the green lawn and enjoyed the warm sun.,"Biz yashil maysazorga o'tirib, iliq quyoshdan bahramand bo'ldik.",,
violent,adjective,B2,zo'ravon shafqatsiz,жестокий,"Involving physical force intended to hurt, damage, or kill someone.",ˈvaɪ.ə.lənt,14410,ielts,The film contains some violent scenes that are not for children.,Filmda bolalar uchun mos bo'lmagan ba'zi bir shafqatsiz sahnalar bor.,aggressive brutal,gentle
underwear,noun,A2,ichki kiyim,нижнее бельё,Clothes that you wear under your normal clothes next to your skin.,ˈʌndəwɛə,14412,clothes,He went to the store to buy some new cotton underwear.,U yangi paxtali ichki kiyim sotib olish uchun do'konga bordi.,,
basin,noun,B1,tovoq lagan,таз,"An open, round container used for holding liquid or washing things.",ˈbeɪs(ə)n,14414,home,She filled the basin with warm water to wash the fruit.,U mevalarni yuvish uchun idishni iliq suv bilan to'ldirdi.,sink bowl,
soup,noun,A1,shoʻrva taom,суп,"A hot, liquid food made by cooking meat or vegetables in water.",suːp,14416,food-drink,I had a bowl of hot tomato soup for my lunch today.,Tushlikka bir kosa issiq pomidor shoʻrva ichdim.,,
potentially,adverb,B2,ehtimolki balki,потенциально,Used to describe something that could possibly happen or become real in the future.,pəˈtɛnʃ(ə)li,14418,ielts,This new law is potentially dangerous for the freedom of the press.,Bu yangi qonun matbuot erkinligi uchun potensial xavf tugʻdirishi mumkin.,possibly maybe,
ranch,noun,B2,chorva fermasi fermer xoʻjaligi,ранчо,"A very large farm where people raise cattle, sheep, or horses.",ˈɹɑːnt͡ʃ,14420,places,They own a large cattle ranch in the middle of Texas.,Ularning Texas oʻrtasida katta chorva fermasi bor.,farm estate,
constraints,noun,C1,cheklashlar toʻsiqlar,ограничения,Factors that limit or control what you can do in a situation.,kənˈstɹeɪnts,14422,ielts,Budgetary constraints forced us to reduce the number of staff members.,Budjet cheklovlari bizni xodimlar sonini qisqartirishga majbur qildi.,limitations restrictions,freedom
inclusive,adjective,B2,barchani qamrab oluvchi,инклюзивный,"Including everyone or everything, rather than leaving some people or things out.",ɪnˈkluːsɪv,14424,ielts,We want to create a more inclusive environment for all students here.,Biz bu yerda barcha talabalar uchun yanada qulay va qamrovli muhit yaratmoqchimiz.,comprehensive broad,exclusive
dimensional,adjective,C1,oʻlchamli fazoviy,размерный,"Relating to measurements such as height, width, and depth of an object.",daɪˈmɛn.ʃə.nəl,14426,ielts,The artist created a three-dimensional effect on the flat canvas surface.,Rassom tekis mato yuzasida uch oʻlchamli effekt yaratdi.,,
cottage,noun,B1,kichkina uy dala hovli,коттедж,"A small house, usually located in the countryside or near a vacation area.",ˈkɒt.ɪd͡ʒ,14428,home,We spent our summer holidays in a quiet cottage by the lake.,Biz yozgi taʼtilni koʻl boʻyidagi sokin bir uyda oʻtkazdik.,hut cabin,
drunk,adjective,A2,mast,пьяный,Unable to think or walk normally because you have consumed too much alcohol.,dɹʌŋk,14430,body-health,He was too drunk to drive his car home safely that night.,U oʻsha kechasi mashinani xavfsiz haydab uyga keta olmaydigan darajada mast edi.,intoxicated tipsy,sober
byte,noun,B2,bayt,байт,A unit of computer data storage that can represent one character or symbol.,baɪt,14432,work,"The file size is only a few bytes, so it is small.","Fayl hajmi juda kichik, atigi bir necha bayt.",octet,
toner,noun,B2,toner,тонер,A black powder used in laser printers to create text and images on paper.,ˈtoʊnɚ,14434,work,The printer is not working because it is out of black toner.,"Printer ishlamayapti, chunki toneri tugab qoldi.",,
latex,noun,B2,lateks,латекс,A type of rubber made from a milky liquid from certain kinds of trees.,ˈleɪtɛks,14436,nature,These medical gloves are made of soft and elastic latex material.,Bu tibbiy qo‘lqoplar yumshoq va elastik lateksdan tayyorlangan.,rubber,
anymore,adverb,A2,boshqa ... emas,больше не,Used to show that a situation has changed and is no longer true.,ˌɛn.iˈmɔː,14438,basics,"He does not live in this small town anymore, he moved.","U endi bu kichik shaharchada yashamaydi, ko‘chib ketgan.",any longer,
alien,adjective,B2,yot begona,чуждый,"Something that is very strange, different, or does not belong in a specific place.",ˈeɪ.li.ən,14440,describing,These modern social habits feel completely alien to my own traditional culture.,Bu zamonaviy ijtimoiy odatlar mening anʼanaviy madaniyatim uchun butunlay yot narsadek tuyuladi.,strange foreign,familiar
locator,noun,B2,qidiruv tizimi topuvchi,локатор,A tool or website feature that helps you find the position of a specific place.,ləʊˈkeɪtə,14442,travel,Use the store locator on our website to find a shop near you.,O'zingizga yaqin do'konni topish uchun veb-saytimizdagi qidiruv tizimidan foydalaning.,finder,
pantyhose,noun,B1,kolgotka,колготки,"Thin nylon clothing that covers the legs and feet, worn by women.",ˈpæntɪhəuz,14444,clothes,She decided to wear pantyhose with her dress for the formal event.,U rasmiy tadbir uchun ko'ylagi bilan kolgotka kiyishga qaror qildi.,tights,
broke,adjective,B1,pulsiz nochor,без денег,"Having absolutely no money, often because you spent it all.",ˈbɹəʊ̯k,14448,ielts,I cannot go to the cinema tonight because I am completely broke.,"Men bugun kinoga borolmayman, chunki cho'ntagimda umuman pul qolmadi.",penniless bankrupt,wealthy
zimbabwe,noun,A2,Zimbabve,Зимбабве,A landlocked country located in the southern part of the continent of Africa.,zɪmˈbɑːbweɪ,14452,places,Many tourists visit Zimbabwe to see the amazing Victoria Falls.,Ko'plab sayyohlar ajoyib Viktoriya sharsharasini ko'rish uchun Zimbabvega boradilar.,,
difficulties,noun,B1,qiyinchiliklar muammolar,трудности,Problems or situations that make it hard for someone to achieve something.,ˈdɪfɪkəltiz,14454,ielts,She faced many difficulties while trying to start her own small business.,U o'z kichik biznesini boshlashga urinayotganda ko'plab qiyinchiliklarga duch keldi.,problems challenges,ease
complexity,noun,B2,murakkablik qiyinchilik,сложность,The state of having many different parts that are difficult to understand or explain.,kəmˈplɛk.sɪ.ti,14456,ielts,The complexity of the task makes it impossible to finish by tomorrow.,Bu vazifaning murakkabligi sabab uni ertaga tugatishning iloji yo‘q.,intricacy complication,simplicity
constantly,adverb,B1,doimiy ravishda uzluksiz,постоянно,Happening all the time or very often without stopping.,ˈkɒnstəntli,14460,describing,He is constantly asking questions about how things work here.,U bu yerda hamma narsa qanday ishlashi haqida doimiy savollar beradi.,continually persistently,occasionally
presidential,adjective,B2,prezidentlik,президентский,Relating to the leader of a country or the presidency position.,pɹɛzɪˈdɛnʃ(ə)l,14462,ielts,The citizens gathered to watch the presidential debate on television.,Fuqarolar televideniye orqali prezidentlik bahsini tomosha qilish uchun yig‘ilishdi.,,
documentary,noun,B1,hujjatli film,документальный фильм,A film or TV program that gives facts about a real subject.,ˌdɒk.jʊˈmɛn.tɹi,14464,school,We watched a fascinating documentary about life in the deep ocean.,Biz okean tubidagi hayot haqida juda qiziqarli hujjatli film ko‘rdik.,,
territories,noun,B2,hududlar yerlar,территории,Large areas of land that are under the control of a government or state.,ˈtɛɹɪˌtɔɹiz,14468,places,The two countries are fighting over the ownership of these border territories.,Ikkala mamlakat ham bu chegara hududlariga egalik qilish uchun kurashmoqda.,regions areas,
thru,preposition,B1,orqali ichkaridan,через,Moving in one side and out of the other side of something.,θɹuː,14472,travel,We drove thru the mountain tunnel to reach the small village faster.,Kichik qishloqqa tezroq yetib borish uchun togʻ tunnelidan oʻtib ketdik.,through,
nylon,noun,B2,neylon,нейлон,"A strong, artificial material used to make clothes, ropes, and many other items.",ˈnaɪlɒn,14474,clothes,This jacket is made of high-quality nylon to keep you completely dry.,Ushbu kurtka sizni butunlay quruq saqlash uchun sifatli neylondan tikilgan.,,
rocky,adjective,B1,toshloq qoyali,каменистый,Covered with many rocks or stones and often difficult to walk or drive on.,ˈɹɒki,14476,nature,The path to the secret beach was very rocky and quite dangerous.,Maxfiy sohildan oʻtadigan yoʻl juda toshloq va biroz xavfli edi.,stony craggy,smooth
frequent,adjective,B1,tez-tez uchraydigan ko'p,частый,Happening or appearing often at short intervals.,ˈfɹiː.kwənt,14478,describing,I take frequent breaks during work to stay sharp and productive.,Ish davomida tetik bo'lish uchun tez-tez tanaffus qilib turaman.,regular recurring,rare
trim,verb,B2,qirqish kalta qilish,подстригать,To make something look neat by cutting off small parts of it.,tɹɪm,14480,actions,He went to the barber to trim his long beard properly.,U uzun soqolini tartibga keltirish uchun sartaroshga bordi.,cut prune,
pixels,noun,B2,piksel nuqta,пиксели,The tiny individual colored dots that make up a digital image or screen.,ˈpɪk.səlz,14482,work,You can see the individual pixels when you zoom into the photo.,"Rasmni yaqinlashtirganingizda, alohida piksellarni aniq ko'rish mumkin.",,
legislature,noun,C1,qonun chiqaruvchi organ,законодательный орган,A group of people with the power to make or change national laws.,ˈlɛd͡ʒɪsləˌt͡ʃʊə,14484,ielts,The legislature passed a new law to improve the public education system.,Qonun chiqaruvchi organ ta'lim tizimini yaxshilash uchun yangi qonun qabul qildi.,parliament congress,
anybody,pronoun,A1,hech kim kimsa,кто-нибудь,Used in questions or negative sentences to refer to any person.,ˈɛn.i.bɒd.i,14488,basics,Is there anybody here who can help me with this problem?,Bu muammoni hal qilishda menga yordam bera oladigan kimsa bormi?,anyone,
procurement,noun,C1,xarid ta'minot,закупка,The act of obtaining or buying goods and services for a business or organization.,pɹəˈkjʊə.mənt,14490,work,The manager is responsible for the procurement of all office supplies annually.,Menejer har yili barcha ofis jihozlarini xarid qilishga mas'uldir.,acquisition purchase,
fleet,noun,B2,avtokolonna flot,парк транспортных средств,A group of vehicles or ships that are owned or operated by one company.,ˈfliːt,14492,travel,The airline is expanding its fleet by adding ten new large aircraft.,Aviakompaniya o'zining aviaparkini o'nta yangi katta samolyot bilan kengaytirmoqda.,convoy group,
untitled,adjective,B2,nomlanmagan sarlavhasiz,безымянный,"Having no title or name, usually referring to a book, painting, or musical piece.",ʌnˈtaɪtld,14494,describing,The artist presented an untitled painting at the gallery opening last night.,Rassom o'tgan oqshom galereya ochilishida nomlanmagan suratni taqdim etdi.,unnamed,
bunch,noun,A2,dasta shoda,пучок,A number of things of the same type growing or tied closely together.,bʌntʃ,14496,food-drink,She bought a fresh bunch of red grapes at the morning market.,U ertalabki bozordan bir shoda yangi qizil uzum sotib oldi.,cluster bundle,
theoretical,adjective,B2,nazariy,теоретический,Based on ideas or concepts rather than on practical experience or real events.,ˌθɪəˈɹɛtɪkəl,14498,ielts,We discussed the theoretical benefits of the plan rather than the costs.,Biz rejadan kutiladigan xarajatlardan ko'ra uning nazariy foydalarini muhokama qildik.,abstract academic,practical
starring,adjective,B1,bosh rolni ijro etuvchi,играющий главную роль,Playing the main or most important role in a film or theatrical performance.,ˈstɑːrɪŋ,14500,actions,The film starring Leonardo DiCaprio was a huge success around the world.,Leonardo Di Kaprio bosh rolni ijro etgan film butun dunyo bo'ylab katta muvaffaqiyat qozondi.,leading,
referral,noun,B2,yo'llanma,направление,An official instruction to see a specialist or get a specific service.,ɹɪˈfɜː.ɹəl,14502,work,You need a doctor's referral to see a specialist at the hospital.,Shifokor ko'rigiga borish uchun sizga shifokor yo'llanmasi kerak bo'ladi.,recommendation,
quit,verb,A2,tashlash tark etish,бросать,To stop doing something or to leave a job or place.,kwɪt,14504,actions,I decided to quit my job because the hours were too long.,Ish soatlari juda ko'pligi sababli ishdan bo'shashga qaror qildim.,stop resign,start
lung,noun,B1,o'pka,лёгкое,One of the two organs in the chest used for breathing.,ˈlʌŋ,14506,body-health,Smoking is very harmful to the health of your lungs.,Chekish o'pka salomatligiga juda zararli hisoblanadi.,,
highlight,noun,B2,eng muhim qism diqqatga sazovor joy,основной момент,"The best, most important, or most interesting part of something.",ˈhaɪlaɪt,14508,ielts,The highlight of my trip was visiting the ancient city center.,Sayohatimning eng esda qolarli qismi qadimiy shahar markaziga tashrif buyurish edi.,feature peak,
inclusion,noun,C1,qamrab olish,включение,The act of including someone or something as part of a group.,ɪnˈkluːʒən,14510,ielts,The inclusion of new data improved the quality of the report.,Yangi ma'lumotlarning qo'shilishi hisobot sifatini yaxshiladi.,addition,exclusion
hopefully,adverb,B1,nasib bo'lsa umid qilamanki,надеюсь,Used to express that you want something to happen.,ˈhəʊp.fə.li,14512,feelings,"Hopefully, the weather will be nice for our picnic tomorrow.",Nasib bo'lsa ertangi saylimiz uchun ob-havo yaxshi bo'ladi.,,
brilliant,adjective,B1,juda yorqin ajoyib,блестящий,"Very clever, talented, or extremely bright in light or color.",ˈbɹɪljənt,14514,describing,That was a brilliant idea to finish the project ahead of time.,Loyiha muddatidan oldin yakunlash haqidagi fikringiz ajoyib edi.,clever bright,dull
turner,noun,B1,kurakcha,лопатка,A kitchen tool used to flip food like pancakes or meat while cooking.,ˈtɝ.nɚ,14516,home,Use a turner to flip the pancakes so they cook on both sides.,Pancakeni agdarish uchun kurakchadan foydalan.,spatula,
gel,noun,A2,gel,гель,"A thick, soft substance used for styling hair or cleaning the body.",d͡ʒɛl,14518,body-health,He put some gel in his hair to keep it in place.,Sochi joyida turishi uchun u sochiga gel surdi.,,
spoken,adjective,B1,ogzaki,устный,Expressed or communicated through talking rather than writing.,ˈspəʊ.k(ə)n,14520,ielts,Spoken English is often different from the formal written language.,Ogzaki ingliz tili ko'pincha rasmiy yozma tildan farq qiladi.,oral,written
omega,noun,C2,oxirgi harf intih,омега,"The final letter of the Greek alphabet, or the end of something.",ˈəʊmɪɡə,14522,ielts,This final achievement was the omega of his long career.,Ushbu so'nggi yutuq uning uzoq faoliyatining intihosi edi.,end finish,alpha
termination,noun,C1,ishdan bo'shatish yakunlash,увольнение,"The act of ending something, especially a person's employment at a company.",tɚmɪˈneɪʃən,14524,work,The sudden termination of his contract left him without any financial support.,Shartnomaning to'satdan bekor qilinishi uni moddiy yordamsiz qoldirdi.,dismissal firing,hiring
saver,noun,B1,jamg'aruvchi tejamkor,"тот, кто копит деньги",A person who puts money away instead of spending it all.,ˈseɪvə,14526,people-family,He is a natural saver and rarely buys things he does not need.,U tabiatan tejamkor va kerak bo'lmagan narsalarni kamdan-kam sotib oladi.,economizer,spender
thereof,adverb,C2,uning shu narsaning,"того, об этом",Of or about the thing just mentioned.,ðɛəˈɹɒv,14528,ielts,The contract and all terms thereof are binding for both parties.,Shartnoma va uning barcha shartlari har ikki tomon uchun majburiydir.,of it,
grill,verb,B1,grilda pishirmoq qovurmoq,жарить на гриле,To cook food over a very hot fire or on a metal frame.,ɡɹɪl,14530,food-drink,Why don't we get together Saturday and grill some burgers outside?,"Keling, shanba kuni yig'ilib, tashqarida burgerlarni grilda pishiramiz.",barbecue,
redeem,verb,C1,qutqarmoq qaytarib sotib olmoq,"выкупать, искупать",To buy back something that you previously sold or gave away.,ɹɪˈdiːm,14532,ielts,He managed to redeem his watch from the pawn shop yesterday.,U kecha soatini garovxondan qaytarib sotib olishga muvaffaq bo'ldi.,recover reclaim,
grain,noun,B1,don boshoq,зерно,"The small, hard seeds of food plants like wheat, rice, or corn.",ɡɹeɪn,14534,nature,We stored a thousand tons of grain for the long winter.,Biz uzoq qish uchun ming tonna don g'amlab qo'ydik.,cereal,
wanna,verb,A2,xohlamoq istamoq,хотеть,A casual way of saying 'want to' or 'want a'.,ˈwɑ.nə,14536,basics,I really wanna go home after a very long and hard day.,Uzoq va qiyin kundan keyin uyga ketgim kelyapti.,desire,
bull,noun,B1,buqa,бык,An adult male animal of the cattle family.,bʊl,14538,animals,The farmer kept a large bull in the field near the road.,Fermer yo'l yaqinidagi dalada katta buqani saqlardi.,ox cattle,cow
architectural,adjective,B2,me'moriy,архитектурный,Relating to the design and construction of buildings.,ˌɑɹkɪˈtɛkt͡ʃəɹəl,14540,ielts,The old city is famous for its beautiful and unique architectural style.,Qadimiy shahar o'zining go'zal va o'ziga xos me'moriy uslubi bilan mashhur.,structural building,
depend,verb,A2,bog'liq bo'lmoq,зависеть,To be decided by or change because of something else.,dɪˈpɛnd,14542,actions,Whether we play outside will depend on the weather tomorrow.,Tashqarida o'ynashimiz ertangi ob-havoga bog'liq bo'ladi.,hinge rely,
differ,verb,B1,farq qilmoq ajralib turmoq,отличаться,To be not the same as another person or thing.,ˈdɪfə,14544,describing,These two machines differ in speed but are otherwise the same.,"Bu ikkita mashina tezligi bilan farq qiladi, lekin qolgan jihatdan bir xil.",vary diverge,match
macintosh,noun,B2,yomg'irpo'sh,плащ,A long waterproof coat that protects you from the rain.,ˈmækɪntɒʃ,14546,clothes,She wore a yellow macintosh to stay dry during the heavy rain.,U kuchli yomg'ir paytida xo'l bo'lmaslik uchun sariq yomg'irpo'sh kiyib olgandi.,raincoat mackintosh,
breath,noun,A2,nafas,дыхание,The air that you take into your lungs and let out through your nose or mouth.,bɹɛθ,14548,body-health,I took a deep breath before jumping into the cold swimming pool.,Sovuq basseynga sakrashdan oldin chuqur nafas oldim.,,
amenities,noun,B2,qulayliklar,удобства,"Useful or pleasant features, services, or facilities in a place or building.",əˈmɛn.ə.tiːz,14550,travel,The hotel offers many amenities including a gym and a swimming pool.,Mehmonxona sport zali va suzish havzasi kabi ko'plab qulayliklar taqdim etadi.,facilities services,
virtually,adverb,B2,deyarli,практически,Almost entirely; very close to something.,ˈvɚ.t͡ʃə.wə.li,14552,ielts,The company has virtually no competition in the current global market.,Kompaniyaning hozirgi global bozorda deyarli raqobatchisi yo'q.,nearly practically,
cole,noun,C1,karam,капуста,A type of plant that includes vegetables like cabbage and broccoli.,kəʊl,14554,food-drink,Many gardeners grow cole crops because they tolerate cold weather quite well.,"Ko'pchilik bog'bonlar karam turidagi o'simliklarni ekadi, chunki ular sovuqqa chidamli.",cabbage,
mart,noun,B1,savdo markazi do'kon,торговый центр,A place where goods are bought and sold; a market or store.,mɑɹt,14556,places,She went to the local mart to buy some fresh fruits and vegetables.,U yangi meva va sabzavotlar sotib olish uchun mahalliy savdo markaziga bordi.,market store,
candle,noun,A1,sham,свеча,A piece of wax with a string in the middle that gives light when burned.,ˈkæn.dəl,14558,home,We lit a candle when the electricity went out during the storm.,Bo'ron paytida elektr energiyasi o'chganda biz sham yoqib oldik.,,
authorization,noun,B2,ruxsat tasdiq,разрешение,Official permission to do something.,ˌɔːθəɹaɪˈzeɪʃn,14560,work,You need authorization from the manager before accessing the private computer files.,Maxfiy kompyuter fayllariga kirishdan oldin menejerdan ruxsat olishingiz kerak.,permission consent,
tale,noun,B1,ertak hikoya,сказка,"A story, often one that is imaginative or invented.",ˈteːl,14562,describing,The old man told a fascinating tale about his travels across the sea.,Qariya dengiz bo'ylab qilgan sayohatlari haqida qiziqarli hikoya aytib berdi.,story narrative,
formerly,adverb,B2,ilgari oldin,прежде,happening or existing at some time in the past,ˈfɔɹmɚli,14564,time,This building was formerly a school for local children in the town.,Bu bino ilgari mahalliy bolalar uchun maktab bo‘lgan.,previously once,
projector,noun,B1,proyektor,проектор,a device that shines light to show images or movies on a screen,pɹəˈd͡ʒɛktə,14566,school,Please turn on the projector so we can see the presentation slides.,Iltimos taqdimot slaydlarini ko‘rishimiz uchun proyektorni yoqing.,,
situated,adjective,B1,joylashgan o‘rnashgan,расположенный,being in a particular place or position,ˈsɪt͡ʃueɪtɪd,14568,places,Our new office is situated right in the center of the city.,Yangi ofisimiz shahar markazida joylashgan.,located,
comparative,adjective,B2,qiyosiy solishtirma,сравнительный,involving the study of how things are the same or different,kəmˈpæɹətɪv,14570,ielts,The teacher asked us to write a comparative essay about two cultures.,O‘qituvchi bizdan ikki madaniyat haqida qiyosiy insho yozishimizni so‘radi.,relative,
herbal,adjective,B1,o‘simliklardan tayyorlangan giyohli,травяной,"made from plants or herbs, often for medical or flavor purposes",ˈhɜːbəl,14572,body-health,I prefer drinking herbal tea instead of coffee in the evening.,Men kechqurun kofe o‘rniga o‘simliklardan tayyorlangan choy ichishni afzal ko‘raman.,,
strictly,adverb,B2,qat’iy,строго,in a way that must be obeyed or followed completely,ˈstɹɪktli,14574,ielts,You must strictly follow the safety rules while working in the laboratory.,Laboratoriyada ishlash jarayonida xavfsizlik qoidalariga qat’iy amal qilishingiz kerak.,severely,loosely
docs,noun,B1,hujjatlar,документы,Written or digital files containing important information or instructions.,dɒks,14576,work,Please check all the technical docs before you start the project.,Loyihani boshlashdan oldin barcha texnik hujjatlarni ko'rib chiqing.,files,
psychological,adjective,B2,ruhiy psixologik,психологический,Relating to a person's mind and how they think or feel.,ˌsaɪ.kəˈlɒd͡ʒ.ɪ.kl̩,14578,ielts,We are worried about the psychological effects of the pandemic on children.,Biz pandemiyaning bolalar ruhiyatiga ta'siridan xavotirdamiz.,mental,
retailer,noun,B2,chakana sotuvchi do'kon,розничный торговец,A business that sells goods directly to the public in small quantities.,ˈɹiteɪlɚ,14580,work,The largest retailer in the country is planning to open new stores.,Mamlakatdagi eng yirik chakana savdo tarmog'i yangi do'konlar ochishni rejalashtirmoqda.,merchant seller,
elegant,adjective,B2,nafis didli,элегантный,"Graceful, stylish, and pleasing in appearance or style.",ˈɛl.ə.ɡənt,14582,describing,She looked very elegant in her simple black evening dress.,U o'zining oddiy qora kechki libosida juda nafis ko'rinardi.,graceful refined,inelegant
renewal,noun,B2,yangilash uzaytirish,обновление,The act of starting something again or extending a contract.,rɪˈnjuː.əl,14584,ielts,The contract is coming up for renewal at the end of May.,Shartnoma muddati may oyining oxirida tugaydi va uni yangilash kerak.,extension restoration,
genealogy,noun,C1,nasl-nasab shajara,генеалогия,The study of your family history and how your ancestors are connected.,ˌd͡ʒiniˈɑlədʒi,14588,people-family,She became interested in genealogy after finding her grandfather's old letters.,"Bobosining eski xatlarini topgach, u nasl-nasabini o'rganishga qiziqib qoldi.",lineage ancestry,
opposed,adjective,B2,qarshi qarama-qarshi,противостоящий,"Feeling or showing strong disagreement or disapproval about a plan, idea, or person.",əˈpoʊzd,14590,ielts,Many local residents are opposed to the construction of the new mall.,Ko‘pchilik mahalliy aholi yangi savdo markazi qurilishiga qarshi chiqmoqda.,hostile averse,supportive
critics,noun,B2,tanqidchilar,критики,People who judge or express their disapproval of someone or something.,ˈkrɪtɪks,14592,ielts,Critics argued that the new policy would not solve the economic problem.,"Tanqidchilarning fikricha, yangi siyosat iqtisodiy muammoni hal qila olmaydi.",reviewers,
similarly,adverb,B2,o‘xshash tarzda xuddi shunday,подобно,In a way that is almost the same as something else.,ˈsɪm.ə.lə.li,14594,ielts,The two brothers dress similarly and share the same sense of humor.,Ikki aka-uka o‘xshash kiyinadi va bir xil hazil tuyg‘usiga ega.,likewise,
coin,noun,A2,tangacha tanga,монета,A small flat piece of metal used as money.,ˈkoɪ̯n,14596,basics,He dropped a small gold coin into the collection box for charity.,U xayriya qutisiga bitta mayda oltin tanga tashladi.,,
solely,adverb,C1,faqatgina asosan,исключительно,Only and not involving anyone or anything else.,ˈsəʊl.li,14598,ielts,The success of the project depended solely on his hard work.,Loyiha muvaffaqiyati faqatgina uning mehnatiga bog‘liq edi.,exclusively only,
fake,adjective,A2,soxta qalbaki,фальшивый,Not real; made to look genuine to trick people.,feɪ̯k,14600,describing,I am worried that this fur coat looks a bit fake.,Bu mo'ynali kiyim soxtaga o'xshashidan xavotirdaman.,artificial counterfeit,genuine
salon,noun,B1,salon,салон,A business where people go for beauty treatments like hair or nails.,ˈsælɒn,14602,places,She went to the local beauty salon for a new haircut.,U soch turmagini yangilash uchun mahalliy go'zallik saloniga bordi.,parlor shop,
collaborative,adjective,B2,hamkorlikdagi,совместный,Involving two or more people working together to achieve a goal.,kəˈlæb.ə.ɹə.tɪv,14604,ielts,The final report was a collaborative effort by the whole team.,Yakuniy hisobot butun jamoaning hamkorlikdagi mehnati mahsuli edi.,cooperative,
cure,noun,B1,davolash shifo,лечение,A medicine or medical treatment that makes a sick person healthy again.,kjɔː(r),14606,body-health,Scientists are still looking for a cure for this rare disease.,Olimlar hali ham bu kamyob kasallikka davo izlashmoqda.,remedy,
commander,noun,B2,qo'mondon sardor,командир,A person who is in charge of a group of people in an army.,kəˈmændɚ,14608,work,The commander ordered the soldiers to move forward to the next hill.,Qo'mondon askarlarga keyingi tepalikka qarab yurishni buyurdi.,leader chief,subordinate
arch,noun,B2,arka ravoq,арка,A curved structure that supports the weight of a wall above an opening.,ɑɹt͡ʃ,14610,places,We walked through the ancient stone arch into the beautiful city square.,Biz qadimiy tosh arka orqali go'zal shahar maydoniga kirib bordik.,curve vault,
suggestion,noun,B1,taklif maslahat,предложение,An idea or plan that you offer for someone to think about.,səˈd͡ʒɛst.ʃən,14612,ielts,She had a great suggestion for how to improve our project results.,U loyihamiz natijalarini yaxshilash uchun ajoyib taklif berdi.,proposal tip,
soldier,noun,A2,askar soldat,солдат,A person who serves in an army.,ˈsəʊld͡ʒə,14614,work,The soldier stood guard at the entrance of the military base daily.,Askar har kuni harbiy baza kirish eshigida qorovul bo'lib turdi.,fighter trooper,
bomb,noun,B1,bomba,бомба,A weapon that explodes and causes a lot of damage.,bɒm,14616,actions,The soldiers were worried that a bomb might go off nearby.,Askarlar bomba yaqin joyda portlab ketishidan xavotirda edilar.,explosive,
harm,noun,B2,zarar ziyon,вред,Physical or mental injury or damage caused to someone or something.,hɑːm,14618,ielts,Smoking causes serious harm to your health over a long time.,Chekish uzoq vaqt davomida sog'lig'ingizga jiddiy zarar yetkazadi.,damage injury,benefit
spotlight,noun,B2,diqqat markazi,центр внимания,A state of being the person or thing that everyone is watching.,ˈspɒtˌlaɪt,14620,ielts,She has been in the spotlight ever since she won the award.,U mukofotni yutib olganidan beri doim odamlarning diqqat markazida.,focus attention,
reset,verb,B1,qayta sozlash nolga qaytarish,перезагружать,To set something back to its starting state or position.,ɹiːˈsɛt,14622,actions,You need to reset your password if you forgot it.,"Agar parolingizni unutgan bo'lsangiz, uni qayta sozlashingiz kerak.",restart restore,
brush,noun,A2,cho'tka,щётка,"A tool with hair used for cleaning, painting, or grooming.",bɹʌʃ,14624,home,She uses a soft brush to paint beautiful pictures on paper.,U qog'ozga chiroyli rasmlar chizish uchun yumshoq cho'tkadan foydalanadi.,,
investigate,verb,B2,tekshirmoq surishtirmoq,расследовать,"To try to find out the truth about a crime, problem, or other event.",ɪnˈvɛs.tə.ɡeɪt,14626,ielts,The police are currently trying to investigate the cause of the fire.,Politsiya hozirda yong‘in sababini aniqlash uchun surishtiruv o‘tkazmoqda.,examine explore,
assault,verb,C1,hujum qilmoq,нападать,To attack someone or something in a very violent or aggressive way.,əˈsɒlt,14628,actions,He was arrested for attempting to assault a man in the street.,U ko‘chada odamga hujum qilmoqchi bo‘lgani uchun qo‘lga olindi.,attack strike,defend
spare,adjective,B1,ortiqcha zaxira,запасной,Available to be used because it is extra and not currently being used.,spɛə(ɹ),14630,describing,Do you have a spare pen that I can borrow for class?,Darsda ishlatish uchun ortiqcha ruchkangiz bormi?,extra surplus,
logistics,noun,C1,logistika ta'minot,логистика,The planning and organization of moving goods or equipment from one place to another.,ləˈd͡ʒɪstɪks,14632,work,The company relies on complex logistics to deliver products across the country.,Kompaniya mahsulotlarni butun mamlakat bo‘ylab yetkazib berishda murakkab logistikaga tayanadi.,,
deer,noun,A2,kiyik,олень,A wild animal with four legs that eats grass and often has antlers.,dɪə,14634,animals,We saw a beautiful deer running through the forest this morning.,Bugun ertalab o‘rmon ichida yugurib ketayotgan chiroyli kiyikni ko‘rdik.,,
tongue,noun,B1,til,язык,The soft part in your mouth used for tasting and speaking.,tʌŋ,14636,body-health,She stuck out her tongue to show the doctor her throat.,U shifokorga tomogini ko'rsatish uchun tilini chiqardi.,glossa lingua,
danish,noun,B2,danish qatlamasi,венская булочка,"A sweet, flaky bread roll that often contains fruit or cheese filling.",ˈdeɪ.nɪʃ,14640,food-drink,I usually have a coffee and a cherry danish for breakfast.,Men nonushtaga odatda kofe va olchali qatlama yeyman.,,
pal,noun,B2,o'rtoq do'st,друг,A very good friend that you like to spend your time with.,pæl,14642,people-family,He has been my best pal since we were at school.,U maktab davrimizdan beri eng yaqin do'stim.,buddy mate,
monkey,noun,A2,maymun,обезьяна,A small animal with a long tail that lives in trees in forests.,ˈmʌŋki,14644,animals,The monkey climbed to the top of the tree very quickly.,Maymun juda tez daraxtning tepasiga chiqib ketdi.,,
filename,noun,B2,fayl nomi,имя файла,The specific title that you give to a digital file on a computer.,ˈfaɪ.əl.neɪm,14646,work,Make sure you choose a clear filename so you can find it later.,Keyinchalik topish oson bo'lishi uchun aniq fayl nomi tanlaganingizga ishonch hosil qiling.,basename,
analyzes,verb,B2,tahlil qiladi,анализирует,Examines something in detail to understand it or explain how it works.,ˈæn.ə.laɪz.ɪz,14648,ielts,The report analyzes the current trends in the local housing market.,Ushbu hisobot mahalliy uy-joy bozoridagi joriy tendensiyalarni tahlil qiladi.,examines studies,
drawings,noun,A2,rasmlar chizmalar,рисунки,"Pictures or diagrams made by using a pen, pencil, or crayon.",ˈdɹɔː(ɹ)ɪŋz,14650,describing,The architect presented her detailed drawings for the new house design.,Me'mor yangi uy dizayni uchun batafsil chizmalarini taqdim etdi.,sketches illustrations,
significance,noun,B2,ahamiyat muhimlik,значение,The quality of being important or having a great effect on something.,sɪɡˈnɪfɪkəns,14652,ielts,The historical significance of this event is known by every local person.,Bu voqeaning tarixiy ahamiyatini har bir mahalliy odam biladi.,importance relevance,insignificance
lovers,noun,B1,sevishganlar oshiqlar,влюбленные,Two people who have a romantic or sexual relationship with each other.,ˈlʌvɚz,14654,people-family,The park is a popular place for young lovers to walk together.,Bog' yosh sevishganlarning birga sayr qilishi uchun mashhur joy hisoblanadi.,couples,
atomic,adjective,C1,atom,атомный,Relating to the energy released when the center of an atom is split.,əˈtɒm.ɪk,14656,ielts,Scientists study atomic energy as a way to generate clean electricity.,Olimlar toza elektr energiyasini ishlab chiqarish usuli sifatida atom energiyasini o'rganadilar.,nuclear,molecular
approx,adjective,B1,taxminiy chamalab,приблизительно,Used to show that a number or amount is not exact.,əˈprɒks,14658,describing,The journey will take approx three hours depending on the heavy traffic.,Yo'l tirbandlikka qarab taxminan uch soat vaqt oladi.,about roughly,exactly
symposium,noun,C2,simpozium ilmiy anjuman,симпозиум,A formal meeting where experts discuss a particular subject.,sɪmˈpəʊziəm,14660,ielts,The university hosted a symposium on modern climate change solutions.,Universitet zamonaviy iqlim o'zgarishi yechimlari bo'yicha simpozium o'tkazdi.,conference seminar,
gauge,verb,C1,baholamoq o'lchamoq,оценивать,To judge or estimate a person's feelings or the size of something.,ˈɡeɪd͡ʒ,14662,ielts,It is difficult to gauge how people will react to the news.,Odamlar yangilikka qanday munosabat bildirishini baholash qiyin.,measure assess,
junction,noun,B2,chorraha tutashuv,перекресток,A place where two or more roads or railway lines meet.,ˈd͡ʒʌŋkʃən,14664,travel,You need to turn left when you reach the next road junction.,Keyingi chorrahaga yetganingizda chapga burilishingiz kerak.,intersection crossroad,
mat,noun,A2,gilamcha to'shama,коврик,A small piece of thick fabric placed on the floor or a table surface.,mæt,14666,home,Please wipe your dirty shoes on the mat before entering the house.,Uyga kirishdan oldin oyoq kiyimingizni gilamchaga artib oling.,rug pad,
transmitted,verb,B2,uzatilgan yuborilgan,переданный,To have sent electronic signals or information from one place to another.,tɹænsˈmɪtɪd,14668,ielts,The data was transmitted to the main office via a secure link.,Ma'lumotlar xavfsiz aloqa orqali bosh idoraga yuborildi.,broadcast sent,
screenshots,noun,B1,ekran tasviri,скриншоты,An image showing the contents of a computer or phone screen.,ˈskriːnˌʃɒts,14670,work,I took some screenshots of the error message on my computer screen.,Kompyuter ekranimdagi xatolik xabarining tasvirini olib qo'ydim.,,
intensive,adjective,B2,jadallashgan intensiv,интенсивный,"Involving a lot of activity, effort, or work in a short period.",ɪnˈtɛnsɪv,14672,ielts,We attended an intensive English course to prepare for the exams.,Imtihonlarga tayyorlanish uchun biz jadallashtirilgan ingliz tili kursiga qatnashdik.,concentrated rigorous,unintensive
sixth,adjective,A2,oltinchi,шестой,Coming after the fifth in a series.,sɪksθ,14674,basics,This is the sixth time I have visited this beautiful city.,Bu mening ushbu go'zal shaharga oltinchi bor tashrif buyurishim.,6th,
engage,verb,B2,jalb qilmoq shug'ullanmoq,вовлекать,To involve someone in an activity or to pay attention to something.,ɪnˈɡeɪd͡ʒ,14676,ielts,It is difficult to engage students in such a boring lecture.,Bunday zerikarli ma'ruzaga talabalarni jalb qilish qiyin.,involve participate,
deviant,adjective,C1,og'ishgan noodatiy,девиантный,Different from what is considered normal or socially acceptable.,ˈdiː.vi.ənt,14678,ielts,"At the trial, the extent of his deviant behaviour became clear.",Sud jarayonida uning odatdagidan farqli xatti-harakatlari aniq bo'ldi.,abnormal irregular,normal
noon,noun,A2,tush vaqti kunduzi soat 12,полдень,Twelve o'clock in the middle of the day.,nuːn,14680,time,The race is due to start at noon sharp.,"Poyga aniq tush payti, soat 12 da boshlanishi kerak.",midday,
correspondence,noun,B2,yozishma xat-xabar,переписка,The act of writing letters or emails to someone.,ˌkɒɹ.ɪˈspɒn.dəns,14682,work,Please keep all your business correspondence in this folder.,"Iltimos, barcha ish yozishmalaringizni ushbu papkada saqlang.",communication letters,
supervision,noun,B2,nazorat boshqaruv,надзор,The act of watching and directing someone to ensure a task is done correctly.,ˌs(j)uːpəˈvɪʒən,14684,work,Do not attempt this experiment without adequate adult supervision.,"Kattalar nazorati bo'lmasa, bu tajribani o'tkazishga urinmang.",oversight management,
cheat,verb,B1,aldamoq ko'chirmoq,жульничать,To behave dishonestly to gain an advantage in a game or exam.,ˈt͡ʃiːt,14686,school,My brother failed the exam because he cheated on the test.,Akam imtihonda ko'chirgani uchun yiqildi.,deceive trick,
bronze,noun,B1,bronza,бронза,A hard brown metal made by mixing copper and tin.,bɹɒnz,14688,describing,The winners of the competition were awarded bronze medals.,Musobaqa g'oliblariga bronza medallari topshirildi.,,
sandy,adjective,B1,qumli,песчаный,Covered with or containing a large amount of sand.,ˈsændi,14690,nature,Some plants grow very well in sandy soil.,Ba'zi o'simliklar qumli tuproqda juda yaxshi o'sadi.,gritty,
separation,noun,B2,ajralish,разделение,The act of moving two or more things away from each other.,ˌsɛp.əˈɹeɪ.ʃən,14692,ielts,The separation of family members during the war was very difficult.,Urush davrida oila a'zolarining bir-biridan ajralishi juda qiyin edi.,division detachment,combination
suspect,verb,B2,gumon qilmoq,подозревать,To believe that someone is guilty of doing something wrong.,səˈspɛkt,14694,ielts,Police suspect him of being involved in the robbery.,Politsiya uni o'g'rilikka aloqador deb gumon qilmoqda.,doubt distrust,
celebrities,noun,A2,mashhurlar yulduzlar,знаменитости,People who are very famous and often seen in the media.,səˈlɛbrɪtiz,14696,people-family,Many celebrities support various charity organizations around the world.,Ko'plab mashhurlar dunyo bo'ylab turli xayriya tashkilotlarini qo'llab-quvvatlaydi.,stars icons,
macro,adjective,C1,makro umumiy,макро,Relating to things on a very large scale.,ˈmæk.ɹoʊ,14698,ielts,We need to look at the macro economic situation of the country.,Biz mamlakatning makroiqtisodiy holatiga nazar tashlashimiz kerak.,broad large,micro
sender,noun,B1,jo'natuvchi,отправитель,A person or company that sends a letter or package.,ˈsɛndəː,14700,work,The address of the sender was written on the back of the envelope.,Konvertning orqasida jo'natuvchining manzili yozilgan edi.,dispatcher,recipient
boundaries,noun,B2,chegaralar,границы,A real or imagined line that marks the edge of something.,ˈbaʊnd(ə)ɹiz,14702,ielts,It is important to set clear boundaries between work and home life.,Ish va uy hayoti o'rtasida aniq chegaralarni belgilash muhimdir.,limits borders,
syndication,noun,C2,sindikatlash tarqatish,синдикация,The process of selling articles or shows to many different media companies.,ˌsɪndɪˈkeɪʃən,14704,work,The show became profitable after its successful international syndication.,Serial xalqaro miqyosda muvaffaqiyatli tarqatilgandan so'ng foyda keltira boshladi.,distribution,
gym,noun,A1,sportzali fitnes-klub,спортзал,A place with equipment where people go to do physical exercise and training.,d͡ʒɪm,14706,body-health,I go to the gym three times a week to stay fit.,Formada qolish uchun haftasiga uch marta sportzalga boraman.,fitness-center club,
celebration,noun,B1,bayram tantana,празднование,A social event held to mark a special day or a happy occasion.,ˌsɛl.ɪˈbɹeɪ.ʃən,14708,describing,The whole village joined the celebration of the national holiday yesterday.,Butun qishloq kecha milliy bayram tantanasiga qo‘shildi.,party festival,
spouse,noun,B2,turmush o‘rtog‘i,супруг,A person's partner in marriage.,spaʊs,14710,people-family,You must provide details of your spouse on the application form.,Ariza shaklida turmush o‘rtog‘ingiz haqidagi ma’lumotlarni ko‘rsatishingiz kerak.,partner husband,
exotic,adjective,B2,ekzotik noodatiy,экзотический,"Unusual and attractive because it comes from a distant, foreign place.",ɪɡˈzɒtɪk,14712,describing,She loves travelling to exotic countries to see different cultures and landscapes.,U boshqa madaniyat va manzaralarni ko‘rish uchun ekzotik davlatlarga sayohat qilishni yaxshi ko‘radi.,unusual foreign,ordinary
viewer,noun,B1,tomoshabin kuzatuvchi,зритель,A person who watches television or a public event.,ˈvjuː.ər,14714,ielts,The documentary attracted millions of viewers from around the world.,Hujjatli film dunyo bo‘ylab millionlab tomoshabinlarni o‘ziga jalb qildi.,spectator watcher,
signup,noun,B1,ro‘yxatdan o‘tish,регистрация,The act of registering your name to join a service or event.,ˈsaɪn.ʌp,14716,work,You need to complete the online signup to access the members area.,A’zolar hududiga kirish uchun onlayn ro‘yxatdan o‘tishni yakunlashingiz kerak.,registration enrolment,
receptor,noun,C1,retseptor,рецептор,A part of a cell that receives signals from specific molecules to control cell function.,ɹɪˈsɛp.tə,14718,body-health,The drug works by blocking the specific receptor on the cell surface.,Dori hujayra yuzasidagi maxsus retseptorni to‘sib qo‘yish orqali ta’sir qiladi.,sensor,
surgical,adjective,B2,jarrohlik,хирургический,Relating to medical operations or performed with extreme precision and care.,ˈsɜːd͡ʒɪkəl,14720,body-health,The pilot performed a surgical strike to avoid hitting the nearby houses.,Uchuvchi yaqin-atrofdagi uylarga ziyon yetkazmaslik uchun o‘ta aniq zarba berdi.,precise accurate,
destroy,verb,A2,vayron qilmoq,уничтожать,To damage something so badly that it cannot be used or no longer exists.,dɪˈstɹɔɪ,14722,actions,The strong winds destroyed the old fence in our backyard last night.,O‘tgan kecha kuchli shamol hovlimizdagi eski panjarani vayron qildi.,ruin wreck,create
citation,noun,C1,iqtibos manba ko‘rsatish,цитирование,"A reference to a book, article, or author used as evidence in a report.",ˌsaɪˈteɪʃn̩,14724,ielts,The essay failed because it lacked a proper citation for the statistics.,Insho statistik ma’lumotlar uchun to‘g‘ri manba ko‘rsatilmagani sababli past baholandi.,reference,
pitch,noun,B2,qatron smola,смола,"A thick, dark, sticky substance that comes from trees or is made from oil.",pɪt͡ʃ,14726,nature,The wooden boat was sealed with pitch to prevent any water leaks.,Suv o‘tkazmasligi uchun yog‘och qayiqqa qatron surtib chiqildi.,tar bitumen,
perry,noun,C1,nok vinosi,грушевый сидр,An alcoholic drink made by fermenting the juice of pears.,ˈpɛɹ.i,14728,food-drink,We ordered a bottle of dry perry to go with our dinner.,Kechki ovqat bilan ichish uchun bir shisha nok vinosiga buyurtma berdik.,pear cider,
offensive,adjective,B2,haqoratli yoqimsiz,оскорбительный,"Causing someone to feel deeply hurt, upset, or angry because of rude behavior.",əˈfɛnsɪv,14730,feelings,He made an offensive remark that made everyone in the room uncomfortable.,U xonadagi hamma odamni noqulay ahvolga soladigan haqoratli gap aytdi.,insulting rude,inoffensive
imperial,adjective,C1,imperiya imperatorlik,имперский,Connected to an empire or the ruler of an empire.,ɪmˈpɪə.ɹi.əl,14732,ielts,The museum holds many artifacts from the former imperial palace grounds.,Muzeyda sobiq imperator saroyi hududidan topilgan ko'plab eksponatlar saqlanadi.,royal regal,
dozen,noun,A2,o'n ikki,дюжина,A group or set of twelve items.,ˈdʌzən,14734,basics,Can I please have a dozen eggs for my morning breakfast?,"Iltimos, ertalabki nonushtam uchun bir o'n ikkita tuxum bera olasizmi?",,
benjamin,noun,C2,yuz dollarlik,стодолларовая купюра,A common slang term for a United States one hundred dollar bill.,ˈbɛnd͡ʒəmɪn,14736,ielts,He pulled a crisp Benjamin from his wallet to pay quickly.,U tezda to'lov qilish uchun hamyonidan yuz dollarlik chiqardi.,,
deployment,noun,B2,joylashtirish o'rnatish,размещение,The act of moving something into a position to be used effectively.,dɪˈplɔɪmənt,14738,work,The company planned the deployment of the new software for Monday.,Kompaniya yangi dasturiy ta'minotni dushanba kuni o'rnatishni rejalashtirgan.,installation implementation,
teeth,noun,A1,tishlar,зубы,"Hard, white structures in the mouth used for biting and chewing food.",ˈtiːθ,14740,body-health,It is important to brush your teeth at least twice daily.,Tishlarni kuniga kamida ikki marta yuvish juda muhim.,,
cloth,noun,A2,mato latta,ткань,"A material made by weaving or knitting fibers, used to make clothes.",klɒθ,14742,clothes,She used a soft cloth to clean the dust off furniture.,U mebeldagi changni tozalash uchun yumshoq latta ishlatdi.,fabric material,
colleagues,noun,B1,hamkasblar,коллеги,People that you work together with in a professional environment.,ˈkɑliɡz,14744,work,I often go to lunch with my colleagues to discuss work.,Men ko'pincha ish haqida gaplashish uchun hamkasblarim bilan tushlik qilaman.,coworkers teammates,
stamp,noun,A2,muhr shtamp,печать,An object used to press an official mark or design onto paper.,stæmp,14746,work,Please put your company stamp on this official contract document.,"Iltimos, ushbu shartnoma hujjatiga kompaniyangiz muhrini bosing.",seal mark,
lotus,noun,C1,lotus,лотос,A beautiful type of water flower that grows in ponds in warm countries.,ˈloʊtəs,14748,nature,The pink lotus flower floats gracefully on the surface of the pond.,Pushti rangli lotus guli ko'l yuzasida nafis qalqib turibdi.,,
salmon,noun,A2,losos qizilbaliq,лосось,A large edible fish with silver skin and pinkish-orange meat.,ˈsæmən,14750,food-drink,We had grilled salmon with fresh lemon for our dinner tonight.,Bugun kechki ovqatga limonli qovurilgan qizilbaliq yedik.,lax lox,
cargo,noun,B2,yuk,груз,"The goods carried by a ship, an aircraft, or a large vehicle.",ˈkɑːɡəʊ,14752,travel,The cargo ship arrived at the port early this morning.,Yuk kemasi bugun erta tongda portga yetib keldi.,freight shipment,
tan,noun,B1,tan,загар,The brown colour your skin gets after being in the sun.,ˈtæn,14754,body-health,She went to the beach to get a nice summer tan.,U chiroyli yozgi tan olish uchun plyajga bordi.,suntan,
directive,noun,C1,ko'rsatma yo'riqnoma,директива,An official instruction or order from a leader or authority.,daɪˈɹɛk.tɪv,14756,ielts,The manager issued a new directive regarding the office safety rules.,Menejer ofis xavfsizlik qoidalari bo'yicha yangi ko'rsatma chiqardi.,instruction command,
mate,noun,B1,o'rtoq do'st,друг,"A close friend or companion, often used in informal British English.",meɪt,14758,people-family,I am going to the park with a few of my mates.,Men bir nechta o'rtoqlarim bilan bog'ga ketyapman.,friend buddy,
starter,noun,A2,boshlovchi boshlang'ich,закуска,A small dish served before the main part of a meal.,ˈstɑː.tə(ɹ),14760,food-drink,We ordered a delicious soup as a starter before the main meal.,Asosiy ovqatdan oldin biz mazali sho'rvani boshlovchi sifatida buyurtma qildik.,,
pepper,noun,A1,qalampir,перец,A vegetable or spice that makes food taste hot or spicy.,ˈpɛp.ə,14762,food-drink,You should add a little salt and pepper to the soup.,Sho'rvaga ozgina tuz va qalampir qo'shishingiz kerak.,capsicum,
weapon,noun,B2,qurol,оружие,An object used to hurt people or animals in a fight.,ˈwɛp.ən,14764,ielts,The police found a dangerous weapon hidden in the old house.,Politsiya eski uy ichiga yashirilgan xavfli qurolni topib oldi.,arm,
burden,noun,C1,og'ir yuk tashvish,бремя,A heavy load or a difficult responsibility that causes worry.,ˈbɜːdn̩,14766,ielts,He felt that his high debts were a burden on his family.,U katta qarzlarini oilasi uchun og'ir yuk deb hisoblardi.,load weight,
chef,noun,A2,oshpaz,шеф-повар,A professional cook who works in a restaurant or hotel kitchen.,ʃɛf,14768,work,The head chef prepared a wonderful meal for all the guests.,Bosh oshpaz barcha mehmonlar uchun ajoyib taom tayyorladi.,cook,
isle,noun,B2,orol,остров,"A small island, often used in geographical names or poetic language.",aɪ̯l,14770,nature,We spent our summer holiday on a quiet little isle.,Biz yozgi ta'tilimizni tinchgina kichik bir orolda o'tkazdik.,island,
stylish,adjective,B1,zamonaviy ko'rkam,стильный,Wearing or having things that are currently fashionable and attractive.,ˈstaɪlɪʃ,14772,describing,She looked very stylish in her new blue evening dress.,U yangi ko'k kechki libosida juda ko'rkam ko'rinardi.,chic fashionable,unstylish
slim,adjective,B1,ozgʻin xushbichim,стройный,Having a body that is thin and looks healthy or attractive.,ˈslɪm,14774,body-health,She keeps fit by running to stay slim and healthy.,"U ozgʻin va sogʻlom qolish uchun yugurib, oʻzini formada saqlaydi.",slender thin,fat
maple,noun,B2,zarang,клён,A tall tree with leaves that have five points and turn red in autumn.,ˈmeɪ.pəl,14776,nature,The street was lined with beautiful maple trees turning red.,Koʻcha boʻylab qizgʻish rangga kirayotgan chiroyli zarang daraxtlari ekilgan edi.,,
grocery,noun,A2,oziq-ovqat doʻkoni,продуктовый магазин,A shop where people buy food and other household supplies.,ˈɡɹəʊ.s(ə.)ɹi,14778,food-drink,I need to stop by the grocery to pick up some milk.,Sut olish uchun oziq-ovqat doʻkoniga kirib oʻtishim kerak.,supermarket,
offshore,adjective,C1,qirgʻoqdan uzoqdagi offshor,офшорный,Located or happening in the sea at a distance from the coast.,ɒfˈʃɔː(ɹ),14780,ielts,The company has an offshore oil rig working in the ocean.,Kompaniyaning okeanda ishlaydigan qirgʻoqdan uzoqdagi neft platformasi bor.,maritime,onshore
depot,noun,B2,omborxona bekat,склад,A building used for storing large amounts of goods or for keeping vehicles.,ˈdɛpəʊ,14782,places,The bus returns to the main depot at the end of the shift.,"Avtobus smena tugagach, asosiy bekatga qaytadi.",warehouse station,
comp,noun,B2,musobaqa bellashuv,соревнование,A public event where people try to win a prize by being the best.,kɒmp,14784,ielts,She decided to enter the dance comp to show off her skills.,U o‘z mahoratini ko‘rsatish uchun raqs musobaqasida qatnashishga qaror qildi.,contest competition,
pie,noun,A2,pirog,пирог,A baked food with a pastry shell and a sweet or savory filling inside.,paɪ,14788,food-drink,We had a delicious cherry pie for dessert after our main meal.,Asosiy ovqatdan keyin desert uchun mazali gilosli pirog yedik.,,
blend,noun,B2,qorishma aralashma,смесь,A mixture of two or more different things or substances.,blɛnd,14790,describing,This coffee is a special blend of beans from different countries.,Bu qahva turli mamlakatlardan keltirilgan donlarning maxsus qorishmasidir.,mix combination,
occasionally,adverb,B1,ba'zida gohida,иногда,Happening sometimes but not very often.,əˈkeɪʒənəli,14792,time,We occasionally go to the cinema when there is a good film.,Yaxshi film bo‘lganda biz ba‘zida kinoga borib turamiz.,sometimes sometimes,frequently
spec,noun,B2,texnik xususiyat tavsif,техническая характеристика,A detailed description of the design or requirements for a machine or product.,ˈspɛk,14794,work,You should check the technical specs before you buy this new computer.,Bu yangi kompyuterni sotib olishdan oldin texnik xususiyatlarini tekshirib ko‘ring.,detail requirement,
realty,noun,B2,ko‘chmas mulk,недвижимость,Land and the buildings that are on it.,ˈɹiəlti,14796,places,She decided to invest all her savings into commercial realty this year.,U bu yil barcha jamg‘armalarini tijorat ko‘chmas mulkiga tikishga qaror qildi.,property estate,
bow,noun,B1,yoy kamon,лук,A weapon made of a curved piece of wood used for shooting arrows.,ˈbəʊ̯,14798,actions,The hunter carried a wooden bow and a quiver full of arrows.,Ovchi o‘zi bilan yog‘och yoy va o‘qqa to‘la g‘ilof olib yurardi.,weapon arch,
instructional,adjective,B2,o‘quv ta’limiy,инструктивный,Used or intended for the purpose of teaching someone how to do something.,ɪnˈstrʌkʃənl,14800,school,The teacher provided instructional materials to help the students understand the lesson.,O‘qituvchi o‘quvchilarga darsni tushunishga yordam beradigan o‘quv materiallarini taqdim etdi.,educational informative,
autumn,noun,A2,kuz,осень,The season between summer and winter when the weather gets cooler and leaves fall.,ˈɔːtəm,14802,time,The yellow leaves fall from the trees in the autumn season.,Kuz faslida daraxtlardan sarg'aygan barglar to'kiladi.,fall,
probe,verb,C1,tekshirmoq surishtirmoq,зондировать,To look into or examine something very carefully and in detail.,pɹəʊb,14804,ielts,The police had to probe deep into the cause of the accident.,Politsiya baxtsiz hodisa sabablarini chuqur tekshirishi kerak edi.,investigate examine,
midi,adjective,B2,o'rta uzunlikdagi,миди,Describing a skirt or dress that reaches down to the middle of the calf.,ˈmɪdi,14806,clothes,She decided to wear a stylish midi skirt for the business meeting.,U ish uchrashuvi uchun zamonaviy o'rta uzunlikdagi yubka kiyishga qaror qildi.,,
biotechnology,noun,C1,biotexnologiya,биотехнология,Using living things like bacteria to create new products for science and industry.,ˈbaɪəʊˌtɛk.nɒl.əʊ.dʒi,14808,ielts,Modern biotechnology is helping scientists develop better medicines for serious diseases.,Zamonaviy biotexnologiya olimlarga jiddiy kasalliklar uchun samarali dori vositalarini yaratishga yordam bermoqda.,,
toilet,noun,A1,hojatxona,туалет,A bowl that you sit on to get rid of waste from your body.,ˈtɔɪ.lət,14810,home,"Excuse me, where is the nearest toilet in this building?","Kechirasiz, bu binoda eng yaqin hojatxona qayerda?",bathroom,
outreach,noun,C1,yordam ko'rsatish tashabbusi,социальная работа,An activity of providing help and services to people who need them.,ˈaʊtɹiːtʃ,14812,ielts,The hospital runs an outreach program to provide medical care to villagers.,Kasalxona qishloq aholisiga tibbiy xizmat ko'rsatish uchun yordam dasturini amalga oshiradi.,,
recover,verb,B2,tuzalmoq tiklamoq,выздоравливать,To get better after being ill or to get back something that was lost.,ɹɪˈkʌvə,14814,actions,It took him two weeks to recover from his bad cold.,Uning qattiq shamollashdan tuzalishi uchun ikki hafta vaqt ketdi.,recuperate regain,
timely,adjective,B2,o'z vaqtida bo'lgan maqbul,своевременный,Happening or done at exactly the right time.,ˈtaɪmli,14816,time,The government made a timely decision to improve the school system.,Hukumat ta'lim tizimini yaxshilash bo'yicha o'z vaqtida qaror qabul qildi.,opportune prompt,late
debug,verb,C1,xatolarni tuzatmoq,отлаживать,To find and remove errors from a computer program or system.,diːˈbʌɡ,14818,work,The software developers spent all night to debug the new application.,Dasturchilar yangi ilovadagi xatolarni tuzatish uchun butun tunni sarflashdi.,fix rectify,
chuck,noun,B2,shtativ qisqich,патрон,A machine part that holds a tool or piece of material firmly in place.,t͡ʃʌk,14820,home,Make sure the drill bit is tightened securely in the chuck.,Matkap uchi qisqichga mahkam o'rnatilganiga ishonch hosil qiling.,clamp holder,
hon,noun,B1,jonim azizim,дорогая,A word used to address someone you love or are very close to.,hʌn,14822,people-family,"Hey hon, could you please pass me that cup of tea?","Jonim, menga o'sha choyni uzatib yuborolmaysizmi?",darling sweetheart,
dale,noun,C1,vodiylik vodiy,долина,"A valley, typically one that is lush and green.",deu,14824,nature,We walked through the beautiful green dale on a sunny afternoon.,Quyoshli tushdan keyin go'zal yashil vodiy bo'ylab sayr qildik.,valley vale,
calculation,noun,B2,hisoblash hisob-kitob,вычисление,The result of using mathematics to solve a problem or estimate an amount.,ˌkælkjuˈleɪʃn̩,14826,ielts,"Based on my calculation, the project will take two more weeks.","Mening hisob-kitoblarimga ko'ra, loyiha yana ikki hafta davom etadi.",computation estimate,
ebook,noun,B1,elektron kitob,электронная книга,A book that is read in a digital form on a computer or handheld device.,ˈiːbʊk,14828,school,I prefer reading an ebook on my tablet while traveling on the train.,Poyezdda ketayotganimda planshetimda elektron kitob o'qishni afzal ko'raman.,digital book,
peeing,verb,A2,siydik chiqarish,писать,To pass urine from the body.,ˈpiːɪŋ,14830,body-health,The little boy stopped running to go peeing behind the old tree.,Kichkina bola daraxt orqasida peshob chiqarish uchun yugurishni to'xtatdi.,urinating,
brooks,noun,B2,soy irmoq,ручьи,"Small, natural streams of water flowing through the land.",bɹʊks,14832,nature,Clear water from the mountain brooks flows down into the wide river.,Tog' soylaridan oqqan tiniq suvlar katta daryoga quyiladi.,streams creeks,
newton,noun,C1,nyuton,ньютон,The standard scientific unit used for measuring physical force.,ˈn(j)uːtən,14834,ielts,The force applied to move the heavy box was exactly ten newtons.,Og'ir qutini ko'chirish uchun sarflangan kuch roppa-rosa o'n nyuton edi.,,
sept,noun,C2,urug' qabila,род,A group of people belonging to the same clan or ancestral family.,sɛpt,14836,people-family,The ancient sept kept their traditions alive for hundreds of years.,Qadimiy urug' o'z an'analarini yuzlab yillar davomida saqlab qoldi.,clan tribe,
exceptional,adjective,B2,alohida favqulodda,исключительный,Much better than average and not like what you usually see.,ɪkˈsɛpʃənəl,14838,describing,She showed exceptional talent for music at a very young age.,U juda yoshligidan musiqaga nisbatan favqulodda qobiliyat ko'rsatdi.,outstanding remarkable,ordinary
bingo,noun,B1,bingo,бинго,A game where you win by marking numbers on a card as they are called.,ˈbɪŋ.ɡəʊ,14840,actions,"Every Friday night, the neighbors gather at the hall to play bingo.",Har juma oqshomida qo'shnilar bingo o'ynash uchun zalga yig'ilishadi.,,
whilst,conjunction,C1,vaqtda holbuki,в то время как,During the same time that something else is happening.,waɪlst,14842,ielts,Please remain seated whilst the aircraft is taxiing to the gate.,Samolyot darvoza tomon harakatlanayotgan vaqtda joyingizdan turmang.,while,
spatial,adjective,C1,fazoviy kenglikka doir,пространственный,"Relating to the position, size, and shape of objects in a space.",ˈspeɪ.ʃəl,14844,ielts,Architects must have a good understanding of spatial relationships in buildings.,Meʼmorlar binolardagi fazoviy munosabatlarni yaxshi tushunishlari kerak.,three-dimensional,
respondents,noun,B2,soʻrovnoma ishtirokchilari javob beruvchilar,респонденты,People who provide answers to a survey or a questionnaire.,rɪˈspɒndənts,14846,ielts,Most respondents agreed that the new policy would improve their working conditions.,Soʻrovnomada qatnashganlarning aksariyati yangi siyosat mehnat sharoitlarini yaxshilashiga rozi boʻlishdi.,participants,
ceramic,adjective,B2,keramika sopol,керамический,"Made of baked clay or similar hard, brittle material.",səˈɹæmɪk,14848,home,She bought a beautiful ceramic vase to decorate her new living room.,U yangi mehmonxonasini bezash uchun chiroyli sopol vaza sotib oldi.,earthenware pottery,
prompt,adjective,B2,tezkor oʻz vaqtida,быстрый,Doing something quickly and without any delay.,pɹɒmpt,14850,actions,We appreciate your prompt response regarding the change in our meeting schedule.,Uchrashuv vaqtidagi oʻzgarish boʻyicha tezkor javobingiz uchun minnatdormiz.,timely punctual,slow
precious,adjective,B1,qimmatbaho aziz,драгоценный,"Having great value or importance, often because it is rare or loved.",ˈpɹɛʃ.əs,14852,describing,Time is our most precious resource and we should use it wisely.,Vaqt eng qimmatbaho boyligimiz va biz undan oqilona foydalanishimiz kerak.,valuable dear,worthless
annually,adverb,B1,har yili yillik,ежегодно,Happening once every single year.,ˈæn.jʊə.li,14854,time,The company holds an annually meeting to discuss the staff performance.,Kompaniya xodimlar samaradorligini muhokama qilish uchun har yili yigʻilish oʻtkazadi.,yearly yearly,
sunny,adjective,A2,quyoshli,солнечный,Having a lot of bright light from the sun.,ˈsʌni,14856,nature,"Whilst it may be sunny today, the weather forecast is predicting rain.","Bugun havo quyoshli bo'lsa-da, ob-havo ma'lumotiga ko'ra yomg'ir yog'ishi kutilmoqda.",bright clear,cloudy
necklace,noun,A2,marjon taqinchoq,ожерелье,A piece of jewelry worn around the neck.,ˈnɛkləs,14858,clothes,She wore a beautiful gold necklace for the special party.,U maxsus ziyofat uchun chiroyli tillo marjon taqdi.,pendant,
composite,adjective,C1,tarkibli murakkab,составной,Made of several different parts or materials put together.,ˈkɒmpəzɪt,14860,ielts,The bridge is built from a composite material that is very strong.,Ko'prik juda mustahkam bo'lgan tarkibli materialdan qurilgan.,complex compound,simple
unavailable,adjective,B1,mavjud emas erishib bo'lmaydigan,недоступный,"Not able to be used, bought, or reached at the moment.",ˌʌnəˈveɪləbəl,14862,work,"This product is unavailable at the moment, but we expect more soon.","Bu mahsulot hozirda mavjud emas, lekin tez orada ko'proq kelishini kutyapmiz.",missing absent,available
cedar,noun,B2,kedr,кедр,A tall evergreen tree that is often grown for its strong wood.,ˈsiː.də,14864,nature,The furniture in the room was made from high quality cedar wood.,Xonadagi mebellar sifatli kedr daraxtidan yasalgan edi.,,
advocacy,noun,C1,himoya tarafdorlik,поддержка,The act of publicly supporting or suggesting a particular idea or cause.,ˈæd.və.kə.si,14866,ielts,She is well known for her advocacy of human rights around the world.,U butun dunyo bo‘ylab inson huquqlarini himoya qilishi bilan tanilgan.,support promotion,
stud,noun,B2,shpilka tugma,гвоздик,A small decorative object like a knob used on clothing or as jewelry.,stʌd,14868,clothes,She was wearing simple diamond studs in her ears today.,Bugun u qulog‘iga oddiy olmosli sirg‘alar taqib olgan.,,
fold,verb,A2,buklamoq taxlamoq,складывать,To bend a piece of paper or cloth so that it covers itself.,ˈfəʊld,14870,actions,Please fold your clothes before putting them into the cupboard.,Iltimos kiyimlaringizni shkafga qo‘yishdan oldin taxlab qo‘ying.,bend crease,unfold
essentially,adverb,B2,asosan mohiyatan,по существу,Used when talking about the most important or basic part of something.,ɪˈsɛnʃəli,14872,describing,What he said was essentially the truth but it sounded quite rude.,U aytgan gap asosan haqiqat edi lekin biroz dag‘al eshitildi.,basically fundamentally,
qualify,verb,B2,malakali bo‘lmoq saralanmoq,квалифицироваться,To reach the necessary standard to be allowed to do something.,ˈkwɒl.ɪ.faɪ,14874,work,They had to win the last match to qualify for the final.,Finalga yo‘llanma olish uchun ular oxirgi o‘yinda yutishlari kerak edi.,,
mason,noun,B1,toshterar gisht teruvchi,каменщик,A person whose job is building things using stone or brick.,ˈmeɪsən,14876,work,The mason built a beautiful stone wall around the big garden.,Toshterar bog' atrofida chiroyli tosh devor qurdi.,bricklayer builder,
diagram,noun,B1,sxema chizma,диаграмма,A simple drawing showing how something works or how its parts are connected.,ˈdaɪ.ə.ɡɹæm,14878,school,Please look at the diagram to understand how the engine works.,"Dvigatel qanday ishlashini tushunish uchun iltimos, sxemaga qarang.",chart scheme,
footwear,noun,A2,oyoq kiyim,обувь,"Things that people wear on their feet, like shoes, boots, or sandals.",ˈfʊtwɛə(ɹ),14880,clothes,You should wear comfortable footwear if you plan to walk all day.,"Agar butun kun piyoda yurmoqchi bo'lsangiz, qulay oyoq kiyim kiying.",shoes,
victor,noun,B2,g'olib yutug'chi,победитель,"The person who wins a competition, game, or fight.",ˈvɪk.tə(ɹ),14882,ielts,The victor of the race received a gold medal and a trophy.,Poyga g'olibi oltin medal va kubokni qo'lga kiritdi.,winner champion,loser
attach,verb,B1,biriktirmoq ulamoq,прикреплять,To join or fasten one thing to another.,əˈtæt͡ʃ,14884,work,Please attach the file to your email before you send it.,"Iltimos, faylni jo'natishdan oldin xatingizga biriktirib qo'ying.",connect join,detach
sensitivity,noun,B2,sezgirlik ta'sirchanlik,чувствительность,The ability to notice or feel small changes or physical sensations.,ˌsɛn.sɪˈtɪv.ɪ.ti,14886,body-health,The skin on your face can have high sensitivity to the sun.,Yuz terisi quyosh nuriga yuqori darajada sezgir bo'lishi mumkin.,delicacy awareness,insensitivity
calgary,noun,B1,Kalgari,Калгари,"A large city in the province of Alberta, Canada.",ˈkælɡəri,14888,places,Calgary is known for its beautiful mountain views and winter sports.,Kalgari o'zining go'zal tog' manzaralari va qishki sport turlari bilan mashhur.,,
interim,adjective,C1,muvaqqat vaqtinchalik,временный,Intended to be used only for a short time until something permanent is found.,ˈɪntəɹɪm,14890,ielts,You are the interim manager until he returns from the hospital.,U kasalxonadan qaytguniga qadar siz muvaqqat boshqaruvchisiz.,provisional caretaker,
divine,adjective,C2,ilohiy,божественный,Relating to or coming directly from God or a god.,dɪˈvaɪn,14892,ielts,Many people believe that music has a divine power to heal.,Ko'pchilik musiqa davolash uchun ilohiy kuchga ega deb hisoblaydi.,holy sacred,secular
approve,verb,B2,ma'qullamoq tasdiqlamoq,одобрять,"To officially agree to or accept a plan, request, or idea.",əˈpɹuːv,14894,work,The committee will meet tomorrow to approve the new building project.,Qo'mita ertaga yangi qurilish loyihasini ma'qullash uchun yig'iladi.,sanction ratify,
chose,verb,A2,tanladi tanlab oldi,выбрал,"Past tense of choose, meaning to pick someone or something from a group.",tʃəʊz,14896,actions,I chose a nice ripe apple from the fruit bowl today.,Men bugun meva idishidan chiroyli pishgan olma tanlab oldim.,selected picked,
intensity,noun,B2,shiddat jadallik,интенсивность,"The quality of being very strong, forceful, or extreme in degree.",ɪnˈtɛnsɪti,14898,ielts,The intensity of the storm caused a lot of damage nearby.,Bo'ronning shiddati yaqin atrofdagi ko'plab binolarga zarar yetkazdi.,strength force,
technological,adjective,B2,texnologik,технологический,Relating to or involving modern scientific or industrial technology.,ˌteknəˈlɒdʒɪkl,14900,ielts,Technological progress has changed how we work and communicate every day.,Texnologik rivojlanish bizning ish va muloqot tarzimizni butunlay o'zgartirdi.,,
syndicate,noun,C2,sindikat uyushma,синдикат,A group of people or companies working together for a business goal.,ˈsɪndɪkət,14902,ielts,The investment syndicate decided to buy the shares of the company.,Investitsiya sindikati kompaniya aksiyalarini sotib olishga qaror qildi.,group association,
abortion,noun,C1,abort homila tushirish,аборт,The medical procedure to end a pregnancy before the baby is born.,əˈbɔɹ.ʃn̩,14904,body-health,Access to safe abortion services is a critical issue in public health.,Xavfsiz abort xizmatlaridan foydalanish imkoniyati jamoat salomatligida muhim masala hisoblanadi.,miscarriage termination,
dialog,noun,B1,muloqot suhbat,диалог,"A conversation between two or more people, or a small window on a screen.",ˈdaɪəlɒɡ,14906,actions,The leaders opened a peaceful dialog to resolve their differences in court.,Rahbarlar o'z kelishmovchiliklarini hal qilish uchun tinch muloqotni boshladilar.,conversation discussion,
blast,noun,B2,portlash shiddatli shamol,взрыв,"A sudden, powerful explosion or a very strong gust of wind.",blɑːst,14908,nature,The force of the blast shattered all the windows in the building.,Portlash kuchi binodagi barcha oynalarni sindirib tashladi.,explosion gust,
wellness,noun,B2,sog'lom turmush tarzi salomatlik,оздоровление,The state of being in good physical and mental health.,ˈwɛl.nɪs,14910,body-health,Regular exercise and healthy eating are essential for your overall wellness.,Doimiy mashqlar va sog'lom ovqatlanish umumiy salomatligingiz uchun juda muhimdir.,wellbeing health,
calcium,noun,B2,kaltsiy,кальций,"A chemical element found in bones and teeth, and in foods like milk.",ˈkælsi.əm,14912,body-health,Drinking plenty of milk is a great way to get enough calcium.,Ko'p sut ichish yetarlicha kaltsiy olishning ajoyib usulidir.,,
antivirus,noun,B1,antivirus,антивирус,Computer software used to protect your device from harmful viruses.,ˈantɪvʌɪrəs,14914,work,Make sure you install a good antivirus to protect your laptop computer.,Noutbukingizni himoya qilish uchun yaxshi antivirus o'rnatganingizga ishonch hosil qiling.,,
pole,noun,A2,ustun xoda,столб,"A long, thin piece of wood or metal used to support something.",pəʊl,14916,home,The flag was flying high at the top of the metal pole.,Bayroq metall ustunning eng yuqori qismida hilpirab turardi.,post rod,
shield,verb,B2,himoya qilmoq saqlamoq,защищать,"To protect someone or something from danger, harm, or unpleasant experiences.",ˈʃiːld,14918,actions,Sunscreen shields against the harmful effects of solar rays.,Quyoshdan himoyalovchi krem terini quyoshning zararli taʼsiridan saqlaydi.,protect defend,expose
harvest,noun,B2,hosil yigim-terim,урожай,"The time when crops are gathered from the fields, or the gathered crops.",ˈhɑɹ.vəst,14920,nature,The constant rain made the harvest a nightmare this year.,Tinimsiz yogʻgan yomgʻirlar bu yilgi hosilni yigʻib olishni qiyinlashtirdi.,yield crop,
membrane,noun,C1,parda qobiq,мембрана,"A very thin, flexible layer of tissue that covers or separates parts of the body.",ˈmɛm.bɹeɪn,14922,body-health,The cell membrane controls what enters and leaves the cell.,Hujayra pardasi hujayraga nimalar kirishi va undan nimalar chiqishini nazorat qiladi.,tissue layer,
locally,adverb,B1,mahalliy darajada shu yerning o'zida,местно,In or from the area that is near to where you are.,ˈləʊkəli,14924,places,In this shop we only sell products farmed locally.,Bu doʻkonda biz faqat mahalliy fermerlar yetishtirgan mahsulotlarni sotamiz.,nearby regionally,
pickup,noun,B2,pikap yuk mashinasi,пикап,"A light truck with an open back, used for carrying goods.",ˈpɪkʌp,14926,travel,They used a pickup to transport the heavy furniture to their new house.,Ular ogʻir mebellarni yangi uyga tashish uchun pikapdan foydalanishdi.,truck,
desperate,adjective,B2,umidsiz chorasiz,отчаянный,Feeling that you have no hope and are ready to do anything to change things.,ˈdɛs.p(ə.)ɹɪt,14928,feelings,I hadn't eaten in two days and was desperate for food.,Ikki kundan beri hech narsa yemaganim uchun qornim ochligidan oʻlib borardim.,hopeless distressed,hopeful
demonstration,noun,B2,namoyish ko'rsatuv,демонстрация,An event where someone shows how to do something or how something works.,dɛmənˈstɹeɪʃən,14930,ielts,"I have to give a demonstration to the class tomorrow, and I'm ill-prepared.","Ertaga sinf oldida namoyish o'tkazishim kerak, lekin hali tayyor emasman.",display presentation,
governmental,adjective,B2,hukumat davlat,правительственный,Related to or managed by the government of a country.,ˌɡʌv(ə)nˈmɛnt(ə)l,14932,ielts,The governmental agency released a new report on climate change yesterday.,Hukumat idorasi kecha iqlim o'zgarishi bo'yicha yangi hisobotni e'lon qildi.,official state,
manufactured,adjective,B2,ishlab chiqarilgan sun'iy,произведенный,Produced in large quantities in a factory using machines.,ˌmænjəˈfækt͡ʃɚd,14934,work,These goods are manufactured using high-quality materials to ensure their durability.,Bu mollar mustahkam bo'lishi uchun sifatli xomashyodan ishlab chiqariladi.,produced made,natural
graduation,noun,B1,o'qishni bitirish bitiruv marosimi,окончание,The ceremony of receiving a degree or diploma after finishing your studies.,ˌɡɹæd͡ʒuˈeɪʃən,14936,school,"After my graduation, I took a year out to travel, then went into an office job.","O'qishni bitirganimdan so'ng, sayohat qilish uchun bir yil dam oldim, keyin ishga kirdim.",commencement,
mega,adjective,B2,juda katta ulkan,огромный,"Very large, important, or impressive.",ˈmɛɡə,14938,describing,The team achieved a mega success after months of hard work.,Jamoa bir necha oylik mehnatdan so'ng ulkan muvaffaqiyatga erishdi.,huge massive,tiny
bend,verb,B1,egilmoq bukilmoq,гнуться,To move your body or a part of it so that it is not straight.,bɛnd,14940,actions,"If you bend the pipe too far, it will break.","Agar quvurni qattiq egasangiz, u sinib ketadi.",flex curve,straighten
sailing,noun,B1,yelkanli sporti,парусный спорт,The sport of traveling on water in a boat powered by the wind.,ˈseɪ.lɪŋ,14942,travel,They spent their summer holidays sailing across the Mediterranean Sea.,Ular yozgi ta'tilni O'rta yer dengizida yelkanli qayiqda suzib o'tkazdilar.,yachting boating,
sacred,adjective,B2,muqaddas,священный,"Considered holy and deserving of great respect, often because of religion.",ˈseɪkɹɪd,14944,ielts,The ancient temple is a sacred place for the local people.,Bu qadimiy ibodatxona mahalliy xalq uchun muqaddas joy hisoblanadi.,holy divine,profane
addiction,noun,B2,qaramlik moyillik,зависимость,A strong need to do or use something that is harmful.,əˈdɪkˌʃən,14946,body-health,He is struggling to overcome his addiction to social media.,U ijtimoiy tarmoqlarga bo'lgan qaramligini yengishga harakat qilyapti.,dependency habit,
chrome,noun,C1,xrom,хром,A shiny silver metal used to cover other metals to make them look bright.,kɹəʊm,14948,describing,The old car had shiny chrome bumpers that reflected the sun.,Eski mashinaning quyoshda yaltiraydigan xrom bamperlari bor edi.,,
brake,noun,A2,tormoz,тормоз,A part of a vehicle used to slow down or stop it.,bɹeɪk,14950,travel,She slammed the brakes when she saw a cat cross the road.,"U yo'lda mushukni ko'rib qolib, tormozni keskin bosdi.",,
exterior,noun,B2,tashqi qism,внешняя сторона,The outside part or surface of something.,ɪkˈstɪəɹɪə,14952,describing,The exterior of the house was painted in a bright blue color.,Uyning tashqi qismi yorqin ko'k rangga bo'yalgan edi.,outside surface,interior
greeting,noun,A1,salomlashish tabrik,приветствие,Words or actions used to welcome someone or say hello.,ˈɡɹiːtɪŋ,14954,basics,He offered a friendly greeting to everyone who entered the room.,U xonaga kirgan har bir kishiga iliq salom berdi.,welcome salute,
glen,noun,C1,darra vodi,долина,"A small and narrow valley, often with a stream flowing through it.",ɡlɛn,14956,nature,They walked through the green glen where the river flowed quietly.,Ular daryo sokin oqib o'tadigan yashil vodiydan yurib o'tishdi.,valley dale,
olive,noun,A2,zaytun,оливка,"A small oval fruit, usually green or black, used for eating or oil.",ˈɒ.lɪv,14958,food-drink,She added a single green olive to her glass of cold water.,U sovuq suv solingan stakaniga bitta yashil zaytun qo'shdi.,,
undefined,adjective,C1,aniqlanmagan belgisiz,неопределенный,"Not having a clear value, meaning, or assigned limit.",ˌʌn.dɪˈfaɪnd,14960,ielts,The math problem was left undefined because the input was missing data.,Kiritilgan ma'lumotlar yetishmagani uchun matematik masala yechimsiz qoldi.,vague unclear,defined
cyber,adjective,B2,kiber raqamli,кибер-,"Relating to the internet, computer networks, or virtual technology.",ˈsaɪ.bə,14962,work,Our company has strict rules to protect against cyber attacks today.,Kompaniyamiz kiber hujumlardan himoyalanish uchun qat'iy qoidalarga ega.,digital online,
enhancement,noun,B2,yaxshilash rivojlantirish,улучшение,"The process of improving the quality, value, or strength of something.",ɪnˈhɑːns.mənt,14964,ielts,Software enhancement makes the program run much faster and more smoothly.,Dasturiy ta'minotni yangilash dasturning tezroq va ravon ishlashini ta'minlaydi.,improvement upgrade,dehancement
clone,noun,B2,nusxa klon,клон,An exact copy of a living thing or an object produced identically.,kloʊn,14966,ielts,The scientists were able to create a genetic clone of the sheep.,Olimlar qo'yni genetik jihatdan klonlashga muvaffaq bo'lishdi.,copy replica,
velocity,noun,B2,tezlik,скорость,The speed of something moving in a particular direction.,vəˈlɒsəti,14968,ielts,The rocket increased its velocity as it moved away from the earth.,Raketa yerdan uzoqlashgani sari o'z tezligini oshirdi.,speed pace,
lambda,noun,C1,lambda,лямбда,"The eleventh letter of the Greek alphabet, often used as a scientific symbol.",ˈlæm.də,14970,ielts,"In physics, lambda is frequently used to represent the wavelength of light.",Fizikada lambda ko'pincha yorug'lik to'lqin uzunligini ifodalash uchun ishlatiladi.,,
relay,verb,B2,yetkazmoq uzatmoq,передавать,To receive and send on information or messages to another person or place.,ˈɹiːleɪ,14972,actions,Please relay this important message to the manager as soon as possible.,Iltimos bu muhim xabarni imkon qadar tezroq menejerga yetkazing.,transmit pass,
composed,adjective,C1,xotirjam vazmin,хладнокровный,Feeling calm and in control of your emotions even in a difficult situation.,kəmˈpoʊzd,14974,feelings,She remained composed while answering the difficult questions during the press conference.,Matbuot anjumanida qiyin savollarga javob berayotganda u juda vazmin bo'ldi.,calm collected,agitated
tears,noun,A2,ko'z yoshlar,слёзы,Drops of salty liquid that come from your eyes when you are crying.,tɪɹz,14976,body-health,She had tears in her eyes after watching the sad movie scene.,"Kino sahnasidagi qayg'uli lahzani ko'rib, ko'zlariga yosh keldi.",,
baseline,noun,C1,boshlang'ich nuqta asos,исходный уровень,A starting value or line used for comparing or measuring future results.,ˈbeɪslaɪn,14978,ielts,We need to establish a baseline before we start measuring the project progress.,Loyiha taraqqiyotini o'lchashdan oldin biz boshlang'ich nuqtani belgilab olishimiz kerak.,standard benchmark,
cab,noun,B1,kabina,кабина,"The part of a truck, train, or crane where the driver sits.",kæb,14980,travel,The driver climbed into the truck cab and started the powerful engine.,"Haydovchi yuk mashinasi kabinasiga chiqib, kuchli dvigatelni yoqdi.",cockpit,
societies,noun,B1,jamiyatlar,общества,Large groups of people who live together in an organized way.,səˈsaɪətiz,14982,ielts,Modern societies rely heavily on technology for daily communication and work.,Zamonaviy jamiyatlar kundalik muloqot va ishda texnologiyalarga juda tayanadi.,communities nations,
silicon,noun,C1,kremniy,кремний,A chemical element used widely in computer chips and electronic devices.,ˈsɪlɪkən,14984,ielts,Silicon is the essential material used to manufacture modern computer processor chips.,Kremniy zamonaviy kompyuter protsessorlarini ishlab chiqarishda ishlatiladigan asosiy xomashyodir.,,
petroleum,noun,B2,neft xomashyo,нефть,A natural dark liquid found under the ground that is processed to make fuel.,pəˈtɹoʊliəm,14986,nature,The global economy relies heavily on the production of petroleum for energy.,Jahon iqtisodiyoti energiya uchun neft qazib olishga juda bog'liq.,oil crude,
compete,verb,B1,musobaqalashmoq raqobatlashmoq,соревноваться,To try to win something or be more successful than other people.,kəmˈpiːt,14988,actions,Local businesses must compete with large companies to stay in the market.,Mahalliy korxonalar bozorda qolish uchun yirik kompaniyalar bilan raqobatlashishi kerak.,contend rival,
lover,noun,B1,oshiq sevuvchi,любитель,A person who has a very strong interest in or enthusiasm for something.,ˈlʌvɚ,14990,people-family,"As a true lover of music, she spends all her money on concerts.",Musiqaning haqiqiy ishqibozi bo'lgani uchun u bor pulini konsertlarga sarflaydi.,enthusiast fan,
lips,noun,A1,lablar,губы,The two soft edges at the entrance of a person's mouth.,lɪps,14992,body-health,She put some red lipstick on her lips before going to the party.,U kechaga ketishdan oldin lablariga qizil bo'yoq surdi.,,
retention,noun,C1,saqlab qolish,удержание,The ability to keep something or the power to remember information.,ɹɪˈtɛnʃən,14994,ielts,The company has a good strategy for the retention of talented employees.,Kompaniya iqtidorli xodimlarni saqlab qolish uchun yaxshi strategiyaga ega.,preservation storage,loss
pond,noun,A2,hovuz kichik ko'l,пруд,"A small area of still water, often man-made.",pɒnd,14996,nature,We watched the ducks swimming happily in the garden pond.,Biz o'rdaklarning bog'dagi hovuzda mazza qilib suzayotganini kuzatdik.,pool lake,
soundtrack,noun,B1,saundtrek musiqiy albom,саундтрек,The music and sound recorded for a movie or video game.,ˈsaʊndˌtɹæk,14998,places,I love the soundtrack of that movie; it has amazing songs.,Menga o'sha kinoning saundtreki juda yoqadi; unda ajoyib qo'shiqlar bor.,score,
daddy,noun,A1,dada dadajon,папа,A word used by children to address their father.,ˈdæd.i,15000,people-family,The little girl ran quickly to give her daddy a hug.,Kichkina qizcha otasini quchoqlash uchun yugurib keldi.,dad papa,
ferry,noun,A2,parom,паром,A boat used to carry people or vehicles across a river or sea.,ˈfɛɹi,15002,travel,We took the ferry to get to the island early morning.,Biz erta tongda orolga yetib olish uchun paromga o'tirdik.,ferryboat,
profession,noun,B2,kasb hunar,профессия,A type of job that requires special education and training.,pɹəˈfɛʃ.ən,15004,work,Medicine is a demanding profession that requires years of hard study.,Tibbiyot ko'p yillik o'qishni talab qiladigan mashaqqatli kasbdir.,occupation career,
dam,noun,B2,to'g'on suv ombori,плотина,A wall built across a river to stop the water from flowing.,ˈdæm,15006,nature,A dam is often an essential source of water for farmers.,To'g'on ko'pincha dehqonlar uchun muhim suv manbai hisoblanadi.,barrier,
separately,adverb,B1,alohida,отдельно,Not together; in a way that involves keeping things apart.,ˈsɛp.(ə.)ɹət.li,15008,describing,We have been living separately for three years now.,Biz uch yildan beri alohida yashayapmiz.,apart individually,together
physiology,noun,C1,fiziologiya,физиология,The study of how the bodies of living things work.,ˌfɪziˈɒləd͡ʒi,15010,ielts,The university course explores human physiology and how cells function.,Universitet kursi inson fiziologiyasi va hujayralar qanday ishlashini o'rganadi.,,
tire,verb,B1,charchamoq toliqmoq,уставать,To feel or become tired or weary from working or waiting.,ˈtaɪ̯ə(ɹ),15012,actions,You will tire quickly if you do not get enough sleep.,"Agar yetarlicha uxlamasangiz, tez charchab qolasiz.",exhaust fatigue,energize
participant,noun,B2,ishtirokchi qatnashuvchi,участник,A person who takes part in an event or activity.,pɑːˈtɪsɪpənt,15014,ielts,All participants must adhere to the rules of the competition.,Barcha ishtirokchilar musobaqa qoidalariga amal qilishlari shart.,entrant partaker,
recreational,adjective,B2,dam olish hordiq,развлекательный,Related to activities done for enjoyment when one is not working.,ˌrɛkriˈeɪʃənl,15016,ielts,The city has built many new recreational areas for the public.,Shahar aholi uchun ko'plab yangi dam olish maskanlarini qurdi.,leisure fun,
electron,noun,B2,elektron,электрон,A very small part of an atom that has a negative electric charge.,ɪˈlɛk.tɹɒn,15018,ielts,The flow of an electron creates electricity in a wire.,Elektron harakati simda elektr tokini hosil qiladi.,negatron e,
friendship,noun,A2,do'stlik,дружба,The happy relationship between two or more friends.,ˈfɹɛn(d)ʃɪp,15020,people-family,Their friendship has lasted for over twenty years.,Ularning do'stligi yigirma yildan ortiq davom etmoqda.,amity alliance,hostility
heather,noun,C1,veresk,вереск,A small plant with tiny purple or white flowers that grows on hills.,ˈhɛðə,15022,nature,The hillside was covered in purple heather during the summer.,Yozda tog' yonbag'ri binafsha rangli veresk bilan qoplangan edi.,,
motel,noun,B1,motel avtopansionat,мотель,A hotel located near a highway where you can park your car right outside your room.,moʊˈtɛl,15024,travel,We stopped at a cheap motel to sleep for the night while traveling.,Sayohat paytida bir kecha dam olish uchun arzon motelga to‘xtadik.,hotel inn,
treasury,noun,B2,g‘azna xazina,казна,The department of a government that manages the country's money and taxes.,ˈtɹɛʒ.ə.ɹi,15026,ielts,The national treasury announced new budget cuts to improve the economic situation.,Iqtisodiy vaziyatni yaxshilash uchun davlat g‘aznasi yangi xarajatlarni qisqartirishni e’lon qildi.,exchequer finance,
warrant,noun,C1,order sud buyrug‘i,ордер,A legal document signed by a judge that allows police to do something.,ˈwɒɹənt,15028,ielts,The police had a warrant to search the house for hidden evidence.,Politsiyaning uy ichidan yashirin dalillarni izlash uchun sud orderi bor edi.,authorization mandate,
frozen,adjective,A2,muzlagan muzlatilgan,замороженный,Changed into ice or kept at a very low temperature to prevent decay.,ˈfɹəʊzn̩,15030,food-drink,We bought some frozen vegetables to cook for dinner this evening.,Bugun kechki ovqatga tayyorlash uchun muzlatilgan sabzavotlar sotib oldik.,icy chilled,fresh
josh,verb,B2,hazillashmoq masxara qilmoq,подшучивать,To tease someone in a light and friendly way without being mean.,dʒɒʃ,15032,actions,"I was only just joshing with you about your new haircut, don't worry.","Yangi sochingiz haqida shunchaki hazillashayotgan edim, xavotir olmang.",tease joke,
royalty,noun,B2,qirollik vakillari qirol oilasi,члены королевской семьи,People who belong to the family of a king or queen.,ˈɹɔɪəlti,15034,ielts,Many members of the royalty attended the event at the royal palace.,Qirol saroyidagi tadbirda qirollik oilasining ko‘plab vakillari ishtirok etishdi.,monarchy sovereign,
rally,noun,B2,yig'in namoyish,митинг,A large public meeting held to support a political cause or a common interest.,ˈɹæli,15036,ielts,Thousands of people gathered in the park for the election rally.,Saylovoldi mitingida ishtirok etish uchun minglab odamlar bog'ga to'planishdi.,gathering meeting,
observer,noun,B2,kuzatuvchi,наблюдатель,A person who watches or monitors something to see what happens.,əbˈzɝvɚ,15038,ielts,The international observer watched the voting process throughout the entire day.,Xalqaro kuzatuvchi butun kun davomida ovoz berish jarayonini kuzatib bordi.,witness,
sunshine,noun,A2,quyosh nuri,солнечный свет,The light and heat that come from the sun.,ˈsʌnʃaɪn,15040,nature,We walked in the warm sunshine during our trip to the coast.,Sohilga sayohatimiz davomida biz iliq quyosh nurlari ostida sayr qildik.,sunlight,
drag,verb,B1,suyramoq tortmoq,тащить,To pull something heavy slowly along the ground.,ˈdɹæɡ,15042,actions,He had to drag the heavy table across the wooden floor.,U og'ir stolni yog'och pol bo'ylab sudrab olib o'tishi kerak edi.,pull haul,
somehow,adverb,B1,qandaydir yo'l bilan,как-то,In a way that is not known or by some means.,ˈsʌmhaʊ,15044,describing,"Somehow, she managed to finish the report before the deadline arrived.",Qandaydir yo'l bilan u hisobotni belgilangan muddatgacha tugatishga muvaffaq bo'ldi.,,
arrested,adjective,B2,hibsga olingan,арестованный,Being kept in legal custody because of a crime.,əˈɹɛstɪd,15046,ielts,The arrested man was taken to the police station for questioning.,Hibsga olingan shaxs so'roq qilinishi uchun politsiya bo'limiga olib ketildi.,detained,
provincial,adjective,C1,viloyatga oid provinsial,провинциальный,"Connected with a region outside the capital city, often considered old-fashioned.",pɹəˈvɪn(t)ʃəl,15048,ielts,He grew tired of his provincial life and moved to the big city.,U o'zining provinsial hayotidan charchadi va katta shaharga ko'chib o'tdi.,regional local,metropolitan
ripe,adjective,B1,pishgan yetilgan,зрелый,Fully grown and ready to be eaten or used.,ɹaɪp,15050,food-drink,These tomatoes are red and ripe enough to pick today.,Bu pomidorlar qizargan va terib olish uchun yetilgan.,mature ready,unripe
dying,adjective,B2,o'layotgan jon taslim qilayotgan,умирающий,Coming to the end of life or reaching the final moments.,ˈdaɪ.ɪŋ,15052,body-health,The old tree stood alone in the dying light of evening.,Qari daraxt kechki xira yorug'likda yolg'iz qolgandi.,fading terminal,living
laundry,noun,A2,kir kirlar,стирка,"Clothes, sheets, and towels that need to be washed or have just been washed.",ˈlɔːn.dɹi,15054,home,I need to do the laundry before the weekend starts.,Dam olish kunigacha kir yuvib olishim kerak.,washing clothes,
stuck,adjective,A2,qotib qolgan,застрявший,Unable to move or caught in a position where you cannot escape.,stʌk,15056,actions,The key is stuck in the lock and I cannot turn it.,Kalit qulfga tiqilib qoldi va men uni buray olmayapman.,jammed fixed,free
advertiser,noun,B1,reklamachi reklama beruvchi,рекламодатель,A person or company that pays for advertisements to promote their products or services.,ˈædvɚˌtaɪzɚ,15058,work,The advertiser spent a lot of money to reach new potential customers.,Reklamachi yangi mijozlarni jalb qilish uchun ko‘p pul sarfladi.,promoter sponsor,
downloadable,adjective,B1,yuklab olsa bo‘ladigan,скачиваемый,Refers to computer files or programs that you can transfer from the internet to your device.,ˌdaʊnˈləʊd.ə.bl̩,15060,work,This website offers many free downloadable resources for students and teachers.,Bu sayt o‘quvchilar va o‘qituvchilar uchun ko‘plab bepul yuklab olsa bo‘ladigan resurslarni taklif etadi.,,undownloadable
silence,noun,A2,sukunat jimlik,тишина,A state of complete quiet where there is no sound at all.,ˈsaɪl(ə)ns,15062,describing,"When the teacher walked into the room, there was absolute silence.","O‘qituvchi xonaga kirganida, mutlaq sukunat hukm surdi.",quiet stillness,noise
possession,noun,B2,mulk egalik,имущество,Something that you own or have in your control at a particular time.,pəˈzɛʃn̩,15064,ielts,He lost all his worldly possessions in the terrible house fire.,U dahshatli yong‘in tufayli barcha mol-mulkidan ayrildi.,belongings property,
vocal,adjective,B2,ovozli og‘zaki,голосовой,Relating to the human voice or expressed strongly through speaking.,ˈvəʊ.kəl,15066,describing,She was very vocal about her disagreement with the new company policy.,U kompaniyaning yangi siyosatiga rozi emasligini ochiqchasiga aytdi.,spoken oral,
trainer,noun,B1,murabbiy ustoz,тренер,A person who teaches someone how to do a sport or develop a specific skill.,ˈtɹeɪnə,15068,work,My tennis trainer helps me to improve my skills every single day.,Tennis bo‘yicha murabbiyim har kuni mahoratimni oshirishga yordam beradi.,coach,
organ,noun,B2,a'zo organ,орган,"A part of a living body that has a specific job, like the heart.",ˈɔː.ɡən,15070,body-health,The heart is a vital organ that pumps blood through our bodies.,Yurak qonni tanamiz bo‘ylab haydab beruvchi muhim a'zo hisoblanadi.,,
stronger,adjective,A2,kuchliroq,сильнее,"Having more power, energy, or force than someone or something else.",stɹɒŋɡə,15072,describing,"Compared to the previous semester, my grades now are a lot stronger.",Oldingi semestrga qaraganda baholarim ancha yaxshilandi.,mightier,weaker
lemon,noun,A1,limon,лимон,An oval yellow fruit that has a very sour juice and taste.,ˈlɛmən,15074,food-drink,I always add a slice of fresh lemon to my hot tea.,Men har doim issiq choyimga bir bo‘lak limon qo‘shaman.,,
darkness,noun,A2,qorong‘ulik zulmat,темнота,A situation where there is little or no light at all.,ˈdɑːknəs,15076,nature,The darkness of the room made it difficult to see anything inside.,Xonadagi qorong‘ulik tufayli ichkarida hech narsani ko‘rib bo‘lmasdi.,gloom,light
nail,noun,A2,tirnoq,ноготь,The hard part at the end of each finger or toe on a person.,neɪl,15078,body-health,When I am nervous I tend to bite my nails without thinking.,Asabiylashganimda o‘ylamasdan tirnoqlarimni tishlashga moyilman.,,
span,verb,B2,qamrab olmoq cho‘zilmoq,охватывать,To extend across a distance or a period of time.,spæn,15080,ielts,The modern highway spans the entire length of the beautiful valley.,Zamonaviy shosse butun vodiy bo‘ylab cho‘zilib ketgan.,bridge cross,
joke,noun,A2,hazil,шутка,Something that you say or do to make people laugh.,ˈd͡ʒəʊ̯k,15082,feelings,He told a funny joke and everyone in the room laughed.,U qiziqarli hazil aytdi va xonadagi hamma kuldi.,gag jest,
respondent,noun,B2,javob beruvchi so‘rovnoma qatnashchisi,респондент,"A person who answers questions, especially in a survey or study.",ɹɪˈspɒn.dənt,15084,ielts,Every respondent answered the survey questions honestly and with great care.,Har bir respondent so‘rovnoma savollariga xolis va e’tibor bilan javob berdi.,participant interviewee,
statute,noun,C1,qonun nizom,закон,A formal written law established by a country's legislative body.,ˈstatjuːt,15086,ielts,The new statute limited working hours for all factory employees.,Yangi qonun barcha zavod xodimlarining ish vaqtini cheklab qo'ydi.,law legislation,
satisfy,verb,B2,qanoatlantirmoq qondirmoq,удовлетворять,To provide exactly what is needed or wanted by someone.,ˈsætɪsfaɪ,15088,actions,That brief explanation will never satisfy the curious students.,Qisqacha izoh qiziquvchan talabalarni hech qachon qanoatlantirmaydi.,fulfill meet,disappoint
shelter,noun,B1,boshpana panoh,укрытие,A place that provides protection from bad weather or danger.,ˈʃɛltə,15090,places,"Along with food, shelter is often recognized as a human necessity.",Oziq-ovqat bilan bir qatorda boshpana ham insonning asosiy ehtiyoji hisoblanadi.,refuge protection,
chapel,noun,B2,ibodatxona cherkov,часовня,A small building or room used for private prayer and worship.,ˈt͡ʃæp.əl,15092,places,The quiet wedding ceremony took place in a small wooden chapel.,Tinch nikoh marosimi kichik yog'och ibodatxonada bo'lib o'tdi.,shrine church,
manufacture,verb,B2,ishlab chiqarmoq yasamoq,производить,To make products on a large scale using machines.,ˌmænjuˈfækt͡ʃɚ,15094,work,The factory will manufacture parts for new electric cars next year.,Zavod kelgusi yili yangi elektromobillar uchun ehtiyot qismlar ishlab chiqaradi.,produce create,
vulnerability,noun,C1,zaiflik himoyasizlik,уязвимость,The state of being weak and easy to hurt or attack.,ˌvʌln(ə)ɹəˈbɪlɪti,15096,ielts,The security team identified a vulnerability in the company's computer network.,Xavfsizlik guruhi kompaniya kompyuter tarmog'idagi zaiflikni aniqladi.,weakness susceptibility,strength
accountability,noun,C1,javobgarlik masʼuliyat,ответственность,The quality of being responsible for your actions and willing to explain them.,əˌkaʊn.təˈbɪl.ə.ti,15098,ielts,The manager demands accountability from every member of the project team.,Menejer loyiha jamoasining har bir aʼzosidan masʼuliyat talab qiladi.,responsibility liability,irresponsibility
accredited,adjective,B2,akkreditatsiyadan oʻtgan vakolatli,аккредитованный,Having official approval to do something or meet certain professional standards.,əˈkɹɛd.ɪt.əd,15100,work,You should only study at an accredited university to get a degree.,Diplom olish uchun faqat akkreditatsiyadan oʻtgan universitetda oʻqishingiz kerak.,authorized certified,
compressed,adjective,B2,siqilgan zichlangan,сжатый,Pressed or squeezed into a smaller space or size.,kəmˈpɹɛst,15102,describing,The files were compressed to make them easier to send by email.,Fayllar elektron pochta orqali yuborish oson boʻlishi uchun siqildi.,packed condensed,expanded
mixture,noun,B1,aralashma qorishma,смесь,A substance made by combining two or more different things together.,ˈmɪkstʃə,15104,describing,The soil is a mixture of sand and organic material.,Tuproq qum va organik moddalarning aralashmasidan iborat.,combination blend,
bench,noun,A2,oʻrindiq skameyka,скамейка,"A long seat for several people, usually made of wood or metal.",ˈbɛnt͡ʃ,15106,places,They sat on a park bench and watched the sunset together.,"Ular bogʻdagi oʻrindiqqa oʻtirib, quyosh botishini birga tomosha qilishdi.",seat,
tub,noun,B1,lagan idish,таз,"A wide, open, round container used for holding food or washing things.",tʌb,15108,home,She bought a large tub of fresh yogurt from the local shop.,U mahalliy do'kondan bir lagan yangi qatiq sotib oldi.,container basin,
rider,noun,A2,otliq chavandoz,всадник,"A person who is riding a horse, bicycle, or motorcycle.",ˈɹaɪ̯.dəː,15110,people-family,The experienced rider guided his horse carefully along the narrow mountain path.,Tajribali chavandoz otini tor tog' yo'li bo'ylab ehtiyotkorlik bilan boshqardi.,cyclist passenger,
radius,noun,B2,radius bilak suyagi,радиус,The thick bone in the forearm that is located on the thumb side.,ˈɹeɪ.di.əs,15112,body-health,The doctor examined the patient's arm to check if the radius was broken.,"Shifokor bemorning qo'lini tekshirib, bilak suyagi singan-sinmaganini aniqladi.",,
