headword,pos,image_url
T-shirt,noun,https://encrypted-tbn0.gstatic.com/images?q=tbn:ANd9GcQJT0HndVRQic7zKpVWG78-6ogeIz1Oe03NrQd60ucHgg&s=10
a blessing in disguise,idiom,https://encrypted-tbn0.gstatic.com/images?q=tbn:ANd9GcSZQe56fpeaG02rnwMcGUlod60l_55ZcQdrbyGWXMXyOg&s=10
abandon,verb,https://encrypted-tbn0.gstatic.com/images?q=tbn:ANd9GcSLGkn9CviQ13WzJRItunIvGJbeX9dTvdmWoj_93VEB7w&s=10
abolish,verb,https://encrypted-tbn0.gstatic.com/images?q=tbn:ANd9GcTONynw-QHL2KGYu0wbO59-Sn4pVhrC4uJNlw0XiAsI3w&s=10
abroad,adverb,https://encrypted-tbn0.gstatic.com/images?q=tbn:ANd9GcQNr1syFh379qPTqiVtA6LluGTsXxK1MaoIOg4ZAlCtUA&s=10
abrupt,adjective,https://encrypted-tbn0.gstatic.com/images?q=tbn:ANd9GcQtQS3mqKQ4FLSigylfOGKp0MuEdB13Zzl1gc5GYn0xJg&s=10
absorb,verb,https://encrypted-tbn0.gstatic.com/images?q=tbn:ANd9GcQZ7qYcYvxG8r8DdI8Lzs2-qgGMqakF_ni2XAWZAHVosg&s=10
abstract,adjective,https://encrypted-tbn0.gstatic.com/images?q=tbn:ANd9GcQ1pv5OBYGfYk3_0SN1zlKmdCtL3S1Wjcac6chP4MPelg&s=10
abundant,adjective,https://encrypted-tbn0.gstatic.com/images?q=tbn:ANd9GcSReoHUeUH0mDM5XixhuURb_h4uHvBbqTeAZ1gVvHgWNQ&s=10
academic,adjective,https://encrypted-tbn0.gstatic.com/images?q=tbn:ANd9GcSLMXnrXbWhXKbrDqB1UnSCeCu1RN8rAjZQiHLliEPfKw&s=10
accelerate,verb,https://encrypted-tbn0.gstatic.com/images?q=tbn:ANd9GcTbiQduHzQenM1yHq172FtZZ6LRUsOQQl30feZe_bN4cA&s=10
accept,verb,https://encrypted-tbn0.gstatic.com/images?q=tbn:ANd9GcSiqPq7iaL2SzdSsEPyyfIKucnf_bLbKXB-wHrj5Dnu8w&s=10
access,noun,https://encrypted-tbn0.gstatic.com/images?q=tbn:ANd9GcRZJ-Pg_4qdzkPa6Tq_Vh4E8eOQVpHAsC_3R6CbH0vNiQ&s=10
accessible,adjective,https://encrypted-tbn0.gstatic.com/images?q=tbn:ANd9GcSmWWT1StTJBZSJEZf8Oqm9NLQVa1yjqla0ommuovxCmQ&s=10
accident,noun,https://encrypted-tbn0.gstatic.com/images?q=tbn:ANd9GcTm9ktY2YNjtlHLLnFpmPLAOFm2ZICK1mJRASDBGRDj4w&s=10
accommodate,verb,https://encrypted-tbn0.gstatic.com/images?q=tbn:ANd9GcQH9cwO-ytPhRYmOkU1gIUboEjFu4cGzP6okMCuLVCnfw&s=10
accommodation,noun,https://encrypted-tbn0.gstatic.com/images?q=tbn:ANd9GcShhwF0THJwsEzcy0ThcRcIKOoOpaKPPzd-TmxmYzteCA&s=10
accompany,verb,https://encrypted-tbn0.gstatic.com/images?q=tbn:ANd9GcTCmhrembAlGlDse8kLUL3YX5l84k0ppkMwYkegdnGcMA&s=10
accomplish,verb,https://encrypted-tbn0.gstatic.com/images?q=tbn:ANd9GcR83JAzXgNIlxd35b-acR52-bfQrrYVdpvlUOxS56q0nA&s=10
accumulate,verb,https://encrypted-tbn0.gstatic.com/images?q=tbn:ANd9GcRLqG8N7IpYjN-OiW5MYLsnxg0Y4iLP9WV-1LlYMkKNTQ&s=10
accurate,adjective,https://encrypted-tbn0.gstatic.com/images?q=tbn:ANd9GcSVrRgWfX5l5LkQ0pd8_ALdcKPsDInB-KGKUFTvXNCkxw&s=10
achieve,verb,https://encrypted-tbn0.gstatic.com/images?q=tbn:ANd9GcSEtfOcD9nRlXTBBCOnbdaiWgUOExdwEhCUZN4FAEk10A&s=10
acknowledge,verb,https://encrypted-tbn0.gstatic.com/images?q=tbn:ANd9GcSiHtPcfQV1Kt608zg0LqLVguWwGYZA50ACtnYqWXd98w&s=10
acquire,verb,https://encrypted-tbn0.gstatic.com/images?q=tbn:ANd9GcSDoMq3OK0QZsRGzE0c-klxSiZs31XlIMJOH71Tx2WzcQ&s=10
acute,adjective,https://encrypted-tbn0.gstatic.com/images?q=tbn:ANd9GcTF6TAnSsIQSBUb6bJh5A8dzmoxGaqcKi5nsQGYOoN0cA&s=10
adapt,verb,https://encrypted-tbn0.gstatic.com/images?q=tbn:ANd9GcT8yAGi5Kc32sLBxo84B3_XUwzuPWGemcEIuy10Y_2THA&s=10
adept,adjective,https://encrypted-tbn0.gstatic.com/images?q=tbn:ANd9GcToULZU3_McBMJGt07S28wUC08tnyM2vw98P7sx2NVQCA&s=10
adequate,adjective,https://encrypted-tbn0.gstatic.com/images?q=tbn:ANd9GcRG25CsR7i80tejJYEpzahPvIw--cyIHMAMHLcRBGg45g&s=10
adhere,verb,https://encrypted-tbn0.gstatic.com/images?q=tbn:ANd9GcQSg2zDB6xbLA7SgRLNoIhvmERl6hBXpuDNGpg59WV43w&s=10
adjacent,adjective,https://encrypted-tbn0.gstatic.com/images?q=tbn:ANd9GcTZhD2K0NQmWAjJ20kv1ENN4zTjjfQzqsRvAhZNuGAXgw&s=10
adjust,verb,https://encrypted-tbn0.gstatic.com/images?q=tbn:ANd9GcRzWwarWVsmbtBRTQWs6IEkLmuZREFY7xwYTkHwW-yExg&s=10
admire,verb,https://encrypted-tbn0.gstatic.com/images?q=tbn:ANd9GcRurDQNKwDwWRVQNL7pJacriYuB0VrvqLKknfrJmN08qg&s=10
admit,verb,https://encrypted-tbn0.gstatic.com/images?q=tbn:ANd9GcSRyeW5cqaJJYXkj4VJiAAUnflKR4h3D7bNrJkHOkEJCg&s=10
adolescent,noun,https://encrypted-tbn0.gstatic.com/images?q=tbn:ANd9GcTvrYYuP4PoI8LsZDoGMzHUQOJsZp2x5pnSRpYgeffJ6A&s=10
adverse,adjective,https://encrypted-tbn0.gstatic.com/images?q=tbn:ANd9GcR0rrvxXKFuKeuWAbhmOaizpVf9OwKjz0zRYz9a-ES05Q&s=10
adversity,noun,https://encrypted-tbn0.gstatic.com/images?q=tbn:ANd9GcS28y4VX5zs2eY6ALYZ473zoMQXpHMy-PdzFub3zogv2Q&s=10
advice,noun,https://encrypted-tbn0.gstatic.com/images?q=tbn:ANd9GcSMGYy34BpUVBru7K7tcTkShKc-w92P5zYs0q6K5Nmu4A&s=10
advise,verb,https://encrypted-tbn0.gstatic.com/images?q=tbn:ANd9GcTHbUWjpFpwqywvsha5Xi9ULmJEpexWbO8yAGF__HDTng&s=10
advocate,verb,https://encrypted-tbn0.gstatic.com/images?q=tbn:ANd9GcRHEq3h_-1J51SdMvXE7_yipjjM1UrAKF4Og5m6r8JdOw&s=10
aesthetic,adjective,https://encrypted-tbn0.gstatic.com/images?q=tbn:ANd9GcS5Q7sUvLkpv4G4FhNP3I8N9aRLw32KtdbIwJv5P-Kv4Q&s=10
affluent,adjective,https://encrypted-tbn0.gstatic.com/images?q=tbn:ANd9GcS_LjzCN6q509nYfG3lPyATaZgGTx6UtB0lr6rPqEYWBQ&s=10
afford,verb,https://encrypted-tbn0.gstatic.com/images?q=tbn:ANd9GcTpF-v8FcvX6e5iOedZla_jlqBnXT2faGg4Wq8vnGBkpw&s=10
afraid,adjective,https://encrypted-tbn0.gstatic.com/images?q=tbn:ANd9GcRsbiruYecVbjqmPR5VylxSk0DrKjfXSgqOIiMKJXCPVw&s=10
aftermath,noun,https://encrypted-tbn0.gstatic.com/images?q=tbn:ANd9GcR1gBi_cHNcIPYRQO-xO2rrv9MIGPQJW2fK77-P2cWi5w&s=10
afternoon,noun,https://encrypted-tbn0.gstatic.com/images?q=tbn:ANd9GcQp3cqYCsdSLuSW8RkDjEAqqGliBRcXRwddigaWSFIIKQ&s=10
agree,verb,https://encrypted-tbn0.gstatic.com/images?q=tbn:ANd9GcToD-NoJEs1OEpX6YPjX7a-9--sLcIhykgRTiemrkKcnQ&s=10
agriculture,noun,https://encrypted-tbn0.gstatic.com/images?q=tbn:ANd9GcTJy7ODzdHEZYLMiSyW_n41ucTC4bwdLs5stkNJiAVJmA&s=10
ailment,noun,https://encrypted-tbn0.gstatic.com/images?q=tbn:ANd9GcQssT_vuVMYsUBFstUtyKk5rV5tpSqFOFqu1aWxiKiu5w&s=10
airport,noun,https://encrypted-tbn0.gstatic.com/images?q=tbn:ANd9GcRd0Fxg27-9YHsvgu9fGgjL30LVwy-PSa1rPAdxCQggHg&s
akin,adjective,https://encrypted-tbn0.gstatic.com/images?q=tbn:ANd9GcSufJJOvBob1WA4zRy273UHgicbAreo4d88GnKqGS_hxg&s=10
algorithm,noun,https://encrypted-tbn0.gstatic.com/images?q=tbn:ANd9GcSMqDKKUAxIeA1sxnv-m81r8FX5jFrNotFvtAWw9gBRlQ&s=10
align,verb,https://encrypted-tbn0.gstatic.com/images?q=tbn:ANd9GcTnQmLc0FJr-_UAzGE7YNDUx2mdM4rMKyQTINqb1AAH7Q&s
allegation,noun,https://encrypted-tbn0.gstatic.com/images?q=tbn:ANd9GcTNeGmHVRRlECXOfZ8UCjKTxYcz1TxZKL4CpsDHpVb8Pw&s=10
allege,verb,https://encrypted-tbn0.gstatic.com/images?q=tbn:ANd9GcRFYWKtohJ8XEuOu5QTd-CGkyp3MHMGcxdcUFQPOX8i5g&s=10
alleviate,verb,https://encrypted-tbn0.gstatic.com/images?q=tbn:ANd9GcSO0odB2h8vu9Ce7xc6Uo-rO0h4zMWT86bFbil0R1IE2A&s=10
allocate,verb,https://encrypted-tbn0.gstatic.com/images?q=tbn:ANd9GcQ0JkAOlvXEUo6hYc-t7-s_yOCcB8VTcbWtZ0kYN36McQ&s=10
ally,noun,https://encrypted-tbn0.gstatic.com/images?q=tbn:ANd9GcQif7RO3XYeZPaePsTG2d8-Do93Ep0q4doYqKv3nMHlIg&s=10
alone,adjective,https://encrypted-tbn0.gstatic.com/images?q=tbn:ANd9GcR1pfdmkdwW8zVOBCk_BMD0dqPcRfY_oUoi2FZbS91-2w&s=10
also,adverb,https://encrypted-tbn0.gstatic.com/images?q=tbn:ANd9GcT1rWXqbKnWvY778W_53hob4u19fDKYLtqSlZkoFwSkvA&s
alter,verb,https://encrypted-tbn0.gstatic.com/images?q=tbn:ANd9GcQLwEZ2OLIYKEQWrGPFznP2aInZ3jCOEgjafthrzmK4qw&s=10
always,adverb,https://encrypted-tbn0.gstatic.com/images?q=tbn:ANd9GcSJlH2WQJzf7YHwdr0-Fxm9ib9iH8s5lctWxREWJLA0fg&s=10
ambiguous,adjective,https://encrypted-tbn0.gstatic.com/images?q=tbn:ANd9GcS8AA6xKCwSNfbTvepSGvwyBrbixJZY500rwRk91W3RgQ&s=10
ambition,noun,https://encrypted-tbn0.gstatic.com/images?q=tbn:ANd9GcQ_Zw8zgm5Fk2IkU_I9OD7ymp0ZJ5FT3l_1sHpRcriqhg&s=10
amend,verb,https://encrypted-tbn0.gstatic.com/images?q=tbn:ANd9GcQRjQ_C6x-Bc4rsJgTXN_vvi3WfejEZFZ2j3he7FmF1mA&s=10
amenity,noun,https://encrypted-tbn0.gstatic.com/images?q=tbn:ANd9GcSayE4wxSq_GQ0ViYBpd97V27LDRNT9mzdjy2CdaHcUyA&s=10
ample,adjective,https://encrypted-tbn0.gstatic.com/images?q=tbn:ANd9GcRxy5lPSzc6gaj53gzHab-ZwEwZkRyKNVdo4DGojxuc2g&s=10
analogy,noun,https://encrypted-tbn0.gstatic.com/images?q=tbn:ANd9GcSzxlpG5BpgKwj2oGYXXmfgUS-DB8RNhuL4j5cBy8W8ow&s=10
analyse,verb,https://encrypted-tbn0.gstatic.com/images?q=tbn:ANd9GcRSjzehUM7BD_u8cCd1kJ5Hw3a0xe1pQBc-nGIql0SBAQ&s=10
ancient,adjective,https://encrypted-tbn0.gstatic.com/images?q=tbn:ANd9GcSLrX4UpIF2slxPPTuL6fGxrO4VT0qiBuoojGNSDLXovw&s=10
and,conjunction,https://encrypted-tbn0.gstatic.com/images?q=tbn:ANd9GcSGiTrBTIXFusQ4rBH68zQaK9Ko4--kWE0zJdxzM5oseA&s=10
angry,adjective,https://encrypted-tbn0.gstatic.com/images?q=tbn:ANd9GcTe4bFoA4Yr53UbeWRmYRiwz9mEBAsnFYQgOsVeygfHkA&s=10
animal,noun,https://encrypted-tbn0.gstatic.com/images?q=tbn:ANd9GcTDZyZhgR7A1JBW14HaHk1Q56mCYiqFTH7tqwIHVadQ_g&s=10
announce,verb,https://encrypted-tbn0.gstatic.com/images?q=tbn:ANd9GcTZCfyZ2qo3Z9LjNXBB-opXyYySpF0DvlBidfN34xc-WA&s=10
annual,adjective,https://encrypted-tbn0.gstatic.com/images?q=tbn:ANd9GcRCqE-OWmqz1MvZY6idYULEno64TbgBVeqoOxf1NsHimA&s=10
anomaly,noun,https://encrypted-tbn0.gstatic.com/images?q=tbn:ANd9GcTawclpaKWrjK75YyOiNKWSN21jVjM7TfKi5HefIUVjRQ&s=10
anonymity,noun,https://encrypted-tbn0.gstatic.com/images?q=tbn:ANd9GcQWi37RVbugBIfwSIf8yf74RqMeBmbr72Rx2CkbiIAbYQ&s=10
anonymous,adjective,https://encrypted-tbn0.gstatic.com/images?q=tbn:ANd9GcQFYgWzP8SP-RtYpoy3p9ss4mbLqp86OBTJVk1bIt-_lA&s=10
answer,verb,https://encrypted-tbn0.gstatic.com/images?q=tbn:ANd9GcTnE1nLuG83wRrJa7WZCfhhGzKunTjErVHe1D3h8mz3lA&s=10
antibiotic,noun,https://encrypted-tbn0.gstatic.com/images?q=tbn:ANd9GcT9EusBI5x_o4exUU6P0Xdody7hL9kPfa7_oliDUOiKFw&s=10
anticipate,verb,https://encrypted-tbn0.gstatic.com/images?q=tbn:ANd9GcQbS2fC605PCxnFR_Pfy6CXoIUlDCmzI52XK7RQZzn6DA&s=10
anxiety,noun,https://encrypted-tbn0.gstatic.com/images?q=tbn:ANd9GcSQcrPODCIXesbtXgWBGZTF74Sbu-5MZpg1qERXg-x3sQ&s=10
anxious,adjective,https://encrypted-tbn0.gstatic.com/images?q=tbn:ANd9GcRxcJ6BfbN5l0b0KB0V1RKm-SJVC7eefK-s0btiAquhFA&s=10
apartment,noun,https://encrypted-tbn0.gstatic.com/images?q=tbn:ANd9GcR6zrSP5Lylevr_MkrxWDMrlyvdiVP5r09wWe23tM89zw&s=10
apologize,verb,https://encrypted-tbn0.gstatic.com/images?q=tbn:ANd9GcQ9i3_Mrh9XE4kCgnNVhIYJFe-nNuab_IKCwLAPm5uyGA&s=10
apparatus,noun,https://encrypted-tbn0.gstatic.com/images?q=tbn:ANd9GcTFltrtlXhPm05zHUE2hlqe_svHRjf68gTkigKMgKZmSA&s=10
apparent,adjective,https://encrypted-tbn0.gstatic.com/images?q=tbn:ANd9GcQOkbHveK4spZ_q7-VUOxT0YSsZ0GR699tpl51dygyM6A&s=10
appeal,verb,https://encrypted-tbn0.gstatic.com/images?q=tbn:ANd9GcTgohkbbDyvRyKVsrxJvaBdFXBgf5RaL84fK1Fye1IMQA&s=10
apple,noun,https://encrypted-tbn0.gstatic.com/images?q=tbn:ANd9GcS3rApSjDXCOAsStw4_AN64xcOJJNOKor2lTOhPxChGPA&s=10
appliance,noun,https://encrypted-tbn0.gstatic.com/images?q=tbn:ANd9GcTwJ5CVy-pHegcVz3OaVOT7Nq-zWRZg4zNSNvLY9YUSNg&s=10
applicable,adjective,https://encrypted-tbn0.gstatic.com/images?q=tbn:ANd9GcRYnn80pmXlmCU5o_dDNRumYNAh2tgLr7ox-ZgSpChPNg&s=10
apply,verb,https://encrypted-tbn0.gstatic.com/images?q=tbn:ANd9GcS2D0uatU9DSXa3IGarfxCLRZhNtf-dHCYKGD9VRU5AlA&s=10
appoint,verb,https://encrypted-tbn0.gstatic.com/images?q=tbn:ANd9GcTKuPebYDK0R-EQ2DGLNmX-TXc-WkrEE60XIiBIqY7r0w&s=10
appointment,noun,https://encrypted-tbn0.gstatic.com/images?q=tbn:ANd9GcRKNr4dyCZyto6stdjYTJwnyuHLgH9Cy4dZB425T8qrQg&s=10
apprenticeship,noun,https://encrypted-tbn0.gstatic.com/images?q=tbn:ANd9GcSjw_ZhEN-qf6L4PayW5dSO9bSthQTn2nysYp3Zrlg69w&s=10
approach,noun,https://encrypted-tbn0.gstatic.com/images?q=tbn:ANd9GcQLiT-2fxeTR1yg_xVGEnP-O-HwHydb0dz2ayAyzEdwVA&s=10
appropriate,adjective,https://encrypted-tbn0.gstatic.com/images?q=tbn:ANd9GcQqGQ4dZ675evGpt7sWndagnW1Itr5dUsdzJXXDL4OCmg&s=10
arbitrary,adjective,https://encrypted-tbn0.gstatic.com/images?q=tbn:ANd9GcTt2sKHMjvSXujMfMTQ4jvjfyMemcpo-pvvABYorfwTeA&s=10
arduous,adjective,https://encrypted-tbn0.gstatic.com/images?q=tbn:ANd9GcTIqmEwMBMdyoeHJOsYp-72icPlVcb7hXZj7DjJpvvA2g&s=10
argue,verb,https://encrypted-tbn0.gstatic.com/images?q=tbn:ANd9GcQdK1zZwC-dFNXO3gzi3rDjwRoIQcMaee--MTgu2QPUjQ&s=10
arise,verb,https://encrypted-tbn0.gstatic.com/images?q=tbn:ANd9GcTOHk6F5Q3sBUE9jZflEn2fGn6kQ8jsPAg34qF7toXfrQ&s=10
arm,noun,https://encrypted-tbn0.gstatic.com/images?q=tbn:ANd9GcQ2pWMg-TnX0-78cbUNc7b41Cq5aRTDs0o8EeBcd-TFYw&s
arrange,verb,https://encrypted-tbn0.gstatic.com/images?q=tbn:ANd9GcSNDxSpasGoD7QHuuyFQtSvFq6rRP1-ETuNeQQ6rjuEUg&s=10
array,noun,https://encrypted-tbn0.gstatic.com/images?q=tbn:ANd9GcT65sUOaslq7k-j77bJRcejujRcx57BjnA5ZF5g6dF8Cg&s=10
arrive,verb,https://encrypted-tbn0.gstatic.com/images?q=tbn:ANd9GcSnt58ZOMi8Es4fIJMLjUmquG8PvXXlAArF0-TqjxkunA&s=10
artefact,noun,https://encrypted-tbn0.gstatic.com/images?q=tbn:ANd9GcSFicaLcxX76tTI1YEYEpkwPx3WOwVySr6o_jqAOTpRxA&s=10
article,noun,https://encrypted-tbn0.gstatic.com/images?q=tbn:ANd9GcTIF8pn-FWBOHh8szh_a_pTeihPdrs7A-9ZJhEYN27dkQ&s
articulate,adjective,https://encrypted-tbn0.gstatic.com/images?q=tbn:ANd9GcTo4NaVFht3WHrTLRVwlywJ4x0aa4lSJs06mdNoP0er7Q&s=10
artificial,adjective,https://encrypted-tbn0.gstatic.com/images?q=tbn:ANd9GcR-p-gM_NoeHTelJACvkWh3-HeHE_VCo2BYLJKctPewSA&s=10
artisan,noun,https://encrypted-tbn0.gstatic.com/images?q=tbn:ANd9GcRTRBxWGaEvz8og6XhGvhzsItCJlL0_RIpn29pNBKVW-w&s=10
ascertain,verb,https://encrypted-tbn0.gstatic.com/images?q=tbn:ANd9GcRJZtwtro-2XvotAr0_DO0MezjZNVSERSyFthq32itYZA&s=10
ask,verb,https://encrypted-tbn0.gstatic.com/images?q=tbn:ANd9GcQjDPcYXx16gFCiDgHG8xLOoNAUFlt8hPjX45PR3VCt7w&s=10
aspect,noun,https://encrypted-tbn0.gstatic.com/images?q=tbn:ANd9GcT3SR2ojhsrlSZYPKsPTBcbUuomuBbEGtkwfraFm8CRVQ&s=10
aspiration,noun,https://encrypted-tbn0.gstatic.com/images?q=tbn:ANd9GcTi2Xx3sd7ZFolJHPUuIbnr36pMaW5wqsKc_aJ1C9D24w&s
aspire,verb,https://encrypted-tbn0.gstatic.com/images?q=tbn:ANd9GcTg4_Fy8tdLDxXLk213nd-GCRqqZUZO4netQsx9srotfA&s=10
assemble,verb,https://encrypted-tbn0.gstatic.com/images?q=tbn:ANd9GcS8Zd2DtUl1nwhr8tWY3M16ZNCDjQfFXtahidHPv856aQ&s=10
assert,verb,https://encrypted-tbn0.gstatic.com/images?q=tbn:ANd9GcQ34nqAsrOb1iRsQIRX16_IPzvbtP-tWEkYnyF7toJ-Ng&s=10
assess,verb,https://encrypted-tbn0.gstatic.com/images?q=tbn:ANd9GcQieSK2yO0zqUsNhiQoGlSfOatIOSNxdgXFml18RoXzVQ&s=10
asset,noun,https://encrypted-tbn0.gstatic.com/images?q=tbn:ANd9GcSQ_fQyVnMkN6PT5SGrCcgUPop1LySUuGLf1IpQw7AhzQ&s=10
assign,verb,https://encrypted-tbn0.gstatic.com/images?q=tbn:ANd9GcTWcBACXzzb7Out0CGXxayNp8t059pa9i4eikK2HNDRgw&s=10
assimilate,verb,https://encrypted-tbn0.gstatic.com/images?q=tbn:ANd9GcQf310E9KlVA5zWyJGC02Vzh_FeX9g9GmsDtq0QnfU_Ug&s=10
assist,verb,https://encrypted-tbn0.gstatic.com/images?q=tbn:ANd9GcSA8F4Zlp0TcDEruEytsUunde1OLZTxUl96qWQv3N5D0A&s=10
assume,verb,https://encrypted-tbn0.gstatic.com/images?q=tbn:ANd9GcRvVutSaBDemQrDxR_-0Lakc8MBUC7CLcoV6dB1MPvlTw&s=10
assumption,noun,https://encrypted-tbn0.gstatic.com/images?q=tbn:ANd9GcRuUN91AiSzu3Zim1cF_1wjKgWWEdIv2tgMFUMEBHM6_w&s=10
asteroid,noun,https://encrypted-tbn0.gstatic.com/images?q=tbn:ANd9GcS2b2AXJ54MqDCgkdDVqHNQ_xILDj-N8AVJ-hmD-PlMOQ&s=10
astronaut,noun,https://encrypted-tbn0.gstatic.com/images?q=tbn:ANd9GcTfncZuHMlguYSKFCoyAasdjzYyx-DwJ_HtXEZSqJoi_Q&s
astute,adjective,https://encrypted-tbn0.gstatic.com/images?q=tbn:ANd9GcSt9DKJcxB_f3SUX31L3LrVUL7DpVoVQFD3vtjtkkX8KA&s=10
at,preposition,https://encrypted-tbn0.gstatic.com/images?q=tbn:ANd9GcQdjiHq19o7suKE1n66rRxBrq4BEmdEzaDFEKE1nN2CLw&s=10
athlete,noun,https://encrypted-tbn0.gstatic.com/images?q=tbn:ANd9GcR6TY8NtHeLcNx_HngsBAhoaP5xnRLNdIe5yR9Y-hd_8w&s=10
atmosphere,noun,https://encrypted-tbn0.gstatic.com/images?q=tbn:ANd9GcRxHMztxY_wO2aNSN_sjTx4Jq5Kp9tyFtB-rHARXxBpZA&s=10
attain,verb,https://encrypted-tbn0.gstatic.com/images?q=tbn:ANd9GcRDuXgQWtudt2CLiubgMFEemlAHccxdQM0ZLJg5zU49kw&s=10
attainment,noun,https://encrypted-tbn0.gstatic.com/images?q=tbn:ANd9GcQJ4vWAA7vdU37fdIruWdlFjEbHPPRU2VXXojlmsIVYLQ&s=10
attempt,noun,https://encrypted-tbn0.gstatic.com/images?q=tbn:ANd9GcQ1zkUfsNSRTgRgvpua76VXxIArcquH8ydw_ZaRXn8R2w&s=10
attention,noun,https://encrypted-tbn0.gstatic.com/images?q=tbn:ANd9GcReOsG26NAV9_t-NwOVeh8z5E0bdvL5llntSd9jOUPIMw&s=10
attitude,noun,https://encrypted-tbn0.gstatic.com/images?q=tbn:ANd9GcTzetu0XxcLZa2f9vvlvoynLfys2Ny7HN7P7lFAgZY_8g&s=10
attract,verb,https://encrypted-tbn0.gstatic.com/images?q=tbn:ANd9GcROcey92w7UJa_gO5kRMGdNpxdFpXlscqxAOKBXG-c_sA&s=10
attraction,noun,https://encrypted-tbn0.gstatic.com/images?q=tbn:ANd9GcSsHcRZr88z_-Rc4whEulBvuF38COm9fhabDxV9jgs7QA&s=10
attribute,verb,https://encrypted-tbn0.gstatic.com/images?q=tbn:ANd9GcR_fiPzjULy-z_LYZxoPlOKm_Bw_odWT_iFTL7XvJmATQ&s=10
audit,noun,https://encrypted-tbn0.gstatic.com/images?q=tbn:ANd9GcSmjugnHKs-fHtlPjylePR-dWFjKqNn_5DWDkYc7YoX3A&s=10
augment,verb,https://encrypted-tbn0.gstatic.com/images?q=tbn:ANd9GcR2UJ-ZLafuoTXmh200GOGvaVt9GLkyBuOTsuXo7auMRA&s=10
austerity,noun,https://encrypted-tbn0.gstatic.com/images?q=tbn:ANd9GcTipbraAMlxKN939H4ZPk5wqTKkFo79KyXjztYin0UpJg&s=10
authentic,adjective,https://encrypted-tbn0.gstatic.com/images?q=tbn:ANd9GcQqxWaxSIdgL7DsjkN7Cp3m6OEJr_1svTidgtpAT54F9Q&s=10
authority,noun,https://encrypted-tbn0.gstatic.com/images?q=tbn:ANd9GcSL08Q4icflsqDtHstKYMZnmnR6gldto3_O_792tI8ilw&s=10
automate,verb,https://encrypted-tbn0.gstatic.com/images?q=tbn:ANd9GcRWwcJD3Vry7IzrR9BaJWbORYMbeE6YILe2u9Atg2k5Mw&s=10
autonomy,noun,https://encrypted-tbn0.gstatic.com/images?q=tbn:ANd9GcRAv9dhPorhgQaNO0dODc8X8HMfsZ4M44SFIf0ep51wHg&s=10
available,adjective,https://encrypted-tbn0.gstatic.com/images?q=tbn:ANd9GcQm5_HRKG3F6K0p4dgXZgyYHw_F-9wxqRAGbkyKGD2BzA&s=10
average,adjective,https://encrypted-tbn0.gstatic.com/images?q=tbn:ANd9GcRTzau9BI1Ep1x6y66kgwcpMvrszPYlzCHxCjgmH8J-Og&s=10
avert,verb,https://encrypted-tbn0.gstatic.com/images?q=tbn:ANd9GcTTqOb4n_1j5AZcfcqtt2LQ651pTRdZzqbXH7tiViC8Bw&s=10
avoid,verb,https://encrypted-tbn0.gstatic.com/images?q=tbn:ANd9GcTau-jINzV0hGw1fPoE_4qALto7dMD72l28fnrz7x0qpQ&s=10
awareness,noun,https://encrypted-tbn0.gstatic.com/images?q=tbn:ANd9GcS7eJSWmIGPHhbPD2V9RbHROBNePQdQ59JCHqZe5pO0Aw&s=10
baby,noun,https://encrypted-tbn0.gstatic.com/images?q=tbn:ANd9GcQ_MWL1g2n9sB-MbVJRjrUoNBxwp3tgr5KLPQWkiNTlYg&s=10
back,noun,https://encrypted-tbn0.gstatic.com/images?q=tbn:ANd9GcSZ_Y1HD3_OradxFkT5xwYHd7P-39a-HoXFUOGAhdokYA&s
backlash,noun,https://encrypted-tbn0.gstatic.com/images?q=tbn:ANd9GcQAMUNqyhGT-Lf5fMb2tpIXjj0NcXI-bO-2JzC9S7tf9w&s=10
bacteria,noun,https://encrypted-tbn0.gstatic.com/images?q=tbn:ANd9GcThqy-35lVHZaBQwj4m2TnSz_IWAi_5ZbcrAeXPTquSrQ&s
bad,adjective,https://encrypted-tbn0.gstatic.com/images?q=tbn:ANd9GcQDH_hps0TWe0A-z89fBeZIg4wP4pASdPbs4WN7pfoPVw&s=10
bag,noun,https://encrypted-tbn0.gstatic.com/images?q=tbn:ANd9GcQY0SjraUONIme_pbXThiJ1c6mWdGWWdIvYEML3cbgfzQ&s=10
ball,noun,https://encrypted-tbn0.gstatic.com/images?q=tbn:ANd9GcTsTjcTjQE_izmf5HsVQDgXmmG3XGreBqBO7TlOemYDxg&s=10
banana,noun,https://encrypted-tbn0.gstatic.com/images?q=tbn:ANd9GcRxuOB_Wzij3-kmoyO4VBubVNPlPDMvS0JM5GsjWO6-ew&s=10
bank,noun,https://encrypted-tbn0.gstatic.com/images?q=tbn:ANd9GcSPHetf8RtVZVycsNXX69zrgdEu4UwvDYA3rbAoXg7Fzg&s=10
bankruptcy,noun,https://encrypted-tbn0.gstatic.com/images?q=tbn:ANd9GcRBT0iXQFS7N9daJwBFE3RhdV-Ys0LnEtY9kvVxY7SnXA&s=10
barrier,noun,https://encrypted-tbn0.gstatic.com/images?q=tbn:ANd9GcSMJPM96ZJINlS_b2a4xzmYSl-1trAlf10O3xX49j3-XQ&s=10
bathroom,noun,https://encrypted-tbn0.gstatic.com/images?q=tbn:ANd9GcS9Fl8MhkhZLpbVTQH9SgVxzYDllqXDtdbtszh6LVEF9g&s=10
beach,noun,https://encrypted-tbn0.gstatic.com/images?q=tbn:ANd9GcQ-IjoF4NJUYWwKgg8WTI_cpd8SkPJK12MvWwDXpnkKFw&s=10
bear,noun,https://encrypted-tbn0.gstatic.com/images?q=tbn:ANd9GcQALXu5ks1wiILXOKYSqIcoAihkBXOIthRpZ9m9sz1dDw&s=10
beautiful,adjective,https://encrypted-tbn0.gstatic.com/images?q=tbn:ANd9GcRTd8-oBRbt7xTNwUbxXQvIC7GuZEcBzqkHXkcCYd73Sw&s=10
bed,noun,https://encrypted-tbn0.gstatic.com/images?q=tbn:ANd9GcS4WFFsmA2aMrxQdM88AY9qA6oyb9QbXxdxxufpCLnenQ&s=10
bedroom,noun,https://encrypted-tbn0.gstatic.com/images?q=tbn:ANd9GcQZk2o7DYLZmP9bT8J4cddrJgBBExTYB0ycam_ItLPmqw&s=10
behave,verb,https://encrypted-tbn0.gstatic.com/images?q=tbn:ANd9GcTb-3XI88Noh8vQgsj1HGv9XWBUkovmgG6Xawk46dgxtQ&s=10
believe,verb,https://encrypted-tbn0.gstatic.com/images?q=tbn:ANd9GcSEIf6oDBts8DAolspro1qR4g9zOPtrmFS7f1ibVMRDVg&s=10
bell,noun,https://encrypted-tbn0.gstatic.com/images?q=tbn:ANd9GcRl0Jqn1heREqX7XldowtGHI8FCxqsjtnOU61YZVbedjA&s=10
belong,verb,https://encrypted-tbn0.gstatic.com/images?q=tbn:ANd9GcQddg4FDe5L-KtZ20_jLLh5fBvdpoap-2IRJ8KBkgW9TQ&s=10
belt,noun,https://encrypted-tbn0.gstatic.com/images?q=tbn:ANd9GcRyZxJ0tNLpQB1cbxOOrctnDNd8QCNbEe1yMtc0WoVBOQ&s=10
benchmark,noun,https://encrypted-tbn0.gstatic.com/images?q=tbn:ANd9GcTLkBe_tc4YOHGzgGkAilLwKnpZN6UXhnOIM_60mvRVxQ&s=10
beneficial,adjective,https://encrypted-tbn0.gstatic.com/images?q=tbn:ANd9GcSVIkC2NH4qqr46qK_trvqFVMKwi4TGEqO63DULSkG6xQ&s=10
benefit,noun,https://encrypted-tbn0.gstatic.com/images?q=tbn:ANd9GcRpnVn6be5OQ1lg9dpDDU_QNhZFKc_W9GxJsSM_4uGB_Q&s=10
bias,noun,https://encrypted-tbn0.gstatic.com/images?q=tbn:ANd9GcSan98_0Au8F0fOKY_X0e4IEZQB7CKo769CDvUM0CJXEQ&s=10
bicycle,noun,https://encrypted-tbn0.gstatic.com/images?q=tbn:ANd9GcRYe-xhPzIffOAwRaQqZFx3PqojezSpLNthUKjUdWbEZw&s=10
big,adjective,https://encrypted-tbn0.gstatic.com/images?q=tbn:ANd9GcQuNJ54Y5Z8ZVWlxZ3HL45SmeMYu17wQXT_ROiQE6g32A&s=10
biodegradable,adjective,https://encrypted-tbn0.gstatic.com/images?q=tbn:ANd9GcQqhFJFIM6leBXRTOe7DVKd1BdiPv0tHXtgT4sDqQ6lxA&s=10
biodiversity,noun,https://encrypted-tbn0.gstatic.com/images?q=tbn:ANd9GcSrf8vPAbnAE0NSnSZNjitzZHWMvLiplGwVTpuUqLLfqw&s=10
bird,noun,https://encrypted-tbn0.gstatic.com/images?q=tbn:ANd9GcRW5ZLUJlmeKLOEusGySCttEqM6OEOKTHEqCaeSVyg1cw&s=10
birthday,noun,https://encrypted-tbn0.gstatic.com/images?q=tbn:ANd9GcRXNwSp2JvcFgcWqyVzYMy8geNtlnJPCXkzt90LOWjFYQ&s=10
bite the bullet,idiom,https://encrypted-tbn0.gstatic.com/images?q=tbn:ANd9GcTUxB7JXI1kUBTQsqEL_7y2S3r_8MotAkM5b0Fyj2Kg8w&s=10
bitter,adjective,https://encrypted-tbn0.gstatic.com/images?q=tbn:ANd9GcToA8IKJQPoS_0AEaEI0xNRDf9T8TDAyyA6bTfViNK1-w&s=10
black,adjective,https://encrypted-tbn0.gstatic.com/images?q=tbn:ANd9GcTqTd5L39hQaLVz_0qkEjwpXuCVHUsaDRSHZeXcHNswxQ&s
blame,verb,https://encrypted-tbn0.gstatic.com/images?q=tbn:ANd9GcQiifOgZVL5g5acAd4dPMycEOyHDKCFokLmF_iu6-1lvA&s=10
blanket,noun,https://encrypted-tbn0.gstatic.com/images?q=tbn:ANd9GcS2z6Uy_XTTihBpyjE_PSsi072_0fAbM7ZHWoUwLe-W7g&s=10
bleak,adjective,https://encrypted-tbn0.gstatic.com/images?q=tbn:ANd9GcTFZUAI2sYzSy7ihPO2HW1Az2M7AoWpOcVtFiiHZEJw6g&s=10
blue,adjective,https://encrypted-tbn0.gstatic.com/images?q=tbn:ANd9GcQItb5rFMQN5epeCQMP5Jf3Xu-BGFc1pcZc7EDRx1xt2w&s
blueprint,noun,https://encrypted-tbn0.gstatic.com/images?q=tbn:ANd9GcQa2GabK5x6hoi6cuRmnMEyhAztvGJpB0CKIUjy2dCijQ&s=10
boat,noun,https://encrypted-tbn0.gstatic.com/images?q=tbn:ANd9GcRw0bqKal9stUyap5mYZKeU8XiO7btgmbd4uLMWEGYZZA&s=10
body,noun,https://encrypted-tbn0.gstatic.com/images?q=tbn:ANd9GcRzj2I9DMLkaSjWSJBmsmf3QoselGSfts8EytAcDslZVQ&s=10
bolster,verb,https://encrypted-tbn0.gstatic.com/images?q=tbn:ANd9GcS4lI2TLNRITmEOmUr3k-98SwNrHP3mblzUnTn1UjYAvw&s=10
bond,noun,https://encrypted-tbn0.gstatic.com/images?q=tbn:ANd9GcTSZDBPQHg2jZY1gzIp3JkF6Nkx7jEo_qUuYInC_WTBGg&s=10
book,noun,https://encrypted-tbn0.gstatic.com/images?q=tbn:ANd9GcShFvWVxEWuNcUXhPacAZd5uVFRSgFh0dSyAyA-jlMn1Q&s=10
boon,noun,https://encrypted-tbn0.gstatic.com/images?q=tbn:ANd9GcSgQCffSzRA2VhicazmQuRf9A5D40la-8EvIK-JcyoscQ&s=10
boost,verb,https://encrypted-tbn0.gstatic.com/images?q=tbn:ANd9GcTkne5veY4l2pW0JzI91VudgCIq8U-z11ZRpPYs55FtQQ&s=10
boots,noun,https://encrypted-tbn0.gstatic.com/images?q=tbn:ANd9GcS2LBcIC5aEbp1Yr4VAsOyefKJn4sU6OrXDXjB0Ck-0Zw&s
bored,adjective,https://encrypted-tbn0.gstatic.com/images?q=tbn:ANd9GcQNUUbcJK42mchp8KVha8d9rI6KtYMkT_vDfHPUPveQaA&s=10
boring,adjective,https://encrypted-tbn0.gstatic.com/images?q=tbn:ANd9GcSvcDuOEl8Wi9SbisxH3zwVsetOQ0Vmqaaeh2rWqyUexw&s=10
borrow,verb,https://encrypted-tbn0.gstatic.com/images?q=tbn:ANd9GcTnf1ZCYaQO9bc8OZNNBR2c-68ge1NKFjhbWMziV_5Pzg&s=10
boss,noun,https://encrypted-tbn0.gstatic.com/images?q=tbn:ANd9GcSf-zjZiV2xsYdF59lx8HAY7QRwWESsqQ5JNivDFU7ZcQ&s=10
boundary,noun,https://encrypted-tbn0.gstatic.com/images?q=tbn:ANd9GcQEEWrIE1_EJxFsn8CkCgfM5Q3Cgcz7Tbv5wcEPABRO5Q&s=10
boy,noun,https://encrypted-tbn0.gstatic.com/images?q=tbn:ANd9GcQh4HA_p2D1A1aVWACWBAvZneb7UmaBoOihSVEhDyczgQ&s=10
brave,adjective,https://encrypted-tbn0.gstatic.com/images?q=tbn:ANd9GcQatf5bESkgPtCHQqOW4l3qdJ05NtCzgXT_uw1JE1926A&s=10
bread,noun,https://encrypted-tbn0.gstatic.com/images?q=tbn:ANd9GcRlmX-nni93UUgLJJXSn74afMoCeTbtRrBQtUGF30KFAw&s=10
break down,phrasal verb,https://encrypted-tbn0.gstatic.com/images?q=tbn:ANd9GcRzrC15v4nLO6QX2yJ01I96AjRznMpsynZukKnn2MXvmQ&s=10
break the ice,idiom,https://encrypted-tbn0.gstatic.com/images?q=tbn:ANd9GcTL-frF8sR9TVUJGCpy-YEPp1PljH8n3ea7utuzo2vZ4w&s=10
breakfast,noun,https://encrypted-tbn0.gstatic.com/images?q=tbn:ANd9GcTVb7pd6fz8Uv_lQ0efzUxaQ4ZwWZj0YmDXXgXbgLqfaQ&s=10
breakthrough,noun,https://encrypted-tbn0.gstatic.com/images?q=tbn:ANd9GcTPAEsQD11NUISCudRwdJ51LVA3doBqoSoyNrZc7ro7Eg&s=10
breed,verb,https://encrypted-tbn0.gstatic.com/images?q=tbn:ANd9GcQBEyl51mI0fzrAEl5okmbUfxdsXYxFUCw8MyXca45YAg&s=10
bridge,noun,https://encrypted-tbn0.gstatic.com/images?q=tbn:ANd9GcR3YIzo93l4_dxkY7ppVYJO_Xv_6LYCR22ZQm-qvufKnQ&s=10
briefly,adverb,https://encrypted-tbn0.gstatic.com/images?q=tbn:ANd9GcR_eDSs2wd2hiaHv4IWMkQLAWqVC_JQvuVoD5MSFajPlw&s=10
bring up,phrasal verb,https://encrypted-tbn0.gstatic.com/images?q=tbn:ANd9GcQLGL0qQ9DzfLKGrwncHmg8eodcB0_h88EP7wGeADO9fA&s=10
brink,noun,https://encrypted-tbn0.gstatic.com/images?q=tbn:ANd9GcRSOcc_KPaYDIJrJ2msc1JsY7WvIbOZ6EbxvEkW2Zp1JA&s=10
brother,noun,https://encrypted-tbn0.gstatic.com/images?q=tbn:ANd9GcRBY5lRjViyyOenZFP9EnngGVyCs6M8O2fBOO6-1l4r0Q&s=10
bulk,noun,https://encrypted-tbn0.gstatic.com/images?q=tbn:ANd9GcQ9Qcf1MUYg7I-WfmRuxzTNggXLY-bKwgyj-g6EqiHNnQ&s=10
bureaucracy,noun,https://encrypted-tbn0.gstatic.com/images?q=tbn:ANd9GcQCBNV5K1fxmzvIR2GuO_6Ruh7A6MHRnZbmevM97E99hw&s=10
burglar,noun,https://encrypted-tbn0.gstatic.com/images?q=tbn:ANd9GcSwUuhMFVO6DOh8oAPH1_0ZVavAGMWzTmv6gPSKF7GX-g&s=10
bus,noun,https://encrypted-tbn0.gstatic.com/images?q=tbn:ANd9GcSMbW2RiRMwmhUxWGQLqXc4mdASXLW3bRvvqHg4GHUfxg&s=10
bustling,adjective,https://encrypted-tbn0.gstatic.com/images?q=tbn:ANd9GcR5SUJkjYpK4xCKUCf8BMYya8rbryrkPvUVM-Dy0L2BIQ&s=10
busy,adjective,https://encrypted-tbn0.gstatic.com/images?q=tbn:ANd9GcR3ER8Z534E6eu1MM8mVDHlLbW822s0421wAEicMiugBQ&s=10
but,conjunction,https://encrypted-tbn0.gstatic.com/images?q=tbn:ANd9GcRajCX-ZU4ZgzUd8CXcxV7yvJtQLek_CpF8L6zjUNbAbQ&s=10
butter,noun,https://encrypted-tbn0.gstatic.com/images?q=tbn:ANd9GcSc500WNRuHhMyOzgpWtA36QXy-Xy1z1lSymfVH4-IaFw&s=10
butterfly,noun,https://encrypted-tbn0.gstatic.com/images?q=tbn:ANd9GcRjBuUaFci-bgxB7aEk1WXEFb11eDlNTBwu_GvPj-8JZQ&s=10
button,noun,https://encrypted-tbn0.gstatic.com/images?q=tbn:ANd9GcTkpJM5XyNPoEbpixcPZVUT_XnT92cDtIX81vL8bkw_pw&s=10
buy,verb,https://encrypted-tbn0.gstatic.com/images?q=tbn:ANd9GcRgKNxlFEAAH1WvbrkOueUn_LzFHSQWJ-Gkwc1C_Fh0sA&s=10
cafe,noun,https://encrypted-tbn0.gstatic.com/images?q=tbn:ANd9GcSTG68JYXYf2HL--q5DiS6F78R9HOuj9E3IqpkAFveSqA&s=10
cake,noun,https://encrypted-tbn0.gstatic.com/images?q=tbn:ANd9GcQU7wQX5di_SeufsNYdZTFPTO-cWIG-2z8isWOes_kWkA&s=10
calamity,noun,https://encrypted-tbn0.gstatic.com/images?q=tbn:ANd9GcQ48LqxZbBtDtK52XoVi-zGcZcrajy1KQ105I-47i-ZrQ&s=10
calendar,noun,https://encrypted-tbn0.gstatic.com/images?q=tbn:ANd9GcRAjxPEb8cxpmnMMVZOV0E42TKJ9_kvXbYhjkVQJ0YYdQ&s=10
call,verb,https://encrypted-tbn0.gstatic.com/images?q=tbn:ANd9GcQ4KQMO1F0kx_D3QmobZtIo_X0OtJa8wl-wdxtKshpBGA&s=10
call it a day,idiom,https://encrypted-tbn0.gstatic.com/images?q=tbn:ANd9GcTxq0s6-QkmGXolfnAyYAzqgqfGbeL0o9JrRmeASpX06g&s=10
calligraphy,noun,https://encrypted-tbn0.gstatic.com/images?q=tbn:ANd9GcTPpSx9SRwMi-k7-oSTW57v8ssTP2oB6rZc0wZ_P7OD-A&s=10
calm,adjective,https://encrypted-tbn0.gstatic.com/images?q=tbn:ANd9GcSTGzv9pdsmKf0dmQepRa5ncC9DsF0BlTAt2nsB6WfJYA&s=10
camel,noun,https://encrypted-tbn0.gstatic.com/images?q=tbn:ANd9GcRNGvOR2y9z4C8J_A9zKFpFhFXv_w4xEJ3_ON55p3x35A&s
camp,noun,https://encrypted-tbn0.gstatic.com/images?q=tbn:ANd9GcQ2HeZP-OphE8szkgUeXNA3mrhOID1xSSmDLBZQszHEBg&s=10
cancel,verb,https://encrypted-tbn0.gstatic.com/images?q=tbn:ANd9GcQ7U6OhfR8BhrCU0ZBAC3Ma4OioYWcR-BM-lhBYoBq6eA&s=10
cap,noun,https://encrypted-tbn0.gstatic.com/images?q=tbn:ANd9GcSjjCTrqeMUk4_F4kpGfFIvo_jKcQ6_NdfKVIh7Yx_1yg&s=10
capable,adjective,https://encrypted-tbn0.gstatic.com/images?q=tbn:ANd9GcSjDUMYgX2YEw-GXGrX38-6Ps2IfbrFazyExJPe9K9iJA&s=10
capacity,noun,https://encrypted-tbn0.gstatic.com/images?q=tbn:ANd9GcQnK8NvF2gmM2z3Gct9VZ1ltQTb01u9o9E1Chf5cGFy5g&s=10
car,noun,https://encrypted-tbn0.gstatic.com/images?q=tbn:ANd9GcQX6IX66juep1GGC_EY1yPeotGSzcq24072RoYR1nRD4Q&s
carbon,noun,https://encrypted-tbn0.gstatic.com/images?q=tbn:ANd9GcRGecUo3F8lbwcS4GAaI4x5BG8MFpqvkak-GROKirRsrA&s=10
carpet,noun,https://encrypted-tbn0.gstatic.com/images?q=tbn:ANd9GcT18CtD2W24eeeLKKsz9sYSOjs7JdWWQezJ5ctvvUiONw&s=10
carry,verb,https://encrypted-tbn0.gstatic.com/images?q=tbn:ANd9GcT0raENalM2sGg9YxbzOdiYFR-rrhNuAR74djyJ07c2GA&s=10
carry on,phrasal verb,https://encrypted-tbn0.gstatic.com/images?q=tbn:ANd9GcTk5nvCyXUSTkeDaVXUlBLYMuEGeZdNKZDk7xaxTNmiVw&s=10
castle,noun,https://encrypted-tbn0.gstatic.com/images?q=tbn:ANd9GcSqlhz9ILIUemjFmTWwFmz2TyZ-6ZmaCm9-xbu4x27b4A&s=10
cat,noun,https://encrypted-tbn0.gstatic.com/images?q=tbn:ANd9GcTIXHlIWwNlozgmkjciRkTxQkh82HHLZLTKoxKqQamEgw&s
catalyst,noun,https://encrypted-tbn0.gstatic.com/images?q=tbn:ANd9GcQQREYZhUnHUNEgNGkXHrA8KoLoWl2YKzMrfdgJhUkKbg&s=10
catch,verb,https://encrypted-tbn0.gstatic.com/images?q=tbn:ANd9GcSZMIyGfJXNhjUAc0zZAnnirqRZ5vVAWUSMAf-GgnXzcw&s=10
catch up,phrasal verb,https://encrypted-tbn0.gstatic.com/images?q=tbn:ANd9GcTdiXCfn1eaA386YnD41ISznpJ4d48D_LpJxvwBKZkjbA&s=10
category,noun,https://encrypted-tbn0.gstatic.com/images?q=tbn:ANd9GcRTE3F_YgtqpjBuHkvsYNk8ysGXcxvPyi0mb5HwYZyCow&s=10
cater,verb,https://encrypted-tbn0.gstatic.com/images?q=tbn:ANd9GcSqpHANK82QRmRZstlz6pgM9A_w1itPlRuEGkBZoP1Bhg&s
cautious,adjective,https://encrypted-tbn0.gstatic.com/images?q=tbn:ANd9GcSbp5q5Vz3YLN9nrW04IHSyBcYEtDRdBbOCThc-ShT8zw&s=10
caveat,noun,https://encrypted-tbn0.gstatic.com/images?q=tbn:ANd9GcS24YEo6fEVuod7tGu4VifP-KlLQr267xQ9gGmOW76olA&s=10
cease,verb,https://encrypted-tbn0.gstatic.com/images?q=tbn:ANd9GcRuDnONT0QdT_ylYD9n64JgSW9UWM_8xTrAocuKfCok5Q&s=10
ceiling,noun,https://encrypted-tbn0.gstatic.com/images?q=tbn:ANd9GcQfvjmfnX7M2QbB5ZlevQagImChMlMfqm_prfHWzV6c1A&s=10
celebrate,verb,https://encrypted-tbn0.gstatic.com/images?q=tbn:ANd9GcTcUW2BcGuv7qSWi5_Ww7Y8oXeKjC1m-msSu0pn_4wCvQ&s=10
censorship,noun,https://encrypted-tbn0.gstatic.com/images?q=tbn:ANd9GcRUPqHFMJ621B76uffjH4eURGRBozp7VJolKw2pFXdS5w&s=10
census,noun,https://encrypted-tbn0.gstatic.com/images?q=tbn:ANd9GcSf-V81gCwO6yn8qVu1lMBs2-5yjOZmtlZ9c9UqsxqCsg&s
century,noun,https://encrypted-tbn0.gstatic.com/images?q=tbn:ANd9GcROyXMjYtKv3-XCIANw1xqPVU_-4Yq16HJkhUm2ZjfAvA&s=10
ceremony,noun,https://encrypted-tbn0.gstatic.com/images?q=tbn:ANd9GcQS2kzUmTJxegXBmkN4BW8Hb-PFTbe8XDysaKaKovFjPQ&s=10
chair,noun,https://encrypted-tbn0.gstatic.com/images?q=tbn:ANd9GcQoK9uyHfM2ukl_fiAb0cSlZZPPMPgdwDwASgw7iJBdvw&s=10
challenge,noun,https://encrypted-tbn0.gstatic.com/images?q=tbn:ANd9GcSVgz8seOLBKZZ2WwW1gylo1sj_Ef4wAr9NlBwhsLuBeQ&s=10
championship,noun,https://encrypted-tbn0.gstatic.com/images?q=tbn:ANd9GcQ4Q2DjECB-nojLXORaTf4B1Cp-0HjiziE7J_cxwObYUA&s=10
charity,noun,https://encrypted-tbn0.gstatic.com/images?q=tbn:ANd9GcTpSqi5G6NYTXOlcdAfMY3XBSrdKPc3rSx834NBp2ZzHw&s=10
cheap,adjective,https://encrypted-tbn0.gstatic.com/images?q=tbn:ANd9GcRt20ivQtEykLiSNAkqlCjncIUN0Cp0NvNNag_iOjsxJQ&s=10
cheerful,adjective,https://encrypted-tbn0.gstatic.com/images?q=tbn:ANd9GcQ8btXxvDa5dtjup8N4LsBWV6jFvXzD1Bbq2SFycDSPhw&s=10
cheese,noun,https://encrypted-tbn0.gstatic.com/images?q=tbn:ANd9GcTW08lbAtz0cvKC_c-Svop9DsxGL3FB1IHX-N-xXkBk5w&s=10
chicken,noun,https://encrypted-tbn0.gstatic.com/images?q=tbn:ANd9GcRb8YaK0Y1YznDJDoMofB8VGALHNAtJgLSUNrcDQy5Q9w&s=10
child,noun,https://encrypted-tbn0.gstatic.com/images?q=tbn:ANd9GcS_N9XJfnGwkMexYVV4kRNlCqbEs8AzZW_fe4zPo38G_A&s
chronic,adjective,https://encrypted-tbn0.gstatic.com/images?q=tbn:ANd9GcS4PEYC4oa75dPbi_UnzmsocAsmdxeqznrVoS86UoRWAA&s
cinema,noun,https://encrypted-tbn0.gstatic.com/images?q=tbn:ANd9GcQGhNOiXvHAuomtx5eQFe0oQ1pbruGokoJMWGpUyWTuEA&s=10
circulate,verb,https://encrypted-tbn0.gstatic.com/images?q=tbn:ANd9GcRG5PMuba3LuwDDm5jUvU8dt-elNpeeCdQT6lDBIPMeVw&s=10
circumstance,noun,https://encrypted-tbn0.gstatic.com/images?q=tbn:ANd9GcQZyp7o49KUmHCubm-newPo4MrNHIB1tIPR_TQ7QVNHew&s=10
cite,verb,https://encrypted-tbn0.gstatic.com/images?q=tbn:ANd9GcToC0oSVVVezDTnGa-InrXqTeII1-hdbYII9RGI_R2O2Q&s=10
citizenship,noun,https://encrypted-tbn0.gstatic.com/images?q=tbn:ANd9GcRyPgnNuYSC27Fqy5UXRf8kFM7d0hxxLHsMpxS_Rdxv8A&s=10
city,noun,https://encrypted-tbn0.gstatic.com/images?q=tbn:ANd9GcTzodHCJKXljst6WvQDS_pYKf46QOoCXgEY4JU2tt5ydQ&s
civic,adjective,https://encrypted-tbn0.gstatic.com/images?q=tbn:ANd9GcR3OuAsfanS94NJEolMSVpKwFwvOQu3Eh5BtPiozQCSvA&s
civilization,noun,https://encrypted-tbn0.gstatic.com/images?q=tbn:ANd9GcRpXgp256NLWeG96nNv9JoggtiEAt4TGJoRfd_QLZtmjQ&s=10
clarify,verb,https://encrypted-tbn0.gstatic.com/images?q=tbn:ANd9GcSlHmirtbdxqw__g-Xd_7Q-Jehy-bUuw92DuQX4L-cgow&s=10
clarity,noun,https://encrypted-tbn0.gstatic.com/images?q=tbn:ANd9GcT_F8E5dHGzrDJM09FI_DAcP78jzrlNFctZCkIzm1-kaA&s=10
class,noun,https://encrypted-tbn0.gstatic.com/images?q=tbn:ANd9GcRwYzHNLxJdzLRhpC8IY0JdABsrvnP7HzcScktfNm1aew&s=10
classify,verb,https://encrypted-tbn0.gstatic.com/images?q=tbn:ANd9GcQKhw1THd_nQLB_EPTYGPedjftjKSSIYae9jbYFq-8N5w&s=10
classroom,noun,https://encrypted-tbn0.gstatic.com/images?q=tbn:ANd9GcRA2YMdx52xVStrUieHguHx2OJ93owYXVRG6bval6EoYA&s=10
clean,verb,https://encrypted-tbn0.gstatic.com/images?q=tbn:ANd9GcSFaOLFKNChXexpggEVJNTbUtW56Nqq2sVGOx71YfXgLQ&s=10
climate,noun,https://encrypted-tbn0.gstatic.com/images?q=tbn:ANd9GcRzSxUVQ5Pa8qLe0X_QSLpV8mwOirOEd_KORtbkpli3Zg&s=10
clock,noun,https://encrypted-tbn0.gstatic.com/images?q=tbn:ANd9GcTQ4mbQlkonKfa42ghVS7kQg_xy0xcWxf2JwVOr1vNkgA&s=10
close,verb,https://encrypted-tbn0.gstatic.com/images?q=tbn:ANd9GcTK8_ONK1pv8wUeRPaXKnwSQQRJw5umyxWaXDvDPy9VZw&s=10
clothes,noun,https://encrypted-tbn0.gstatic.com/images?q=tbn:ANd9GcThgmkyez9z4FxJAgNaI5oAHcx6a7UN-sWpTEfRtobyQQ&s=10
cloud,noun,https://encrypted-tbn0.gstatic.com/images?q=tbn:ANd9GcSZuOZgzBK98Or6H2oCHXgk452-L-rlOfbHYVCtKY8h-g&s=10
coastal,adjective,https://encrypted-tbn0.gstatic.com/images?q=tbn:ANd9GcQf9HuWuzlegzRKDHRIvCWp3nvdL8NhP2KM-SiZtCTaiQ&s=10
coat,noun,https://encrypted-tbn0.gstatic.com/images?q=tbn:ANd9GcTms-CP00bzgqhaDSln1M9An2uhd8jJYMOYSux9oMWClw&s=10
coffee,noun,https://encrypted-tbn0.gstatic.com/images?q=tbn:ANd9GcSfXgscfmAgVZdy6_OveIpriTuCUZfCEEs0CaKy5Ixl4Q&s=10
cognitive,adjective,https://encrypted-tbn0.gstatic.com/images?q=tbn:ANd9GcRRZ787HM22gUMHrh_Ci1m0jY-pb4Z0lOYy5eJ2fj3mCw&s=10
coherent,adjective,https://encrypted-tbn0.gstatic.com/images?q=tbn:ANd9GcSOw9V2rz9yZcjyqcxBJMwgclAjLTgPcibfYE5V_EqcCA&s=10
cohort,noun,https://encrypted-tbn0.gstatic.com/images?q=tbn:ANd9GcRcYChGRE8TtOBvruHgrwEIi89nG-WcGfHp7qSEvY6HNw&s=10
coincide,verb,https://encrypted-tbn0.gstatic.com/images?q=tbn:ANd9GcS-SsS-62cPu9bj3MPXOHGik-6t0YnWB2C57Op-HOPqww&s=10
cold,adjective,https://encrypted-tbn0.gstatic.com/images?q=tbn:ANd9GcSTL1HcKhNEVIeQ3tFQh0e7TksqI5pJoBb3GSd284o_uA&s=10
collaborate,verb,https://encrypted-tbn0.gstatic.com/images?q=tbn:ANd9GcQi74oDF0PXbw3NfT3vbSXDkKqH892-5HEajXE5sE9yiw&s=10
collapse,verb,https://encrypted-tbn0.gstatic.com/images?q=tbn:ANd9GcQv9v6RY7kdG8creDsoRbutnQzlFtob8PWNFCV541Oeig&s=10
collide,verb,https://encrypted-tbn0.gstatic.com/images?q=tbn:ANd9GcRipXQ6cPUKK4E6EtVQL2sSdoZrIagSGoaqcU9BeohbAA&s=10
come,verb,https://encrypted-tbn0.gstatic.com/images?q=tbn:ANd9GcRkLyHqvNn7bWEYHno1A3zCZd02XKM9DFekbfDWFQWfqw&s=10
come across,phrasal verb,https://encrypted-tbn0.gstatic.com/images?q=tbn:ANd9GcRemezfAkEiq8xZ8cM08LhUIVA2nocLYEyKzl6txW93xw&s=10
comet,noun,https://encrypted-tbn0.gstatic.com/images?q=tbn:ANd9GcTTa8CAzMX3ui_MrR3hZ2iI0SET4-5hL2VZZRa8k11_ig&s=10
comfortable,adjective,https://encrypted-tbn0.gstatic.com/images?q=tbn:ANd9GcQUC-Vwyo2mGx2EidHdyNfK_3tz2YDeL3N8N2KumO98KQ&s=10
commerce,noun,https://encrypted-tbn0.gstatic.com/images?q=tbn:ANd9GcTTl6xeISmLfkSa8qizL4muZUBxD3VA0LNeblolZnszmw&s=10
commit,verb,https://encrypted-tbn0.gstatic.com/images?q=tbn:ANd9GcQqk0qHgR6DJZ26C1tqxX-iK0MaxibmS3ZYi0juKo1_RQ&s=10
commitment,noun,https://encrypted-tbn0.gstatic.com/images?q=tbn:ANd9GcSpoyFzZ1x0IfqXN6HwGu82AIrWKxOjYXnlBKNOkW7cbg&s=10
commodity,noun,https://encrypted-tbn0.gstatic.com/images?q=tbn:ANd9GcT95y2yGh1vKEeChCVeU4fPpkcQu7cCzuABoS6SrHXp5w&s=10
communal,adjective,https://encrypted-tbn0.gstatic.com/images?q=tbn:ANd9GcT-fu2Qc2TlfYTzaii2qbau_y988KRjH_fdDlsuxwJjVg&s=10
community,noun,https://encrypted-tbn0.gstatic.com/images?q=tbn:ANd9GcS6grW7I3OTyrHXEhQKHhLdlFPEjxP-a9XJQXOQtk1KqQ&s
commute,verb,https://encrypted-tbn0.gstatic.com/images?q=tbn:ANd9GcRYssKmpJ2VIQV9FM0_bg83ToZoCnk04LZ-HnvA6OIo7A&s=10
commuter,noun,https://encrypted-tbn0.gstatic.com/images?q=tbn:ANd9GcRpPXGwkoMZr39z4BjUh4k49hPzJMd8wCYWVgCrpIqMhg&s
comparable,adjective,https://encrypted-tbn0.gstatic.com/images?q=tbn:ANd9GcTtzxhlmK0wwRwE9wRYrofb6e6kgoAsYzUHcK3kSywuzQ&s=10
compare,verb,https://encrypted-tbn0.gstatic.com/images?q=tbn:ANd9GcS0pO-zY3HD6PLb7Q8jgNbgby6GundLW_3Br7OSKbPvUA&s=10
comparison,noun,https://encrypted-tbn0.gstatic.com/images?q=tbn:ANd9GcSzJJ6L1W1zfa1xlXG3wiCSBWigPlWGFXlOH8quP7Rdug&s=10
compatible,adjective,https://encrypted-tbn0.gstatic.com/images?q=tbn:ANd9GcTLtUIbiOxS8I4Kdk6qUORwtG7bchA9EipPBf9eEOqYiw&s=10
compel,verb,https://encrypted-tbn0.gstatic.com/images?q=tbn:ANd9GcQ1IN8_EBGTtmNR3OaR_idxmpN03lgNcmntWgLkAi5Kdg&s=10
compelling,adjective,https://encrypted-tbn0.gstatic.com/images?q=tbn:ANd9GcQ7pGA-4VfQLQzt7MGek026-1iD2h_72YMAR_O_KoAhtw&s=10
compensate,verb,https://encrypted-tbn0.gstatic.com/images?q=tbn:ANd9GcSO52SrA-uNNOBw_2GWQ9PJx_AcqvXNsqVV5hEyk9B_aw&s=10
competition,noun,https://encrypted-tbn0.gstatic.com/images?q=tbn:ANd9GcSP0rRzBdjiGnxVbT44Qh635-H3GfumEeabLVOxi9OzMA&s=10
compile,verb,https://encrypted-tbn0.gstatic.com/images?q=tbn:ANd9GcSLoXIp2GhlxzrznTzfiiRn0uBYXsdcRJoIN7vN0CMUIA&s=10
complain,verb,https://encrypted-tbn0.gstatic.com/images?q=tbn:ANd9GcT0VGgz-zYMu38-q7bVdwiyjEcF5tH1S32vPOMMpfGcXQ&s=10
complement,verb,https://encrypted-tbn0.gstatic.com/images?q=tbn:ANd9GcTvxLDbwIgT9-LAFI8m3TxqlJ3K55mEvE0KDwkEXkigZQ&s=10
complex,adjective,https://encrypted-tbn0.gstatic.com/images?q=tbn:ANd9GcQCq-sjt9S-J2wLz9p_FFBikpJu-LREHEO36UM0txLpgQ&s=10
compliance,noun,https://encrypted-tbn0.gstatic.com/images?q=tbn:ANd9GcSy0Y-dllOb9-zTO0X3rDy3esZXD1P5PjQrmWdRmgwgrQ&s=10
component,noun,https://encrypted-tbn0.gstatic.com/images?q=tbn:ANd9GcT9X0sx-0iozm8cR1L1zJ5LVd0W5t2Fgcc9EJZRF8VILQ&s=10
compost,noun,https://encrypted-tbn0.gstatic.com/images?q=tbn:ANd9GcSeW4qKdFHp_WO7OvIqjX00wSNmULC4m5b84nNRVVhwIw&s=10
compound,noun,https://encrypted-tbn0.gstatic.com/images?q=tbn:ANd9GcTwBjt0mHtA6YVilvGj2SplaNurGpuDfiJrPpGaagC2hg&s=10
comprehensive,adjective,https://encrypted-tbn0.gstatic.com/images?q=tbn:ANd9GcSA9geHlLzfL6kLD1i8DTKsoq0v-QLBbjmDFrh42AhJiQ&s=10
comprise,verb,https://encrypted-tbn0.gstatic.com/images?q=tbn:ANd9GcRJTEeEZ7m5rM00SLEL6EIAM8gnbPRcCai39k6USdHdjQ&s=10
compulsory,adjective,https://encrypted-tbn0.gstatic.com/images?q=tbn:ANd9GcQyPVaaYqe030hIhOEYFgmpY-YOTatbSt_Y8KEHMJ8bLw&s=10
conceal,verb,https://encrypted-tbn0.gstatic.com/images?q=tbn:ANd9GcTKQ-brWCOK5syNpeM_dc35uB0kgr4xbFE5tcXcXJJTgA&s=10
concede,verb,https://encrypted-tbn0.gstatic.com/images?q=tbn:ANd9GcSu827Z7LNGqmkuPQ9dRL929gnKpFZ60Wvf0-iF6yixuA&s=10
conceive,verb,https://encrypted-tbn0.gstatic.com/images?q=tbn:ANd9GcTrnlMGGgW237m92g-hNdc4F7292SmTJaP-ETvmrCJLHA&s=10
concentrate,verb,https://encrypted-tbn0.gstatic.com/images?q=tbn:ANd9GcTBX4gg0rHkrAroWClsbjPDIJx4fLDRyAdOEYaR9Ufp9g&s=10
concept,noun,https://encrypted-tbn0.gstatic.com/images?q=tbn:ANd9GcSQS498Wo2BU9Wk1X49CcT_w34j4E-IlHTthIZl3v3F9w&s=10
concise,adjective,https://encrypted-tbn0.gstatic.com/images?q=tbn:ANd9GcSDPmXMbW5oQSDh7FiQ730uvDEWHCjYZsNpnuI0hmmKGQ&s=10
conclude,verb,https://encrypted-tbn0.gstatic.com/images?q=tbn:ANd9GcSh42baRsBAiucQZ97XNysTvv7mZ5Ej7srGlI6_Wdr9Rg&s=10
condemn,verb,https://encrypted-tbn0.gstatic.com/images?q=tbn:ANd9GcS8xylvAM4DsfPXlbfH7FDQHs5a9iZrO0LAWpBGF5kJHw&s=10
condense,verb,https://encrypted-tbn0.gstatic.com/images?q=tbn:ANd9GcRQuoKoRrYeCduM6DgerFuVWeR0cmyGR9bvZM5Qi3Wvww&s=10
conducive,adjective,https://encrypted-tbn0.gstatic.com/images?q=tbn:ANd9GcSQMWzmTuh7yAY-AHh3Hllp-Ck9kaS3CiXWjEBIsPPvtg&s=10
conduct,verb,https://encrypted-tbn0.gstatic.com/images?q=tbn:ANd9GcRU1TAuHSx-faAl5Og_gXyFo_WF5VUl17kQ7TrUQILAHA&s=10
confer,verb,https://encrypted-tbn0.gstatic.com/images?q=tbn:ANd9GcRRRNeRS5Xg-kdZOxuqS8pE-V0YyBac7uUg-cs4HTb6kA&s=10
confident,adjective,https://encrypted-tbn0.gstatic.com/images?q=tbn:ANd9GcQoefkOS1voEPSgCVlUKqofOZA8cbHRaR6OVyJ9Wt_ksw&s=10
confirm,verb,https://encrypted-tbn0.gstatic.com/images?q=tbn:ANd9GcSiJGVghyVpyhRres_CZ_tnaUTMNSpD9ghjSZJo50LtyQ&s
conflict,noun,https://encrypted-tbn0.gstatic.com/images?q=tbn:ANd9GcTDDcj0Nycsv-6RF2jJoXPbrH3TswS0VdKWiRXtN4Nerg&s=10
conform,verb,https://encrypted-tbn0.gstatic.com/images?q=tbn:ANd9GcRW0LMYg0FDP_4CZMvjeY4iP-Yz0AR2pJMOTFDdrfUtmQ&s=10
confront,verb,https://encrypted-tbn0.gstatic.com/images?q=tbn:ANd9GcRdunVyTBCHm_rezUeWyc8WTmWZPJhemg0cIpXe6P3lnQ&s=10
confuse,verb,https://encrypted-tbn0.gstatic.com/images?q=tbn:ANd9GcR_VcVgUIrSKxZKEnQ_oIK0Pwe1nOwukwzxkd_9nGpaug&s=10
congestion,noun,https://encrypted-tbn0.gstatic.com/images?q=tbn:ANd9GcTm1dXADo_X2GrD4qFRRpKkfTQJsiy2q7OoigX2GNW08Q&s=10
connect,verb,https://encrypted-tbn0.gstatic.com/images?q=tbn:ANd9GcRCIkmFa4PoNOiWcvSOFcpTObd-V0RJ7revIXFcZvYjzA&s=10
connection,noun,https://encrypted-tbn0.gstatic.com/images?q=tbn:ANd9GcTKfhmqanNc35Pijhz1em-YhgAlcWrRUOITZaOpilrWWw&s=10
connectivity,noun,https://encrypted-tbn0.gstatic.com/images?q=tbn:ANd9GcRy8eumI6CNIcAzZv92MIvo2q0g5T9z494ILqrtxU7Gmg&s=10
connotation,noun,https://encrypted-tbn0.gstatic.com/images?q=tbn:ANd9GcTEkfPgBecgn14LNeEdl3zZYNr4elEx0nXZJ2lQ-Yme6A&s=10
conquer,verb,https://encrypted-tbn0.gstatic.com/images?q=tbn:ANd9GcTlBRLXqpVU_brzni_boK_glRwAZwgns-IBSm3MEtEtbA&s=10
conscious,adjective,https://encrypted-tbn0.gstatic.com/images?q=tbn:ANd9GcQiyfw7fmmnN7DDnyDXLgWfI2a8NXMMV-tW8EIGa4_hkQ&s=10
consecutive,adjective,https://encrypted-tbn0.gstatic.com/images?q=tbn:ANd9GcQm9KXocDvTkcd9rH6ogViPk6KgjpunUj3IwFaIWnxg7A&s=10
consensus,noun,https://encrypted-tbn0.gstatic.com/images?q=tbn:ANd9GcSy5oMAA0Ef6olYk27KLMZclFjslQ1tImC6ImXl-moWeg&s=10
consequence,noun,https://encrypted-tbn0.gstatic.com/images?q=tbn:ANd9GcSrF7ZJtihXCBDFV7bS12e9hOCpGUBB0_nHdOSG4-ogJw&s=10
conservation,noun,https://encrypted-tbn0.gstatic.com/images?q=tbn:ANd9GcTlu56BikNv05T1_PlUoOmLzyZgDSe0J-zunxGqvruxxg&s=10
conserve,verb,https://encrypted-tbn0.gstatic.com/images?q=tbn:ANd9GcTBLtoazirSzqp1LQyeG9QiCsYBDqHs1ZfeQhBN65nCFw&s=10
considerable,adjective,https://encrypted-tbn0.gstatic.com/images?q=tbn:ANd9GcSOP7uVt4D4NzmA6B5D_ZgcYM-3geY6zg5AxF7ujCaxAA&s=10
consist,verb,https://encrypted-tbn0.gstatic.com/images?q=tbn:ANd9GcS1gZ3LRwC-uYIVw6lThDc5zWregEWhgjnjNU-4tKmg5Q&s=10
consistent,adjective,https://encrypted-tbn0.gstatic.com/images?q=tbn:ANd9GcQzJtym8gsEfn7hMgi7NSZRTlujWq6crVNIqsfBpq8JDw&s=10
consolidate,verb,https://encrypted-tbn0.gstatic.com/images?q=tbn:ANd9GcRZHaiUSgnt71arJxbBY0hnSbH_y_R23tSTKhShzngzvw&s=10
constant,adjective,https://encrypted-tbn0.gstatic.com/images?q=tbn:ANd9GcSlFuLMGxSCaFoQC_D2R1_x63yZhyy_3duSI-c79fP34A&s=10
constitute,verb,https://encrypted-tbn0.gstatic.com/images?q=tbn:ANd9GcRxOSAdmxorLwe86UAnz0JmbdFxBlM0UzqmSxtjpMEkRw&s=10
consult,verb,https://encrypted-tbn0.gstatic.com/images?q=tbn:ANd9GcSan8g0a-Xrc-Wvj_ufnXwebPQANR0Ew8KVDTonHlOmsw&s=10
consume,verb,https://encrypted-tbn0.gstatic.com/images?q=tbn:ANd9GcRtwuPkpKuDPpZDVoYL_nnaq1i7l9ejpbejJPtgRCvZjg&s=10
consumption,noun,https://encrypted-tbn0.gstatic.com/images?q=tbn:ANd9GcQEx-9xfaxUt-tx0vWAsuzKJh4UtHWGvOmzSMnJM4uzow&s=10
contagious,adjective,https://encrypted-tbn0.gstatic.com/images?q=tbn:ANd9GcSFchmoEjHQR-qi1mpRDKI6CGgPmcMr7IKRtU9EBAuy4w&s=10
contaminate,verb,https://encrypted-tbn0.gstatic.com/images?q=tbn:ANd9GcRoDJ5-2pZ8i7yNp-x9-tcuYTtPfCj1C-v0NJdoiDJWLg&s=10
contemplate,verb,https://encrypted-tbn0.gstatic.com/images?q=tbn:ANd9GcS_YKbL4cjAZLTU7JLs5Ant0UQtBQWEM4OoRCIn0ZAQBA&s=10
contemporary,adjective,https://encrypted-tbn0.gstatic.com/images?q=tbn:ANd9GcRCMSjt-0QlhWeO1h5j8YCQD3UhssIBsO-S4Cw_ECoi7g&s=10
contend,verb,https://encrypted-tbn0.gstatic.com/images?q=tbn:ANd9GcQa0u2RCGF02EdQBw-UH94oJW5iaIqsa2Aqudae79AxWg&s=10
context,noun,https://encrypted-tbn0.gstatic.com/images?q=tbn:ANd9GcQtrrMz5_qjsb2_SLLPNw3kQYb7iaBJL_UvedXpdx1C4g&s=10
contingency,noun,https://encrypted-tbn0.gstatic.com/images?q=tbn:ANd9GcS3tEl8lEpi2CUJxxdIjvEIfJ0_G-GM7pTK1Xkd_M2EXg&s=10
contract,noun,https://encrypted-tbn0.gstatic.com/images?q=tbn:ANd9GcRK6WHuiwpa7NIg6wdTDLlA2CTnrSsQtHctSngQyN3dLw&s=10
contradict,verb,https://encrypted-tbn0.gstatic.com/images?q=tbn:ANd9GcRQ4HFUTPHS0aGhQgisgBXXildGqAFb3qjW1h0fQI5I7g&s=10
contrary,adjective,https://encrypted-tbn0.gstatic.com/images?q=tbn:ANd9GcRCYPuL32I-umIXbjBHeJFwqCw2aI9aHlEJMzA_R2ihLQ&s=10
contribute,verb,https://encrypted-tbn0.gstatic.com/images?q=tbn:ANd9GcQGgE4hPrxqCu91Bbm92fm5Wr-xVaXtCziQFzJrpEL5yQ&s=10
controversial,adjective,https://encrypted-tbn0.gstatic.com/images?q=tbn:ANd9GcRMGQnzy7dZxodamBpC-AfBLsTlClMlLH8Azr23Xl6PzQ&s=10
controversy,noun,https://encrypted-tbn0.gstatic.com/images?q=tbn:ANd9GcT3imZbbN9ehm41DBoJYfVKg0mHSAWMFfZaYNtWG8ITyA&s=10
converge,verb,https://encrypted-tbn0.gstatic.com/images?q=tbn:ANd9GcQm-QzzYJ8_MXQJcFi0lSCHNUERU11UBhmxBn7p4bHWcQ&s=10
convert,verb,https://encrypted-tbn0.gstatic.com/images?q=tbn:ANd9GcQW5R2Hx1J-rAcDPDYmaiQ80K7qRU_uY0xjwymh4Q6DcQ&s=10
convey,verb,https://encrypted-tbn0.gstatic.com/images?q=tbn:ANd9GcQ-l66CdwJWpOo20YFLORz3gVDISkAF-WGMS68NIDmLxg&s=10
convince,verb,https://encrypted-tbn0.gstatic.com/images?q=tbn:ANd9GcRemmRZJUaOkNwlezffb3h7G6qjhj4QZAh21glO1dAxnA&s=10
cook,verb,https://encrypted-tbn0.gstatic.com/images?q=tbn:ANd9GcSsHSw-pdpF9UywyDzDY347vgjQzdYhvMY9XuLl0EdlHg&s=10
cooperate,verb,https://encrypted-tbn0.gstatic.com/images?q=tbn:ANd9GcSxWFxyxyqQZNh8Ln2pVZwql7lGq1KLYTPsfs2rpp7X7w&s=10
cope,verb,https://encrypted-tbn0.gstatic.com/images?q=tbn:ANd9GcQWz1rRd92PGKUz3wIlH4sauqSZAyBbAw2HYPuxQv9QeA&s=10
core,noun,https://encrypted-tbn0.gstatic.com/images?q=tbn:ANd9GcTS7otOV4ySVc6NibYhOUocjROjPlKA1WFU4WJiIjjYGQ&s=10
corner,noun,https://encrypted-tbn0.gstatic.com/images?q=tbn:ANd9GcSTbklAhlH1FXHQYknH9l57loMEc7so47FaYmq9Z6DTpg&s=10
cornerstone,noun,https://encrypted-tbn0.gstatic.com/images?q=tbn:ANd9GcSPQrgQY4zqbCNDvHHqFrTwZ0OmZbtnc6AhMAYiu7sfIQ&s=10
corporate,adjective,https://encrypted-tbn0.gstatic.com/images?q=tbn:ANd9GcRBwBjaU6NeSEt09u6raDDhnZsuGvIQfgXawywTpcO8SA&s=10
correlation,noun,https://encrypted-tbn0.gstatic.com/images?q=tbn:ANd9GcQLDte8EqZ8qqo2WO_NwTUvQsJSeB-Wxp2SVB330jjC8g&s=10
correspond,verb,https://encrypted-tbn0.gstatic.com/images?q=tbn:ANd9GcTJSeq27BVMswrX5Mlc9LEKRoo2l5NN_uhBfSfmDOcQKQ&s=10
cosmopolitan,adjective,https://encrypted-tbn0.gstatic.com/images?q=tbn:ANd9GcTbBVduL8F6YoDylpgOl8yyIa0k9DNv4oKERMx3CM04yQ&s=10
cost an arm and a leg,idiom,https://encrypted-tbn0.gstatic.com/images?q=tbn:ANd9GcTGH7yY4lpOLzRoilLGEZcd5kGr_Sp928vFxqzXdNoxTw&s=10
cough,noun,https://encrypted-tbn0.gstatic.com/images?q=tbn:ANd9GcQdTOY6cg7jr6aUJ4bF6z_5ZJwXzoSqZPvqFNEQ_wUnsw&s=10
counterpart,noun,https://encrypted-tbn0.gstatic.com/images?q=tbn:ANd9GcStJMb3KOJB9IW-HBE1c87fs3C5VopRlBUEYHy1WmnhSA&s=10
country,noun,https://encrypted-tbn0.gstatic.com/images?q=tbn:ANd9GcR9tCJJ7W_NVMwqyEwFJ_vFJ8-WhcHMa-ZRtY48cbN5AQ&s=10
courage,noun,https://encrypted-tbn0.gstatic.com/images?q=tbn:ANd9GcSCMFAyV-N6wWiMtTcFvEUbhpe_6kTer8YxBu8frvnLkA&s
cousin,noun,https://encrypted-tbn0.gstatic.com/images?q=tbn:ANd9GcTQXaWo0R_xM6rn1LJalxNVihzd97zb8RcRQ_WxyO5vJQ&s=10
cow,noun,https://encrypted-tbn0.gstatic.com/images?q=tbn:ANd9GcT9x7lRHU15oj5t1T9IaZzD_2W7QY_3ieZSeL9iuLQAWw&s
craftsmanship,noun,https://encrypted-tbn0.gstatic.com/images?q=tbn:ANd9GcQd8IDvpZREtzwlmbZEQAcTUADRv36D-mdtU3QXZcFLCQ&s=10
credentials,noun,https://encrypted-tbn0.gstatic.com/images?q=tbn:ANd9GcRYOk9IYx_NFn1SRBL9V8bPASdoWG86Nh-6nmWH2-b1vA&s=10
credible,adjective,https://encrypted-tbn0.gstatic.com/images?q=tbn:ANd9GcQf0z-o2jeJplzg5Np_aCwcZ6Y4FIjYCbSx1rFDPyZ0nA&s=10
crisis,noun,https://encrypted-tbn0.gstatic.com/images?q=tbn:ANd9GcROXmFTQW52IamGJkx-LkE-5FKIkf0QKwFQSvowkcEv0g&s=10
criteria,noun,https://encrypted-tbn0.gstatic.com/images?q=tbn:ANd9GcTbenXNe0twqq0O374YBRh72uJBT2k_NsyPihsACHbOig&s=10
criticism,noun,https://encrypted-tbn0.gstatic.com/images?q=tbn:ANd9GcTYIlA85e1h2QcNr1hvjcMrVrd0BZXCNdxmcXdeXLy1Yg&s=10
crowd,noun,https://encrypted-tbn0.gstatic.com/images?q=tbn:ANd9GcRKdFYl-oJaqlX4ScEADEbsVKzNqmqW6mne-r9AapNKzA&s=10
crucial,adjective,https://encrypted-tbn0.gstatic.com/images?q=tbn:ANd9GcT_W0w_KDnTwrHpQjt9qmhjDaEGaf9MZxuw0iiWgJufxg&s=10
cry,verb,https://encrypted-tbn0.gstatic.com/images?q=tbn:ANd9GcTGO2DZ_Gq7FrEpgX14S6WzFOfCCwsXgmROakrNP7TALw&s=10
culminate,verb,https://encrypted-tbn0.gstatic.com/images?q=tbn:ANd9GcTMRBHamkl64Y6_hXxFI6IjMHm0l9xcyw34xA524ar0Tg&s=10
culprit,noun,https://encrypted-tbn0.gstatic.com/images?q=tbn:ANd9GcSHGQRmhgoWxMIeTeiWYIHcX8tXQ28LKCB1Vbv8yuZ1NQ&s=10
cultivate,verb,https://encrypted-tbn0.gstatic.com/images?q=tbn:ANd9GcQeFU2k_s2LF-EJ5iHbVRePJS-1pPGNlCannHnrktZWNQ&s=10
culture,noun,https://encrypted-tbn0.gstatic.com/images?q=tbn:ANd9GcTCjh2ER1oI6wTFb6F4BwUbrvNL1Xc-fuVKCxbKkaPE6A&s=10
cumbersome,adjective,https://encrypted-tbn0.gstatic.com/images?q=tbn:ANd9GcQUaZeaerHV-NZkIIjAnpd-WyShTH4SNsP55GnBZz6GFA&s=10
cumulative,adjective,https://encrypted-tbn0.gstatic.com/images?q=tbn:ANd9GcQzExIkfoklK4QtU6ixB1U0AdlMC7qgVYJ13AE637n0lg&s=10
cup,noun,https://encrypted-tbn0.gstatic.com/images?q=tbn:ANd9GcQkahknYlwgYndlrS-lqjOofqmXm13LGPG00zdSZUW1NA&s=10
curator,noun,https://encrypted-tbn0.gstatic.com/images?q=tbn:ANd9GcTHoQ6mSW3jjak3iem99t9eludQ46ztadWLLhbkN11LNw&s=10
curb,verb,https://encrypted-tbn0.gstatic.com/images?q=tbn:ANd9GcSd9cmSFiw2Dr5I6KhLJlyk87QvCsY3fFvcPsX_hKh-Bw&s=10
curiosity,noun,https://encrypted-tbn0.gstatic.com/images?q=tbn:ANd9GcQZtxYSZO3GtebMGdL7oILbpd-LMFIJajpDguhtE4nwYA&s=10
curious,adjective,https://encrypted-tbn0.gstatic.com/images?q=tbn:ANd9GcTfFGMAdivdHm-iR_7EyJw7jw4XR_savEpE5M1XAJs20Q&s=10
curriculum,noun,https://encrypted-tbn0.gstatic.com/images?q=tbn:ANd9GcSZiBncpedX09LVg4F_FuVGwzj42gDUg_LYjlMSEblE2A&s=10
curtail,verb,https://encrypted-tbn0.gstatic.com/images?q=tbn:ANd9GcSxtCWIU0zjewLDxSi10AQz2afOY9-p6_giy97-BuuQdw&s=10
curtain,noun,https://encrypted-tbn0.gstatic.com/images?q=tbn:ANd9GcRWbQ1miTgV4DKZ_4wY6pJm2l08Lgrw3mRsbXAJHDCkzA&s=10
custody,noun,https://encrypted-tbn0.gstatic.com/images?q=tbn:ANd9GcT3_eiVHpYL4R9HGIf0_TT3GE7kdE40LdDAlgws1zpKPg&s=10
customer,noun,https://encrypted-tbn0.gstatic.com/images?q=tbn:ANd9GcThLizq1p_wORt4cwiMOgzdtsLQAh4VRQANIV79e7Jfqw&s=10
cut corners,idiom,https://encrypted-tbn0.gstatic.com/images?q=tbn:ANd9GcTGOgFL3snpzFc2qVrwUgcL8fbLVY2cyHsfffEzMxqStQ&s=10
cybercrime,noun,https://encrypted-tbn0.gstatic.com/images?q=tbn:ANd9GcSbD5sELW2f9_M93FFn6WE5Kf_jI-wxL__m1apvUwWBKQ&s=10
cycle,noun,https://encrypted-tbn0.gstatic.com/images?q=tbn:ANd9GcTHvXilQ9Ws6gCawbokbnY1oMx08qTpLviLZfdpcQe7Fw&s=10
damage,verb,https://encrypted-tbn0.gstatic.com/images?q=tbn:ANd9GcQOmaPiDXpxRjfjByhSiaEsgYt6lbjKMBABK1vkvB6fbQ&s=10
dance,verb,https://encrypted-tbn0.gstatic.com/images?q=tbn:ANd9GcRiXos5dUxKJrs75ygrNSlo-sigeqpsmcOL_fDDiyYlbw&s
dangerous,adjective,https://encrypted-tbn0.gstatic.com/images?q=tbn:ANd9GcR2UgTD2PizevUm7y5tbtqxxZI8SM8zpFrEoaasHjQcbg&s
data,noun,https://encrypted-tbn0.gstatic.com/images?q=tbn:ANd9GcS_k42Aqs-cSzZdVjrAZr3RTqemZpXbHT3UY8LpeAlCrw&s
daughter,noun,https://encrypted-tbn0.gstatic.com/images?q=tbn:ANd9GcRMfscJcAixB5nsOJIrg6aDGmiPlFX1au48jrlFMqnspQ&s=10
daunting,adjective,https://encrypted-tbn0.gstatic.com/images?q=tbn:ANd9GcR58ETn37MCCjJSuXP9lfiI_Us2Xpe68kXGYxeez9MNLg&s=10
dawn,noun,https://encrypted-tbn0.gstatic.com/images?q=tbn:ANd9GcSoEGId31V1DBE8KwMGANoWPIPgts705sJghSInbhu1-Q&s=10
day,noun,https://encrypted-tbn0.gstatic.com/images?q=tbn:ANd9GcTRQVqYHYh7uu7UGReuyM_cviOp9ElBvtJG9Z77zc2WSw&s=10
deal with,phrasal verb,https://encrypted-tbn0.gstatic.com/images?q=tbn:ANd9GcQ9NR8-Zx8QrMl8WMb4rwZrlOXlkg2XRZ63_VLx78ST1Q&s=10
debate,noun,https://encrypted-tbn0.gstatic.com/images?q=tbn:ANd9GcTDugaJrSLeD1UeagTRUyU7oOanKwnmw3_-XFUZRwYFdg&s=10
debris,noun,https://encrypted-tbn0.gstatic.com/images?q=tbn:ANd9GcTEiua4_CHy5TjFuoJyfi98SoDmCNXia2lfvkhwRkk_hw&s=10
decade,noun,https://encrypted-tbn0.gstatic.com/images?q=tbn:ANd9GcSLVA3Zjl5N0OJJx0UjXnJhXpoPugrrR01GJ92U6Hpc_g&s=10
decay,verb,https://encrypted-tbn0.gstatic.com/images?q=tbn:ANd9GcRR7ZajxeTH-T_oRvjUK7ol4iGbXoFfpwILFZWyDvvLZw&s=10
deceive,verb,https://encrypted-tbn0.gstatic.com/images?q=tbn:ANd9GcROh0f5bxQENRAfG8hlgYQa2Jj9pREKNR87mKNyPpxePw&s=10
decide,verb,https://encrypted-tbn0.gstatic.com/images?q=tbn:ANd9GcRFNhovNlvBzCB0HOM6KSWmOQcQFP--kuQzxQtrH2kdtg&s=10
declare,verb,https://encrypted-tbn0.gstatic.com/images?q=tbn:ANd9GcQIWCIBok7vmtV5jXrnBc-Csh0wdnY5NEvjMQmQ1lTRsw&s=10
decline,verb,https://encrypted-tbn0.gstatic.com/images?q=tbn:ANd9GcTl-O8A7Z-EIiI4ojpiheZI1PvAjvHVyTvYNX3_jN4XWw&s=10
decrease,verb,https://encrypted-tbn0.gstatic.com/images?q=tbn:ANd9GcQvL8koROe4QZBV6r5hSJ4hdHmuzyZ4DHeBBb2YhaZC0w&s=10
dedicate,verb,https://encrypted-tbn0.gstatic.com/images?q=tbn:ANd9GcQrmTrOknj3cOZn88T0X0Eylfm60jy-b7IFw-TfOMcgHQ&s=10
deem,verb,https://encrypted-tbn0.gstatic.com/images?q=tbn:ANd9GcRlU6cMWVQGgyxkUsKnqgK-QYeseNgIM2Ew_2OfIInkfw&s=10
deficient,adjective,https://encrypted-tbn0.gstatic.com/images?q=tbn:ANd9GcSZI7F-l9c1l3RLNtU0LCEai48JJvWOiGWamubCiGVh2A&s=10
deficit,noun,https://encrypted-tbn0.gstatic.com/images?q=tbn:ANd9GcRvqveKMu1oyJqgd0oBwqzczhNjlzxoEIfKZ20bsF_k6A&s=10
define,verb,https://encrypted-tbn0.gstatic.com/images?q=tbn:ANd9GcRdu5GAoALeb1GTwsE0IMy1Ibd4Kr4GBspZPTdnJYlQxg&s=10
deforestation,noun,https://encrypted-tbn0.gstatic.com/images?q=tbn:ANd9GcRp4pRwBB-FCarYiUoDotnBUlvuHwBklmTUw06JExjScg&s=10
degradation,noun,https://encrypted-tbn0.gstatic.com/images?q=tbn:ANd9GcS0pgT3GmH4oUM6CqH7aczpBts0XgG8wEgM6Yrxx3guiw&s=10
degrade,verb,https://encrypted-tbn0.gstatic.com/images?q=tbn:ANd9GcS8oItjQ_t3EfiAarvLLbCQTk0TRz_0fjIMOY9Gm1hmlA&s=10
delay,verb,https://encrypted-tbn0.gstatic.com/images?q=tbn:ANd9GcRqHTUwdbxV6fKY7eGGuefd2bq-ZfltCF4CiTxoZB1WNQ&s=10
deliberate,adjective,https://encrypted-tbn0.gstatic.com/images?q=tbn:ANd9GcRSj2vji3XHrDqh9IV6U1CxLOwKdbXcDHwqFUXAy6ZeOw&s=10
delicious,adjective,https://encrypted-tbn0.gstatic.com/images?q=tbn:ANd9GcTpw4Q08yY_PWVBBG2JM5BPD817z7ryfcXrZbJ0I3Ip8w&s
demand,verb,https://encrypted-tbn0.gstatic.com/images?q=tbn:ANd9GcRDVl2Kg7C8juEtJc0MVinOk3Ud4XPwgy_3WVh25UwEgg&s=10
dementia,noun,https://encrypted-tbn0.gstatic.com/images?q=tbn:ANd9GcTCxLvbPjMKdZ3WUsjtMGOk8qg_Jx9aEvFcBvv1xxDIIw&s
democracy,noun,https://encrypted-tbn0.gstatic.com/images?q=tbn:ANd9GcRD83njcvRaUCrJ4pkXBVvDGP5047Mt9p5s_MHGgm1YAQ&s=10
demographic,adjective,https://encrypted-tbn0.gstatic.com/images?q=tbn:ANd9GcR7IaBibGtPgAlN5qXHY4wRlFYqgU4TzjW3ZxXn9iTzxA&s=10
demonstrate,verb,https://encrypted-tbn0.gstatic.com/images?q=tbn:ANd9GcSlw2qpQOEQIu_WAqqCOygAcWMK-BxsbQmNQxvvRMoP3g&s=10
denote,verb,https://encrypted-tbn0.gstatic.com/images?q=tbn:ANd9GcQnBelWKg8YbNWy7HQ5leCBnlrHIzrvYS_Z-ODFwDDqSg&s=10
dense,adjective,https://encrypted-tbn0.gstatic.com/images?q=tbn:ANd9GcTLiJYOJCNPoQjVmymwmr4rsmbxZ-paCoJWHZYo9P7WZw&s=10
depict,verb,https://encrypted-tbn0.gstatic.com/images?q=tbn:ANd9GcQtU4nNukmyOqZrV5k9sGdLDwD8mt4hk8gdLBixQCYxEA&s=10
deplete,verb,https://encrypted-tbn0.gstatic.com/images?q=tbn:ANd9GcQTpGFj9oSVvSySpiWrIeDVYSEy9nNTXkqWzFX4v4vQwQ&s=10
deposit,noun,https://encrypted-tbn0.gstatic.com/images?q=tbn:ANd9GcTBI__zl6vvsC5bWijX1ie2Nly-sm4Py9thn943h_dRuQ&s=10
deprive,verb,https://encrypted-tbn0.gstatic.com/images?q=tbn:ANd9GcQoin5AXGzxoJWNx-18z8sw5GFDwDC1KjyxTAcy68Trhw&s=10
derive,verb,https://encrypted-tbn0.gstatic.com/images?q=tbn:ANd9GcTKi2K7BXxzMBce3QdTlqY3cA5R8QksBiFDoAEt0qDhVQ&s=10
descend,verb,https://encrypted-tbn0.gstatic.com/images?q=tbn:ANd9GcQ7WUs7b_sK-mAUiT_D4LFI9ay5iKeWn1d9MBscQf4LIw&s=10
describe,verb,https://encrypted-tbn0.gstatic.com/images?q=tbn:ANd9GcQqvrqTQnxBXsJqBoKrg0p8AA4mabSdbefVMbJ3aW8ZMg&s=10
desertification,noun,https://encrypted-tbn0.gstatic.com/images?q=tbn:ANd9GcR4OjDxJ3t07TFOwY4RC5_PmbvBhG3rbVF3e4QYcQb-Qw&s=10
deserve,verb,https://encrypted-tbn0.gstatic.com/images?q=tbn:ANd9GcQWECD_JJlVN13VYwN5RSEZzEITdWPj2V5SQQGkB_cFuQ&s=10
designate,verb,https://encrypted-tbn0.gstatic.com/images?q=tbn:ANd9GcSBo9FbrdtTTAcYZUsdIc-pmqJCzcmqlR8GGfDc9MZ5GA&s=10
desk,noun,https://encrypted-tbn0.gstatic.com/images?q=tbn:ANd9GcSo9zwtJccyyaazWA37WorZMR_krZqKSsD3ru_-agl8gg&s=10
dessert,noun,https://encrypted-tbn0.gstatic.com/images?q=tbn:ANd9GcS0mI-fK0IB5Fmbgju_H6F3-S1dR8NG3grpCwaPgZOOfw&s=10
destination,noun,https://encrypted-tbn0.gstatic.com/images?q=tbn:ANd9GcRU67lRKFnhRMKhx_u0hQApnqxyS2fGkZ6FzLxoOf0T8A&s=10
detect,verb,https://encrypted-tbn0.gstatic.com/images?q=tbn:ANd9GcQlIyVo3A5hz1B0GaNSBqjWlg_OJjC1JkqIlyxLKU4STw&s=10
deter,verb,https://encrypted-tbn0.gstatic.com/images?q=tbn:ANd9GcSRoJ4kiohXrmxASRKStHUlDepzvsAt2VmETcYSJAUtRQ&s=10
deteriorate,verb,https://encrypted-tbn0.gstatic.com/images?q=tbn:ANd9GcSWP70KTK82_5ID_gxlL5akJyfdMc6FQBAts73hoX7UEA&s=10
determination,noun,https://encrypted-tbn0.gstatic.com/images?q=tbn:ANd9GcR8i7N0DQrQ3IOU3O98-qyhF9dXjh6OM3_lckF8vC1uOQ&s=10
detrimental,adjective,https://encrypted-tbn0.gstatic.com/images?q=tbn:ANd9GcSXT7RtuvYsbGZtpFKtIS6EZsG56nfLtuArHuSWpvPZCQ&s=10
devastate,verb,https://encrypted-tbn0.gstatic.com/images?q=tbn:ANd9GcSubpZJYkqEjnF4kush1m4YFBPvTAppIqthZH5ziWW-1w&s
develop,verb,https://encrypted-tbn0.gstatic.com/images?q=tbn:ANd9GcQFZKhZroS349v93ceWp6d1DQyS_U_QXQYQeKej8oO6cg&s=10
deviate,verb,https://encrypted-tbn0.gstatic.com/images?q=tbn:ANd9GcRbT4SXuim3v-LjN4XPR3zD6GURZs-HXK6VUayX_dy3Dg&s=10
devise,verb,https://encrypted-tbn0.gstatic.com/images?q=tbn:ANd9GcTeQZ9oDLhE0lCPowhM1fzmlyUogTaHTjNpHzAt0umhdA&s=10
devote,verb,https://encrypted-tbn0.gstatic.com/images?q=tbn:ANd9GcQaKvXGWfzdbdoIhKP0eOmr5FSSjn-hfE1AZeyBhZTQAg&s=10
diabetes,noun,https://encrypted-tbn0.gstatic.com/images?q=tbn:ANd9GcTKMg7lvisxl0E_avRif8zKxYttX_taEJJ0e0RWqOdJpw&s=10
diagnose,verb,https://encrypted-tbn0.gstatic.com/images?q=tbn:ANd9GcR21Xx1sIYdzvfhXkqZOMyf1-VnCBR2AG5GQP0qId1llg&s=10
dialect,noun,https://encrypted-tbn0.gstatic.com/images?q=tbn:ANd9GcRsqXp6QDvKOCHRMBtRdKWhF5IIgobEoT1v99iFmGgxyg&s=10
dictate,verb,https://encrypted-tbn0.gstatic.com/images?q=tbn:ANd9GcQXUTeerDD8VSSzCasEwBj9b25CKFSShpCzlYga8OAsQA&s=10
dictionary,noun,https://encrypted-tbn0.gstatic.com/images?q=tbn:ANd9GcQNMgVHf8GlHDv8dXxansQff5UYJ-2ba4_4U_Hep4UR8g&s=10
diet,noun,https://encrypted-tbn0.gstatic.com/images?q=tbn:ANd9GcQLk8RYADEI2HAKnPBEgH81eu4aWP7ojrEV_04hGO7huQ&s=10
differentiate,verb,https://encrypted-tbn0.gstatic.com/images?q=tbn:ANd9GcSGdZyvRgnHb8hCXzmF5bfN4JsHP6gpGG1vjK21lzVYOQ&s=10
difficult,adjective,https://encrypted-tbn0.gstatic.com/images?q=tbn:ANd9GcRIPEz6JIyKZdNfXSDKwQgo80pOFzou4ZLFhAmDopBkmg&s=10
dilapidated,adjective,https://encrypted-tbn0.gstatic.com/images?q=tbn:ANd9GcTfmwPOLMrz_IoNJ1FZLGpJRRffixS5h8Or3t8Pnu0MFA&s=10
dilemma,noun,https://encrypted-tbn0.gstatic.com/images?q=tbn:ANd9GcQy06RgGuN92-eCPKSc2c79zgZUQmcG8a5mJZaRzRjLEw&s=10
diligent,adjective,https://encrypted-tbn0.gstatic.com/images?q=tbn:ANd9GcSkBUzHgtHEyvQHujmYH9b4legR7JJiOYbiE5QK-A_Iug&s=10
dimension,noun,https://encrypted-tbn0.gstatic.com/images?q=tbn:ANd9GcTk-jM8_Z2g1pcnXQVf4-gHwq3z9Dxj8TcOxTUDSgwd4Q&s=10
diminish,verb,https://encrypted-tbn0.gstatic.com/images?q=tbn:ANd9GcSbWKLsnj1L6QZZLQtsO8fILsEQzr97Rwp-NGF9TE-bsg&s=10
dinner,noun,https://encrypted-tbn0.gstatic.com/images?q=tbn:ANd9GcQ_9YAP3y9vAXSHSFRq4fxA6bLSmmrbowWBY3L8cEaQ5A&s=10
dire,adjective,https://encrypted-tbn0.gstatic.com/images?q=tbn:ANd9GcQuxsvIl-2uXJLEcgpFKAl4CNRePmGoJrMt2nv_HqkayQ&s=10
dirty,adjective,https://encrypted-tbn0.gstatic.com/images?q=tbn:ANd9GcRgj2DH1CMT2Tu4rpTWNKz3k1eMkU0TLksmJJipoNLK0g&s=10
disappointed,adjective,https://encrypted-tbn0.gstatic.com/images?q=tbn:ANd9GcTY5RhvQbkMS26BhlQGbe8PdYEFwCdOAeVRAvTSw5Oixg&s=10
discard,verb,https://encrypted-tbn0.gstatic.com/images?q=tbn:ANd9GcR1A2xU84qeCFjHn2EgvzIwshrXRSCPOGrHc6yIUbbpgw&s=10
discern,verb,https://encrypted-tbn0.gstatic.com/images?q=tbn:ANd9GcS1d1j0cP9L7rVo-kLGelo57L43Vdv3DPUoNStpEF9_6g&s=10
discipline,noun,https://encrypted-tbn0.gstatic.com/images?q=tbn:ANd9GcSPES5ctAoGakdeOVcU76Vr09USKdeqi_959SuYmBfcww&s=10
discount,noun,https://encrypted-tbn0.gstatic.com/images?q=tbn:ANd9GcSjSqL-_wnT3rIwN4WxXVLZouBm5kDOhfAThRtg1gmNtQ&s=10
discover,verb,https://encrypted-tbn0.gstatic.com/images?q=tbn:ANd9GcSwySyV2e4yxkxnPTvcs9mKHCLzklxNaqtmrdp1mk95_Q&s=10
discrepancy,noun,https://encrypted-tbn0.gstatic.com/images?q=tbn:ANd9GcTG30pYhCJYhfXmixc5ByX9NReJOKpIFuAI5ZpiWIyEKQ&s=10
discrimination,noun,https://encrypted-tbn0.gstatic.com/images?q=tbn:ANd9GcSY2UZBcRfKh_MSUjVCJ-YapEramS0Qyr0sjCt_S_Hj5w&s=10
discussion,noun,https://encrypted-tbn0.gstatic.com/images?q=tbn:ANd9GcS77IhMd1EDfSY2HDhRRC31h2Z0cR6OhfSf7EipSKRaxw&s=10
disinformation,noun,https://encrypted-tbn0.gstatic.com/images?q=tbn:ANd9GcRuEc9OPrl4atTFmiYYg_KV2eVAnjd82pcd3X6UiNlZYw&s=10
dismal,adjective,https://encrypted-tbn0.gstatic.com/images?q=tbn:ANd9GcQqtRQ-AFPNKxB3OwcCL_7gGpgLAh6Lg_sfGZO8tMxefg&s=10
disparity,noun,https://encrypted-tbn0.gstatic.com/images?q=tbn:ANd9GcRu6jtes911Gc9qbGqY-kki-Pjf5ld_XklWpyxR0YA_sQ&s=10
disperse,verb,https://encrypted-tbn0.gstatic.com/images?q=tbn:ANd9GcS1oF-3B1EX86MDVVJIltYZIs2ftePDwzfLMULG5h7mdg&s=10
displace,verb,https://encrypted-tbn0.gstatic.com/images?q=tbn:ANd9GcQo3ZbWf7tcS7U6ONKyhU3czQswv5smHyMhr4emzqfuBg&s=10
disposable,adjective,https://encrypted-tbn0.gstatic.com/images?q=tbn:ANd9GcRsYnUA34_zSdXzNlD_hPhXAMPMgSdRooCsVdryxIf0Hg&s=10
dispose,verb,https://encrypted-tbn0.gstatic.com/images?q=tbn:ANd9GcSByA85UBtBtzLEEPz_gmIdKZ959H8a_8MkaA05dodi0Q&s=10
disrupt,verb,https://encrypted-tbn0.gstatic.com/images?q=tbn:ANd9GcTFoPIIH82PAKjeD6j2rKr03skU06icp1ba_t02DLbwCw&s=10
dissolve,verb,https://encrypted-tbn0.gstatic.com/images?q=tbn:ANd9GcShyGduWtVRRv8WRIzV7trwhrVXE_fYn0JE-5cPK2bq2g&s=10
distinct,adjective,https://encrypted-tbn0.gstatic.com/images?q=tbn:ANd9GcRBS0hLrUEYdzanpwF82rUxLzB3EXF9tmzZf8zOgXfZlg&s=10
distinguish,verb,https://encrypted-tbn0.gstatic.com/images?q=tbn:ANd9GcS_zVwzg2nBbEx6bS7tdyss11GTjFX-bE_Dg4jplfa8aA&s=10
distort,verb,https://encrypted-tbn0.gstatic.com/images?q=tbn:ANd9GcQRp3bsjFIdpIVqZmIZ1RgjoaeZq-r4-b9SojSnbi7tfg&s=10
distribute,verb,https://encrypted-tbn0.gstatic.com/images?q=tbn:ANd9GcQh_8Z6MK6G08m4OPPpfnuS7utqBnwhyNBHlLKRjFwwkg&s=10
disturb,verb,https://encrypted-tbn0.gstatic.com/images?q=tbn:ANd9GcSJbdH0iD3cHyFtAJwBXCE0kvW7O0eNYxu7QMHzgXRMtA&s=10
diverge,verb,https://encrypted-tbn0.gstatic.com/images?q=tbn:ANd9GcTE24rHN17rffQKFIDHkH9m7wX0q7-2u6mebdlSPs6-5Q&s=10
diverse,adjective,https://encrypted-tbn0.gstatic.com/images?q=tbn:ANd9GcT1SyvPyNkvsDdMQSKOlo3MThOHEx5CSJt73kgaIoGIAA&s=10
divert,verb,https://encrypted-tbn0.gstatic.com/images?q=tbn:ANd9GcSKMtnJPg9EGbiiY9QIqd851AK-wG7lRUQc_CQYZ1nqVg&s=10
do,verb,https://encrypted-tbn0.gstatic.com/images?q=tbn:ANd9GcTHQyj6n-Pi82i60WuljQXkk0B6Xron1mppecdL-W5pjQ&s=10
doctor,noun,https://encrypted-tbn0.gstatic.com/images?q=tbn:ANd9GcR8wFRp8_ew3NcfbMlBtFZ0Hj2AsHwIlIa9OKGU45J6XA&s=10
dog,noun,https://encrypted-tbn0.gstatic.com/images?q=tbn:ANd9GcST9UjitrpsLDBn81E7T6MBLb9JSMOr5lFtBKtU6dScSA&s=10
domestic,adjective,https://encrypted-tbn0.gstatic.com/images?q=tbn:ANd9GcRwMTn8yZ5hkUdqiup4a_nwSoPzAVtP2n6kfAI6-zWPBA&s=10
dominant,adjective,https://encrypted-tbn0.gstatic.com/images?q=tbn:ANd9GcTMEcY94G98qTw4C0Wujrl9chep4AQQOvPp9_IThV9onA&s=10
dominate,verb,https://encrypted-tbn0.gstatic.com/images?q=tbn:ANd9GcTxnJZu7nPtSM5TReF5mHF60nswM5HCw1pjXehNAk9uiQ&s=10
donate,verb,https://encrypted-tbn0.gstatic.com/images?q=tbn:ANd9GcRjDPO8TvjmGkabVJdk4lzCo16OHrcokjUlNPqIByPxMw&s=10
donkey,noun,https://encrypted-tbn0.gstatic.com/images?q=tbn:ANd9GcTBpFXu05WUDXVyq-s1gi8a6XVZbw7Dr7I9pHhhCLJzBg&s
door,noun,https://encrypted-tbn0.gstatic.com/images?q=tbn:ANd9GcR4zIRJNaDTQmdyeV3rHDlnUrCopIsHM6DGOf3SA1shqg&s=10
dose,noun,https://encrypted-tbn0.gstatic.com/images?q=tbn:ANd9GcS_gOEEmmgYOUzC1j3Plld6H13GlCgZinBCuNIpY_w7sw&s=10
doubt,noun,https://encrypted-tbn0.gstatic.com/images?q=tbn:ANd9GcS9N1oxWEUe46g_wmXVJzEOdAJPy9kHfaPgaBIFfzipEA&s=10
downfall,noun,https://encrypted-tbn0.gstatic.com/images?q=tbn:ANd9GcQsfI-Xl8bLN6jHJyV6eKVrQBN3H3t10XF0KRQuB8onFw&s=10
downturn,noun,https://encrypted-tbn0.gstatic.com/images?q=tbn:ANd9GcQaUWSL94w9m7RoUHzoLgrb2POaVbAErdIVIm1mma8IuA&s=10
drain,verb,https://encrypted-tbn0.gstatic.com/images?q=tbn:ANd9GcT9Bm0aLvc6jUex_QZ1Dbb9IcryXpArvJIaNTfkuM6syA&s=10
dramatic,adjective,https://encrypted-tbn0.gstatic.com/images?q=tbn:ANd9GcTmt48tbn7cpL9wpyhgimg1jjpkenCGrpvQ5wW1J7bb0Q&s=10
drastic,adjective,https://encrypted-tbn0.gstatic.com/images?q=tbn:ANd9GcTgJLXLuGKbxa3ZlWEmi3gPOvSzBcmGkLrjEkZjAFwXQQ&s=10
drawback,noun,https://encrypted-tbn0.gstatic.com/images?q=tbn:ANd9GcS5F2oZvJr98JAntjlqnzENVlDGFZk4djkeQdiu_7HFDg&s=10
dress,noun,https://encrypted-tbn0.gstatic.com/images?q=tbn:ANd9GcRO9vAXXhdH43PKtAQTB2uH6M6Y1G_j4haKQSIzbIYlWg&s=10
drink,verb,https://encrypted-tbn0.gstatic.com/images?q=tbn:ANd9GcRROfa3S_Oi8Qn6XwJyk2BinQgfU3_dB42gIKJjaRGsew&s=10
driver,noun,https://encrypted-tbn0.gstatic.com/images?q=tbn:ANd9GcQYAfUnS426G-ROG1Nro9SGsD6uipMSMYYRjbO-WtPlGw&s=10
dropout,noun,https://encrypted-tbn0.gstatic.com/images?q=tbn:ANd9GcRJW4OQXmd9ycktDJpDCqca-8K-psBOTQ6CNH56AJQCZg&s=10
drought,noun,https://encrypted-tbn0.gstatic.com/images?q=tbn:ANd9GcQr_bvXWJvmBuWPh1yS5CAFWbge4Y68TBqjNkBqFRDOvA&s=10
duck,noun,https://encrypted-tbn0.gstatic.com/images?q=tbn:ANd9GcQCY6XOr-1BX3F1w1f2IC5CBM2SlOUjK_NtyRQF-_6sQQ&s=10
duration,noun,https://encrypted-tbn0.gstatic.com/images?q=tbn:ANd9GcQSP7ITyEaslB8qLcL9RYmqVZvyO0hGFLTOOd_yzqIxSQ&s=10
dwell,verb,https://encrypted-tbn0.gstatic.com/images?q=tbn:ANd9GcQTQBfxwvofZcMkKyN2j5RVVFMICqIdZy3MNxtvOaBrXA&s=10
dwindle,verb,https://encrypted-tbn0.gstatic.com/images?q=tbn:ANd9GcSXVtGQZUQp6ZS9YxupX7z8ITiFZmaNj-3M4lfJCeps5A&s=10
dynamic,adjective,https://encrypted-tbn0.gstatic.com/images?q=tbn:ANd9GcTZzZ7HKVEFJ5OnEyKYJKZwM2lPrgGUoWmibYBdTAagdA&s=10
eagle,noun,https://encrypted-tbn0.gstatic.com/images?q=tbn:ANd9GcRGTEOqlCnCOQbXYn5CIXLKAs8UT94ttDjdJmIlSVYUXQ&s=10
ear,noun,https://encrypted-tbn0.gstatic.com/images?q=tbn:ANd9GcS5p3EUqQWeOjjzZ6c5mhYaElKPlnIMporI3DXHNn_IZQ&s=10
early,adjective,https://encrypted-tbn0.gstatic.com/images?q=tbn:ANd9GcRKII4xHp6hSRXT-RZa9r8zeW7VkQrc1hiopYe6gLizUQ&s=10
earn,verb,https://encrypted-tbn0.gstatic.com/images?q=tbn:ANd9GcSsa4xqEFidyvKjWxw6qWVJZJ1bimLfVxEVW6T-zy7KpQ&s=10
earth,noun,https://encrypted-tbn0.gstatic.com/images?q=tbn:ANd9GcQ1sYAgjXBOf3dUYxv6T0CyZeyG1kUv4VS-WWlrSSQnAw&s
easy,adjective,https://encrypted-tbn0.gstatic.com/images?q=tbn:ANd9GcQPmw_PiRZ--8_tHsl6AoembjMRe0staAfHYt66mOe07A&s=10
eat,verb,https://encrypted-tbn0.gstatic.com/images?q=tbn:ANd9GcRSO0_YloaDBuCOSRcR8Nz_CkwKRK_A9rdb3hv4UBqROQ&s=10
eclipse,noun,https://encrypted-tbn0.gstatic.com/images?q=tbn:ANd9GcTgCri0jaaxmDY0oK5NtF6jfjfqf5foBWCMgXDa68UjPQ&s=10
ecology,noun,https://encrypted-tbn0.gstatic.com/images?q=tbn:ANd9GcQjLTsXqYFscnEaC9u79rTMv9RR-yAOrd-MkLvCrqhOHA&s=10
economic,adjective,https://encrypted-tbn0.gstatic.com/images?q=tbn:ANd9GcRpuL4FL1LEPCCYW9Z0XzhvmTcdZXxO1jgxHqOBfAF-3g&s=10
economy,noun,https://encrypted-tbn0.gstatic.com/images?q=tbn:ANd9GcRpuL4FL1LEPCCYW9Z0XzhvmTcdZXxO1jgxHqOBfAF-3g&s=10
ecosystem,noun,https://encrypted-tbn0.gstatic.com/images?q=tbn:ANd9GcQ5ZNo8G6cRfTQWufoNuMDGW7Hqxx7kcF3xa1yfD57n1g&s=10
educate,verb,https://encrypted-tbn0.gstatic.com/images?q=tbn:ANd9GcQUOW_WVqITbIXUZrWgit66AQyhGFK1pNPTd6jOFcFFDQ&s=10
efficient,adjective,https://encrypted-tbn0.gstatic.com/images?q=tbn:ANd9GcR8S0A5ohXaBDbivaLZmvgoq2A4cRA-ZRPJQud2kMctBg&s=10
effort,noun,https://encrypted-tbn0.gstatic.com/images?q=tbn:ANd9GcT25338uJv1Ad7Q7j5h78b9_bkFy-_0Gz86ZVXVV1UThA&s=10
egg,noun,https://encrypted-tbn0.gstatic.com/images?q=tbn:ANd9GcSaRQpw2GfEWmFjxCHJfW6VuMSy2nOvtSH5-Tv8el_wZQ&s=10
elaborate,adjective,https://encrypted-tbn0.gstatic.com/images?q=tbn:ANd9GcRGafrUzN121ondOrPS1zjZu-qnhRqQymggJ5ok3yH76g&s=10
element,noun,https://encrypted-tbn0.gstatic.com/images?q=tbn:ANd9GcSv5A3T0Jh7GxsbAT9q_NmN8iiiDwssOaGKL_eZtU86HA&s=10
elephant,noun,https://encrypted-tbn0.gstatic.com/images?q=tbn:ANd9GcSnRf58De7yJHtXcXU4BgoFsslLCYS7rYhXeKw5mzfu-Q&s
elevate,verb,https://encrypted-tbn0.gstatic.com/images?q=tbn:ANd9GcRVEXWj9I6sxNYb0jNnfQGQMqHqVSDYvjOAZZhOFIxjIQ&s=10
eligible,adjective,https://encrypted-tbn0.gstatic.com/images?q=tbn:ANd9GcSODOgrFXKXef77OZ1Onk71A_SbyGX4HL08DyzRe4Pxkg&s=10
eliminate,verb,https://encrypted-tbn0.gstatic.com/images?q=tbn:ANd9GcSSLEeD5F6IyKJ_J0zmsPTuilyQ4HvpkLL8E6ljhyO1fQ&s=10
embark,verb,https://encrypted-tbn0.gstatic.com/images?q=tbn:ANd9GcSPPMiqv4zrCkOkIMlc-9SakUVWKz0gfbClTiczI71AoQ&s=10
embarrassed,adjective,https://encrypted-tbn0.gstatic.com/images?q=tbn:ANd9GcTXg9Aqgo4NrkWtUxh_kHT8sr4-kdP5hA98ocGFRvg8UA&s=10
embed,verb,https://encrypted-tbn0.gstatic.com/images?q=tbn:ANd9GcTd9lBAfU187FrWhkTuRl5Qk1KDuSa2KaSHD3IPB2vffQ&s=10
embody,verb,https://encrypted-tbn0.gstatic.com/images?q=tbn:ANd9GcQpT02_vxM5hHM9oKAhoSg9CYkZvXzaZg_Opu8KQWZCRw&s=10
embrace,verb,https://encrypted-tbn0.gstatic.com/images?q=tbn:ANd9GcRxfcO2XyHAEiyETh1kmoyRxZPMJxsEo3CsbCULdEY5Gg&s=10
emerge,verb,https://encrypted-tbn0.gstatic.com/images?q=tbn:ANd9GcRckwhF2LBUGG8ehgmTgCRiNRN__JEUeoD8DrfhZaIg0A&s=10
emigration,noun,https://encrypted-tbn0.gstatic.com/images?q=tbn:ANd9GcQPEvQMhdZKDc9OAVhxaqpLru7QvF_OJcxXg484eah_Ow&s=10
eminent,adjective,https://encrypted-tbn0.gstatic.com/images?q=tbn:ANd9GcQpcdGeeY5D31V5axxN8YO1ZRU3hklwWwDnyhQxSddAWw&s=10
emission,noun,https://encrypted-tbn0.gstatic.com/images?q=tbn:ANd9GcS31dIEVfgAZme9-4D-0bnNElE7n2ey9Gni_LMO2wr6eA&s=10
empathy,noun,https://encrypted-tbn0.gstatic.com/images?q=tbn:ANd9GcRtwj5dAHcmhKyb2u0oBHCAFFYvlWmbKYmGJ3P2QON3eA&s=10
emphasize,verb,https://encrypted-tbn0.gstatic.com/images?q=tbn:ANd9GcQN6GYLr_YoL58q2HP7Aa4Ml-qTztpBG2HqfzHPGTOiEQ&s=10
empirical,adjective,https://encrypted-tbn0.gstatic.com/images?q=tbn:ANd9GcR5eglh6KReO4GE8UP2ESSbEuIo1gsZ_i0Anx_kj_79mA&s=10
employment,noun,https://encrypted-tbn0.gstatic.com/images?q=tbn:ANd9GcSFDUCIfO98ilT5OxkG7NBaHDxSWs0O22rGiF7kvEk14A&s=10
empty,adjective,https://encrypted-tbn0.gstatic.com/images?q=tbn:ANd9GcQxYIw56hvhJlBLTnsdqUfGki3Pu6RpS2SaMigzudjHag&s=10
emulate,verb,https://encrypted-tbn0.gstatic.com/images?q=tbn:ANd9GcSyeUAvZwalsPkagZ5xQq1fEfy5B5YXcZoZBX_z6o0bkw&s=10
enable,verb,https://encrypted-tbn0.gstatic.com/images?q=tbn:ANd9GcSf2Go8OPVfJFVBl4yPAdA4V83GiIIhrSFLi81mb1JhzQ&s=10
enact,verb,https://encrypted-tbn0.gstatic.com/images?q=tbn:ANd9GcQSf_Bobol1TpU4GvRTPsmQghf18NIf0H-7pnBSdt9xPg&s=10
enclose,verb,https://encrypted-tbn0.gstatic.com/images?q=tbn:ANd9GcSktsmyYSi0bEIUjcD73Jl_ncvhdXsrZVs0TyNlBHXVNQ&s=10
encompass,verb,https://encrypted-tbn0.gstatic.com/images?q=tbn:ANd9GcSpM_BpBpt3-HhPNrJodphWv8fq96MuKeg7zjC6Jyl21g&s=10
encounter,verb,https://encrypted-tbn0.gstatic.com/images?q=tbn:ANd9GcRU6_2zzxy1lpDngU586dv04tN-cxy_LLoF4U1w1GI3FQ&s=10
encourage,verb,https://encrypted-tbn0.gstatic.com/images?q=tbn:ANd9GcRS37lF-KHNw5MElPaZ322aXzP7FlaZdsFeMwMh7U1Pew&s=10
encryption,noun,https://encrypted-tbn0.gstatic.com/images?q=tbn:ANd9GcRw_bXJZg9BpUMPO7pF9rUfc-Pn3xzgezCbiJ2sG0R2fw&s=10
end up,phrasal verb,https://encrypted-tbn0.gstatic.com/images?q=tbn:ANd9GcQXu9v3_99I9-JKuydWPRSCFOaHFMErQ0i9CkjigpvMNg&s=10
endanger,verb,https://encrypted-tbn0.gstatic.com/images?q=tbn:ANd9GcTzHUgb3V42Svz9e4za2cDs5j0ntp3-X0SKxb-n33gyqg&s=10
endangered,adjective,https://encrypted-tbn0.gstatic.com/images?q=tbn:ANd9GcSvzXo-Xhzlnh8GvRr7d8GzutwanZ2sDvrEBsSub4odwQ&s=10
endorse,verb,https://encrypted-tbn0.gstatic.com/images?q=tbn:ANd9GcTuA8afVOdGLhdkcyJvvQrUBsQODM6_4oJXbSIKXEWgYA&s=10
endurance,noun,https://encrypted-tbn0.gstatic.com/images?q=tbn:ANd9GcTY6qrivc9mpG3XokqpQPxdxgzPjLWWC9a7wbyzDueA0Q&s=10
endure,verb,https://encrypted-tbn0.gstatic.com/images?q=tbn:ANd9GcQXs4CKeq6Iy8dlTeyR0afrDLXN9yLQGOT8Q7mVEHoE6A&s=10
enforce,verb,https://encrypted-tbn0.gstatic.com/images?q=tbn:ANd9GcTR-6uaUT_e_moHM2R48nD_CbRRbCu4szfIQWjPcf5X8g&s=10
engineer,noun,https://encrypted-tbn0.gstatic.com/images?q=tbn:ANd9GcTyJcGT1syzFNG54ur4WOCxXQpM59UDrRABPyqMXV_s8Q&s=10
enhance,verb,https://encrypted-tbn0.gstatic.com/images?q=tbn:ANd9GcQlpxv3RWP0Sj7tEXqaK_8hYNqSLjFsgITj0gvBE-_KCw&s=10
enormous,adjective,https://encrypted-tbn0.gstatic.com/images?q=tbn:ANd9GcTiGCsDhx0oWoNUjm1h-9iMbKWE8gPeFQKQrW0JTVxqgQ&s=10
enrich,verb,https://encrypted-tbn0.gstatic.com/images?q=tbn:ANd9GcTqtUnnyQ7GVzubz7M3MRCbvKPde_XYYuBhR_5XABSOsA&s=10
enroll,verb,https://encrypted-tbn0.gstatic.com/images?q=tbn:ANd9GcRI_u1BfmcxDCAb4Yr68oSQ-9n4YiMqjAAfqezXC7D1Eg&s=10
ensue,verb,https://encrypted-tbn0.gstatic.com/images?q=tbn:ANd9GcTajyGY9FCi9tlyINHvpAWgys7dnsCretv7c9ymaS7zog&s=10
ensure,verb,https://encrypted-tbn0.gstatic.com/images?q=tbn:ANd9GcSHLCmNJ52lnrAAU06nBvsd37N8XVHEBK1EvhewpGz19w&s=10
entail,verb,https://encrypted-tbn0.gstatic.com/images?q=tbn:ANd9GcTulvavOINYDk_JAQVt0CCKsLIB_KiR6e6SLj1vhVNRBg&s=10
enterprise,noun,https://encrypted-tbn0.gstatic.com/images?q=tbn:ANd9GcTOEOtRE_6bFRJjtjLc2XPP1RXwap3pP2cghUhDO8pSDg&s=10
entity,noun,https://encrypted-tbn0.gstatic.com/images?q=tbn:ANd9GcThrwqw3DpLYaoaIZRseuwIYWSfRQtVcThyoYq3V8XRUg&s=10
entrance,noun,https://encrypted-tbn0.gstatic.com/images?q=tbn:ANd9GcT1_XFDh_lmE0-SlFSx0d6i9f2knNzo1hZq12sQnrO7tw&s=10
entrepreneur,noun,https://encrypted-tbn0.gstatic.com/images?q=tbn:ANd9GcS-7arun2FSsOt4kTexcfXcYYGhUrO6iSoA5Rkr5f4qeg&s=10
environment,noun,https://encrypted-tbn0.gstatic.com/images?q=tbn:ANd9GcTLFSeIMxHUAtlkEKWFOpKWJmU5MtvaFkV8bfadyB4nVA&s=10
envision,verb,https://encrypted-tbn0.gstatic.com/images?q=tbn:ANd9GcS_Drzl50ea_h-8snxjzZVyV3lX7OMd5m_ChJzVLWnnLw&s=10
epidemic,noun,https://encrypted-tbn0.gstatic.com/images?q=tbn:ANd9GcRZ5rG1KzcFADbEM2dH0KQ2cZF5ifWSDHaFv2S--hHDHw&s=10
epitome,noun,https://encrypted-tbn0.gstatic.com/images?q=tbn:ANd9GcQa9d_-hlzLLr7pkP70R988_Q7hEOXu78EezMI4FalVYQ&s=10
equilibrium,noun,https://encrypted-tbn0.gstatic.com/images?q=tbn:ANd9GcTAObne91Qk1Vi6uqQFCYD4ZeL45v9GcqYiGfNZbvnNpA&s=10
equipment,noun,https://encrypted-tbn0.gstatic.com/images?q=tbn:ANd9GcQnJ_R-vc8CIFU0XMAQe4xEXaxbJLJ2Di0bFBfuZ-WyVQ&s=10
equity,noun,https://encrypted-tbn0.gstatic.com/images?q=tbn:ANd9GcTECKBXYkE4HleoEw4UC28QrKkxogg1B3pxSEXEHf96OQ&s=10
equivalent,adjective,https://encrypted-tbn0.gstatic.com/images?q=tbn:ANd9GcRLie1DJd9DwnZv4mh8By3seK8ebTOZYMMSMTrO4TizgA&s=10
era,noun,https://encrypted-tbn0.gstatic.com/images?q=tbn:ANd9GcTOanv-mQ8IlSJxoZ1G-ggSL1MonkmYTSz7j_XwHKatGQ&s=10
eradicate,verb,https://encrypted-tbn0.gstatic.com/images?q=tbn:ANd9GcR4uMlMFn8MqHw4NF__JSwm_KVA803IlKl7upUNadQWQA&s=10
erode,verb,https://encrypted-tbn0.gstatic.com/images?q=tbn:ANd9GcTTRGxDZkG5Yuupu9RgZUxmK3KCwaB1Exrx9n9Bv6hZNQ&s=10
escalate,verb,https://encrypted-tbn0.gstatic.com/images?q=tbn:ANd9GcRQZ18KLf3QpDh2TMITm6kwEvcdjYU-VLRPSY9aESMDTg&s=10
escape,verb,https://encrypted-tbn0.gstatic.com/images?q=tbn:ANd9GcRyABPsXSliKpvd_23uiWz5OlRZQKTVrTzuMQvHvulY_A&s=10
essence,noun,https://encrypted-tbn0.gstatic.com/images?q=tbn:ANd9GcTf9nl-Z_T-U9aF4l2rOT4teS2w2sqMXuCFO3CxiqI6Tg&s=10
essential,adjective,https://encrypted-tbn0.gstatic.com/images?q=tbn:ANd9GcSN_qW7J9ItLvId1hfyU7ZEfwrlWLcgEo0tw1ovmx8WaA&s=10
establish,verb,https://encrypted-tbn0.gstatic.com/images?q=tbn:ANd9GcQQhq5iGUNRV276vsp9YkCBkSAy9PHE0Ir4oWDDN9ZevQ&s=10
estimate,verb,https://encrypted-tbn0.gstatic.com/images?q=tbn:ANd9GcTfgId6WR34ESyaKBtB_B3mSTY1mUG4FWUA2hM4SqlIRg&s=10
ethical,adjective,https://encrypted-tbn0.gstatic.com/images?q=tbn:ANd9GcRgrnyHG_W61fZnKf8EvPp3tXaau45k3tj8yc22N0VsBw&s=10
ethnicity,noun,https://encrypted-tbn0.gstatic.com/images?q=tbn:ANd9GcSQW77RakxK6uY3jxT6qTru1jR1kiRujfzVAmKhKa5b_A&s=10
evacuate,verb,https://encrypted-tbn0.gstatic.com/images?q=tbn:ANd9GcQtekvxcJIXYk5NrEzc4FNfGObJ1KztMRyxyuF-JzYu4A&s=10
evade,verb,https://encrypted-tbn0.gstatic.com/images?q=tbn:ANd9GcQlTnW5ltI0wbF6msMSKkYX8419dIB-ERVO37xNaOR62Q&s=10
evaluate,verb,https://encrypted-tbn0.gstatic.com/images?q=tbn:ANd9GcT-7nFvP7yJHgXKHlECyxo9pvTlHvcp-l8YyRcHdgtjfg&s=10
evaporate,verb,https://encrypted-tbn0.gstatic.com/images?q=tbn:ANd9GcTjckcaHEx_rOAgSOZPGVjdg2W2GL2lqm554qqgH4ykhw&s=10
evening,noun,https://encrypted-tbn0.gstatic.com/images?q=tbn:ANd9GcTmVkznfIkmDxMrPubDDNJRYB2G8cWoL4bEqgWJMh8bOA&s=10
event,noun,https://encrypted-tbn0.gstatic.com/images?q=tbn:ANd9GcQIUwC_GUBVOYMwsA2Icw_H49xGEELc9TMC8fxfKYL7kA&s=10
evidence,noun,https://encrypted-tbn0.gstatic.com/images?q=tbn:ANd9GcR7xPAEQd01C03jSb1sjzhBqMlZgNkdvTldYyun90CA3A&s=10
evident,adjective,https://encrypted-tbn0.gstatic.com/images?q=tbn:ANd9GcQjDoBTHU2K0jKOof4OjeN3dihp1OWMcd3yDS5x6qeteQ&s=10
evoke,verb,https://encrypted-tbn0.gstatic.com/images?q=tbn:ANd9GcQn_6AqEnOClfemr42MkD5dKyDn7ymbbC3K_TowMHwJEw&s=10
evolve,verb,https://encrypted-tbn0.gstatic.com/images?q=tbn:ANd9GcRSZ28VQrp0m6LPW-Qd6pwh_93RCO_vuugy73aV8_Rn7Q&s=10
exacerbate,verb,https://encrypted-tbn0.gstatic.com/images?q=tbn:ANd9GcSNq3S-hSiDrcB5w_EV_NIv-a3CUkeXLFU10Pev0CqoYA&s=10
exaggerate,verb,https://encrypted-tbn0.gstatic.com/images?q=tbn:ANd9GcQI4wg1MIZQIALyDBugi71KnFccFvupQ3k5xPlzJXtx4Q&s=10
exam,noun,https://encrypted-tbn0.gstatic.com/images?q=tbn:ANd9GcT127Hra-T9XcuMJio77VOYY4ra-dEMlhJAORVwiRncJA&s=10
examine,verb,https://encrypted-tbn0.gstatic.com/images?q=tbn:ANd9GcTZZne8vpgRntHXCevKdYcPJH7fIBFeQRO1paCITOg_ig&s=10
excavate,verb,https://encrypted-tbn0.gstatic.com/images?q=tbn:ANd9GcT_H5KUlCnCTt5ngko6a_mQRrbioKHJ15xQGFAvAfSdPw&s=10
exceed,verb,https://encrypted-tbn0.gstatic.com/images?q=tbn:ANd9GcSqT1F4mVUAjqkqnivW7QDR8Dn5v8Ib5t2-hg0Dxm456A&s=10
excel,verb,https://encrypted-tbn0.gstatic.com/images?q=tbn:ANd9GcQLFdSy2cZJVqhqfkYQf2PrXLqqzBZgp6sXnDye0qjfTw&s
excited,adjective,https://encrypted-tbn0.gstatic.com/images?q=tbn:ANd9GcQFDjOSUtLPvU0tmCB3jAEdll5ogJk6B7tmn_r0gUii1w&s=10
exclude,verb,https://encrypted-tbn0.gstatic.com/images?q=tbn:ANd9GcQLn_vjJCWFUVeAWcDin2KMy9FtWN7vwTq-xdwubREQDg&s=10
excursion,noun,https://encrypted-tbn0.gstatic.com/images?q=tbn:ANd9GcQzXove-_J1tIs1fYyZYW3UcyeznOvkqSiGcWUsa-_bhg&s=10
execute,verb,https://encrypted-tbn0.gstatic.com/images?q=tbn:ANd9GcTp8bXxhd4CBrS3jMh53UUyt9jlfOR05P9jFv1ONRcRpg&s=10
exemplify,verb,https://encrypted-tbn0.gstatic.com/images?q=tbn:ANd9GcSEXrVxM4Qm1-K4ZY77GgCqYlUsgwheReAoikQFRB98gA&s=10
exert,verb,https://encrypted-tbn0.gstatic.com/images?q=tbn:ANd9GcQ1yzokmPnWwcLjKIv5eHCXL5q130tj5BSsLw2Cjd5ULA&s=10
exhausted,adjective,https://encrypted-tbn0.gstatic.com/images?q=tbn:ANd9GcQ295MMVHag_pKZ2NUAhj2Z0NNjF1tmMd5MzI8Xmr-4bA&s=10
exhibit,verb,https://encrypted-tbn0.gstatic.com/images?q=tbn:ANd9GcTrCS3UBFjaNn2KUKrLpgJ-jKd68PE7Y25622WmUd7BIQ&s=10
exhibition,noun,https://encrypted-tbn0.gstatic.com/images?q=tbn:ANd9GcSnn2kRHC7GGAYBmzVC1enf4vWXEVwnsSZxNzcElSnOxQ&s=10
expand,verb,https://encrypted-tbn0.gstatic.com/images?q=tbn:ANd9GcR8OoeVrC_Qynh1uVLP8ev_fEuBqTXBhJp2PRDS5tPXow&s=10
expect,verb,https://encrypted-tbn0.gstatic.com/images?q=tbn:ANd9GcS3zKY5Tn9QG4tRLjDSX4pJvwYzGmsbMLXy-8hG8qytBQ&s=10
expectation,noun,https://encrypted-tbn0.gstatic.com/images?q=tbn:ANd9GcQIGrWrJZrhb6HouBHDLOd2PG5P9OWvEzHycS54rVOsGw&s=10
expedite,verb,https://encrypted-tbn0.gstatic.com/images?q=tbn:ANd9GcQGehwBE0N10WxtHU70Zc01Fi6Dzga9nkf8dJZ5Vizdvw&s=10
expedition,noun,https://encrypted-tbn0.gstatic.com/images?q=tbn:ANd9GcRlGG7BATptiWQLQgRl2jWjkNzKcDSDmr9vQYGqF4RIXQ&s
expel,verb,https://encrypted-tbn0.gstatic.com/images?q=tbn:ANd9GcTFIqA_nY4VYdrk1qUsr363Z3YRi-kQs3mxN2UNJ3dEpg&s=10
expenditure,noun,https://encrypted-tbn0.gstatic.com/images?q=tbn:ANd9GcTVUD6tG-0TVXA4LQObcfkxXksV_5DOBG3HlBqCxP276w&s=10
expensive,adjective,https://encrypted-tbn0.gstatic.com/images?q=tbn:ANd9GcQr7fOkAsQZxTdyyAZPxi8BifWHBd5TiC0tQtiKnHrtTQ&s=10
experience,noun,https://encrypted-tbn0.gstatic.com/images?q=tbn:ANd9GcROMt4LZ3MjN3tztdVbmNzSRJqYh7zCkZDQ3eWQPKrH4A&s=10
expertise,noun,https://encrypted-tbn0.gstatic.com/images?q=tbn:ANd9GcTmFQe7TJBV7s64ACM6fRGbZE4VtEX3z_i_VPazUq9M1g&s=10
expire,verb,https://encrypted-tbn0.gstatic.com/images?q=tbn:ANd9GcTv3EUjmXcJujlb0PK5N80u_CtEPC0kMqZmgdhT4Jxumg&s=10
explain,verb,https://encrypted-tbn0.gstatic.com/images?q=tbn:ANd9GcQOtQ6ggHM4t9lfvu3Fig6CFLh_BnZedk2jrGcaGIlfeA&s=10
explanation,noun,https://encrypted-tbn0.gstatic.com/images?q=tbn:ANd9GcQWrgy8O_jvbd4V1p3P522L20azyV62xlfNTvz2WCXU9g&s=10
explicit,adjective,https://encrypted-tbn0.gstatic.com/images?q=tbn:ANd9GcRgnN2_dV3pc0GBnX1uV-d8M_Q4Mfa4lf6yKz_oM9b7dA&s=10
exploit,verb,https://encrypted-tbn0.gstatic.com/images?q=tbn:ANd9GcR2jHmleQ-5QKBE37Vio7wyoTiv3VYBciwCJN5Q5G6IIw&s=10
expose,verb,https://encrypted-tbn0.gstatic.com/images?q=tbn:ANd9GcTDfxvg0fjDckp89QUqBtZy2w1uuuSi-QOAlG8pe_imGw&s=10
extend,verb,https://encrypted-tbn0.gstatic.com/images?q=tbn:ANd9GcSZZLhavTT8OO8ZjB4EMRmWsgVg7vw3OrXZ9UTQ-ghuiQ&s=10
extinct,adjective,https://encrypted-tbn0.gstatic.com/images?q=tbn:ANd9GcQy0BsHp-lp7R4B4gOCCpR026pyJudGoJMevM5AfZQmfQ&s=10
extinction,noun,https://encrypted-tbn0.gstatic.com/images?q=tbn:ANd9GcRzQZxG6gUNVrOqmMxZR2Bo9RNKz_YrBVxpuGaSnnXdCg&s=10
extract,verb,https://encrypted-tbn0.gstatic.com/images?q=tbn:ANd9GcSEhKsuQ0Lz-NLUTkVt6yINhezqLLBdYGKtB1AFV3KhgQ&s=10
extracurricular,adjective,https://encrypted-tbn0.gstatic.com/images?q=tbn:ANd9GcTVr0gvKbMeG9uBhsyvaSx2kANM6ykRqpKkZrsxgDrANA&s=10
eye,noun,https://encrypted-tbn0.gstatic.com/images?q=tbn:ANd9GcTGYkG1fVgk0aMqfCLSfKosJtSY8iqT0bb_t5xDtxJj7A&s=10
face,noun,https://encrypted-tbn0.gstatic.com/images?q=tbn:ANd9GcRrGkSkSBxjtQz1LTwKfDBhnHM46mil0Y2yowz1uR23iw&s=10
facet,noun,https://encrypted-tbn0.gstatic.com/images?q=tbn:ANd9GcQcjx-RrBstUarpfdA7YNiL0cBwYtIqI-3tBEEE4RveLQ&s=10
facilitate,verb,https://encrypted-tbn0.gstatic.com/images?q=tbn:ANd9GcT3GsD1Z94fis3Iox_TR7FPQI33JjGFuwNwrZfhkFPYzg&s=10
facility,noun,https://encrypted-tbn0.gstatic.com/images?q=tbn:ANd9GcQHi0hpDGe-UePzxw6Lli7K9ONwRa_eVJV8gWsUapq3PQ&s=10
factor,noun,https://encrypted-tbn0.gstatic.com/images?q=tbn:ANd9GcTuQG2y7YKADbJ9eWRoHeQF9gpnz7pIroO0SaQje_QIqg&s=10
factory,noun,https://encrypted-tbn0.gstatic.com/images?q=tbn:ANd9GcR2nZLWrQzsBDfR6jtTXyu5U8WpYMm5wDtxJkPAijatlw&s=10
faculty,noun,https://encrypted-tbn0.gstatic.com/images?q=tbn:ANd9GcSSPQjTp5egShp2qMV86aLdVpBn89dcre0KIinMcftAuw&s=10
fair,adjective,https://encrypted-tbn0.gstatic.com/images?q=tbn:ANd9GcS6sJDm31USwDurFXr28PyK-Zh6jkbHjyNFubOQs_7xWA&s=10
familiar,adjective,https://encrypted-tbn0.gstatic.com/images?q=tbn:ANd9GcQGwXHHCekbJyiJwN5qlfaN6y15W9yCEbb2mmxkpBNxUA&s=10
family,noun,https://encrypted-tbn0.gstatic.com/images?q=tbn:ANd9GcRUYgJFSXPqWmWoo8zIcD5J1u17F3Dltv6TrcLzeRf3Dg&s=10
famine,noun,https://encrypted-tbn0.gstatic.com/images?q=tbn:ANd9GcToOWPRPbqTdjJs0JTRVmIdwIS4zr26PYDqVrn4QlKNpw&s=10
famous,adjective,https://encrypted-tbn0.gstatic.com/images?q=tbn:ANd9GcQajw4iCb7qQxWH3vUvisr0XOyFIVYmIiJR-J5C-UEYcQ&s=10
farm,noun,https://encrypted-tbn0.gstatic.com/images?q=tbn:ANd9GcQfN4cn6_oUO2e2twIfNs-sSXPBWBqx9PSBm1pxqYuJ0w&s=10
farmer,noun,https://encrypted-tbn0.gstatic.com/images?q=tbn:ANd9GcQ9iN4Z2aUd7OpMRkX-hzIcxPJ9_jZL-8yYnjMxs9mj2w&s=10
fast,adjective,https://encrypted-tbn0.gstatic.com/images?q=tbn:ANd9GcSGhfK3wK8q-r-aQVmTHPjzpEnn2mAOx95Bu6rHz3SfiQ&s=10
father,noun,https://encrypted-tbn0.gstatic.com/images?q=tbn:ANd9GcRe4iIyT7c1EYjlWQS-omqLiWYE4Txwxb5PMpzWCSlqyg&s=10
fatigue,noun,https://encrypted-tbn0.gstatic.com/images?q=tbn:ANd9GcT5-g4CtMcrblHAFA6a2gQo54NxQIHcyjkzx1t6Q4ZPEw&s=10
feasible,adjective,https://encrypted-tbn0.gstatic.com/images?q=tbn:ANd9GcQgQICTPX6Xg-2WtyVRgmx_3KpCFH-PbLmQRvi_QPh1jw&s=10
feat,noun,https://encrypted-tbn0.gstatic.com/images?q=tbn:ANd9GcTEonYJWzU_9oHSnirH1U6DqJxzkMY6ddyzrHaBoX2ayg&s=10
feature,noun,https://encrypted-tbn0.gstatic.com/images?q=tbn:ANd9GcTlFz7RdOSYtSNWC2FiopSTVVMrzqgjeWmREX7cJxkuuQ&s=10
feel,verb,https://encrypted-tbn0.gstatic.com/images?q=tbn:ANd9GcTiQK76ORcvRJbHsiC8EquFu2mm1IUNmG8AGAAwBanW9w&s=10
fertile,adjective,https://encrypted-tbn0.gstatic.com/images?q=tbn:ANd9GcSC9grS6K7MpaTmNqhWcd3UfwiOhKg1Zrlh1f0Zlg7P6Q&s=10
festival,noun,https://encrypted-tbn0.gstatic.com/images?q=tbn:ANd9GcQMQ0XaRHiAZ8VVnebsYOBSEYH3uGtD0E4DpexAsqR8tg&s=10
fever,noun,https://encrypted-tbn0.gstatic.com/images?q=tbn:ANd9GcQ2IdmFJNfxcGaNEvrBHrZWDgiz-dfj4ORupPjp7ex7Og&s=10
figure out,phrasal verb,https://encrypted-tbn0.gstatic.com/images?q=tbn:ANd9GcRqDXYg_JHjsWbEapO06JEYEbh9k8xR_qFFNlYgaXRv6w&s=10
fill in,phrasal verb,https://encrypted-tbn0.gstatic.com/images?q=tbn:ANd9GcSCeJmLwVm-o9Kyw3xPjJ95asZY0AKjpl-ULGpLofEE_w&s=10
find,verb,https://encrypted-tbn0.gstatic.com/images?q=tbn:ANd9GcR336-iF2bjfj1iMiV0Y1G57rtW_iHocbQDL895RF7Hhw&s=10
find out,phrasal verb,https://encrypted-tbn0.gstatic.com/images?q=tbn:ANd9GcREvzUNEAsM4PIG4BUxgMEmd7GXiF-yXjmNwtiqPn1BoQ&s
finish,verb,https://encrypted-tbn0.gstatic.com/images?q=tbn:ANd9GcRNDyyUfr4RwVypySMErbQ1zWbvT70Z_VhTr50Ei-7vjg&s=10
fire,noun,https://encrypted-tbn0.gstatic.com/images?q=tbn:ANd9GcT9fYUQLPtUVW6lZMwrQFwpxEkIQcTj_VhVdnzNfiwD2A&s
fiscal,adjective,https://encrypted-tbn0.gstatic.com/images?q=tbn:ANd9GcRUuGKCmll-fsC6umGuiAWtEUpWBU_1niTItFjQP5jZtg&s=10
fish,noun,https://encrypted-tbn0.gstatic.com/images?q=tbn:ANd9GcRxoSqbPsHxfJ5CKZbcojvUUKrnIyVqFYXYPDrPViWHdQ&s=10
flat,noun,https://encrypted-tbn0.gstatic.com/images?q=tbn:ANd9GcQ9mD0x3U8S397kHuQGSUTGcTJ4Nw3x2FKc59PdP7cKcw&s=10
flawed,adjective,https://encrypted-tbn0.gstatic.com/images?q=tbn:ANd9GcRFHkcfYCb7aKoL_atkChFeUD9ewOSik7ZXNvVyrLI--g&s=10
flexible,adjective,https://encrypted-tbn0.gstatic.com/images?q=tbn:ANd9GcTbrmkPx06rm5TkUNXuKpuH8H_waqHut99_qtnfW_4D6Q&s=10
floor,noun,https://encrypted-tbn0.gstatic.com/images?q=tbn:ANd9GcQSYb5C31XztY6hcMb8u0Q-HakSMRx7i6wppISwY_9Spg&s=10
flour,noun,https://encrypted-tbn0.gstatic.com/images?q=tbn:ANd9GcSriXKCH-3zwxYBusIRCgn9bMm8Igyol0lFYBpuWbo3sw&s=10
flourish,verb,https://encrypted-tbn0.gstatic.com/images?q=tbn:ANd9GcQIvKK5D6taWf6EaVfs_iZ-M8UF91iZcNhHG1fYMfyLsw&s=10
flower,noun,https://encrypted-tbn0.gstatic.com/images?q=tbn:ANd9GcRiBWYFazCzI4ZamD6KuYXUuj8qtVaOMmNy4-V8oqhT7Q&s=10
fluctuate,verb,https://encrypted-tbn0.gstatic.com/images?q=tbn:ANd9GcSAFPKD1sztIrG8gJdhZtStiFYdZ28JIHOBcuAl2Mk98A&s=10
fluent,adjective,https://encrypted-tbn0.gstatic.com/images?q=tbn:ANd9GcRl5uQp_LrkixPC0sqPjkqAGcVy1OLUnc5EKvaxEIg-iw&s=10
folklore,noun,https://encrypted-tbn0.gstatic.com/images?q=tbn:ANd9GcSD5flbzl_Zdtl3lOmu-I1fd5ccG4OBKxBJgCdq9eG3sw&s=10
food,noun,https://encrypted-tbn0.gstatic.com/images?q=tbn:ANd9GcTaN3EPZYwJNHQ5N3r5y26yjZerwX_gu_IidF7wlVhvrA&s
foot,noun,https://encrypted-tbn0.gstatic.com/images?q=tbn:ANd9GcRBm_gFZm7rruHf2q5HVXU-69CCirKt6WGA8Ty0fa-HhA&s=10
forecast,verb,https://encrypted-tbn0.gstatic.com/images?q=tbn:ANd9GcTlq_2q2QyFo_UaO6Ofr_ut-LAm0sDu49FwMsq_sUFf-A&s=10
forefront,noun,https://encrypted-tbn0.gstatic.com/images?q=tbn:ANd9GcTtgS_8ThHUOYjqqoKUL8oqOtEWW2D4sewYqLpiUxSzjg&s
foreign,adjective,https://encrypted-tbn0.gstatic.com/images?q=tbn:ANd9GcQRAvZYWWiT4mu6IBbC9K2OHEpjBmt-CwrhlwD83SC8bQ&s=10
forensic,adjective,https://encrypted-tbn0.gstatic.com/images?q=tbn:ANd9GcRiVFMucZttn6P3zAZMvxw13ZCA6Y1_LVjWHJAjLk8X1g&s=10
foresee,verb,https://encrypted-tbn0.gstatic.com/images?q=tbn:ANd9GcR4XiZ1WwHiVCaQuyhtra3IwbcXB_uuKbpMzyrCdwTG_w&s=10
foresight,noun,https://encrypted-tbn0.gstatic.com/images?q=tbn:ANd9GcQhzfq12GRROf85Gc11uqIsVtzxv6Ge1hgcgmVeGfuTCA&s=10
forget,verb,https://encrypted-tbn0.gstatic.com/images?q=tbn:ANd9GcTP73C05XObgRqXOW7JIgX757YLyEVh5SWKDuExx7k_4w&s=10
forgive,verb,https://encrypted-tbn0.gstatic.com/images?q=tbn:ANd9GcQ-typOlc5W4FdZ27iXT_F-iaCNGfXCSP0EvWo-BWHXCg&s=10
forgo,verb,https://encrypted-tbn0.gstatic.com/images?q=tbn:ANd9GcR4RpF9LMyhRsCvcBVZ39AUnksBPkQ4fipxBcUWkYMtKg&s=10
formidable,adjective,https://encrypted-tbn0.gstatic.com/images?q=tbn:ANd9GcRAaq4kayyNYoE-Z199Dztr-xmhzJYq6i_6Hap9frnE1A&s=10
formula,noun,https://encrypted-tbn0.gstatic.com/images?q=tbn:ANd9GcTe-rbSFKs2xIou5lgfCkuHBUv4N3To9Yki1KWq52Blzw&s
formulate,verb,https://encrypted-tbn0.gstatic.com/images?q=tbn:ANd9GcRGOs4GsksIqdzeHjJLasQCpLEtjRYVAl66w10u8GMmZw&s=10
fortify,verb,https://encrypted-tbn0.gstatic.com/images?q=tbn:ANd9GcS5VzpiZQXeQQXf8ILSStatlOGFBeXmxWrYNA5Rm_lpWQ&s
fossil,noun,https://encrypted-tbn0.gstatic.com/images?q=tbn:ANd9GcQxDJwkvkziDyfCgo8UQK168qbUvYh8g1AKfAimNeglHw&s=10
foster,verb,https://encrypted-tbn0.gstatic.com/images?q=tbn:ANd9GcTkJDAZHN9ydzVGROOwB70kDdDvegiS4j9efBNtRtZqzw&s=10
fox,noun,https://encrypted-tbn0.gstatic.com/images?q=tbn:ANd9GcSoywV3cUV6u8pwSlNLJ0qEeqSK0oiPmb9LD7fJ0Z7OZg&s
fraction,noun,https://encrypted-tbn0.gstatic.com/images?q=tbn:ANd9GcRCoDPT8sJNdwV7AzeLZ4bTsmY5vJkk5knPXZKvbVRfiw&s=10
fragile,adjective,https://encrypted-tbn0.gstatic.com/images?q=tbn:ANd9GcRX-nt6nKlQmA77WqaiDXuSOaAPcDPvNnolv3stNYXl_w&s=10
fragment,noun,https://encrypted-tbn0.gstatic.com/images?q=tbn:ANd9GcRq1IhVfzSI4PeRxLwdhwzftm45RdxpnGeAmhGFVV4FtQ&s=10
framework,noun,https://encrypted-tbn0.gstatic.com/images?q=tbn:ANd9GcQz0rPbSl-79ifn03VWKQ-cTVGBwKAcHA9HS92P4W5Jvw&s=10
fraud,noun,https://encrypted-tbn0.gstatic.com/images?q=tbn:ANd9GcTxoSMbpZXuPHm4KHuHWWY6hjlwpGAuZOtMB5N_qfQhOw&s=10
freelance,adjective,https://encrypted-tbn0.gstatic.com/images?q=tbn:ANd9GcS8LABMizIA97TMGzA-XqLVyUVfr4b2ZVugtZYxUIfR3A&s=10
frequently,adverb,https://encrypted-tbn0.gstatic.com/images?q=tbn:ANd9GcSkQ8nbkUZnzvr-hZ6GnSiO6FnX3hD1EAk2SdRJ8K3VYw&s=10
friction,noun,https://encrypted-tbn0.gstatic.com/images?q=tbn:ANd9GcS1mc66TRhYGVoTHZzCLQBoW3D1y_GsZWPGqc6WF9GDog&s=10
friend,noun,https://encrypted-tbn0.gstatic.com/images?q=tbn:ANd9GcQLg79D32valK1QqGmKgLYc9B0wLmd-CW33ACvWfmtPVg&s=10
from,preposition,https://encrypted-tbn0.gstatic.com/images?q=tbn:ANd9GcTttkgUVmc-k3e-9p79tRHiwifiz29w1zJOZDEwL31ccg&s=10
fruit,noun,https://encrypted-tbn0.gstatic.com/images?q=tbn:ANd9GcRfj57cBaE1qo6ZH_0W5xPEhO1ouY2cJpxAVHvQJsignQ&s=10
frustration,noun,https://encrypted-tbn0.gstatic.com/images?q=tbn:ANd9GcSxN0_dgwy0de8QlvuektQBY2zYd5-mdrO8Mp0l8D5OAQ&s=10
fulfill,verb,https://encrypted-tbn0.gstatic.com/images?q=tbn:ANd9GcRLydQfoBP0m_JaoJ05eKhPD9PLlrAsm86UoIDCcM6fhg&s=10
function,noun,https://encrypted-tbn0.gstatic.com/images?q=tbn:ANd9GcStyRJe7t1Vv9-k1q_53mKeCeu07m45M4QlA4baAahl-A&s=10
fundamental,adjective,https://encrypted-tbn0.gstatic.com/images?q=tbn:ANd9GcQF4Nwphr66cM1npmxCs1XD6mxuOmmGXbZ3PLQ0LkmPeA&s=10
furniture,noun,https://encrypted-tbn0.gstatic.com/images?q=tbn:ANd9GcS23Y87doobHfu9zpMg8i2si2_hSfprp_Ar1BS0t4WZGw&s=10
futile,adjective,https://encrypted-tbn0.gstatic.com/images?q=tbn:ANd9GcSF_EihIG78trrJx-MkGGqf7Yi8-AAjpVVn0SzHnsRavg&s=10
galaxy,noun,https://encrypted-tbn0.gstatic.com/images?q=tbn:ANd9GcTWLq6jFoG2_oGbTXinShI8cmYozC_Iq7geL0wLSjqAOw&s=10
garden,noun,https://encrypted-tbn0.gstatic.com/images?q=tbn:ANd9GcTfXm1w8rEryV-83PJLeFiCh3quEGEGNWhaRFpZXtsZHQ&s=10
gene,noun,https://encrypted-tbn0.gstatic.com/images?q=tbn:ANd9GcT9wQhGogn-LbTrSGT6wis35fWNLL6ORH7ihRt7NYhxpw&s=10
generate,verb,https://encrypted-tbn0.gstatic.com/images?q=tbn:ANd9GcQ-ntSxayN9IKzP2uns-4ZNDThPOXIwCcK4WTqLOtJVHA&s=10
generation,noun,https://encrypted-tbn0.gstatic.com/images?q=tbn:ANd9GcSfe6I19NwYdwx98wjk_R4S5Mn_vcBH-N0V_6PTZU0UNg&s=10
generous,adjective,https://encrypted-tbn0.gstatic.com/images?q=tbn:ANd9GcRtw-7sW6Dnj3IhHoddlJAIlXtBjwHr5YULdTMuv1AVyA&s=10
genome,noun,https://encrypted-tbn0.gstatic.com/images?q=tbn:ANd9GcQEQRge07J1No19TsdP4pFVkVlSScYlD2s_PYWh9oizuw&s=10
genre,noun,https://encrypted-tbn0.gstatic.com/images?q=tbn:ANd9GcRNsvT4GbB0A_jy-vPZgE9mcT19VUojg1nB-xohhxMeWQ&s=10
genuine,adjective,https://encrypted-tbn0.gstatic.com/images?q=tbn:ANd9GcT1Wj5XfnK_sq9lM-u8C1wf_vNJIaoCRktu0-Ij1vLh5w&s=10
geothermal,adjective,https://encrypted-tbn0.gstatic.com/images?q=tbn:ANd9GcQWeAgkY-gQy6oluQRkeF335FgwhB_7lRyY4SGhoD-nXw&s=10
get,verb,https://encrypted-tbn0.gstatic.com/images?q=tbn:ANd9GcQVnVX2bWVhGKtGU2r7cinJ8CwgQevPW8UXBraoPGQebg&s=10
get along,phrasal verb,https://encrypted-tbn0.gstatic.com/images?q=tbn:ANd9GcSh597O9VkuCoK-7YOmlcnEDA_-Y2x-zfC9RYHzOKvToQ&s=10
get out of hand,idiom,https://encrypted-tbn0.gstatic.com/images?q=tbn:ANd9GcQJ3obF-eES-_o5Oe_JysgOSY7mwFYwFPL68I8CsXXTdw&s=10
get up,phrasal verb,https://encrypted-tbn0.gstatic.com/images?q=tbn:ANd9GcRVckxN_ECG3JE36ayDuBfhYtg1dtCa2bhXzmb30oWiCA&s=10
gift,noun,https://encrypted-tbn0.gstatic.com/images?q=tbn:ANd9GcQDwJG6X6cMNRhwu6ra4WahiStr2_5JeLy7Jv7BwV_AUg&s=10
girl,noun,https://encrypted-tbn0.gstatic.com/images?q=tbn:ANd9GcTjPc5aBoB4-DA10u2SW6eAd-jggN7jzav7GHxQWpq-xA&s=10
gist,noun,https://encrypted-tbn0.gstatic.com/images?q=tbn:ANd9GcQT_8HICkSCpV9nkhqwliNPC1ALXRZct_BBDSyh-tr5qw&s=10
give,verb,https://encrypted-tbn0.gstatic.com/images?q=tbn:ANd9GcSxePnIr9ZuhmA1T3kAX7p7iJmRsnRVEB4ivbCNGP4sUw&s=10
give up,phrasal verb,https://encrypted-tbn0.gstatic.com/images?q=tbn:ANd9GcS75qy1WtOg9CRuQoD9OxhSDo_E0M7tujhUmwJITL1H7A&s=10
glacier,noun,https://encrypted-tbn0.gstatic.com/images?q=tbn:ANd9GcRbc3r27nY7qoYIpDrvj8qBhrXlJd5M3ZQSYO_tnaUVbw&s=10
glass,noun,https://encrypted-tbn0.gstatic.com/images?q=tbn:ANd9GcSkCIpUIKrrlAwktyTJS39G77oiII7xjx7flS-Iq08-MA&s=10
global,adjective,https://encrypted-tbn0.gstatic.com/images?q=tbn:ANd9GcS6Aj1YmhT2hem8D85JWAHn_zLk3DBQL5c6QUrkTue8jg&s=10
globalization,noun,https://encrypted-tbn0.gstatic.com/images?q=tbn:ANd9GcRd0PL1MxSbNL7f-Ozy1_eWBGmnR8uSmAz6GdHoCjWltQ&s=10
gloves,noun,https://encrypted-tbn0.gstatic.com/images?q=tbn:ANd9GcToRJ_LQq44z0CkLUE4XyANDCTPnGFNaOo9MGlsY4boaQ&s=10
go,verb,https://encrypted-tbn0.gstatic.com/images?q=tbn:ANd9GcSXrK-WQPqcJjQuf220O0U9UytJ8Vp3vqIOIFm8mhb0nw&s=10
goat,noun,https://encrypted-tbn0.gstatic.com/images?q=tbn:ANd9GcQfbjV7Q1zFxFkQoQOZKFk2STgWj2A5kGHCbyrKw3nwrw&s=10
gold,noun,https://encrypted-tbn0.gstatic.com/images?q=tbn:ANd9GcSPLf9kQ8_eq4Qkmo1SXuXhhhRCPS4Jhjlqnp_kOLguWQ&s
good,adjective,https://encrypted-tbn0.gstatic.com/images?q=tbn:ANd9GcQZhYd_DClR4GCBVCM758xHo99ol5HPbTxM2OA8Xhj9hA&s=10
government,noun,https://encrypted-tbn0.gstatic.com/images?q=tbn:ANd9GcSEXP82v7PcqPnvW2CIIHPD3y_M7vSNeS5DmtahhHs-cQ&s=10
gradual,adjective,https://encrypted-tbn0.gstatic.com/images?q=tbn:ANd9GcRC4EHKoqsM2XwZ2tkYlzp4XcIw_RK-WVVN9lJq5uHh6w&s=10
grandfather,noun,https://encrypted-tbn0.gstatic.com/images?q=tbn:ANd9GcR_VFmGIe0Hydu7by1kEmBjwj6jlh9WWSyctbL2oc9pUQ&s=10
grandmother,noun,https://encrypted-tbn0.gstatic.com/images?q=tbn:ANd9GcSmYNE90Dikffch4z4f2N99a3VsjQ4cIQPqkqeZgSoDYQ&s=10
grant,noun,https://encrypted-tbn0.gstatic.com/images?q=tbn:ANd9GcQHSOW-vMsCVWPtJE4oaDjI3EnLfK6_IKQMTiDzgPMM3Q&s=10
grass,noun,https://encrypted-tbn0.gstatic.com/images?q=tbn:ANd9GcTcfsITSvD7FdlSVIrEFKD9OTQ5o7Aa-J6hj_6VIR5P8w&s=10
gravity,noun,https://encrypted-tbn0.gstatic.com/images?q=tbn:ANd9GcQ_BmBPkpakQAO1JFRjebisaEsqKz6myfS4tXganL_JsQ&s=10
green,adjective,https://encrypted-tbn0.gstatic.com/images?q=tbn:ANd9GcSeLQPs2JDPOS3qhS8Y0Cz6Cguhi_NZ7LyRD1WJnz6R0w&s=10
greenhouse,noun,https://encrypted-tbn0.gstatic.com/images?q=tbn:ANd9GcRySBc4B4BSOH1gDouhbgCSBFY2aoEfDCbog0Yz77IJxQ&s=10
group,noun,https://encrypted-tbn0.gstatic.com/images?q=tbn:ANd9GcSTViIQ_XuqjLIOylIw3OLTPeevXAMEQFy5bpowDBxcGQ&s=10
guarantee,verb,https://encrypted-tbn0.gstatic.com/images?q=tbn:ANd9GcS63GlmTNu_M3JQUUqiOqmU2Z01X5T38RevizKaHpVXBA&s=10
guest,noun,https://encrypted-tbn0.gstatic.com/images?q=tbn:ANd9GcQTB7-NB0st7vCcZJCOrJc1xMHqVP4sHE_etpACcECymg&s=10
guide,noun,https://encrypted-tbn0.gstatic.com/images?q=tbn:ANd9GcRxS41wadMtE9R-MLWc7z-s-sKFB0vMUkuzYsKIY7Hl9Q&s
guilty,adjective,https://encrypted-tbn0.gstatic.com/images?q=tbn:ANd9GcQbBAiHVt_ZSLgIhaZiU52oFTMWs6q_qnJ8Q7gTW00BRQ&s=10
habit,noun,https://encrypted-tbn0.gstatic.com/images?q=tbn:ANd9GcTl7UtZ9IA_WbAaoxCS0qG-f-XL3YMCvVGvE88WimH1VQ&s=10
habitat,noun,https://encrypted-tbn0.gstatic.com/images?q=tbn:ANd9GcSwRAUgq6lqRv0C1AIOaRl01z4UtggQb9cgkSXTQzqOKA&s=10
hacker,noun,https://encrypted-tbn0.gstatic.com/images?q=tbn:ANd9GcRkS6IOTPkBn49j7BBcRGFO-_CNFmo5z-to2snwD6sEiA&s=10
hair,noun,https://encrypted-tbn0.gstatic.com/images?q=tbn:ANd9GcRWgp5qNuJG0h0ECE_vdKW2DDLCI52ffvWJpIotc801gA&s=10
hallmark,noun,https://encrypted-tbn0.gstatic.com/images?q=tbn:ANd9GcTjRXEs4l7EqNxr1WrywAxQzwohXNzZcyh6K3Ly_AmVBQ&s
halt,verb,https://encrypted-tbn0.gstatic.com/images?q=tbn:ANd9GcQwMEKbE-ijEfNFFXHjh5aclDTvC7fPxo83grqwsN2Uvw&s=10
hamper,verb,https://encrypted-tbn0.gstatic.com/images?q=tbn:ANd9GcQYlvYYS_CWHN7UnoYTbBIvksXOFB_FniL6VrWfBBEQLQ&s=10
hand,noun,https://encrypted-tbn0.gstatic.com/images?q=tbn:ANd9GcTbj8C8H4B6dMWEp6vHrmp4dP0zdlVtoX32M95AMFqO7g&s=10
happy,adjective,https://encrypted-tbn0.gstatic.com/images?q=tbn:ANd9GcRStPl3LerSZrMAaB_AYXkpLOMz_vSQo0yLzwqEWxXjSg&s=10
harness,verb,https://encrypted-tbn0.gstatic.com/images?q=tbn:ANd9GcSZ3Oejs4Etpxq3cNyXVhD7DM63HRuXeBZ3lqF638bUIg&s=10
harsh,adjective,https://encrypted-tbn0.gstatic.com/images?q=tbn:ANd9GcSm1yEKaADA5QIRpAZxE3VH4LI8ZSKBFObnhnp9fxz1ow&s=10
hat,noun,https://encrypted-tbn0.gstatic.com/images?q=tbn:ANd9GcTWwh1bEgJ6AT_JyTPj3pc0dPksMLUtY5Hoq3-Pahvbzw&s=10
have,verb,https://encrypted-tbn0.gstatic.com/images?q=tbn:ANd9GcS7oxPhUQhmGUxNJSfwDamTj5HGp0kwURB6IEQIYv4eEg&s=10
haven,noun,https://encrypted-tbn0.gstatic.com/images?q=tbn:ANd9GcRvfZzrdFHVENQ7BNhlLYDl8emt-ZPtPEJe9aOkRQ8HNg&s=10
hazard,noun,https://encrypted-tbn0.gstatic.com/images?q=tbn:ANd9GcSFdoc2LODmADwN-WC5pb3i24aj31AGzUlDtB9JUJFt0g&s
head,noun,https://encrypted-tbn0.gstatic.com/images?q=tbn:ANd9GcTosdafLxD_nMM477Xt_hPR4d3QifejEAZVT2H7tWxy-g&s=10
health,noun,https://encrypted-tbn0.gstatic.com/images?q=tbn:ANd9GcSOgwbk9C2c-fIqidBQzOTT2sXPT93QHvafYCKBRNY7uA&s=10
healthy,adjective,https://encrypted-tbn0.gstatic.com/images?q=tbn:ANd9GcTuKX9vYL3pY1E_XbXYLOGR7_AHaTH_WWVSjLqFq7QDhg&s=10
hectic,adjective,https://encrypted-tbn0.gstatic.com/images?q=tbn:ANd9GcS_3jejoSnvpurXxiG_P_JpFTodBSbI90iXDCgg9PTLlw&s=10
heighten,verb,https://encrypted-tbn0.gstatic.com/images?q=tbn:ANd9GcQuR0fNMAej6pd75BvRZ9RKqK19Ofm53MzZ_zCvwoCt6g&s=10
help,verb,https://encrypted-tbn0.gstatic.com/images?q=tbn:ANd9GcQ-EwqNZDuRRuJyDo_VArRTynsQQ-LdHgizb4MAvdV5Yg&s=10
hen,noun,https://encrypted-tbn0.gstatic.com/images?q=tbn:ANd9GcSkKjM2YhSauVN8jSKOSyeokDCK6TPI6UOuyZyELBR9XA&s=10
here,adverb,https://encrypted-tbn0.gstatic.com/images?q=tbn:ANd9GcRBu6x6zWyr60rkOLP9NSDDdNe4bDpfk52ZGZi2Mlfmog&s=10
heritage,noun,https://encrypted-tbn0.gstatic.com/images?q=tbn:ANd9GcQQtCS0KgBkIylrEgnx4-bh2oDjteRR5Y9_4Ty01nCTfA&s=10
hesitate,verb,https://encrypted-tbn0.gstatic.com/images?q=tbn:ANd9GcREv3LMvj3J0xVT2KRrrT1rpKMnaPQB-BU78QQzZtYiGQ&s=10
hierarchy,noun,https://encrypted-tbn0.gstatic.com/images?q=tbn:ANd9GcRAYE03nfmxYz_pu4S6V8KyN0YM9_czJ4kRB3uwD2O23Q&s=10
high-rise,adjective,https://encrypted-tbn0.gstatic.com/images?q=tbn:ANd9GcRgfEViya2neaOL21sjiQopyv6w8Z3ggVn7b9f1OfywUg&s
hill,noun,https://encrypted-tbn0.gstatic.com/images?q=tbn:ANd9GcQUYkbiq9CBApvSsn5ESSHhQgq7cTeueren7G7avfYjsg&s=10
hinder,verb,https://encrypted-tbn0.gstatic.com/images?q=tbn:ANd9GcQW_sOFNbnnYl8oqK38maPFYf57rfCBSP7KR6I1q1LkUw&s
hindsight,noun,https://encrypted-tbn0.gstatic.com/images?q=tbn:ANd9GcQZJDCRqSnDSHwZZ_uC3Vb2Pp9QqXZkq2HEJUBDqddg4Q&s=10
hit the books,idiom,https://encrypted-tbn0.gstatic.com/images?q=tbn:ANd9GcQq8htpMwugupim78ccLAtWiRomIwEbBXZUGfwi-2t-zQ&s=10
hit the nail on the head,idiom,https://encrypted-tbn0.gstatic.com/images?q=tbn:ANd9GcR8LqPQLXTfmANh3nJYADbrR99crKSMtodCnWD1HijALA&s=10
holiday,noun,https://encrypted-tbn0.gstatic.com/images?q=tbn:ANd9GcT4PGMv-Y15b8QDIpZEQrMjGjXz-iFVcS7haW0ALNRL8g&s=10
holistic,adjective,https://encrypted-tbn0.gstatic.com/images?q=tbn:ANd9GcTvb555ffsNHWsagSWPrC_Zv7Zl92JKeqhXHkERVgzUTA&s=10
home,noun,https://encrypted-tbn0.gstatic.com/images?q=tbn:ANd9GcQ66ZSwh5tuoaZ2quDwmzMWdBc65Lj5Uw7vN8F-d9KlCA&s=10
homework,noun,https://encrypted-tbn0.gstatic.com/images?q=tbn:ANd9GcTn6Wj3slRzP3bFFF5OI2fG9gqFEvz65qi3pgxUHcB3ZQ&s=10
honest,adjective,https://encrypted-tbn0.gstatic.com/images?q=tbn:ANd9GcSml1GEi7-YWZk683aNF28JMnfBKXUrzqOcNYGyPJCHJg&s=10
honey,noun,https://encrypted-tbn0.gstatic.com/images?q=tbn:ANd9GcTgdIkjStw7sxAQZtpu5QLO5q0BHUSmPNfiP3okz9YNtg&s
horse,noun,https://encrypted-tbn0.gstatic.com/images?q=tbn:ANd9GcTHeUIIKakzHd3822WJYTas94yb5RSsiIY1IYjI3yjCbg&s=10
hospital,noun,https://encrypted-tbn0.gstatic.com/images?q=tbn:ANd9GcTLCZAQSsw9SlBi44ZlIzDQ75Dk90UUVT9OUuMcIQTbrw&s=10
hospitality,noun,https://encrypted-tbn0.gstatic.com/images?q=tbn:ANd9GcQAP8V5SypKuTSW-UH60EFxS_1Tc0zFbp260-Adw3t6eg&s=10
hostile,adjective,https://encrypted-tbn0.gstatic.com/images?q=tbn:ANd9GcS-Pyt1cmyOqfmP0MCDJSyKGGesrERLEFcfeKsnyTIDPg&s=10
hot,adjective,https://encrypted-tbn0.gstatic.com/images?q=tbn:ANd9GcQ6_dQ1VCkkBVjd7c4wmeNdcT_g2ycygY8bVlMwoZWEpQ&s
hotel,noun,https://encrypted-tbn0.gstatic.com/images?q=tbn:ANd9GcTO2ikhIH1WF8H2YBOIou08lV275MGPaHi7rGUo3iLgQg&s=10
hour,noun,https://encrypted-tbn0.gstatic.com/images?q=tbn:ANd9GcS54amGHnJ34RU0KaPslTQ4iI21CuYPlcwqmrgX0TojAw&s=10
house,noun,https://encrypted-tbn0.gstatic.com/images?q=tbn:ANd9GcR7bvqbj82tiWKquYL-pzYtz0ggxEbb5RUCMTWcar_lwA&s=10
hub,noun,https://encrypted-tbn0.gstatic.com/images?q=tbn:ANd9GcTvlMiYzx-yLJAQDqpVKTnrhXxZd7rCkQ9opFmvvalNLg&s=10
humanitarian,adjective,https://encrypted-tbn0.gstatic.com/images?q=tbn:ANd9GcS8X9uypnl8djusn1_Zc17LxRz5u7aYKPdnNB-OOhpYWw&s=10
hungry,adjective,https://encrypted-tbn0.gstatic.com/images?q=tbn:ANd9GcTu7usw_WYn_htz36Xr0thGQfQu5FE3kXbhfmI7S5hkKQ&s=10
hurdle,noun,https://encrypted-tbn0.gstatic.com/images?q=tbn:ANd9GcTNTzUiQ7k1hTbcTfs7nE3C6HUvac71BcZ4VN2hU0dBJQ&s=10
hurry,verb,https://encrypted-tbn0.gstatic.com/images?q=tbn:ANd9GcT3yunFtHSJkikynVFB7xe10GE0jHbye2aj08DcvGlgAA&s=10
husband,noun,https://encrypted-tbn0.gstatic.com/images?q=tbn:ANd9GcTEtfH69bzOUTloxGG109E_ieOBh86K_SuOsowwebWnLw&s=10
hygiene,noun,https://encrypted-tbn0.gstatic.com/images?q=tbn:ANd9GcSbwRfHnVdRq8XxP1JMcEpmtIDTlH1MOdfmIeVZb5e2Lw&s=10
hypothesis,noun,https://encrypted-tbn0.gstatic.com/images?q=tbn:ANd9GcTU77-odIRVQ4DmbCVqsyRgm09gSkezMaVghE7T4h57Ew&s=10
ice,noun,https://encrypted-tbn0.gstatic.com/images?q=tbn:ANd9GcTelFjn_u9C11ZwypkDLyt22KRNo32PQkRg_xmEYRaAQw&s=10
idea,noun,https://encrypted-tbn0.gstatic.com/images?q=tbn:ANd9GcSfLOBqDEfATpzpClPzKM_XlOOhNe6WfSZA5nIwyhI6_A&s=10
identical,adjective,https://encrypted-tbn0.gstatic.com/images?q=tbn:ANd9GcQdkOFzMsginKvbuJzm2SJ117lZ9fwMd0_gpIKmygnXgw&s=10
identify,verb,https://encrypted-tbn0.gstatic.com/images?q=tbn:ANd9GcQLILehMuQUy50Hr3vEe4opyDs8KjoTikjN8qaKKDOCkg&s=10
identity,noun,https://encrypted-tbn0.gstatic.com/images?q=tbn:ANd9GcRIPZbWa7jc-8R_nyyO6YKFEwau-Mhcn7bRN_-8tlS4ew&s=10
ideology,noun,https://encrypted-tbn0.gstatic.com/images?q=tbn:ANd9GcTMnMRAu1EZoqz3-k9BPy_hd9YIORoXsPM7Ks1Ij_6hGg&s=10
ill,adjective,https://encrypted-tbn0.gstatic.com/images?q=tbn:ANd9GcQIRD8t9bdW4XLVEiG3IF58cs0Oie9L-xzJ9AAGQs5ojA&s=10
illiterate,adjective,https://encrypted-tbn0.gstatic.com/images?q=tbn:ANd9GcSDiGEU19WJjQMVEk6zjDSQ2QaLq3WScblWHCrkft9i6Q&s=10
illustrate,verb,https://encrypted-tbn0.gstatic.com/images?q=tbn:ANd9GcRvRbYwTJtihQWV3X3JfbTnIlwAnFADrPi2N3J2v0jrWw&s=10
imagine,verb,https://encrypted-tbn0.gstatic.com/images?q=tbn:ANd9GcQZUgD4mwFNYNCfLTRRQG7JWAMKPdK0y14_VV32eqfLmg&s=10
immediately,adverb,https://encrypted-tbn0.gstatic.com/images?q=tbn:ANd9GcRnZ_pSWRRN3v2JP8lVGb5OLPke_wAx47gA2laz2iRcaQ&s=10
immense,adjective,https://encrypted-tbn0.gstatic.com/images?q=tbn:ANd9GcSbTz2IAOyzRpkk4rXR2nyFQuyHYJqU6rKTuHAGaS-dyg&s=10
immerse,verb,https://encrypted-tbn0.gstatic.com/images?q=tbn:ANd9GcReOJyDm9EP5BFpp7vixVs_GAPIU4XPbkKwC5Jx5b1zCQ&s=10
imminent,adjective,https://encrypted-tbn0.gstatic.com/images?q=tbn:ANd9GcSfOZzUIpbQJP5tBpTJsj4VbXvK5-ZhRSW7xtr9ZH5vCw&s=10
immune,adjective,https://encrypted-tbn0.gstatic.com/images?q=tbn:ANd9GcQ6vDGfoAUdrU52QEGs1zERC_Gm12yf80ojoUCKChsPlQ&s
impact,noun,https://encrypted-tbn0.gstatic.com/images?q=tbn:ANd9GcSGBs-6Zb5GaFmaigYR-OTg1ALGKe3ZB9Jn3oUFqSRuDw&s=10
impair,verb,https://encrypted-tbn0.gstatic.com/images?q=tbn:ANd9GcT1ezOdX34jHx8pHPHH1zVkKlUmhGOANaSd2Z3kCs-qIw&s=10
impartial,adjective,https://encrypted-tbn0.gstatic.com/images?q=tbn:ANd9GcTH5CkzGH6xN8bx7nyMPfy6-1cONIneMTlzNzVhLBg4IA&s=10
impede,verb,https://encrypted-tbn0.gstatic.com/images?q=tbn:ANd9GcTWOAYS80RzmkmxbVfH4NYviVeHoinhUCuDzp3YqMOMVw&s=10
imperative,adjective,https://encrypted-tbn0.gstatic.com/images?q=tbn:ANd9GcQSXumVUdFWT8X3Epu2UZuXsHGed0elnW_QOynRsHeKOw&s=10
impetus,noun,https://encrypted-tbn0.gstatic.com/images?q=tbn:ANd9GcRUaDomlUrWutu3isW8Vqf0nQGCJ0M0gyw_zaswkFd7jg&s=10
implement,verb,https://encrypted-tbn0.gstatic.com/images?q=tbn:ANd9GcS6JxBauIIyTZBKlNiIlVdj9QLlyImRFCBsQmPlICkhoA&s=10
implication,noun,https://encrypted-tbn0.gstatic.com/images?q=tbn:ANd9GcTPdmKsJbZv0ttWT-PtU8_MNwjkHEo0e2ixoyv3oAqnVg&s=10
implicit,adjective,https://encrypted-tbn0.gstatic.com/images?q=tbn:ANd9GcRiP1TmUKLjkKyWWE01Xnq9vqq7URmte3JSigInjM2kVw&s=10
imply,verb,https://encrypted-tbn0.gstatic.com/images?q=tbn:ANd9GcSrFN1Cd2GJxdq5SCBb_hX3oVcjwaVNga5gTPR2sFo26g&s=10
impose,verb,https://encrypted-tbn0.gstatic.com/images?q=tbn:ANd9GcT_p6ohs_mW8bPf6CFtRkZGZ0i9LSS9SvhjnMtiqXo59A&s=10
imprisonment,noun,https://encrypted-tbn0.gstatic.com/images?q=tbn:ANd9GcSCOv7cOcOwuvSjcMBcrIXdKvGNJ8q8w5hU2zhDvlcD0Q&s=10
improve,verb,https://encrypted-tbn0.gstatic.com/images?q=tbn:ANd9GcSGiP97TZwMmVsABtb0QNrHYx5PscvqQvLDIYSRdfhv8A&s=10
impulse,noun,https://encrypted-tbn0.gstatic.com/images?q=tbn:ANd9GcRiCGE2dGmSyjhOD6ZN7nQtl8vOpIWjMc-rpnmwSx85Sg&s=10
in,preposition,https://encrypted-tbn0.gstatic.com/images?q=tbn:ANd9GcTotFL4ZCT24pfORX9XiRP0QeB2EMxl8QgMQbiR_-LnBw&s=10
in hot water,idiom,https://encrypted-tbn0.gstatic.com/images?q=tbn:ANd9GcQRuJWio-wxUeeuKqM_J1IU8eqnpdtVKY6zb8YNevrDCg&s=10
incentive,noun,https://encrypted-tbn0.gstatic.com/images?q=tbn:ANd9GcQ6xhnbZzlLCHu14L2DTqntqjVkAeLSALPIydGeSN_ZvQ&s=10
incidence,noun,https://encrypted-tbn0.gstatic.com/images?q=tbn:ANd9GcS7Msb7YtZE16ewyhand8LPADq0rPjRxGFUw8Q0VneqyA&s=10
incline,verb,https://encrypted-tbn0.gstatic.com/images?q=tbn:ANd9GcRBhkCadqJGHpyOch4U4wG5ARi3fQjhvu4jqKMj0msTHw&s=10
income,noun,https://encrypted-tbn0.gstatic.com/images?q=tbn:ANd9GcSUcE1hkGFS402XUSPhVlIBlL66Gjt269CmYUrHVFAAoQ&s=10
incorporate,verb,https://encrypted-tbn0.gstatic.com/images?q=tbn:ANd9GcTCz51SWJJXOA_GHV0wZ7pJkNldyfn1EoOmr_r63pPjYg&s=10
increase,verb,https://encrypted-tbn0.gstatic.com/images?q=tbn:ANd9GcSL5vvj3XQ_YnvfXKc41PszEoFGq2RUUMKEOvcnUGgH0g&s=10
independent,adjective,https://encrypted-tbn0.gstatic.com/images?q=tbn:ANd9GcTuYxPfL-Ak1V6sOhnWw4HMl4yFy867anj1oGRGUr4NJg&s=10
index,noun,https://encrypted-tbn0.gstatic.com/images?q=tbn:ANd9GcR1P8bTRGVrFb8J0qq-J2l7PYy-fM5MheQJrfiB28boHA&s=10
indicate,verb,https://encrypted-tbn0.gstatic.com/images?q=tbn:ANd9GcSrDlNd_8XiLirHuHERWb5LUiTJoKyuc60n6lXdCMn0fA&s=10
indifferent,adjective,https://encrypted-tbn0.gstatic.com/images?q=tbn:ANd9GcQKaXG2eN29M6gQCVJcbPtyh9qSWWMrE9m5DH7nwmKkRA&s=10
indigenous,adjective,https://encrypted-tbn0.gstatic.com/images?q=tbn:ANd9GcT9NhD8CE4htYvIECCxuTHJOsMcjRHwc-e_uI5jYZ6zYQ&s
indispensable,adjective,https://encrypted-tbn0.gstatic.com/images?q=tbn:ANd9GcSRfMoDl1UrO93jJjuEg_L7vz0qY5UhevlsPN1vwJgp4A&s
individual,noun,https://encrypted-tbn0.gstatic.com/images?q=tbn:ANd9GcSJVKzudBazGsExIpMzGGvjATLi6JvBOQIt-8BTeCkZGw&s=10
induce,verb,https://encrypted-tbn0.gstatic.com/images?q=tbn:ANd9GcQg9FT1Rd7O1gl6zW5WSKwyX1hZ4bCbWxsRlawl97nUvw&s=10
inequality,noun,https://encrypted-tbn0.gstatic.com/images?q=tbn:ANd9GcS_RrfrSnA2c135jmQrtQpoalKUFcfyQVDpXH9IrOLoAA&s=10
inevitable,adjective,https://encrypted-tbn0.gstatic.com/images?q=tbn:ANd9GcQE24HCKWFeg29oGT6clw8HtKdFepsbEues-8USKquGQQ&s=10
infect,verb,https://encrypted-tbn0.gstatic.com/images?q=tbn:ANd9GcQKGT-lTKv3ks915UBnK3ALr_-Ex4o51pKaRd7QOM0Jwg&s=10
infectious,adjective,https://encrypted-tbn0.gstatic.com/images?q=tbn:ANd9GcTGiCQr1QzEsFkIp39T6Qdh0dj1AslXC3da-0Vy7zTTQg&s=10
infer,verb,https://encrypted-tbn0.gstatic.com/images?q=tbn:ANd9GcSrFN1Cd2GJxdq5SCBb_hX3oVcjwaVNga5gTPR2sFo26g&s=10
inferior,adjective,https://encrypted-tbn0.gstatic.com/images?q=tbn:ANd9GcQ6ClfA486PgU0F_SWaM0M2Px3228ajKwxmKLd2tLZjZw&s=10
inflation,noun,https://encrypted-tbn0.gstatic.com/images?q=tbn:ANd9GcQXaK_52JMEuKefXfwupBOuW9l8_ZC1JiVvUuzN8g9ppA&s=10
influence,noun,https://encrypted-tbn0.gstatic.com/images?q=tbn:ANd9GcSGxLUDvH-O1XOjipLrQnRkW_sP2YcoiKm3la2KZUKfCA&s=10
influencer,noun,https://encrypted-tbn0.gstatic.com/images?q=tbn:ANd9GcTfTHaQmjA2ETqqnLCVWY-VkxuVxDoDKlXPVix1nKAQPw&s=10
influx,noun,https://encrypted-tbn0.gstatic.com/images?q=tbn:ANd9GcSun9gaAHpvHs0QyXsO5SL9__Bd3QJNEpHGqYbu616vFQ&s=10
infrastructure,noun,https://encrypted-tbn0.gstatic.com/images?q=tbn:ANd9GcQpyrDT3HLZ5EOIAyD2pUW8B6el-LJAOge_O3h9J8D9Bg&s=10
inhabit,verb,https://encrypted-tbn0.gstatic.com/images?q=tbn:ANd9GcSH_gfE53-hReFLrWl4Kgv7urryFZ3q-rXMJ49ckOF2qA&s=10
inhabitant,noun,https://encrypted-tbn0.gstatic.com/images?q=tbn:ANd9GcQLCK9xMS-WxiVwevnlvL6W3gN28rrdmt1sszFMoFx95Q&s=10
inherent,adjective,https://encrypted-tbn0.gstatic.com/images?q=tbn:ANd9GcQTrOShO9oQF1dEBobhbcPEp1P7y8JQTBGgY8SqVYHSYw&s=10
inherit,verb,https://encrypted-tbn0.gstatic.com/images?q=tbn:ANd9GcRyVMwwMFwwA2ns1utMak9838pRevuoAKp6Cr1hzgRTsA&s=10
inhibit,verb,https://encrypted-tbn0.gstatic.com/images?q=tbn:ANd9GcTo10ja6HhHmCn_wLv2ld-1_I-zNswXOJZhmXDiiZvgVw&s=10
initial,adjective,https://encrypted-tbn0.gstatic.com/images?q=tbn:ANd9GcRePqSsAaQw5DrNzUVJNWVib2QSIn7REoQnSNMnDjya8A&s=10
initiate,verb,https://encrypted-tbn0.gstatic.com/images?q=tbn:ANd9GcQ-xh-hGKQut0TGlSF1K-LfAJzuGAZYHMpts0khVYIX0Q&s=10
initiative,noun,https://encrypted-tbn0.gstatic.com/images?q=tbn:ANd9GcSqO7t5SpVaTndYgVJ8GJsrrpu6j1Blx48jeZRPQ7W8Pw&s=10
inject,verb,https://encrypted-tbn0.gstatic.com/images?q=tbn:ANd9GcTqyy7FLLk9nmmmkg81_YkK553t74ozXazIXk2YDOHdzA&s=10
injure,verb,https://encrypted-tbn0.gstatic.com/images?q=tbn:ANd9GcSXWN9Hf3txj4IqtH71XSBuS3lALTleIuvBfY0V178bUw&s=10
innovation,noun,https://encrypted-tbn0.gstatic.com/images?q=tbn:ANd9GcSvOfqXDec9bu9clM_yJpEPmszyCyxsxkFccMTzqZJo3A&s=10
inquire,verb,https://encrypted-tbn0.gstatic.com/images?q=tbn:ANd9GcSY4PmBOeANXq7zBL3QWHgNuCSX_-yluNmetFF9y1cfXw&s=10
insert,verb,https://encrypted-tbn0.gstatic.com/images?q=tbn:ANd9GcQNlSjR8e4CMdvqONKuaOft5toTQ7d69vDZdFhZiQgjuA&s=10
insight,noun,https://encrypted-tbn0.gstatic.com/images?q=tbn:ANd9GcTx5tIJg9U6WJPzRVTjG6Xr3fkh9cBrGvGdkJlO8GdE3g&s=10
insomnia,noun,https://encrypted-tbn0.gstatic.com/images?q=tbn:ANd9GcRL9nT-DQDdnv2QcifHFbEHMQgLSmtWQ2QoxE1Y4G66yw&s=10
instance,noun,https://encrypted-tbn0.gstatic.com/images?q=tbn:ANd9GcTMHUH7ZEpxGB4Byv2kDzPqmBuY8jPkrDVczcXnFuVANQ&s=10
instill,verb,https://encrypted-tbn0.gstatic.com/images?q=tbn:ANd9GcSIcEY6jXeT3i7A3_X7TTmGLSdS-t4uedf8MahO-UYAUg&s=10
institute,noun,https://encrypted-tbn0.gstatic.com/images?q=tbn:ANd9GcSuNerfn_VgLUV3vsciNUlJTYvJ5Rnp2laH7NKIR7di7Q&s=10
instruction,noun,https://encrypted-tbn0.gstatic.com/images?q=tbn:ANd9GcTxoEqCVDj7GmpcD--MHMU-II7MEH-ZB7OUJkQhpdbwXA&s=10
insurance,noun,https://encrypted-tbn0.gstatic.com/images?q=tbn:ANd9GcTpmtTReTqfmShYxORBdj_BU63IChnHvbu6Sa8MQKMBKQ&s=10
intact,adjective,https://encrypted-tbn0.gstatic.com/images?q=tbn:ANd9GcRWbz4wHhekIOBFxG-X0tlLB97INnRZvl9o422bW5VXaQ&s=10
intake,noun,https://encrypted-tbn0.gstatic.com/images?q=tbn:ANd9GcRdvT2n8O-ualL2daUj09uZDDtL7bZF8rRNw7VLxm0pdA&s=10
integral,adjective,https://encrypted-tbn0.gstatic.com/images?q=tbn:ANd9GcR64vnawxzjDpt9K-vwGUUaU4lXzGN0V3y8kwU901_hKA&s=10
integrate,verb,https://encrypted-tbn0.gstatic.com/images?q=tbn:ANd9GcS-dzv0nHfp38jGKTMk3YF_zknlq0OYgI1g7az7rqYq5A&s=10
integrity,noun,https://encrypted-tbn0.gstatic.com/images?q=tbn:ANd9GcQJUeU8GJa7wOvnAmTtlPUs7E13xPtnFK8KPgETDtuheA&s=10
intense,adjective,https://encrypted-tbn0.gstatic.com/images?q=tbn:ANd9GcQ1Oh1OYI4AY3uqIib2TfmHRdiO_020XZGOi1azuB1dGQ&s=10
intensify,verb,https://encrypted-tbn0.gstatic.com/images?q=tbn:ANd9GcTnmj74UMVgV5hf0gj93hgBVEiclH_-zXm9EMifErrpeg&s=10
interact,verb,https://encrypted-tbn0.gstatic.com/images?q=tbn:ANd9GcTocb6Zhxx5XKWRXE45nUPMHzqGtn2GdFHnxCAwd7TgPw&s=10
interfere,verb,https://encrypted-tbn0.gstatic.com/images?q=tbn:ANd9GcQpGzrM8byHCyxGyIzNIynYmrRGfA5C6gVjD6D9MO_DHg&s=10
internship,noun,https://encrypted-tbn0.gstatic.com/images?q=tbn:ANd9GcSTmlYMCWgkM0qK9aOahRBsJWyeGYcIwx6ptfu0yuSy4g&s=10
interpret,verb,https://encrypted-tbn0.gstatic.com/images?q=tbn:ANd9GcTNxAkQI6nUB2vmKoBHteonSnLxmwf0BaonvuxQK4gq4w&s=10
interval,noun,https://encrypted-tbn0.gstatic.com/images?q=tbn:ANd9GcRCnHCFqALLBHvSM5QDWB94TO6-9I_A8KUsWTVmGBFcNQ&s=10
intervene,verb,https://encrypted-tbn0.gstatic.com/images?q=tbn:ANd9GcQ9tZTfxixdNa1D-TNxZdfmVpzL7z--JCy1aYuBuVfinQ&s=10
interview,noun,https://encrypted-tbn0.gstatic.com/images?q=tbn:ANd9GcSxxTISlyG2R7cGbf_njmeerq3r9G8xUDvTFJAyJE-EsQ&s=10
intricate,adjective,https://encrypted-tbn0.gstatic.com/images?q=tbn:ANd9GcR9wHWTcu8F1a5_qeHN0J58_YO_eZPCEEN4V6v_-HToBw&s=10
intrinsic,adjective,https://encrypted-tbn0.gstatic.com/images?q=tbn:ANd9GcSAbF0dM_P9c2K1bK5kO_5j2-aP3q8s2RcmQmdoKWzMgw&s=10
invade,verb,https://encrypted-tbn0.gstatic.com/images?q=tbn:ANd9GcQeoteBwlSlY7lju08HXMps5V5tNyUr9gUq1UdfP6GA5w&s=10
invent,verb,https://encrypted-tbn0.gstatic.com/images?q=tbn:ANd9GcRn3tKaBJ00-9UNdWPa05KrQvl6Tja1-Ls1QhMRJ0oe1w&s=10
invest,verb,https://encrypted-tbn0.gstatic.com/images?q=tbn:ANd9GcS0zpmQ8Pb6OfZd7eFoEAHgiJ60DMN6h4AD2IPqX-emNA&s=10
invitation,noun,https://encrypted-tbn0.gstatic.com/images?q=tbn:ANd9GcS7s05m7WeiTAolHagkth0a_vfD2ISMD5c0_qZQrCuLhg&s=10
invite,verb,https://encrypted-tbn0.gstatic.com/images?q=tbn:ANd9GcT3EFUTO9uqO_2PRV4Wwl4OJ9fRyd_E8u2Sx-ywn2JDJg&s=10
involve,verb,https://encrypted-tbn0.gstatic.com/images?q=tbn:ANd9GcRHDA2wntqWitr3onYXukm8lDRPB3joqTATjpHxQ-QtQg&s=10
irrigate,verb,https://encrypted-tbn0.gstatic.com/images?q=tbn:ANd9GcRR6V2LkRMPoe-RdSsQ7xQsKf61y84Uoseib73lJyo-bw&s=10
island,noun,https://encrypted-tbn0.gstatic.com/images?q=tbn:ANd9GcRsUi5CwhX4kCQ2BW1PtLjTxrXxX0MlHHILEUgdz_mmDQ&s=10
isolate,verb,https://encrypted-tbn0.gstatic.com/images?q=tbn:ANd9GcQ0B9kvVQAqmA4c4T4JCapeSsrJ5S0nRM3YoU6-V_xGag&s=10
issue,noun,https://encrypted-tbn0.gstatic.com/images?q=tbn:ANd9GcSYho42FX1ldKwZBCjFyfpBDVa3bHVTnTwyQ053jAhM2A&s=10
itinerary,noun,https://encrypted-tbn0.gstatic.com/images?q=tbn:ANd9GcT3FhpI66QiyqvoIuGTgHS_ZRsXeb4jb-mpYomrnFD4SA&s=10
jacket,noun,https://encrypted-tbn0.gstatic.com/images?q=tbn:ANd9GcRVa4WP_w2gk4EDgEktKVl39Y9ZARscntMHU5yJqtmvTw&s=10
jam,noun,https://encrypted-tbn0.gstatic.com/images?q=tbn:ANd9GcQfa_nLv0iR7jUXOX1cDH08_0YK4Dtgvjvl2V-Ec3elcA&s=10
jargon,noun,https://encrypted-tbn0.gstatic.com/images?q=tbn:ANd9GcTsfu8HkES48n7Kdc-zfoTd-IzXLNKdPxxIdsgBy3PcYg&s=10
jealous,adjective,https://encrypted-tbn0.gstatic.com/images?q=tbn:ANd9GcQKgSIHuM3LNKwwPY1Ud-0ZLklqY5XjMPRaGAQRq7FxRg&s=10
jeopardize,verb,https://encrypted-tbn0.gstatic.com/images?q=tbn:ANd9GcSkUrUtLZCOQyg9sqINWc3fF2zUnOyZLxojLQIFvex0Yw&s=10
job,noun,https://encrypted-tbn0.gstatic.com/images?q=tbn:ANd9GcT9i-wfuqi17qNIkRCOdBjc3GrkxB02TUtRoAJv0Cks0A&s=10
journal,noun,https://encrypted-tbn0.gstatic.com/images?q=tbn:ANd9GcRoOArGCZiHblPZtxmJrLekIHFECbq_fnunNZuxj-_paA&s=10
journalism,noun,https://encrypted-tbn0.gstatic.com/images?q=tbn:ANd9GcTj-mKNz-Y1BC6JiB-fS2gMSKE4nY6RcNikFFWCdsREVA&s=10
journey,noun,https://encrypted-tbn0.gstatic.com/images?q=tbn:ANd9GcSHCxhX6w7LnyOEy29upRFpmVV9Ts2tMwBvjUHHFxcgaw&s
juice,noun,https://encrypted-tbn0.gstatic.com/images?q=tbn:ANd9GcTvW3q7xxHwj_M9kpMbeCCukaiMgXUA7IP5fohUblsbIA&s=10
justify,verb,https://encrypted-tbn0.gstatic.com/images?q=tbn:ANd9GcSxKlNK4wxNHPQh4j5R184b5884SSWIaSN5YDl72SGthQ&s=10
juvenile,adjective,https://encrypted-tbn0.gstatic.com/images?q=tbn:ANd9GcS8JhtcY6PmtB-D904Qnb5aG61sS8OUAPgn_AnovrZKlg&s=10
key,noun,https://encrypted-tbn0.gstatic.com/images?q=tbn:ANd9GcTdO0x4tZde207tAomYSimapjwbr1rSY_ghNMCVs7t6gQ&s
kill two birds with one stone,idiom,https://encrypted-tbn0.gstatic.com/images?q=tbn:ANd9GcRiedWZDaQXmSJZ4-MTIM_bY7hjk5ALe11dFDAjLTmuLA&s=10
kindergarten,noun,https://encrypted-tbn0.gstatic.com/images?q=tbn:ANd9GcQLMo3opb0V8FDd4qf3qPqfc8ZaQ1YO_OKBJ4hy8eyAow&s=10
king,noun,https://encrypted-tbn0.gstatic.com/images?q=tbn:ANd9GcQjAvbMtbcrKYDxW_QRFyvUToVCZEz-l8bsm2PUydEfSw&s=10
kitchen,noun,https://encrypted-tbn0.gstatic.com/images?q=tbn:ANd9GcQAAQnqnTvZjjqn_xeYZxqFYm-3uOFG18jCkYH916AW1A&s=10
know,verb,https://encrypted-tbn0.gstatic.com/images?q=tbn:ANd9GcTeQM97ChzfkfMyTlzy3_2iXo-tqJ5QRZ16cH0c4WrEqg&s=10
knowledge,noun,https://encrypted-tbn0.gstatic.com/images?q=tbn:ANd9GcRnDROcwr5rTwdunfL9aM8zxIN3jaHQ3T_eJatfwMgmag&s=10
laboratory,noun,https://encrypted-tbn0.gstatic.com/images?q=tbn:ANd9GcRi5bGdoHmdE1rM8KPYT1kuFaop002whmGAEVLsVo6Fig&s=10
lake,noun,https://encrypted-tbn0.gstatic.com/images?q=tbn:ANd9GcSZxMgs1daUgTvdPvy1vHzXI3EZK8X9BXSJCDbIq269XA&s=10
lament,verb,https://encrypted-tbn0.gstatic.com/images?q=tbn:ANd9GcRcwqrn4G5hkAEHpOSLclFULYVr6cDOyQTmEKsfdeHG6A&s=10
lamp,noun,https://encrypted-tbn0.gstatic.com/images?q=tbn:ANd9GcQo37AstVUuQYfystiqO_dfoqLTXKtCzCgOMuYhTejG5g&s=10
landfill,noun,https://encrypted-tbn0.gstatic.com/images?q=tbn:ANd9GcSwmO7RZcWP5NY7k0JVauwTMrNvtdhawjyw72NCINQKHw&s=10
landmark,noun,https://encrypted-tbn0.gstatic.com/images?q=tbn:ANd9GcSZHIZQEJrWeCeDxN8tGFSeUiLhV1tRACO_5eVqs9lOGQ&s=10
late,adjective,https://encrypted-tbn0.gstatic.com/images?q=tbn:ANd9GcS8xQlQ4YiryhdeseAeBpGW5I3zrt82U_xWEP1hAvpjxg&s=10
laugh,verb,https://encrypted-tbn0.gstatic.com/images?q=tbn:ANd9GcQ1A-3DERwUh4tWByVcq9ZY7MCcaa2AARhsoYdFmRKEBA&s=10
lavish,adjective,https://encrypted-tbn0.gstatic.com/images?q=tbn:ANd9GcQ3oc-TVs4-TECJn9MlOaJ-yLyThJomQGQ5q-C-OLhNag&s=10
lazy,adjective,https://encrypted-tbn0.gstatic.com/images?q=tbn:ANd9GcQRGn8wtpyAkZLAB-RQ8cvZDBPzZN1B5SXYMi78zSpejA&s=10
leaf,noun,https://encrypted-tbn0.gstatic.com/images?q=tbn:ANd9GcQxsKVm6TOsTO2kekCiv39EibLQBdGglFvXfm2YA9ANTg&s=10
learn,verb,https://encrypted-tbn0.gstatic.com/images?q=tbn:ANd9GcSVI6OYhPlY9JuxKiZF7FmZi6yUkpIpUq8IY3fX_jSTIA&s=10
leg,noun,https://encrypted-tbn0.gstatic.com/images?q=tbn:ANd9GcTKoCy5ujBhm4isGOWZFFrp3XD73PbDUX3wXC8YmVLG3A&s=10
legacy,noun,https://encrypted-tbn0.gstatic.com/images?q=tbn:ANd9GcTeIuF4XTT52-jb4TX72H1QDTTVsx9KFXNTGR5jEGuiHA&s=10
legislation,noun,https://encrypted-tbn0.gstatic.com/images?q=tbn:ANd9GcTjOyeZxwWZ7GaNyLQ5FSjbR9goUpQKnqH_PVAhiJHhKw&s=10
legitimate,adjective,https://encrypted-tbn0.gstatic.com/images?q=tbn:ANd9GcQqm-_VC89iTw3Mdbtm1MU4K6Cp_dt9bBHS9YeWeoBZDg&s=10
lend,verb,https://encrypted-tbn0.gstatic.com/images?q=tbn:ANd9GcSwgJgvKJEyhfrYbaTcuP3P2n2iVyxarVVV8DPsqxcQTQ&s=10
lenient,adjective,https://encrypted-tbn0.gstatic.com/images?q=tbn:ANd9GcTdSGvMw3NwbDzAPr1XjbcpXtv1qFlIHEeKVMzh5xmraQ&s=10
lesson,noun,https://encrypted-tbn0.gstatic.com/images?q=tbn:ANd9GcQ4PvXo89UGKl8gtLYCU-ob4B1GY_vambQezBJOwVDKtg&s=10
letter,noun,https://encrypted-tbn0.gstatic.com/images?q=tbn:ANd9GcRv5UX4goTMwgdmfGFK-nlBCDKHooxKallNRocurgCfhA&s=10
leverage,noun,https://encrypted-tbn0.gstatic.com/images?q=tbn:ANd9GcSY4R25QIen-AyCmESNzC5a3CgHBUmtlu96h0I3n3VFNA&s=10
liable,adjective,https://encrypted-tbn0.gstatic.com/images?q=tbn:ANd9GcQJMlVTKnDdxN-vQ1dqv9S40VX8-_1V7iQk6JxN0R-08A&s=10
liberate,verb,https://encrypted-tbn0.gstatic.com/images?q=tbn:ANd9GcQ7fvLV7-mKhGwVNK20_vqGcSaKXJxJsRmbZkUwgZW6Wg&s=10
library,noun,https://encrypted-tbn0.gstatic.com/images?q=tbn:ANd9GcQ4aY2FruHFCIwIrQXvlxui4jK9UyvxasjiJGwbhVWjtw&s=10
lifelong,adjective,https://encrypted-tbn0.gstatic.com/images?q=tbn:ANd9GcSvDTjC26KBwq-Hu7L9w9YkwQRsj_buGY7aRn8dOkqqlQ&s=10
lifespan,noun,https://encrypted-tbn0.gstatic.com/images?q=tbn:ANd9GcStPMNeppPAnF74QVAKXMvKCn5XgnH8fWjwALQ3EaZfaw&s
like,verb,https://encrypted-tbn0.gstatic.com/images?q=tbn:ANd9GcRC3uFFL2bvkKcGcc5gnplFUUGD25N-NZMzYBRVuwD6rA&s=10
likelihood,noun,https://encrypted-tbn0.gstatic.com/images?q=tbn:ANd9GcRUHiVy3fwxJR7LRsmo6Fg-NbbyoU67Li8gzlfH9UU33Q&s=10
linger,verb,https://encrypted-tbn0.gstatic.com/images?q=tbn:ANd9GcT_qzZe1JhHHyvvuYEwXzmCRv9JsT7eI9ytXtL4AKDRBw&s
lion,noun,https://encrypted-tbn0.gstatic.com/images?q=tbn:ANd9GcT3cxiaID4DZUUkAtD89emejaFupePH6Nr_EtrNarjcQQ&s=10
list,noun,https://encrypted-tbn0.gstatic.com/images?q=tbn:ANd9GcQVPMIZA6lmihNZlrHpIoLJbvyYs0TvCKHRnK1UxPDa0A&s=10
listen,verb,https://encrypted-tbn0.gstatic.com/images?q=tbn:ANd9GcT4twhT1ViF1zIwTl33Ldtvf4b4c4QDo9kLZAUsrcI7xQ&s=10
literacy,noun,https://encrypted-tbn0.gstatic.com/images?q=tbn:ANd9GcShhVWKjVKui2G40MrEvJgcP1NH2xG1PKuSUY3hJKzOiQ&s=10
live,verb,https://encrypted-tbn0.gstatic.com/images?q=tbn:ANd9GcRPoQXqPvDgHQKOUhdc05_4QB22UeTPBny9h3iZX8LZRw&s=10
livelihood,noun,https://encrypted-tbn0.gstatic.com/images?q=tbn:ANd9GcTBJGxtQQOcoyuK71sMh_5JG233f-EXtIo-LoQxAox-nw&s=10
livestock,noun,https://encrypted-tbn0.gstatic.com/images?q=tbn:ANd9GcRhGtNN9qjq45ZOIU7m23clXcgrFCdxvRfqtlXXlKOJsw&s
logging,noun,https://encrypted-tbn0.gstatic.com/images?q=tbn:ANd9GcSe6ugI5Db8aezax0kIwPKrPLTXqEOrijYNwXSZ5myq_A&s=10
lonely,adjective,https://encrypted-tbn0.gstatic.com/images?q=tbn:ANd9GcSdpN4rJKExS0WSeDGU1pWyALtDBVYjIIfO7ejWVLjBKw&s=10
long,adjective,https://encrypted-tbn0.gstatic.com/images?q=tbn:ANd9GcSsKWrYs9xgIzkuhwrvLH6ZQoiJjdD23QLsERy-jht_Ag&s=10
look,verb,https://encrypted-tbn0.gstatic.com/images?q=tbn:ANd9GcS1lwFMLxDq8l2t5HEGMScmRVbnbQC92gBwYPuqKnPIFw&s=10
look after,phrasal verb,https://encrypted-tbn0.gstatic.com/images?q=tbn:ANd9GcRCt3Ef7qj83QR-VVHWX3g7S1fBL4c6ABCPLoKxT0QDNQ&s=10
loophole,noun,https://encrypted-tbn0.gstatic.com/images?q=tbn:ANd9GcSeE6JQspiMJWUVcMh7OfaooBzq8d9HMuM1nVe9zDrRtw&s=10
love,verb,https://encrypted-tbn0.gstatic.com/images?q=tbn:ANd9GcSOwxrS0jeZw5zQ2H6BIJpK8kuvKFQuXISiFkdgrOEO1Q&s=10
luckily,adverb,https://encrypted-tbn0.gstatic.com/images?q=tbn:ANd9GcTqM0kPjWFsTOQCwWCxoN5CejLRJ9mMhz6KAtri-SLHAQ&s=10
lucky,adjective,https://encrypted-tbn0.gstatic.com/images?q=tbn:ANd9GcQEzQLjTt5RrfV44ztyI3XpQ1fzpUK8FJ0AkYHp2s0ywg&s=10
lucrative,adjective,https://encrypted-tbn0.gstatic.com/images?q=tbn:ANd9GcTpywYy8PWuRh0Bw0Wz6dkL0XmdxoJUwWcSI2I7SafXcw&s=10
luggage,noun,https://encrypted-tbn0.gstatic.com/images?q=tbn:ANd9GcTxr7dNjQVVtyRIFZf92al-865aMJ7c5OAyXSLaeGif1g&s=10
lunar,adjective,https://encrypted-tbn0.gstatic.com/images?q=tbn:ANd9GcTebLMMklzrNjZVThtfdJ0A6nCpUo-2IlYtnsndJy7bEw&s=10
lunch,noun,https://encrypted-tbn0.gstatic.com/images?q=tbn:ANd9GcSD4qEoM_C-2uVg0Xd-wo7rVdsaVKm0_mg0FnnToVBoEg&s=10
lure,verb,https://encrypted-tbn0.gstatic.com/images?q=tbn:ANd9GcTHu6VbRXlDonuC2VQpCDpjD9b3TXd4CkGBBzT9Luhvww&s=10
magazine,noun,https://encrypted-tbn0.gstatic.com/images?q=tbn:ANd9GcQcaa6cn9oQN-L5Yqx8MjJMWAU591gUdjmdoAvGtJ4NdA&s=10
magnify,verb,https://encrypted-tbn0.gstatic.com/images?q=tbn:ANd9GcQzI8t113OhSFX3h9tz8BhDo1DtsGpQgoXrI0TAOdb4jw&s=10
magnitude,noun,https://encrypted-tbn0.gstatic.com/images?q=tbn:ANd9GcQkzPAaR59OAd_3xlo2z1lyc-bhEXvB_wYhV65kOi9-ow&s=10
mainstream,adjective,https://encrypted-tbn0.gstatic.com/images?q=tbn:ANd9GcSabApTs0r2XxR8J9NJDkltkBEMM1oK-RJjuO-0R0wKgQ&s=10
maintain,verb,https://encrypted-tbn0.gstatic.com/images?q=tbn:ANd9GcTm21aF7sn6P9V-KRrH1ks0-eGqFmt5WeyL9_v8rA27_g&s=10
major,adjective,https://encrypted-tbn0.gstatic.com/images?q=tbn:ANd9GcQYPUvakPP9CuRVFlC5fRs_r07CdGyKFKGUeYe72-LEKQ&s=10
make,verb,https://encrypted-tbn0.gstatic.com/images?q=tbn:ANd9GcR8ZKpiJiOV5agtXueS8TmfE7SGkIkTgy6EcuiYNuBKwg&s=10
malnutrition,noun,https://encrypted-tbn0.gstatic.com/images?q=tbn:ANd9GcTZsFLrzOYAVgVKanPlb4XZ9NP31qjfpnejd0WsjP-dcw&s=10
man,noun,https://encrypted-tbn0.gstatic.com/images?q=tbn:ANd9GcTKjaVWn7PSmh69vXpys6T81EjXeUn4dYH_bn1PqbWp7A&s
manage,verb,https://encrypted-tbn0.gstatic.com/images?q=tbn:ANd9GcQNEoKsDFYRmFV5Zw3DKavjU2anENRTVMVnM0LFVda5bg&s=10
manager,noun,https://encrypted-tbn0.gstatic.com/images?q=tbn:ANd9GcSMcmZHWm-L4eP4CYRMAEKZFgTRs1o7ChyZShcNoQaXxA&s=10
mandate,noun,https://encrypted-tbn0.gstatic.com/images?q=tbn:ANd9GcSjcA6VoQtsbT9kdJoM6WZvKnKItqc8X47P1sL2djPx5w&s=10
mandatory,adjective,https://encrypted-tbn0.gstatic.com/images?q=tbn:ANd9GcRa5kHMq64oLreiZMtmnlTTQaCiSHBnHg6-7_dwiOGYTA&s=10
manifest,verb,https://encrypted-tbn0.gstatic.com/images?q=tbn:ANd9GcSlTZaT0VhlIv8UrMJ369g1hmV1M9IR5vFWqgNeab_P8g&s=10
manipulate,verb,https://encrypted-tbn0.gstatic.com/images?q=tbn:ANd9GcQu86BUwxRbbSF0-oE6QYnrEzfyv1s9oMUNYbu9sPXOaQ&s=10
manuscript,noun,https://encrypted-tbn0.gstatic.com/images?q=tbn:ANd9GcRohco0li-AqP--xWY2eOgcbbc4nV4dpDrAbEqE-xHdcg&s=10
map,noun,https://encrypted-tbn0.gstatic.com/images?q=tbn:ANd9GcQm-lm9DhtK7mKg__c71otznfjmqzCZcGGd7mAHnRYIIg&s
marathon,noun,https://encrypted-tbn0.gstatic.com/images?q=tbn:ANd9GcRuppD0YiXCzNHH3-KSbYZpXZjSGCx0GsqEJ_EqdZ58kA&s=10
margin,noun,https://encrypted-tbn0.gstatic.com/images?q=tbn:ANd9GcRxw56Lg8_avu1X40QNdfAVJyDJdtqBHurguhnyKsT5Mg&s=10
marine,adjective,https://encrypted-tbn0.gstatic.com/images?q=tbn:ANd9GcSt6dFxd-BaOL9e5PI6355DJePgKbKP4xaffYn6EmX6nw&s=10
market,noun,https://encrypted-tbn0.gstatic.com/images?q=tbn:ANd9GcSJ-rrvt94jAwp3i-1eDyMLyLK67oHQuBLG-AQY53AUiw&s=10
masterpiece,noun,https://encrypted-tbn0.gstatic.com/images?q=tbn:ANd9GcQcjJ0Pe6ep7rD33Hu95PqrsvAAPCZgc6o16LFHdzwINg&s
mature,adjective,https://encrypted-tbn0.gstatic.com/images?q=tbn:ANd9GcTRfg2WljS4zfR8j2vUqRWn_plTPf9j6esi7oDDQc6htg&s=10
maximize,verb,https://encrypted-tbn0.gstatic.com/images?q=tbn:ANd9GcT4z00WSd-62GnT0ZNTnr4kGoh8_fJquSF7FObwrJopaw&s=10
meagre,adjective,https://encrypted-tbn0.gstatic.com/images?q=tbn:ANd9GcSLndxDNgSfllGcqSrb6rkmI6gPKybfQJ7PbSP_y9Y-Lg&s=10
meal,noun,https://encrypted-tbn0.gstatic.com/images?q=tbn:ANd9GcRU6xgVQV0IvkFgSXVirIsCw5VtiYVOkRixc9FqSt8Cbg&s=10
meat,noun,https://encrypted-tbn0.gstatic.com/images?q=tbn:ANd9GcTlPaHj6wE7iHYPEIMD2kjFN3b5og_zkwV1IEKgVysnlw&s=10
mechanism,noun,https://encrypted-tbn0.gstatic.com/images?q=tbn:ANd9GcRghC5T_OAUGb2OB1_k5DWdoCm6rGTT2TPsr_EkuVHrmw&s=10
mediate,verb,https://encrypted-tbn0.gstatic.com/images?q=tbn:ANd9GcRyDTBx40AF7yl3RfVDHb4EZr5RxPdr0fqUHTsxE7LVJw&s=10
medicine,noun,https://encrypted-tbn0.gstatic.com/images?q=tbn:ANd9GcSCnY962m0a7CyJvMY43ZkgMpX5zxBHrbjY3G8ZCy6P1Q&s=10
medium,noun,https://encrypted-tbn0.gstatic.com/images?q=tbn:ANd9GcRY0jwjGYrAA4dfg-_EACu3WqCOrFTArUtJpeDax5P0Ig&s=10
meeting,noun,https://encrypted-tbn0.gstatic.com/images?q=tbn:ANd9GcSP48oYxOCNCboJuiRtAcQfrLfU88U7ZhWIx2FjaqT8Eg&s=10
megacity,noun,https://encrypted-tbn0.gstatic.com/images?q=tbn:ANd9GcQz7wLn1izXCk9iPoXXVXPeBtqhRIkYTyHVJqqPgmOkHQ&s=10
mention,verb,https://encrypted-tbn0.gstatic.com/images?q=tbn:ANd9GcQy62IyrX9bB2-Kqp9m29Ll6-lrMD6J952fRD-38gBrYQ&s=10
mentor,noun,https://encrypted-tbn0.gstatic.com/images?q=tbn:ANd9GcTgR-zPT3kPBN1YMq7QXpt2Lw-vZWmKdhBccSZYUU5vPw&s=10
menu,noun,https://encrypted-tbn0.gstatic.com/images?q=tbn:ANd9GcRTwII5SFFLlF_QiXglrpn3ejQd059jfs7RKYANI_Vvug&s=10
mere,adjective,https://encrypted-tbn0.gstatic.com/images?q=tbn:ANd9GcR-4zQHhiCuH2ClLjIejDWsA-hsG1XrEOffWAKXNxfbQw&s=10
message,noun,https://encrypted-tbn0.gstatic.com/images?q=tbn:ANd9GcSy_zE-8rRiOosK-to4izOZIQGeMWCq-kVCOAIs0WAuCA&s=10
meteor,noun,https://encrypted-tbn0.gstatic.com/images?q=tbn:ANd9GcTEYWYba4G_hAZNI3__-3peMo_6FJaFdXXxBuLbJV5hPQ&s=10
method,noun,https://encrypted-tbn0.gstatic.com/images?q=tbn:ANd9GcRdOxFEdtzdDmzDKGu6Mx747hDBsac_1czShOoEPStqPA&s=10
methodology,noun,https://encrypted-tbn0.gstatic.com/images?q=tbn:ANd9GcRL6lMxB1qYMklH9rb7sl3sQSOJTOsf9AJyOIMONMHV0A&s=10
meticulous,adjective,https://encrypted-tbn0.gstatic.com/images?q=tbn:ANd9GcTHlROPwVv_LR0mfXxex_Ejoa9vWRZxzjbqM5wGcMtudw&s=10
metropolitan,adjective,https://encrypted-tbn0.gstatic.com/images?q=tbn:ANd9GcSNeNRTshqfZT7TOiDuJzPZDepV7FmXkqzrzWhj_j8MGw&s=10
microscope,noun,https://encrypted-tbn0.gstatic.com/images?q=tbn:ANd9GcQ2lDSaw56HyOKQWMiNMJEycaQKAhakQWCCB1Bsaxu2aA&s=10
midnight,noun,https://encrypted-tbn0.gstatic.com/images?q=tbn:ANd9GcRCv1GhZsg2MHZI6c7chn6T-HgShVOB5BahyNS4GxzIjA&s=10
migrate,verb,https://encrypted-tbn0.gstatic.com/images?q=tbn:ANd9GcT9rWbcPEQNx6mNrCejT42weHor_Ls2p7D6mHTP-1vHrw&s=10
milestone,noun,https://encrypted-tbn0.gstatic.com/images?q=tbn:ANd9GcRTc4nAmjVPI0Vcfxus5LlieEN6SEkrha91W5jwls5U1A&s=10
milk,noun,https://encrypted-tbn0.gstatic.com/images?q=tbn:ANd9GcSbogsMNu0-iIBRRJByJ0x61RZxsjNeZUvgh3L-knWk4w&s=10
mineral,noun,https://encrypted-tbn0.gstatic.com/images?q=tbn:ANd9GcRaCNSdIAy-qyaVXJUdp9M7R7cFy0yZXdYYmUL2cXHSzw&s
minimal,adjective,https://encrypted-tbn0.gstatic.com/images?q=tbn:ANd9GcTSK-WPk0TwEjowV7EjY5XcfF0k9kgdb7h2voXM-BoZhQ&s=10
minimize,verb,https://encrypted-tbn0.gstatic.com/images?q=tbn:ANd9GcSSODvHwj_EwCUWDsmNDtqssXdfA31kOZipVK-Ti7eYRw&s=10
minute,noun,https://encrypted-tbn0.gstatic.com/images?q=tbn:ANd9GcTXHjGzuEE-4hpM4PHc7hH4zS-7DiP0_tB50z4H1u60ew&s=10
mirror,noun,https://encrypted-tbn0.gstatic.com/images?q=tbn:ANd9GcR5d3ag88Gc8WQsHCtxIukmPWF45TTVuHDBow6WYCIQdA&s=10
misinformation,noun,https://encrypted-tbn0.gstatic.com/images?q=tbn:ANd9GcSluNj8BFM8E7Brp6ZWeKn8eb7ALTqUiz7uK-ttrqZtBg&s=10
miss the boat,idiom,https://encrypted-tbn0.gstatic.com/images?q=tbn:ANd9GcS2KYs0D7Acu9cAWRsubOVnTEQEEr5BKIgKL44MxHHflg&s=10
mistake,noun,https://encrypted-tbn0.gstatic.com/images?q=tbn:ANd9GcQxP3poG5n35H-CcSnAh8Z41Z_Mtkl5ma5DwLViDnxDbg&s=10
mitigate,verb,https://encrypted-tbn0.gstatic.com/images?q=tbn:ANd9GcQICuT3Fr1AqzMdBC2FZTD4-uyWu8Os2cIg6pRJeGkHjQ&s=10
mode,noun,https://encrypted-tbn0.gstatic.com/images?q=tbn:ANd9GcSaNDM5ww_hyInBQeepbLTasgk2jgBPWGa1_sAvEax3cw&s=10
modern,adjective,https://encrypted-tbn0.gstatic.com/images?q=tbn:ANd9GcTWEgrKI4Hk_W4OY0GyYF0jJMOJYLBFquLcq7nkCo3etg&s=10
modify,verb,https://encrypted-tbn0.gstatic.com/images?q=tbn:ANd9GcS8ShwNgFLUe-1CZ7Ah0_AAnbQtFros8aR9vGtRB63d5A&s=10
molecule,noun,https://encrypted-tbn0.gstatic.com/images?q=tbn:ANd9GcRHhiepPFpsLUjr1QEANorADy04QozDVvHglLhCgUhhpQ&s=10
moment,noun,https://encrypted-tbn0.gstatic.com/images?q=tbn:ANd9GcTkwgDUapf6WwHUEFawy9eivvulZlVZcfVxpzDwVCzv9Q&s=10
momentum,noun,https://encrypted-tbn0.gstatic.com/images?q=tbn:ANd9GcReELtcjWFcxL2VMCqqX9_u0gepN51BY9RRvVxifCpEcg&s=10
money,noun,https://encrypted-tbn0.gstatic.com/images?q=tbn:ANd9GcQsFeCw1djwQQKwWwfUumIzkWdxlA_jwAhf1ZkyObf0mA&s=10
monitor,verb,https://encrypted-tbn0.gstatic.com/images?q=tbn:ANd9GcTwmN_I1IruUE0Yen0UcJgVxzAXOSYfCSlTULnZaUQFNA&s=10
monopoly,noun,https://encrypted-tbn0.gstatic.com/images?q=tbn:ANd9GcSAt3PifldcpwmOEDKmMspoDMwJOcz-cmaT6NaiNkyzOg&s
month,noun,https://encrypted-tbn0.gstatic.com/images?q=tbn:ANd9GcRulHkL6lrJB6avaP6OCqgENWV3KPxuQwiEMuNR_LpMmg&s=10
monument,noun,https://encrypted-tbn0.gstatic.com/images?q=tbn:ANd9GcQH_zSQiBSxX-HCscIbItRI110b_-zjQ13qpjLOVutEFQ&s=10
moon,noun,https://encrypted-tbn0.gstatic.com/images?q=tbn:ANd9GcTYsUzpMlXlU4W5QkOvDPes8J7iYw2sqlp3_HUb7XNdiQ&s=10
morning,noun,https://encrypted-tbn0.gstatic.com/images?q=tbn:ANd9GcQub31dMbwO4RZh_4wDuu5oz6IkZxKT1r5GwXZ5b85HYg&s=10
mosaic,noun,https://encrypted-tbn0.gstatic.com/images?q=tbn:ANd9GcSVKYUH6lnBjRTfTjxQwEuYKAhLeV4UYcVO0Sii10ImUQ&s=10
mosque,noun,https://encrypted-tbn0.gstatic.com/images?q=tbn:ANd9GcTlI2jmKvhu9vzHh2HFlPmizY1n0c4G3X_fgoe_Qhmjuw&s=10
mother,noun,https://encrypted-tbn0.gstatic.com/images?q=tbn:ANd9GcTJRPNcXRumBQgvgtFm3zq_BuHNYyctZAxP3i2wQOeKlg&s=10
motivation,noun,https://encrypted-tbn0.gstatic.com/images?q=tbn:ANd9GcTqVKjzx1Wx544yiRj8RBKYAEyaJu0KIe78i5sHPVSOuQ&s=10
motive,noun,https://encrypted-tbn0.gstatic.com/images?q=tbn:ANd9GcT2OCFz9x7eJxLDjfK9bB_9r0zxkCraw1xSYnpvGxaQzQ&s=10
mountain,noun,https://encrypted-tbn0.gstatic.com/images?q=tbn:ANd9GcTw4PYeJcMVDF11lISVPRtfZFIwN0Sc30KJkOCPek42iA&s=10
mouse,noun,https://encrypted-tbn0.gstatic.com/images?q=tbn:ANd9GcSxuqJZbGL4nJDwLdq80Vlb14nBYGZfmiZYHtiVLvH3jA&s
mouth,noun,https://encrypted-tbn0.gstatic.com/images?q=tbn:ANd9GcRmzB8LLKqRmUIh1ws5yfpDtvpu-vzbcT3LzzPCH-tAUQ&s=10
multicultural,adjective,https://encrypted-tbn0.gstatic.com/images?q=tbn:ANd9GcRVGXyxjx8XX9hvPATU7WTU7VwkN5cpHnYC-CuXVNHHeQ&s=10
multilingual,adjective,https://encrypted-tbn0.gstatic.com/images?q=tbn:ANd9GcThh0BeMwqnFEZKnXNZ8ethBAy76V4FvPJYwM6KWdtO0Q&s=10
mundane,adjective,https://encrypted-tbn0.gstatic.com/images?q=tbn:ANd9GcSxFJsMapp_mt5nmilml0SmUebaxaHy3Yj3Afk9reBx6A&s=10
municipal,adjective,https://encrypted-tbn0.gstatic.com/images?q=tbn:ANd9GcTvYysMrFhJ5w-79hRWSuYhXtO0If-ZBilGrfo1hl1bxA&s=10
mural,noun,https://encrypted-tbn0.gstatic.com/images?q=tbn:ANd9GcRUwMgOU78SH0OetX2UFGuMxdhQW6Dv1IcGYR8okLWTfg&s=10
museum,noun,https://encrypted-tbn0.gstatic.com/images?q=tbn:ANd9GcTo3McgkEpkoNNqo4yonYedywDNXNykW8EMzn6C5sIGgQ&s=10
mutual,adjective,https://encrypted-tbn0.gstatic.com/images?q=tbn:ANd9GcTtCRcQl28bQ4XBOFLKt8AzFIKVCRA34cwwbs88a7n8Dw&s=10
name,noun,https://encrypted-tbn0.gstatic.com/images?q=tbn:ANd9GcSgq7XRjdCnnRogM6R2x052QX-XyQbopuvisLiSXUYqJA&s=10
navigate,verb,https://encrypted-tbn0.gstatic.com/images?q=tbn:ANd9GcQWXatZkAODo4sUS3LVRXEFZcUP0E3pn_PNNI9SIKVbwA&s
need,verb,https://encrypted-tbn0.gstatic.com/images?q=tbn:ANd9GcT2g2K3y91IRRVgziv67jc8tPCxnJNw14c1gGgqAzK2Wg&s=10
neglect,verb,https://encrypted-tbn0.gstatic.com/images?q=tbn:ANd9GcTi226wYc8V5lkrzKaFjZDd630yKMYj-INj_QoZ_J4l0A&s=10
negotiate,verb,https://encrypted-tbn0.gstatic.com/images?q=tbn:ANd9GcRbZGsBf_vWhABFpHNWjWEASGeXZoGMPmZcPGolTz3gDg&s=10
neighbour,noun,https://encrypted-tbn0.gstatic.com/images?q=tbn:ANd9GcRNdVsCuvCzatGTGMzalLSTMybv9ilMQ-m4FOHoGX1RFg&s=10
nervous,adjective,https://encrypted-tbn0.gstatic.com/images?q=tbn:ANd9GcS_dznRR5WQUPw8UFJWDnZM58jp4jeTk6EnS_Xug2DMrw&s=10
neuron,noun,https://encrypted-tbn0.gstatic.com/images?q=tbn:ANd9GcSliXM-hXP0eOIiWCF8XZmFpI2tsKX6GTYGdActUNqDlQ&s=10
neutral,adjective,https://encrypted-tbn0.gstatic.com/images?q=tbn:ANd9GcRagn4J3mRG692l4vr5e9JCRFMRcvX8C9EIgr1sTf88Vg&s=10
never,adverb,https://encrypted-tbn0.gstatic.com/images?q=tbn:ANd9GcSjJxuEvhG7DwioSjjwVcXufbXZe68jnKM7wPft4SouQQ&s=10
new,adjective,https://encrypted-tbn0.gstatic.com/images?q=tbn:ANd9GcTWM1Ug3SUTrw9m5L9SrwRUkw73ERatb_JmtIKMhtrIBQ&s=10
niche,noun,https://encrypted-tbn0.gstatic.com/images?q=tbn:ANd9GcSLxmJOmfYK0Vts5Afp8RFNOOikyIpo22sgKw4Hb-Qzqg&s=10
night,noun,https://encrypted-tbn0.gstatic.com/images?q=tbn:ANd9GcTWSMBBs5uRHoIGeWcgMvmOendXH4L-Poigr_JGpZuFkQ&s=10
no,adverb,https://encrypted-tbn0.gstatic.com/images?q=tbn:ANd9GcQmaiEcX1GB_lnwN8CruGF10ckKEJZFI2ZILVDRz-cx3A&s=10
noisy,adjective,https://encrypted-tbn0.gstatic.com/images?q=tbn:ANd9GcTy8CcFO7k56ohukhQ3SCWw1wmjAyga4tkULbCRsgKzoQ&s=10
nominate,verb,https://encrypted-tbn0.gstatic.com/images?q=tbn:ANd9GcR_HfT3cLK2LEet6Hs0wQST9VNDztZByJNVHyCC6aoOKA&s=10
norm,noun,https://encrypted-tbn0.gstatic.com/images?q=tbn:ANd9GcR8mmtPlzpNZ0Ge8pymY_Jg0vSfGT9AJ_kcUbVaZwwyKw&s=10
nose,noun,https://encrypted-tbn0.gstatic.com/images?q=tbn:ANd9GcSAmd_4QqfF4ofDcO9gqSmZY8_bGyXHHyqEUvDTt-nWHg&s=10
notable,adjective,https://encrypted-tbn0.gstatic.com/images?q=tbn:ANd9GcR7bAjnce2zppj8YV_QlxbZMp4FTPKtF2pTAc7ChU0hZQ&s=10
notion,noun,https://encrypted-tbn0.gstatic.com/images?q=tbn:ANd9GcTDoh_ylxL0432P1ZRCMkjrqdbIRluZSSwB91S3UxxSyQ&s=10
nourish,verb,https://encrypted-tbn0.gstatic.com/images?q=tbn:ANd9GcTcqFgsyBHsuPV89EFb_Mq-XuHt5aKJJ8XHCSowTCRjqg&s=10
novelty,noun,https://encrypted-tbn0.gstatic.com/images?q=tbn:ANd9GcRM6Le0ClOtIVZFN4i61TFSXSO82TC7SCwcPbRMlSj0RA&s=10
now,adverb,https://encrypted-tbn0.gstatic.com/images?q=tbn:ANd9GcRFPdkqjdXkEpAfiGUvsoF69eCBiy4vkMNFUdH2TyyZ7w&s=10
nuance,noun,https://encrypted-tbn0.gstatic.com/images?q=tbn:ANd9GcQByub0O1K-LpMha-AJSiPZt-PQnTehRiad3oCFNv2zwg&s=10
nuisance,noun,https://encrypted-tbn0.gstatic.com/images?q=tbn:ANd9GcRDVWQGAKH-wZBiktjJzJ6B9Vm3nPpqfyCK99NlsM9fRQ&s=10
numeracy,noun,https://encrypted-tbn0.gstatic.com/images?q=tbn:ANd9GcSMoyM_R7c5ku6aSOt4oAG6LThNbfFTxiWN0j4VUygK7A&s=10
nurse,noun,https://encrypted-tbn0.gstatic.com/images?q=tbn:ANd9GcTHarsI4VJmMS08LIxrAVL0D1IB4JoQhQXr9NTtLNgStg&s=10
nurture,verb,https://encrypted-tbn0.gstatic.com/images?q=tbn:ANd9GcSmfkAe3kllz1I-v7asgQujPJz7SjwsgZiUkooeRS_iSw&s=10
nut,noun,https://encrypted-tbn0.gstatic.com/images?q=tbn:ANd9GcTXj4Y1KDdtZPvn0bAyiXksRlZwZvPBEs0Wh52VnhDo9A&s=10
nutrition,noun,https://encrypted-tbn0.gstatic.com/images?q=tbn:ANd9GcRr-Z5vst4uqepfsDE5fQ-OwsayYXM6FlM38lXkeznKZA&s=10
oasis,noun,https://encrypted-tbn0.gstatic.com/images?q=tbn:ANd9GcQmLwZ384ybNJfNs4KmQDN6_weSbO0YYf9AOcu5Csu4Dg&s=10
obesity,noun,https://encrypted-tbn0.gstatic.com/images?q=tbn:ANd9GcQeK8imk9gPq2fEy8I3CWeF-Iw8krAOTF7QlLxZtGtcOw&s=10
obey,verb,https://encrypted-tbn0.gstatic.com/images?q=tbn:ANd9GcRM1eh7Ly1WDVi_vhNqOAtReuvuz692nyUAUxcjlebscA&s=10
objective,noun,https://encrypted-tbn0.gstatic.com/images?q=tbn:ANd9GcTT0TQONEHZBMhSCUb-GPNliGHk9XnXABDpinm8sTA2yQ&s=10
obligation,noun,https://encrypted-tbn0.gstatic.com/images?q=tbn:ANd9GcTUbiee6351AxLl8tDm4UrP4rVuLi4RIX1ml9kKS69DPg&s=10
obscure,adjective,https://encrypted-tbn0.gstatic.com/images?q=tbn:ANd9GcS3VJ4YkZ3ivGp5oPKOIjuXCFpmunYyKfyf7aM5T0A0tA&s=10
obsolete,adjective,https://encrypted-tbn0.gstatic.com/images?q=tbn:ANd9GcRiGgr9yEimryXrs6tstgi5HMhe9IqtOZ2mHblFhjvyXw&s=10
obstacle,noun,https://encrypted-tbn0.gstatic.com/images?q=tbn:ANd9GcQl0CU_Kt6yIrpM13vNdBG5VnS5UHZKxdKawnD-QLJOCA&s=10
obtain,verb,https://encrypted-tbn0.gstatic.com/images?q=tbn:ANd9GcT_KcPsgK1B7vVM-xjhZsSmmkGIsGr0uT3V-BukGZIG4A&s=10
obvious,adjective,https://encrypted-tbn0.gstatic.com/images?q=tbn:ANd9GcQu8WkPOu3eDIXZvvQWEa6OXE8ZMvSe-HhiFCaXJfehsQ&s=10
occupy,verb,https://encrypted-tbn0.gstatic.com/images?q=tbn:ANd9GcReolccr-OtcWX_aPi9budcNOPlRXKHL87m-Xl_5gQhEw&s=10
occur,verb,https://encrypted-tbn0.gstatic.com/images?q=tbn:ANd9GcT_A1FSvGtrQeNyTSO3XhtJRE6n0Wb62gaJHi5f1lVUcw&s=10
ocean,noun,https://encrypted-tbn0.gstatic.com/images?q=tbn:ANd9GcSgFDBORdyzAoeZI7H1NBIjmBWSfMVIpGzQe-uSfCRw6g&s=10
offend,verb,https://encrypted-tbn0.gstatic.com/images?q=tbn:ANd9GcSBPsZtw8RK_VXgQWtG_PoGf7Oy745jLxFo67fy8c4GUg&s=10
offender,noun,https://encrypted-tbn0.gstatic.com/images?q=tbn:ANd9GcTvOeZnd8JzO3Y-XJX6YMQQLDW1b81VrmYYw9aBjUiRbQ&s=10
office,noun,https://encrypted-tbn0.gstatic.com/images?q=tbn:ANd9GcR_9GXhoMwlyd96o2Gj-RmbSu_1Oyb3CLVw4pstxaNyvg&s=10
offset,verb,https://encrypted-tbn0.gstatic.com/images?q=tbn:ANd9GcSmgBsTzBB_PJgKs6tTcqCjm72Z8V24kuXbns1GzJMMQw&s
offspring,noun,https://encrypted-tbn0.gstatic.com/images?q=tbn:ANd9GcR0nS_mghrlB4eIRDW70WB8isNigxrJ1X2xc1KInoaDzQ&s=10
often,adverb,https://encrypted-tbn0.gstatic.com/images?q=tbn:ANd9GcQ940jzWveJX81rhI48Eqi5RNXe57bY8qM_cE33ub1JlA&s=10
old,adjective,https://encrypted-tbn0.gstatic.com/images?q=tbn:ANd9GcQxHKp8P_vjaZdAhtnozGD44hdtum7tURP-Bw0tl_vm-w&s
on,preposition,https://encrypted-tbn0.gstatic.com/images?q=tbn:ANd9GcSYNnQrMS1u4RfaLc5621xMKIbK5PcC0tixzPz2GEx_Gw&s
on the fence,idiom,https://encrypted-tbn0.gstatic.com/images?q=tbn:ANd9GcQZ3cN_kT5_UFC--2BmNKIlUVHmPT0zxdcW4qANR8txPw&s=10
once in a blue moon,idiom,https://encrypted-tbn0.gstatic.com/images?q=tbn:ANd9GcRmqWkkzCPIDY-2NKj1-7cEmKeUQm4gtfW1kUkXWM-now&s=10
ongoing,adjective,https://encrypted-tbn0.gstatic.com/images?q=tbn:ANd9GcTnKNWLCBmTroRT5bKLbI2K1Z1vcO6muLLsco8vtjqOKg&s=10
onion,noun,https://encrypted-tbn0.gstatic.com/images?q=tbn:ANd9GcQcGvHhJ32RJpfQDOcudmRDNhpWlngQe6ddTF0GnJ9O5Q&s=10
onset,noun,https://encrypted-tbn0.gstatic.com/images?q=tbn:ANd9GcSyenl0B7YYcG1dpp9JVPXpguAMCaMvSay6PMmhBAPh2Q&s=10
open,verb,https://encrypted-tbn0.gstatic.com/images?q=tbn:ANd9GcQF6OuUYxHcKMsRtOeV8WinmStvnveMlNhlJ_e-wQoiKw&s=10
opinion,noun,https://encrypted-tbn0.gstatic.com/images?q=tbn:ANd9GcQpA9zOVaHuzONEiWmIAXF9dpyzZBXU0m7TV4y6CVZYVw&s=10
opportunity,noun,https://encrypted-tbn0.gstatic.com/images?q=tbn:ANd9GcSOf41Nzgbds60ze2CIwgr9BLQasxAX3pFlVAYPOfgitQ&s=10
optimal,adjective,https://encrypted-tbn0.gstatic.com/images?q=tbn:ANd9GcRLoeMJOFVWVl39j7sMmZ9LoZ7UFYeBse_rhTG9o74CTQ&s=10
option,noun,https://encrypted-tbn0.gstatic.com/images?q=tbn:ANd9GcQ_4LYVj2eKxCN0v_hLJLlwrJox3CoHSUrtg5B710XZrw&s=10
or,conjunction,https://encrypted-tbn0.gstatic.com/images?q=tbn:ANd9GcSTXXZwZoXds78s8pwnKY0MDZ43P8UrlA2IdhaZ9ZY3jw&s=10
orange,noun,https://encrypted-tbn0.gstatic.com/images?q=tbn:ANd9GcToq57MOpM9n_Hzd7PFknYj3GcT50USI-rHaEUev1N_5g&s
orbit,noun,https://encrypted-tbn0.gstatic.com/images?q=tbn:ANd9GcSBeCv73mL_HOK7TawCb8CMxjv24VUdGrV2coRiEppC8Q&s=10
orchestrate,verb,https://encrypted-tbn0.gstatic.com/images?q=tbn:ANd9GcQL3R53KmuyaJDdp6N380YxlSlQHx99hnZuOOLqT70YeQ&s=10
ordeal,noun,https://encrypted-tbn0.gstatic.com/images?q=tbn:ANd9GcT472vdTLmpjI9jA5WwPuYYhpuBYtVMlSR-voYlomHXmA&s=10
order,noun,https://encrypted-tbn0.gstatic.com/images?q=tbn:ANd9GcTbZXPZvah0f30-c3kSI3LqVyGihe_dm8skKGAVVNuU3A&s=10
ordinary,adjective,https://encrypted-tbn0.gstatic.com/images?q=tbn:ANd9GcRgFpoOnBbEhJGoKo03xTLUVqaxXJ3FxoEx_iwKTuulkA&s
organism,noun,https://encrypted-tbn0.gstatic.com/images?q=tbn:ANd9GcQvxVNR1VaSPGwT_THHMsDtUd-XEgJz9Sp6qeb7-yF7uQ&s=10
orient,verb,https://encrypted-tbn0.gstatic.com/images?q=tbn:ANd9GcQJcgip66ZMkaEtnDj-_QAdIbtd0F0rmH5-176U8u1nzg&s
ornament,noun,https://encrypted-tbn0.gstatic.com/images?q=tbn:ANd9GcQYbAsB238_EJLjRQWEJ30QAC6g3aDJsfVOiwqYxX3yLg&s=10
outbreak,noun,https://encrypted-tbn0.gstatic.com/images?q=tbn:ANd9GcRkNZW4ptGhYq8LPKDXW8f88MmZqfuu5_35CfP4k8vcZA&s=10
outcome,noun,https://encrypted-tbn0.gstatic.com/images?q=tbn:ANd9GcQ5NXz_LRFOWEBtqlOVmbV2tAUDoA2_lfHeT9FbIf8Kog&s
outcry,noun,https://encrypted-tbn0.gstatic.com/images?q=tbn:ANd9GcRudT2_RJL7-zFjbL2pkCV7wpYR9rvKrduTalZQScoBow&s=10
outlook,noun,https://encrypted-tbn0.gstatic.com/images?q=tbn:ANd9GcRgIk6nNs7Zvivb0ndYGstcpt3gnD4qZjPFQBUiM9VZMA&s
outpace,verb,https://encrypted-tbn0.gstatic.com/images?q=tbn:ANd9GcRfAebKi2Iyk6Ve5RTBJjsXI-brBeG1QNlQJKRRUsw71w&s=10
outset,noun,https://encrypted-tbn0.gstatic.com/images?q=tbn:ANd9GcTv--D79kLvLX10RQw_bJFGEITJBp7jUQSMNwJSwL-KuQ&s=10
outskirts,noun,https://encrypted-tbn0.gstatic.com/images?q=tbn:ANd9GcTMS1-nULTFFfoKpgm4tI-PxKCOOGJwJKdaZzP46XzCFA&s=10
outsource,verb,https://encrypted-tbn0.gstatic.com/images?q=tbn:ANd9GcTtiKgVQjCcFtIP12S_0ZLfhDZ1BT81UwQWlrZvNIF27Q&s=10
outweigh,verb,https://encrypted-tbn0.gstatic.com/images?q=tbn:ANd9GcQyU56qnZYxLbcECrLgfcxJODQqf9Kdv5l3XLUueHqp8w&s=10
oven,noun,https://encrypted-tbn0.gstatic.com/images?q=tbn:ANd9GcQrEvFoG2getdPnEDsMRF7yckWeEv3n4hbp3yPlaMr_-A&s=10
overall,adjective,https://encrypted-tbn0.gstatic.com/images?q=tbn:ANd9GcTXbshVcWrZ7WbMb6t4oUrPRSt3qaCXvl1hlVR-B-061g&s=10
overcome,verb,https://encrypted-tbn0.gstatic.com/images?q=tbn:ANd9GcRcObwjKLpVA5czyRLLQLbJ-VnQHYan_Apdrh4Vtb-1AQ&s=10
overcrowding,noun,https://encrypted-tbn0.gstatic.com/images?q=tbn:ANd9GcTOP4_RMwDWysBlCdoax577sfqToTodSL2eYzx4eUQEhQ&s=10
overlap,verb,https://encrypted-tbn0.gstatic.com/images?q=tbn:ANd9GcR51TkQ60cwEyTYdQgXx2ccfu-1kVqr7Chf0SaICEmZVg&s=10
oversee,verb,https://encrypted-tbn0.gstatic.com/images?q=tbn:ANd9GcTFaYZRv2590RQ_3Y_Kg3qHo1cU-SuvJtloeOAt-xgzig&s=10
overshadow,verb,https://encrypted-tbn0.gstatic.com/images?q=tbn:ANd9GcSJe1C_CCXoDoGxIu6t_iZ7rLTvIuEjrdtVWO_DRJbsAQ&s=10
oversight,noun,https://encrypted-tbn0.gstatic.com/images?q=tbn:ANd9GcS5cX0k1Dm5erZGgPNVZZd-MS6tB0ySlnbZrqh71su1Aw&s=10
overtime,noun,https://encrypted-tbn0.gstatic.com/images?q=tbn:ANd9GcQ0DYM6_374ZOjS2VBl7n-wSIKKVRNie2zUwjd3dHcdGA&s=10
owl,noun,https://encrypted-tbn0.gstatic.com/images?q=tbn:ANd9GcT9tbsmir5x9BcGoKGwIgvUNq9ibHC9LbskFZ7zUdVC1Q&s
ozone,noun,https://encrypted-tbn0.gstatic.com/images?q=tbn:ANd9GcSrzGzfR5NkjD9-MnQ_wP9etG947TyjzLile1GdpvCiQg&s=10
pair,noun,https://encrypted-tbn0.gstatic.com/images?q=tbn:ANd9GcSjyP2ZLqPpaGqZagdsm0prrA_GHLRK-iCb6JttmtTr6g&s=10
palace,noun,https://encrypted-tbn0.gstatic.com/images?q=tbn:ANd9GcRaW8NQpxHBQNFd0gbz3tozUHqDOd6ftDFJyCqxCYixTQ&s=10
pandemic,noun,https://encrypted-tbn0.gstatic.com/images?q=tbn:ANd9GcREuXxDv8gPJ3d-aq6MFIZQxvRizpk24PXlGCUl3lv1iw&s=10
paper,noun,https://encrypted-tbn0.gstatic.com/images?q=tbn:ANd9GcQXOWLU44KmDFIFyT_i6a3QWX4XjuKKbX0KWw5e2_7mrA&s=10
paradigm,noun,https://encrypted-tbn0.gstatic.com/images?q=tbn:ANd9GcQHU2YcoEsVwM6LP2UfOnm7rgL6CGRFDOhyMWVFCNyV_g&s=10
paradox,noun,https://encrypted-tbn0.gstatic.com/images?q=tbn:ANd9GcSvlhkHQN3qPQb50FNDWwp9xxuDYKb_j4Oit5NM_-MutQ&s=10
parameter,noun,https://encrypted-tbn0.gstatic.com/images?q=tbn:ANd9GcQRZQRu9n_ZCLLKx_RgZrzEZOb7khHCUGqtQnmsBK09aQ&s=10
paramount,adjective,https://encrypted-tbn0.gstatic.com/images?q=tbn:ANd9GcQuKJ8SjcvH9vsiVbSquOIICquLZvez2Enc-6T6Af8Ccg&s=10
parent,noun,https://encrypted-tbn0.gstatic.com/images?q=tbn:ANd9GcQzew8sh5k-bkQqtbXy7RjbESyJiweXbQobCIi-MQZkhQ&s=10
park,noun,https://encrypted-tbn0.gstatic.com/images?q=tbn:ANd9GcSSdEBjLdClgWsAQkW2mPrWy3bCt0kWlL7cOliFKvLJvg&s=10
partial,adjective,https://encrypted-tbn0.gstatic.com/images?q=tbn:ANd9GcQpIbYRvb9-KgKPxfRQdrz0ST2PWkqdZkJ1iRPXAcXfvA&s=10
participate,verb,https://encrypted-tbn0.gstatic.com/images?q=tbn:ANd9GcTm_LVyaGnULYsvGDgRXk2QNdDq_8yIgyOJtAUffb1bfA&s=10
particle,noun,https://encrypted-tbn0.gstatic.com/images?q=tbn:ANd9GcTAj3-3wdSJTQC7rpPar1PHHp3lAUmpH57fdIzE68778w&s=10
party,noun,https://encrypted-tbn0.gstatic.com/images?q=tbn:ANd9GcTa-Qsh1WAATc2GR1kV6KXgKChXcfB0vVnWGa6zrjoiBQ&s=10
passenger,noun,https://encrypted-tbn0.gstatic.com/images?q=tbn:ANd9GcSEYO5jBS_pNmsRt2rDUsr29rw_yhimj_U2tUTmRz8WmQ&s=10
passive,adjective,https://encrypted-tbn0.gstatic.com/images?q=tbn:ANd9GcR7O5-ZIQLBJlze_HBT2YtLk16oIUx2731Ksdh-C1ydAw&s=10
passport,noun,https://encrypted-tbn0.gstatic.com/images?q=tbn:ANd9GcRAI_jtAcqUXDOVITTnFiUV656hnONqhCw9lCrf5VQhOw&s=10
patent,noun,https://encrypted-tbn0.gstatic.com/images?q=tbn:ANd9GcSSPAB-dbKnCWGFnFOZgD_fY-Z2flHNLUO6zsSIXzPpOA&s=10
path,noun,https://encrypted-tbn0.gstatic.com/images?q=tbn:ANd9GcTalcw7L81Wg3iUFbF0EaNHdJ7vbpsA4uT2gb1ngja2YQ&s=10
patient,adjective,https://encrypted-tbn0.gstatic.com/images?q=tbn:ANd9GcTUuXMx9MEpm8n0uYcof2Wej8IDEU6toLUMUQiRUyaINQ&s=10
patriotism,noun,https://encrypted-tbn0.gstatic.com/images?q=tbn:ANd9GcQOn4mLZHiQyO92-xaS_eB87hWfHH1K1SwLudBReYYZ3w&s=10
pedestrian,noun,https://encrypted-tbn0.gstatic.com/images?q=tbn:ANd9GcRy6oPARhJmsP0vSpbb_UYUEbAAFavttm1M5LJtn59a6g&s=10
peer,noun,https://encrypted-tbn0.gstatic.com/images?q=tbn:ANd9GcTcbmXdkS4244kUkbz1vpFHt_1YHkzR7YPAcnAW8NxJTQ&s=10
pen,noun,https://encrypted-tbn0.gstatic.com/images?q=tbn:ANd9GcRmGM4mKM_tJ0iumMjesfZXJxzd34ZXeNZnODFydzYdWw&s=10
pencil,noun,https://encrypted-tbn0.gstatic.com/images?q=tbn:ANd9GcT7uc5sKJjIt2bEiigzYuhYlo65zWJ4GGK8dgYHxxHSPg&s=10
pension,noun,https://encrypted-tbn0.gstatic.com/images?q=tbn:ANd9GcQAWBlQGCpHh44KlBiCX8uagGj_YvINdCENcK2FO8XDEA&s=10
people,noun,https://encrypted-tbn0.gstatic.com/images?q=tbn:ANd9GcTTm3IKjVEl87eBED4Dvo9rCGhjPNvlgUWaxZzPW1Hcqg&s=10
perceive,verb,https://encrypted-tbn0.gstatic.com/images?q=tbn:ANd9GcQQA1ghTMgdsxXKL2L5i5F8XwfzzmmwDmfBTLLbE557LA&s=10
perilous,adjective,https://encrypted-tbn0.gstatic.com/images?q=tbn:ANd9GcSTcnWoRTOfYkTXfEMdD8NGWqp8yTrgrFuQmviEEFr-Xg&s=10
periodic,adjective,https://encrypted-tbn0.gstatic.com/images?q=tbn:ANd9GcQAb6XPbMgUKubPnGkGZW1-WPONd8iXKxu6ubDUeTR4_A&s=10
perish,verb,https://encrypted-tbn0.gstatic.com/images?q=tbn:ANd9GcTtLMFHy00BGtEGhQ73zUFqLK7KACnNNMC9lDsLEDp22w&s=10
permission,noun,https://encrypted-tbn0.gstatic.com/images?q=tbn:ANd9GcS7O5RwzDfKgs3Unoiva395bvqV8AN6uhjS0SUyEhyNTQ&s=10
perpetrator,noun,https://encrypted-tbn0.gstatic.com/images?q=tbn:ANd9GcRYYmZLqDlasMdIrHWrioSFa-c9YOTt4qCzQuXg43mJow&s=10
perpetuate,verb,https://encrypted-tbn0.gstatic.com/images?q=tbn:ANd9GcTOeS--D2sm8Dam4_sEbxulpCeig8LF3sUWYahVfiCXhg&s=10
persist,verb,https://encrypted-tbn0.gstatic.com/images?q=tbn:ANd9GcRax6bAsPWN8rddUU44suUZGJGdFazBBTu74pSlMYx6Og&s=10
personality,noun,https://encrypted-tbn0.gstatic.com/images?q=tbn:ANd9GcRDSmOkNOcyv6uRCpzVnMaiOB7J7OSPAIQTZe8lp8_ITA&s=10
perspective,noun,https://encrypted-tbn0.gstatic.com/images?q=tbn:ANd9GcRJWUKh3BesZO9VTnZIYW51LPYxJeLsi2vJz7XtAmBSxg&s=10
persuade,verb,https://encrypted-tbn0.gstatic.com/images?q=tbn:ANd9GcRCmzbRMBF_wYi9MS8UZFiGkXpY2a7JOHZ9G5hs-NBRqA&s=10
pertinent,adjective,https://encrypted-tbn0.gstatic.com/images?q=tbn:ANd9GcSc5Xv86t7qyyxSP03itkfEZsxtQD1NGJuwK3DSqMYWIQ&s=10
pervasive,adjective,https://encrypted-tbn0.gstatic.com/images?q=tbn:ANd9GcR-xZqw0sIw288d_tOKCMyIqotXYSc2N8HLus5MKaKA7w&s=10
pesticide,noun,https://encrypted-tbn0.gstatic.com/images?q=tbn:ANd9GcSrKANLFIkp0LkA0kllzGiKcf8OF2vAP3XTp7bOFhW2ZA&s=10
petition,noun,https://encrypted-tbn0.gstatic.com/images?q=tbn:ANd9GcT6np1xsOBwxVPrs4ma13PEj6UgZH1zo-sIF1Ix92H0eg&s=10
pharmaceutical,adjective,https://encrypted-tbn0.gstatic.com/images?q=tbn:ANd9GcSCL7Ul2OK_j1LiyitvE7Djr2ogtnusi8kdnn9YDKY7AA&s=10
pharmacy,noun,https://encrypted-tbn0.gstatic.com/images?q=tbn:ANd9GcTB2pHoDsJQwVvUc3fTKaiOdJnJXYf4SFrsLCe5aWPizQ&s=10
phase,noun,https://encrypted-tbn0.gstatic.com/images?q=tbn:ANd9GcQva3_QiOdr7LRpNJMumH4Jqa9VOtFB5HZZEqEKc-IInw&s=10
phenomenon,noun,https://encrypted-tbn0.gstatic.com/images?q=tbn:ANd9GcQDmzW8wTaGMWLblZrS237WYDbeFVvWwSu8SkZp3_ayzA&s=10
photo,noun,https://encrypted-tbn0.gstatic.com/images?q=tbn:ANd9GcSiCduCFseX1zwS5wVs6FJLixSWMRIgSi6padV-W_7Mmg&s=10
physician,noun,https://encrypted-tbn0.gstatic.com/images?q=tbn:ANd9GcT-ez7UAvhcpgsTN1i4LuL631RCFqJ2TtI9WARDopCopA&s=10
pick up,phrasal verb,https://encrypted-tbn0.gstatic.com/images?q=tbn:ANd9GcREm32BZdBRUtyWk0L4y0RFzRPSFr2tdMQKf6vwnP-b5w&s=10
picnic,noun,https://encrypted-tbn0.gstatic.com/images?q=tbn:ANd9GcSVJivjby10jinO1V7Opy0iGANmAClau7K51ezFNDpSXg&s=10
piece of cake,idiom,https://encrypted-tbn0.gstatic.com/images?q=tbn:ANd9GcSKLeWoKZEn6C-AD8DKRIwHBOfxqdnYb_VCQ713FXC0QQ&s=10
pilgrimage,noun,https://encrypted-tbn0.gstatic.com/images?q=tbn:ANd9GcRF1LsIOFdkw8aJ2I3h5BVOr8t9_Y1eTuWV0XU0TkFbqg&s=10
pillar,noun,https://encrypted-tbn0.gstatic.com/images?q=tbn:ANd9GcTCLe3e3a08Tt7DuLIMa8XfUst4g1LyGKXXXcsjpvvyMQ&s=10
pillow,noun,https://encrypted-tbn0.gstatic.com/images?q=tbn:ANd9GcQ9oZ6yHiJ9qnh8-nmyVoEj-vMmd-A6N8mVG7tUl9VHVw&s=10
pinnacle,noun,https://encrypted-tbn0.gstatic.com/images?q=tbn:ANd9GcTVV9RgSMWqGv9vjVED5coaQVrmS8-qYWQAbSUxchzaWw&s=10
pioneer,noun,https://encrypted-tbn0.gstatic.com/images?q=tbn:ANd9GcRQjD7AA2N7p0Ap4jp9_iA3uSQZYXORZTGDwVgznY3ETQ&s=10
pitfall,noun,https://encrypted-tbn0.gstatic.com/images?q=tbn:ANd9GcSlJSOBXm42vSbOywd9VC1W1QY-oU5hh6590n0SWYX0ZQ&s=10
pivotal,adjective,https://encrypted-tbn0.gstatic.com/images?q=tbn:ANd9GcQBtcNN_5af-fXudJr3yQJzN3aoNux2GhUzLTWmoDg1Pg&s
plagiarism,noun,https://encrypted-tbn0.gstatic.com/images?q=tbn:ANd9GcQppeI2SuTqgmS51xQKxrMTMyK5rLzX-oYkEPdKI85WhA&s=10
plan,noun,https://encrypted-tbn0.gstatic.com/images?q=tbn:ANd9GcRMJlCR4KFKRFicWJj4IT2xsaF_5pA2dVFntFCxPFfVvw&s=10
plane,noun,https://encrypted-tbn0.gstatic.com/images?q=tbn:ANd9GcQJvP8G1O7YHvPaUz_TPY_72J1yOhgN2hpQpgasNzGKhQ&s=10
planet,noun,https://encrypted-tbn0.gstatic.com/images?q=tbn:ANd9GcQU9MtmWp5-J2AeyxnrXUTV6a0B_r2PdIX0AUJDZD0o_Q&s=10
plate,noun,https://encrypted-tbn0.gstatic.com/images?q=tbn:ANd9GcR6nDe-NetAmz8v6M3n-qMvZ6Lz9nkO4uglQIaF5DDifQ&s=10
plausible,adjective,https://encrypted-tbn0.gstatic.com/images?q=tbn:ANd9GcSTKaAXVHVsWaDlGMdEs5ept9cNyerh5c77CXM5BxQ6xQ&s=10
play,verb,https://encrypted-tbn0.gstatic.com/images?q=tbn:ANd9GcRAoM8rLheMgsztFU5Dp-zHcPAl5uz28LJlTd9-v4XQbg&s=10
playground,noun,https://encrypted-tbn0.gstatic.com/images?q=tbn:ANd9GcQNh0W__AgUINoPleZ9B5qC6gdYHN7QaOlrr50aqrA9YQ&s=10
plight,noun,https://encrypted-tbn0.gstatic.com/images?q=tbn:ANd9GcTru5Eafrq-9KsUnklvmkOpZwSr0bI3ivA0OLFEnpVsGQ&s=10
plummet,verb,https://encrypted-tbn0.gstatic.com/images?q=tbn:ANd9GcSVjXT1z1H7cpkC7vLjnK4-Rah7KGNtdTtwpep_RykebQ&s=10
pocket,noun,https://encrypted-tbn0.gstatic.com/images?q=tbn:ANd9GcT8_r__I24SDq4usPJcO5HDaKqfts1E8yVdTKNWMVg2bQ&s=10
podcast,noun,https://encrypted-tbn0.gstatic.com/images?q=tbn:ANd9GcSWVYA6xQfRQ-j4xdsr0zQ4dIpQN8HUxB7vmXjZU5GhPQ&s=10
police,noun,https://encrypted-tbn0.gstatic.com/images?q=tbn:ANd9GcRoZLMIFcL9zgwIx94thSMxgccmRG71kB8eUObng6rzIQ&s=10
policy,noun,https://encrypted-tbn0.gstatic.com/images?q=tbn:ANd9GcT7bjEc7lOVJD-4KIaP8SfFFz95qr9nqB4slwasXeiKEA&s=10
polite,adjective,https://encrypted-tbn0.gstatic.com/images?q=tbn:ANd9GcTWPicTmLMSa7TvHVLO0VCFaV2nc8RQiiI4Ks9ecBCXdg&s=10
pollutant,noun,https://encrypted-tbn0.gstatic.com/images?q=tbn:ANd9GcQOTQfW-zrbbLJQFZ0Jy84mbpA02-tgXd8UZOGeMFDFpw&s=10
pollution,noun,https://encrypted-tbn0.gstatic.com/images?q=tbn:ANd9GcQaxRfSbygobnVslhtaqj_fAftEcmUQ7FXmSUFy2Rqqcg&s=10
population,noun,https://encrypted-tbn0.gstatic.com/images?q=tbn:ANd9GcS0bsMBXhLKJZgT00LocX01RkbaXyMdEcB6RsYMvWvVwQ&s=10
port,noun,https://encrypted-tbn0.gstatic.com/images?q=tbn:ANd9GcR0VlUE4o0VopIN2BdnrwnKM5TZuhK6iwn02fn0hsQnXQ&s=10
portrait,noun,https://encrypted-tbn0.gstatic.com/images?q=tbn:ANd9GcRd9UYSaiGLoXUMfRtdtvtnDsOCev-LJmdzYAwHvdquAA&s=10
portray,verb,https://encrypted-tbn0.gstatic.com/images?q=tbn:ANd9GcQOoqVFRRs-URILn8BVvFs_qj6U3Jd5A9ItAC0xAScs2Q&s=10
postcard,noun,https://encrypted-tbn0.gstatic.com/images?q=tbn:ANd9GcRyPvUS3Lq4UphfZH4lSG32xqqo_DBBoDIHFBzumD9C-A&s=10
postgraduate,noun,https://encrypted-tbn0.gstatic.com/images?q=tbn:ANd9GcQ3x_eD4KJrZ--iSjyDLbVMvMSUVOWzeMrvwRwgBF9LLw&s=10
pot,noun,https://encrypted-tbn0.gstatic.com/images?q=tbn:ANd9GcQ5n0idd8Yp-dNbITxh-wP8t2wMl5JfWN738OFobZLnVQ&s=10
potato,noun,https://encrypted-tbn0.gstatic.com/images?q=tbn:ANd9GcRboLPrvkrjniwt6PBjwnlb0Fgari9qCsRGZWhOQKwgGA&s
potential,noun,https://encrypted-tbn0.gstatic.com/images?q=tbn:ANd9GcSzyjxMpG-_DKBN1_I4oGPiQ3EQ9yskLHmr0ggxBqLqwQ&s=10
pottery,noun,https://encrypted-tbn0.gstatic.com/images?q=tbn:ANd9GcRcfbZLZwO5saTO6NKDHPb5XRSN9HemrFt-StXSRt4suw&s=10
poverty,noun,https://encrypted-tbn0.gstatic.com/images?q=tbn:ANd9GcRkOQkOOZhHzyQ7zz7AenMByaIrcqd8v6T1RULkMa0zFA&s=10
practise,verb,https://encrypted-tbn0.gstatic.com/images?q=tbn:ANd9GcSY7lvhouYbdVdQvMO_2m1JUypAMwRh3XTNbzlFkgUTXA&s=10
pragmatic,adjective,https://encrypted-tbn0.gstatic.com/images?q=tbn:ANd9GcTGngWyYxafAo8Oi2-IBF1Vuf23gr6Vy3sN91WvWHtdew&s=10
precarious,adjective,https://encrypted-tbn0.gstatic.com/images?q=tbn:ANd9GcR405bm1EuC3X19EZ1_c2JO9EwKZKqgQDbuJdX6lWpPzQ&s=10
precaution,noun,https://encrypted-tbn0.gstatic.com/images?q=tbn:ANd9GcTx2wCFX86B4zwiOxEYOnrBAHm8rpkDxGqUoQH2jJFTsA&s=10
precedent,noun,https://encrypted-tbn0.gstatic.com/images?q=tbn:ANd9GcRpDTRUaZGQs7CKGnIfkopS_vdqecZb8ythwaK8U7N96w&s=10
precise,adjective,https://encrypted-tbn0.gstatic.com/images?q=tbn:ANd9GcS4w-6DncWkGzglQt5v5L-o9ATsoVsE-GDFMcnbmw3dQg&s=10
preclude,verb,https://encrypted-tbn0.gstatic.com/images?q=tbn:ANd9GcR9efqUoWng5pP3FuUVgMkp-mOOB23L79hboZv0VQkGpQ&s=10
precursor,noun,https://encrypted-tbn0.gstatic.com/images?q=tbn:ANd9GcSto5UJkLQgo-QzJRNejpHCRkN21vrKmkB868M0S7-tpQ&s=10
predator,noun,https://encrypted-tbn0.gstatic.com/images?q=tbn:ANd9GcQnRD_OqSYY5q9E-y_MqtU6Ci6f5I3PaFftvdg9CVSUSw&s=10
predecessor,noun,https://encrypted-tbn0.gstatic.com/images?q=tbn:ANd9GcQRllHx2BSTIGUdvlym5fanZpP27xeCnnN_jCguA66jow&s=10
predicament,noun,https://encrypted-tbn0.gstatic.com/images?q=tbn:ANd9GcQo0cErmmiXeNVc_1LRLqgSKVjq-XBGqk545yDd5QrbZA&s=10
predict,verb,https://encrypted-tbn0.gstatic.com/images?q=tbn:ANd9GcTpH7Z2rgcYXaEllRLlycLSwkQjuUb3zWWJ0YxDYsaTmg&s=10
predominant,adjective,https://encrypted-tbn0.gstatic.com/images?q=tbn:ANd9GcTNVs7QDBVMPtYouEjSL0ILMHbfHQiS_rCXllXOnpBHuw&s=10
prejudice,noun,https://encrypted-tbn0.gstatic.com/images?q=tbn:ANd9GcQA-toUjZ8yeGjDt3YA9iEswWvXCAee-GzH9TsGd8tgMQ&s=10
preliminary,adjective,https://encrypted-tbn0.gstatic.com/images?q=tbn:ANd9GcSTEZxMiW2LKhUUWCgZTeg7FgnKEKyremTCe9Td6Mqz2A&s=10
premise,noun,https://encrypted-tbn0.gstatic.com/images?q=tbn:ANd9GcQiDwFKChp9j9NddXbRsyk7ywrc-s8ViOzXWtte0CAFZA&s=10
prepare,verb,https://encrypted-tbn0.gstatic.com/images?q=tbn:ANd9GcTcHcv77qwRM9GW_IDO-i36mcnkGAgmNs-amXsWpKKhWA&s=10
prerequisite,noun,https://encrypted-tbn0.gstatic.com/images?q=tbn:ANd9GcRtJ7x1U0hwdno3Boq8LojKbsaU-Rg-YPdST6y8SYif1g&s=10
preschool,noun,https://encrypted-tbn0.gstatic.com/images?q=tbn:ANd9GcS1Tr4h2v2CR-9dF_dqitsestsnyPztUVSw97DPRt6xBA&s=10
prescribe,verb,https://encrypted-tbn0.gstatic.com/images?q=tbn:ANd9GcTjc0xc03-ek7fkY8tsaYOWDNq2kLCR1NrQJDmiSLIUWw&s=10
preservation,noun,https://encrypted-tbn0.gstatic.com/images?q=tbn:ANd9GcTQwppFZYWbWzIrttTtqUzVHxEruNatRz1s3nugUa-9gw&s=10
preserve,verb,https://encrypted-tbn0.gstatic.com/images?q=tbn:ANd9GcRCqqOwAIG5dRiHWz-scq8BzJmoGwmsSY8UJOt0bHMNqA&s=10
prestige,noun,https://encrypted-tbn0.gstatic.com/images?q=tbn:ANd9GcQokpLObL01KaZVxzXMjhiZXJFOaeRT1h8HU-ZTxlvxOQ&s=10
presume,verb,https://encrypted-tbn0.gstatic.com/images?q=tbn:ANd9GcRvVutSaBDemQrDxR_-0Lakc8MBUC7CLcoV6dB1MPvlTw&s=10
pretend,verb,https://encrypted-tbn0.gstatic.com/images?q=tbn:ANd9GcRRcAnj48w8xcb9zV7PPto1GWsuIwCVHS5K_fbtauOcXg&s=10
prevalent,adjective,https://encrypted-tbn0.gstatic.com/images?q=tbn:ANd9GcSebX7qTGlfTSuk8Jj1YfqfpVnQkW8w9Tacupii0jjqDg&s=10
prevent,verb,https://encrypted-tbn0.gstatic.com/images?q=tbn:ANd9GcTxMEmezoZl_G2QZejzGG2LOsa_7irXwsm720IwzMSTjg&s=10
previous,adjective,https://encrypted-tbn0.gstatic.com/images?q=tbn:ANd9GcRrbFWT_7f4TfRh8SZkha11ZqK25m68ZDvoSDyKkI4lmQ&s
price,noun,https://encrypted-tbn0.gstatic.com/images?q=tbn:ANd9GcTNA9LYSu_TBkRZcqDGDnCm67J0dmzP7MnMaF6sNyBIIA&s=10
primary,adjective,https://encrypted-tbn0.gstatic.com/images?q=tbn:ANd9GcS0J4heMubG4bC0P4aUUrAOAwIqOBekMvxYKvY5BsiahA&s=10
principal,adjective,https://encrypted-tbn0.gstatic.com/images?q=tbn:ANd9GcTXEPGwuIkbCaZvl7ttsBGwybHu_V9I4qGQHobCpCwEHw&s=10
principle,noun,https://encrypted-tbn0.gstatic.com/images?q=tbn:ANd9GcRN1v1reDhJME987-7e5ZK6gxuk62wA6NwbKQILS_AuZQ&s=10
prior,adjective,https://encrypted-tbn0.gstatic.com/images?q=tbn:ANd9GcTeUgUJf9joyjGgmT9gE8Ukk0bkF6O8iE4WDAS7rHMTrA&s=10
priority,noun,https://encrypted-tbn0.gstatic.com/images?q=tbn:ANd9GcQFrSznO41uZ7aiOPi53wAyY8t592qNK-84Bk2i1NNaDA&s=10
pristine,adjective,https://encrypted-tbn0.gstatic.com/images?q=tbn:ANd9GcRqZvgoS0iF_tPl4EcZ8irA-VbbI0aADOsviRNBC_bGgA&s=10
prize,noun,https://encrypted-tbn0.gstatic.com/images?q=tbn:ANd9GcT8zccSfQ5Z7Uzgi4heqlHDxihiyjXNykUdbFG2TEdd8g&s=10
probability,noun,https://encrypted-tbn0.gstatic.com/images?q=tbn:ANd9GcRxH_Cq2f8ChOoGmduKm9y-8TQm_plIZfM8ICCWsvOB6A&s=10
problematic,adjective,https://encrypted-tbn0.gstatic.com/images?q=tbn:ANd9GcThwk4S0V-eUM62CmYGjkbi7nfQD5C8vPERsgvIeCXb-Q&s=10
procedure,noun,https://encrypted-tbn0.gstatic.com/images?q=tbn:ANd9GcTtSqseuZZwVqX7eJ0WCfYaaGibcfm3t80jQ05zSblfWA&s=10
proceed,verb,https://encrypted-tbn0.gstatic.com/images?q=tbn:ANd9GcQQ7ntAhc-ZJrm3NJsc1RA9hDNxQIRg54RMtECcfZlWow&s=10
process,noun,https://encrypted-tbn0.gstatic.com/images?q=tbn:ANd9GcTbP3qLgVfUvkthoSz_cE8a8JOqtN5OTXhF393cj53HQw&s=10
productivity,noun,https://encrypted-tbn0.gstatic.com/images?q=tbn:ANd9GcQjASCT2MC77Qo7CjsFZHrISh4bSPqqBNqm6VsJae2Dzg&s=10
proficient,adjective,https://encrypted-tbn0.gstatic.com/images?q=tbn:ANd9GcSKeTrVc2ypyAXU5lxeKV6YkOglHsaXUTq760vfNrmxiQ&s=10
profound,adjective,https://encrypted-tbn0.gstatic.com/images?q=tbn:ANd9GcRxPo49n-CgFzW2jzMdFZwzdhC-yBXJaX8-L0yoZU1QLw&s
prohibit,verb,https://encrypted-tbn0.gstatic.com/images?q=tbn:ANd9GcSpRYIIecXQTDupUurvrQNecitFR2kRjQFTpZPO95fvRQ&s=10
prolific,adjective,https://encrypted-tbn0.gstatic.com/images?q=tbn:ANd9GcRnMpov_vozS2BeL5ktG3WygTTUMXtZr9Q9Pio3evYgHg&s=10
prolong,verb,https://encrypted-tbn0.gstatic.com/images?q=tbn:ANd9GcR0BEiHa3hVxFS8WjFIAlHeGuPKQ_APO1Y-rdOoc7a39w&s=10
prominent,adjective,https://encrypted-tbn0.gstatic.com/images?q=tbn:ANd9GcS1VzlGBMnwm6c6h2_5iEkKQLSeyuEiU-EI5-V4PZfrkg&s=10
promise,verb,https://encrypted-tbn0.gstatic.com/images?q=tbn:ANd9GcRIZcqLHLyALBTEaycAXYQBJOi010w6pIPdejwEEHLKGw&s=10
promote,verb,https://encrypted-tbn0.gstatic.com/images?q=tbn:ANd9GcQK2jQqQ-5n0UnYszlNbUwQmUL3jUX3a6hcfVdVVF1b1A&s=10
prone,adjective,https://encrypted-tbn0.gstatic.com/images?q=tbn:ANd9GcQxnVRBJWxb4rQTiwcmiXXxkusoFm3mStbpktiaDgVUPQ&s=10
propaganda,noun,https://encrypted-tbn0.gstatic.com/images?q=tbn:ANd9GcQ3wkpViLcHs6iS8vBUwcYtwwp3KBwDfJhWfYVz3FHVmA&s
propel,verb,https://encrypted-tbn0.gstatic.com/images?q=tbn:ANd9GcSWROKsstriUqZQX78s8BphSuWTzcqQCvHzI5rPDPN9Eg&s=10
proportion,noun,https://encrypted-tbn0.gstatic.com/images?q=tbn:ANd9GcQzG6J9tsoBIAiMzpC2rQt8apeloumtQadt1FKARHTK8g&s=10
prosecution,noun,https://encrypted-tbn0.gstatic.com/images?q=tbn:ANd9GcTXQVSXJhXvHkjeHG760dKMb8es5C3wnzIru-vtEEnZbg&s=10
prospect,noun,https://encrypted-tbn0.gstatic.com/images?q=tbn:ANd9GcSI5E2TGMWPJB8-NNfimydI1Hg6OF2beui7r75Gcl3aCQ&s=10
prosper,verb,https://encrypted-tbn0.gstatic.com/images?q=tbn:ANd9GcQ-KpwoHJtLLP_eXoj9A27XC96V52eV2K0p5TaMmr-R3w&s=10
protect,verb,https://encrypted-tbn0.gstatic.com/images?q=tbn:ANd9GcQF_3wb0DjTdOVHc8pX9WkbTeQ8PtIx-ALSzmlTkESc7A&s=10
prototype,noun,https://encrypted-tbn0.gstatic.com/images?q=tbn:ANd9GcSSSUCPRsX_vcdjSw0QPOEoz_7p4so_1RcxmJvF0Uv7Lw&s
proud,adjective,https://encrypted-tbn0.gstatic.com/images?q=tbn:ANd9GcSLyu_g_Kygg4nrzqnvxiPS09ap68EwlP1Aidq94DtY6Q&s=10
provision,noun,https://encrypted-tbn0.gstatic.com/images?q=tbn:ANd9GcSEhXTUdbIQ39M0Jga7Ggdw4abGFuXDDLiKhDARhlgX2Q&s=10
provoke,verb,https://encrypted-tbn0.gstatic.com/images?q=tbn:ANd9GcRggHGoBVB8ZW1IpYi9onLeKMaXGB1OUEPpKXug7DnsCw&s=10
prudent,adjective,https://encrypted-tbn0.gstatic.com/images?q=tbn:ANd9GcT-hey2b9I45ho_C7G5YhuVWJjEV5cL4H3TARzMNWWpWQ&s=10
publish,verb,https://encrypted-tbn0.gstatic.com/images?q=tbn:ANd9GcSL0aI9YP-iJbSChdMwuDv1tgyuusAZTJkWySeyeUMzcA&s=10
pull,verb,https://encrypted-tbn0.gstatic.com/images?q=tbn:ANd9GcTMv02codL1AwHGupDSnGradeMqj4ypV-litsJ4V3xsPg&s=10
punish,verb,https://encrypted-tbn0.gstatic.com/images?q=tbn:ANd9GcTUOItja7uD8yGEUfGcE33ualkISdqANA3LoFCBZ4StjA&s=10
pupil,noun,https://encrypted-tbn0.gstatic.com/images?q=tbn:ANd9GcR57m56VEbKIw2E6bWYE3SJdod4KPUQ7V-VKW1f1wI3jQ&s=10
purse,noun,https://encrypted-tbn0.gstatic.com/images?q=tbn:ANd9GcSdhhZhrehCanMoO_GStLZl2Jvr5XesuxTpQi2pn7Sgnw&s=10
pursue,verb,https://encrypted-tbn0.gstatic.com/images?q=tbn:ANd9GcRfFmx1Ik7LXhub7EZf96wUScAkOdVzZtdl7x-mjm8MYw&s=10
push,verb,https://encrypted-tbn0.gstatic.com/images?q=tbn:ANd9GcSUOULxLlDHPTBw959tBlL1SU8mleLFX6OOQc0h0EMUZQ&s=10
put,verb,https://encrypted-tbn0.gstatic.com/images?q=tbn:ANd9GcQ8n3QHkjgh9uQD354vJiZvjONcM_Cl0MnmmVEe-vZK3w&s=10
put off,phrasal verb,https://encrypted-tbn0.gstatic.com/images?q=tbn:ANd9GcRzLKqMqvOR1Nfq_cdXGHRe7-wbitB9fOEVEMVO8EFIUQ&s=10
queen,noun,https://encrypted-tbn0.gstatic.com/images?q=tbn:ANd9GcTM_V2XnKhZ0RL3oPQTbmhWhyvSDPksTYzC04gxGLADhw&s=10
question,noun,https://encrypted-tbn0.gstatic.com/images?q=tbn:ANd9GcSoLjEmGvSiqephIkD9ATOPo1gKiirGhgBM2VG5NtSPrg&s=10
quiet,adjective,https://encrypted-tbn0.gstatic.com/images?q=tbn:ANd9GcRfPoaBDZTASjmuoK0LMIKFfv63sUD5_A7bKU-yd2mipw&s=10
quiz,noun,https://encrypted-tbn0.gstatic.com/images?q=tbn:ANd9GcSH4SZhBm3OEVgPWqmvYzMElYO8zYLBlu9B5KQr-giyng&s=10
quota,noun,https://encrypted-tbn0.gstatic.com/images?q=tbn:ANd9GcRtpErZgWIAlFOd6KP9nVtNqX7dCgocb9MMizV0MVe5XA&s=10
rabbit,noun,https://encrypted-tbn0.gstatic.com/images?q=tbn:ANd9GcQOtpvqVkjODiKvaYhikBunjjPdjW2DBRni3RgBQREChg&s
radical,adjective,https://encrypted-tbn0.gstatic.com/images?q=tbn:ANd9GcRzNNEH-F9f5QMvEdTOwSgO2C7WHk_j1FmFabUG-u52mA&s=10
rain,noun,https://encrypted-tbn0.gstatic.com/images?q=tbn:ANd9GcR1qK0TuVxQ1zCYsaBa1EleWRqi5KIBA5ryZWkFZyMrVQ&s=10
rainforest,noun,https://encrypted-tbn0.gstatic.com/images?q=tbn:ANd9GcQvuS9GodZDjbqIY06NtQb2hHeEadJDiDrZLAsu26Q9-w&s=10
ramification,noun,https://encrypted-tbn0.gstatic.com/images?q=tbn:ANd9GcRACnCsR-aPf6ps1ufWcSwJVtC-3_RadasWH7ku3irTUw&s=10
rampant,adjective,https://encrypted-tbn0.gstatic.com/images?q=tbn:ANd9GcSBVj7w-4px51tmFosuDWaQQLuhqrj4d0nOPZthhZP2Xg&s=10
random,adjective,https://encrypted-tbn0.gstatic.com/images?q=tbn:ANd9GcQagLIenxIJsJynK7bTpCPvH-WFYF7ooTnT948UoiWbGQ&s=10
range,noun,https://encrypted-tbn0.gstatic.com/images?q=tbn:ANd9GcQHrC18fZBDAyKKVyk5x1MKhVCKUjzc5vGPy8SwuXRVLg&s=10
rare,adjective,https://encrypted-tbn0.gstatic.com/images?q=tbn:ANd9GcRQqT1-zUAcl9fW0ob4HkRMlKvOtQT2K-nB11OFGSI7Zg&s
rational,adjective,https://encrypted-tbn0.gstatic.com/images?q=tbn:ANd9GcSZ0mKeEsNIV6oWFjj9cgnwkk5KhwvUbqfVaRnIEv3x_g&s=10
ravage,verb,https://encrypted-tbn0.gstatic.com/images?q=tbn:ANd9GcRwMBX3n-nbd3_YncfceK1OTPZDFlJ2qUDioKVTZ73rwA&s=10
react,verb,https://encrypted-tbn0.gstatic.com/images?q=tbn:ANd9GcR5agxXUSsI3J6nJYssKdxaZEO5xpTCsh4P6U4qKGXH2w&s=10
read,verb,https://encrypted-tbn0.gstatic.com/images?q=tbn:ANd9GcT4aj01-ws1RECtKSDigdL8EvJgsIKgpH4oyCLUyB6bKQ&s=10
realize,verb,https://encrypted-tbn0.gstatic.com/images?q=tbn:ANd9GcQUU1ciA11W-yGpDlAndp_qcyvUxhlZD1qoZ0d1oQm3Qg&s=10
receive,verb,https://encrypted-tbn0.gstatic.com/images?q=tbn:ANd9GcRcJ7_nKPHESonOEG2E72G91MPq2tEtJTQndnR2w1dwwQ&s=10
recession,noun,https://encrypted-tbn0.gstatic.com/images?q=tbn:ANd9GcS7nJnNPqUj9mo8iabYxFrDo0XowWqO37N6Qm2mS2M6SQ&s=10
recipe,noun,https://encrypted-tbn0.gstatic.com/images?q=tbn:ANd9GcSKv_UGvFXVqNgPWx0qqiuAiEnWkrhm8VOZlhUYRvPWwQ&s=10
recognize,verb,https://encrypted-tbn0.gstatic.com/images?q=tbn:ANd9GcT6vc_4gfOGDdxSwvNpnTTgzFUrtMnJTW6tnWsA-0UWkQ&s=10
recommend,verb,https://encrypted-tbn0.gstatic.com/images?q=tbn:ANd9GcTjqJKU0Q7Bm0hBzTUEUPUmR3w4PNFQdRZSdZtfJE537Q&s=10
recruit,verb,https://encrypted-tbn0.gstatic.com/images?q=tbn:ANd9GcSDrKOOyutZUoT0RbfA9l0EgV_vYIAge1JazaHo6G1Uow&s=10
rectify,verb,https://encrypted-tbn0.gstatic.com/images?q=tbn:ANd9GcRly4bFhnX5r_MeshE4z-vVyAX6pTCyj5PjvjUUogcT-w&s=10
recur,verb,https://encrypted-tbn0.gstatic.com/images?q=tbn:ANd9GcRhUE_eiJgICU9ynvhQH0qkQ4j7efChabp6ujw5KEolAQ&s=10
recycle,verb,https://encrypted-tbn0.gstatic.com/images?q=tbn:ANd9GcT4KebHbGOJv87VB32h8TIR03fz1IJKhhtHCH4sMLDMnw&s=10
red,adjective,https://encrypted-tbn0.gstatic.com/images?q=tbn:ANd9GcSSG8jb9l5m1Ur8qFQk8krAUXRPbQuwfwb0fLOj_QB4xQ&s
reduce,verb,https://encrypted-tbn0.gstatic.com/images?q=tbn:ANd9GcQSZDFUTrao6ZV-VjHZJkB1R_5NteasEH654yNxJbZlwQ&s=10
redundancy,noun,https://encrypted-tbn0.gstatic.com/images?q=tbn:ANd9GcR9lMwb08r_1rjCipgX-9r9Nznkdc9pk6aeE7taosNU3g&s=10
redundant,adjective,https://encrypted-tbn0.gstatic.com/images?q=tbn:ANd9GcR9lMwb08r_1rjCipgX-9r9Nznkdc9pk6aeE7taosNU3g&s=10
referee,noun,https://encrypted-tbn0.gstatic.com/images?q=tbn:ANd9GcQG5Wl9aHA15POZ2qkq5v4UWoOofkeTqPPTgOyxZUswYg&s
refine,verb,https://encrypted-tbn0.gstatic.com/images?q=tbn:ANd9GcQLCvEb54c7e-j0Sgvk7g1ocef-R3qLHjN9ynpL6DWZVg&s=10
reflect,verb,https://encrypted-tbn0.gstatic.com/images?q=tbn:ANd9GcSujthWbgJP9wKQhJIqsN2d0oNtOoMvcvs8sh4ficHgUA&s=10
reforestation,noun,https://encrypted-tbn0.gstatic.com/images?q=tbn:ANd9GcQ__SdgXxM2251gNqheL8EInl_d1ySifRxbAb6jQSGMPQ&s=10
reform,noun,https://encrypted-tbn0.gstatic.com/images?q=tbn:ANd9GcQxwpodUfoQbo3W8FSVOSKNi0YqDm6lAFTtfODK5Eo18g&s=10
refuge,noun,https://encrypted-tbn0.gstatic.com/images?q=tbn:ANd9GcQXKpzrFb_ZnEoX4uS7gDzcsMchwz_9ukqf8ZWunajjzA&s=10
refugee,noun,https://encrypted-tbn0.gstatic.com/images?q=tbn:ANd9GcR2dwWQUjSdF5_bZDiaX2b7oTp-2azNLlR8sg710aJ5SQ&s=10
refurbish,verb,https://encrypted-tbn0.gstatic.com/images?q=tbn:ANd9GcSWyqlTHWsHtDsC-3DowldawFN6NyNdrOwNRsLcMbKXdQ&s=10
refuse,verb,https://encrypted-tbn0.gstatic.com/images?q=tbn:ANd9GcTwj7rlK7SFth7M9-Tu-1jNQSPHl9LtPlSrHCh2NgR_vw&s=10
refute,verb,https://encrypted-tbn0.gstatic.com/images?q=tbn:ANd9GcT6Bbq1d_BGzwLaPhY8xXROV0HG_MkD9UOmFHmvM8Ckzg&s=10
regime,noun,https://encrypted-tbn0.gstatic.com/images?q=tbn:ANd9GcRdGo5922ygkE8sI9IorY0A8TAipf4XmLQHs0Drut9twQ&s=10
region,noun,https://encrypted-tbn0.gstatic.com/images?q=tbn:ANd9GcSAk2ng2C1cYBaTQAmpP7qrTjy4QBweh3zgG3ma0vPRjQ&s=10
register,verb,https://encrypted-tbn0.gstatic.com/images?q=tbn:ANd9GcQdQebf5lwJspCE21LnAI2HH3HlSwIGdl944GICECjMwA&s=10
regulate,verb,https://encrypted-tbn0.gstatic.com/images?q=tbn:ANd9GcR35iVlYvi0bMP4t_9I6KIHDxDPha-zTuOsIWq5NH9I1w&s=10
rehabilitation,noun,https://encrypted-tbn0.gstatic.com/images?q=tbn:ANd9GcTLBi_RmoxmZ-TbkoUJ19QxxsQurlMQiA7C23PbfKvUGw&s
reinforce,verb,https://encrypted-tbn0.gstatic.com/images?q=tbn:ANd9GcTU851fpxcBGpLqWZkgMgh99io2DLcata2WO6vyPnqxgg&s=10
reiterate,verb,https://encrypted-tbn0.gstatic.com/images?q=tbn:ANd9GcQIOW5TomTy3IKNJM10zawHCS85HbMILmsqh0MVcOueUw&s
reject,verb,https://encrypted-tbn0.gstatic.com/images?q=tbn:ANd9GcRUpcOnq6ckXtYyn8QJwyoiwCF39FwuZs2WqVMe3EGNPw&s=10
relationship,noun,https://encrypted-tbn0.gstatic.com/images?q=tbn:ANd9GcQf_TmqpI0oE8EEeUrAzNBSBHJFzaVUUokGZVMreip75w&s=10
relentless,adjective,https://encrypted-tbn0.gstatic.com/images?q=tbn:ANd9GcSHDzYcCIV4db9xLqn89_I0cVwKzolA8uWZf9L_bs_3PA&s=10
relevant,adjective,https://encrypted-tbn0.gstatic.com/images?q=tbn:ANd9GcQFXZULn82_FAVY7_cTBj4In4QOo6q-EI4Jv6crEm89yA&s=10
reliable,adjective,https://encrypted-tbn0.gstatic.com/images?q=tbn:ANd9GcT5YwQD_QEM-S4iJrwsjzdchtgZpjeGLpZglMIXvdwn9A&s=10
reluctant,adjective,https://encrypted-tbn0.gstatic.com/images?q=tbn:ANd9GcTsdQ32glScKL0puaZzbF_x_lPQOO8sfKrIFcJYnz_iQQ&s=10
rely,verb,https://encrypted-tbn0.gstatic.com/images?q=tbn:ANd9GcS6vl33kVCRITYu2CEPtiOPM7o7kAD4J-TpY11OlKO58Q&s=10
remainder,noun,https://encrypted-tbn0.gstatic.com/images?q=tbn:ANd9GcQkSMJxSXBUWcRg5xJgtQvGb8AUwC7y94eZH2WdV6h-hQ&s=10
remedy,noun,https://encrypted-tbn0.gstatic.com/images?q=tbn:ANd9GcTgguJ1aNH2RwG21W3cB_mGCljyCuRvTRFccCtMbD4EUg&s
remind,verb,https://encrypted-tbn0.gstatic.com/images?q=tbn:ANd9GcSCN3k-xjtpUzeLDkmcChtN-sKrQMVoVBXYgVFadqiFew&s=10
renewable,adjective,https://encrypted-tbn0.gstatic.com/images?q=tbn:ANd9GcSfAFVNDMmAkJI_oQcQ0MzcLWHSTG_EB1fVkv7joqngmQ&s=10
renovate,verb,https://encrypted-tbn0.gstatic.com/images?q=tbn:ANd9GcSF6HVswmTt_Nh-Y9CILE4W9QGz7kINoxt6wLBk2UbDJQ&s=10
renowned,adjective,https://encrypted-tbn0.gstatic.com/images?q=tbn:ANd9GcREo-o8jvM75-ame0DnYYjRTnIMFLQbCWeucmo86L6VXA&s=10
repeat,verb,https://encrypted-tbn0.gstatic.com/images?q=tbn:ANd9GcSGLx_-wpHO4HnD3_s03zgQ8GdQK0kn52yEjqQNN1JarQ&s=10
repercussion,noun,https://encrypted-tbn0.gstatic.com/images?q=tbn:ANd9GcRLG_tCj9QNENtwicBJTCLPZFcEU6T4zRVHAIU-2i3FoA&s=10
replenish,verb,https://encrypted-tbn0.gstatic.com/images?q=tbn:ANd9GcSKhfpKeV64XHZkCEf6A5Mk2GfWAZu9wy1rl9SerBZ7Dw&s=10
replicate,verb,https://encrypted-tbn0.gstatic.com/images?q=tbn:ANd9GcRx4PI3jQWPxfR4svagV7s_zfLWgp7f0hvOUM6OWGYZ6A&s=10
reproduce,verb,https://encrypted-tbn0.gstatic.com/images?q=tbn:ANd9GcRfs0Tgd_RByGfOjrSichB6MDrSaGuGRzOBHi8tmQH5xA&s=10
require,verb,https://encrypted-tbn0.gstatic.com/images?q=tbn:ANd9GcQDAdB1u0SVlC7K0pJgmuqCC-XP44fpJI3fKnevYqkMsw&s=10
research,noun,https://encrypted-tbn0.gstatic.com/images?q=tbn:ANd9GcTWFk_5Jm-VNWtysEjxizWnME0_qrfgRVnPiVY52HHQvg&s=10
resemble,verb,https://encrypted-tbn0.gstatic.com/images?q=tbn:ANd9GcTDbSWuT4t9T2mFjYOjWSyrIF27_eqUq22AbDPdjk-TsQ&s=10
reservoir,noun,https://encrypted-tbn0.gstatic.com/images?q=tbn:ANd9GcSkLGG4U1k95nnaH81XxjreslLlreNSR9xsFZszVElTAg&s=10
reside,verb,https://encrypted-tbn0.gstatic.com/images?q=tbn:ANd9GcQk07xmYAeyMwUYAnMWuftzITwYVG0z_BFg5pLvqK1eiw&s=10
resilient,adjective,https://encrypted-tbn0.gstatic.com/images?q=tbn:ANd9GcS4YyjCfMB7Mo996EWG55v9yQeK8BpSPqwT8hRb_U6_6w&s=10
resist,verb,https://encrypted-tbn0.gstatic.com/images?q=tbn:ANd9GcSeMPYlVJ1lnxLQYGURymyvcAPI77Lk4G7ufUKk_xnsXw&s=10
resolve,verb,https://encrypted-tbn0.gstatic.com/images?q=tbn:ANd9GcSIGCNgq-ICW1K8FU2g_kG4v7Qpl5oHOucjpltWqv7mcg&s=10
resort,noun,https://encrypted-tbn0.gstatic.com/images?q=tbn:ANd9GcQ7IEeoTjqI3wkTxWGSDkrVxd5CDCQF3tlmjGXugYvnRA&s=10
resource,noun,https://encrypted-tbn0.gstatic.com/images?q=tbn:ANd9GcQMqw9o1bLDcSiBoG_r9jDrO-VJnzBTwNf2vdPhgwJafQ&s=10
respect,noun,https://encrypted-tbn0.gstatic.com/images?q=tbn:ANd9GcR3V6ObtDiCHlzzhka5Fq5-WHs5LEoVylrZtTQ9cbtawg&s=10
respond,verb,https://encrypted-tbn0.gstatic.com/images?q=tbn:ANd9GcTd3Y23-FfAO0n7OTxH2J6GM9LGMsfjsaOLboKAtlzpcQ&s=10
responsible,adjective,https://encrypted-tbn0.gstatic.com/images?q=tbn:ANd9GcS1VhywJxpe9c-KbvyvOUtrJvQLYm2hlzbO-WqH1H9bRg&s=10
restaurant,noun,https://encrypted-tbn0.gstatic.com/images?q=tbn:ANd9GcTqV0L4M0NUAJ-jSThp_y7NaoYfZJGHgipjvwDlXZuCtQ&s=10
restore,verb,https://encrypted-tbn0.gstatic.com/images?q=tbn:ANd9GcRBdrVT_q5QEcetOd2vF8n3QuUZ3Xov8LtZhTs4jfm0UA&s=10
restrain,verb,https://encrypted-tbn0.gstatic.com/images?q=tbn:ANd9GcRIDaO0BC_GgiZ02xP5C5IjpZ3c9yizFjPvx9zUo53LOQ&s=10
restrict,verb,https://encrypted-tbn0.gstatic.com/images?q=tbn:ANd9GcRJL5B8-h7klaTMgEInb1llAoGbh-Mq-7DqZzxkF40hkA&s=10
resurgence,noun,https://encrypted-tbn0.gstatic.com/images?q=tbn:ANd9GcQtlSgV2rnbnstEtjpsVPzIE56z3GiusA9ZMoTdaTN2cw&s=10
retail,noun,https://encrypted-tbn0.gstatic.com/images?q=tbn:ANd9GcSlTp3Xtp9FTSC_RjkpbDKARF--cEeXnL7HF_H3BvgAhA&s
retain,verb,https://encrypted-tbn0.gstatic.com/images?q=tbn:ANd9GcT8Pg7zWfUPcCe9jN5N-yMgzD4kN2ryG_pHz-Np32Ua2g&s=10
retrieve,verb,https://encrypted-tbn0.gstatic.com/images?q=tbn:ANd9GcTjxx8xRfTlmAP2LS20x5xXNxVrOYEQw_urx68LoUC-xg&s=10
reveal,verb,https://encrypted-tbn0.gstatic.com/images?q=tbn:ANd9GcQJyZd0KlUdORPzh0k51FXSRB0fvlrsqGwRo1RDopO5fw&s=10
revenue,noun,https://encrypted-tbn0.gstatic.com/images?q=tbn:ANd9GcQWJR1Vl1cxXWnn7_Fqu5TKLWve-eRLh2BvBzdti15JoA&s=10
reverse,verb,https://encrypted-tbn0.gstatic.com/images?q=tbn:ANd9GcSi5VH17zsdJY-65T-666mmltSXa23piykPQB2tMTS86w&s=10
revise,verb,https://encrypted-tbn0.gstatic.com/images?q=tbn:ANd9GcSqvfGBHSzOdMbrgOPBQ9q-zsbYOMLxDHONYSvZWTIlkg&s=10
revitalize,verb,https://encrypted-tbn0.gstatic.com/images?q=tbn:ANd9GcTorlijzMKkP3btlZPbyFY9TOdnG-NApUXcSTOhu_jWpw&s=10
revive,verb,https://encrypted-tbn0.gstatic.com/images?q=tbn:ANd9GcSthDONNyGI8V6MiDpGPsh58G35xFK_Oj0LnsIqlEN4Jw&s
rice,noun,https://encrypted-tbn0.gstatic.com/images?q=tbn:ANd9GcQEDlgPZU2-aZc_PT1nEY0ejmXBAO-F8WTzj-RVPXTopQ&s=10
rigorous,adjective,https://encrypted-tbn0.gstatic.com/images?q=tbn:ANd9GcTwvvI_drXpF5SN9-aoP011gwNrXMCc9aQtI5JgQWoTyQ&s=10
ring,noun,https://encrypted-tbn0.gstatic.com/images?q=tbn:ANd9GcT3aMkvRRk9eOdiDdw-2KMZ-T6bYcFNLsiqzZQb45RaIg&s=10
ritual,noun,https://encrypted-tbn0.gstatic.com/images?q=tbn:ANd9GcRJmwepqccugPnyltT5OSOynp57_-YYYeRqySiHPV8rGg&s=10
river,noun,https://encrypted-tbn0.gstatic.com/images?q=tbn:ANd9GcRPu7wCfIjRSeyHR4tk_18uIGmjRtt8LgZuHKgkUxfKeg&s
road,noun,https://encrypted-tbn0.gstatic.com/images?q=tbn:ANd9GcTmdUg14xcp2LES-moFGz-rYkZ4sYxUa2_Vjwu_tzWsAQ&s=10
robbery,noun,https://encrypted-tbn0.gstatic.com/images?q=tbn:ANd9GcQ7xrcRycVPt3ehogqv60NKmiv6iUA3a5o-TwB8Nv8aow&s=10
robust,adjective,https://encrypted-tbn0.gstatic.com/images?q=tbn:ANd9GcSr450COUwQuZ2Ymdl1b6HXcurPE-oH-sKZyly57sX0Wg&s=10
role,noun,https://encrypted-tbn0.gstatic.com/images?q=tbn:ANd9GcRbi7MEQzltYRsoNOCt6Q1isWHN_FwFRqhdMYLPzndXNA&s=10
roof,noun,https://encrypted-tbn0.gstatic.com/images?q=tbn:ANd9GcRpO5mESZlvpaxTZw-5R_QGScjlNnB_f9XiOXSz_w-IOQ&s=10
room,noun,https://encrypted-tbn0.gstatic.com/images?q=tbn:ANd9GcQ-MbUO_V6-S3DqESs9Yicnegnh_XpuwNtFwplDe488Hw&s=10
rote,noun,https://encrypted-tbn0.gstatic.com/images?q=tbn:ANd9GcTaz-365cG7aIzrwdkoUjtWElBKaW95r1d6lduXdFpppg&s=10
rudimentary,adjective,https://encrypted-tbn0.gstatic.com/images?q=tbn:ANd9GcTVT-T1vAX8a_K62irnlVys_HWTIe49CU_W-0rrtMoY4Q&s=10
run,verb,https://encrypted-tbn0.gstatic.com/images?q=tbn:ANd9GcR-VqOYUUvrWE4EkSfTZKnOpkjVghco1oDyGJ1tWvQG0g&s=10
run out of,phrasal verb,https://encrypted-tbn0.gstatic.com/images?q=tbn:ANd9GcRAIu_JYpJEKRYZT-EtJLKQfQ4pqyVRxK0fccu3UUEAvw&s=10
rural,adjective,https://encrypted-tbn0.gstatic.com/images?q=tbn:ANd9GcQoN_oOojQWZBv51LtuYRmEhEDI-D315Y4C0FpUoI7S1w&s=10
sad,adjective,https://encrypted-tbn0.gstatic.com/images?q=tbn:ANd9GcTYiPqUtKUCJMWveAr11L1tCLqJZ-dT0k7Hu6VtSIHBYg&s=10
safeguard,verb,https://encrypted-tbn0.gstatic.com/images?q=tbn:ANd9GcQSc92s-svWz-pqpW_shr_90aKq89aExfYcclbZiK4Z1g&s=10
salary,noun,https://encrypted-tbn0.gstatic.com/images?q=tbn:ANd9GcQSti7h1X2-QVLAiQJ8Rp7zzb8zhD-hRaZETghe5_68Vw&s=10
salient,adjective,https://encrypted-tbn0.gstatic.com/images?q=tbn:ANd9GcS3ouq979UoTZ0Bvbjq0hj7ABYTgdHuZWRX7rc_rTiM4g&s=10
salinity,noun,https://encrypted-tbn0.gstatic.com/images?q=tbn:ANd9GcSSYE2fe7h_QOafGPqbbMZAbTPVJtzcCOzlKLZO_SlWzQ&s=10
salt,noun,https://encrypted-tbn0.gstatic.com/images?q=tbn:ANd9GcSVk9OHGAv93l9d0APKKtK2OSMAIQM5ypkMixXcggChLQ&s=10
sanitation,noun,https://encrypted-tbn0.gstatic.com/images?q=tbn:ANd9GcSFCu5aYeb2dWTmbf_FjWwZw7-uHcttSuLexjOAOaTBDg&s
satellite,noun,https://encrypted-tbn0.gstatic.com/images?q=tbn:ANd9GcSHyi2CSVAMIFMMDSwTMG6a4jY-ESiMH3iJ-lJ7JjBJPQ&s=10
satisfied,adjective,https://encrypted-tbn0.gstatic.com/images?q=tbn:ANd9GcQCFhpMEmgKVObyOs7_gJvi34P7Ft97CgYZgTokQE3OiQ&s=10
say,verb,https://encrypted-tbn0.gstatic.com/images?q=tbn:ANd9GcTzqcLwMXT9s-gm_1gIwKWtmVhT8fnnXbOIm85pcjHPmA&s=10
scarce,adjective,https://encrypted-tbn0.gstatic.com/images?q=tbn:ANd9GcRp2gdWfFgaeb8E9acLAtm3j9mumcC03I1AYMGanSZlVQ&s=10
scarf,noun,https://encrypted-tbn0.gstatic.com/images?q=tbn:ANd9GcR92wOrfH0Q6ouH0GmGlHcTfvqPnCprEmGsug91dbmzfQ&s=10
scenario,noun,https://encrypted-tbn0.gstatic.com/images?q=tbn:ANd9GcR-FsK2KO71uBFAUbNlWmOOoA-JZMtJrj0SpoAGLrW7iw&s=10
sceptical,adjective,https://encrypted-tbn0.gstatic.com/images?q=tbn:ANd9GcQ5f1HRetuU0DGTbOuetwSUg5TQnsKyNZuFzt1hxKUdZg&s=10
schedule,noun,https://encrypted-tbn0.gstatic.com/images?q=tbn:ANd9GcRWxrrsEVHI0vwQiZZsrB2ZuQcV_s23j5Qq1IB8Z1nXZw&s=10
scheme,noun,https://encrypted-tbn0.gstatic.com/images?q=tbn:ANd9GcRrU7o2SvZ-MShghuX-6sM3kBGOn4BZkEGBY0McXpDC6A&s=10
scholar,noun,https://encrypted-tbn0.gstatic.com/images?q=tbn:ANd9GcSzasYgU8NSV6j5zpV6Pr7F8lIfvvzgW7PsKA5uKXjnbg&s=10
scholarship,noun,https://encrypted-tbn0.gstatic.com/images?q=tbn:ANd9GcRyPG-3Pu9qZiVSQ-kH9WI-P5dT3dAMtWAfL-tRUBsoFQ&s=10
school,noun,https://encrypted-tbn0.gstatic.com/images?q=tbn:ANd9GcT5Rno-dJEODZQvk_nXErvjwEV2CqGHa0LtV7NZmymuRA&s
scope,noun,https://encrypted-tbn0.gstatic.com/images?q=tbn:ANd9GcQee4Cv92XG0MRFBL8UJvgEK4aeAw4LO1I0jkhXQswlKQ&s=10
scrutiny,noun,https://encrypted-tbn0.gstatic.com/images?q=tbn:ANd9GcShdao6fyPa3ZgtQ0wWEyBRubeGulK5V8-vCOVE5VkXpg&s=10
sculpture,noun,https://encrypted-tbn0.gstatic.com/images?q=tbn:ANd9GcRrwOHOu1zkcw2W_sLogQHePm60boa6hlSS1CoeN70TZg&s=10
sea,noun,https://encrypted-tbn0.gstatic.com/images?q=tbn:ANd9GcR4h4qWnWOmF2M-usTP4daTEl40TwQP607RlNdHKEYrBQ&s=10
seamless,adjective,https://encrypted-tbn0.gstatic.com/images?q=tbn:ANd9GcTO1pMYjlzHP1I165Je3feobfNoBBI0cm1YtTOkpOOJ_A&s=10
sector,noun,https://encrypted-tbn0.gstatic.com/images?q=tbn:ANd9GcT_eR3pTcQRccWHFhtoRe1NwptEt15my5F_ZSsGhsHlzA&s=10
secure,verb,https://encrypted-tbn0.gstatic.com/images?q=tbn:ANd9GcRh3v0vQwhPmkimnoZcc0AIYxCnDhnAuYUonvz6Lv6QJQ&s=10
sedentary,adjective,https://encrypted-tbn0.gstatic.com/images?q=tbn:ANd9GcQwnmD_0gmrY_ztXr3zMTXBiuv1tou2vX8YI3_JUe5GNQ&s=10
sediment,noun,https://encrypted-tbn0.gstatic.com/images?q=tbn:ANd9GcTWt6zueSzegjD_gDZZGBXzbthXm0nKhtufzJQDfWIyZA&s=10
see,verb,https://encrypted-tbn0.gstatic.com/images?q=tbn:ANd9GcSN_akfyuvm85sU-bAnBArJNiJ4h-z_nOs6bY96IDIZKg&s=10
see eye to eye,idiom,https://encrypted-tbn0.gstatic.com/images?q=tbn:ANd9GcQHrvPTQreMigZb94GEdkJSUvu52WQp8AAJpaH2axZiHw&s=10
seek,verb,https://encrypted-tbn0.gstatic.com/images?q=tbn:ANd9GcQtFosuSa4Z2w0dNQXQElze-96ABqG7AFwh7faPOOmZIw&s
segment,noun,https://encrypted-tbn0.gstatic.com/images?q=tbn:ANd9GcTHCFUDr2uUAZR5OQ-83wbUbWx4AXxxKcoXCn6TpBTwCg&s=10
segregation,noun,https://encrypted-tbn0.gstatic.com/images?q=tbn:ANd9GcS7kl0ncqohWZDd7hkAPWjJXG46_wwJooeaO23Vm6nzsQ&s=10
sell,verb,https://encrypted-tbn0.gstatic.com/images?q=tbn:ANd9GcT65gnLAF7FLbEPiwTCvF8WkR4pvAZKh4tFv2C0_OZVQQ&s=10
seminar,noun,https://encrypted-tbn0.gstatic.com/images?q=tbn:ANd9GcRSpcvK_lDGJ7eL25izQSrz704OI1lt7rbvEX_ov6I6xg&s=10
sequence,noun,https://encrypted-tbn0.gstatic.com/images?q=tbn:ANd9GcThGgk4uI41wUzmaKWbQrIf77g_vNuG24aneX-xNbdmAg&s=10
set up,phrasal verb,https://encrypted-tbn0.gstatic.com/images?q=tbn:ANd9GcS2un3b6dgsQJ05URjbhx1k7fN18Bk-1kcETNoQ2uAu5w&s=10
setback,noun,https://encrypted-tbn0.gstatic.com/images?q=tbn:ANd9GcTPTi4pZgaCksWzCwad2Y_IUK3jABmdgUVNH7JMBZaO1w&s=10
sheep,noun,https://encrypted-tbn0.gstatic.com/images?q=tbn:ANd9GcTj7o2W8WwUs4DPKjn7KGlMm0efIyiAiS6_PUexp9_Oag&s=10
shelf,noun,https://encrypted-tbn0.gstatic.com/images?q=tbn:ANd9GcR6rj1Jjzkm_CxMdI0JGui9ytQe2Iux3LVNX-N4MseNKw&s=10
shift,noun,https://encrypted-tbn0.gstatic.com/images?q=tbn:ANd9GcSOR2MjmvXi2oR1Yp8o40WcyYh3_xo18sDz518uBaT-Vw&s=10
shirt,noun,https://encrypted-tbn0.gstatic.com/images?q=tbn:ANd9GcTJ08aJW5xuDfVQygg7ePXtaWt5E5EwaSRhJjE050n7wQ&s=10
shoe,noun,https://encrypted-tbn0.gstatic.com/images?q=tbn:ANd9GcTkSDm7HgnbzFQBFi8KRYZV3-QC1Q4AKzmg27SgK4GauA&s=10
shop,noun,https://encrypted-tbn0.gstatic.com/images?q=tbn:ANd9GcQafV2cH9Hio0cv8fyuWpbXjnAjpcnR9Urn5VQZ2lxzPg&s=10
shoplifting,noun,https://encrypted-tbn0.gstatic.com/images?q=tbn:ANd9GcR99acVJUaY8OF0sM0YHougB9NDQBT6_F-dRtMLdXq72Q&s=10
short,adjective,https://encrypted-tbn0.gstatic.com/images?q=tbn:ANd9GcTBCjHqsno618J1nK0jH7dl2hY1lt5vjYYbN7vTpusHhw&s=10
shoulder,noun,https://encrypted-tbn0.gstatic.com/images?q=tbn:ANd9GcSb9Dpc68q-1n2wFAnpiBJ_n5fx96kyboV0OEF-YSiaUA&s=10
shrewd,adjective,https://encrypted-tbn0.gstatic.com/images?q=tbn:ANd9GcSmpM7orLWSA59og7g5HRsq0gvYTeFz3_zodvLOwGHWkw&s=10
shrink,verb,https://encrypted-tbn0.gstatic.com/images?q=tbn:ANd9GcQSckoL3XGRuKU-6xsgEEol2Nm7c187vr-9Ii4D5Kbtqw&s=10
sick,adjective,https://encrypted-tbn0.gstatic.com/images?q=tbn:ANd9GcRiEcTkB9zQ-cTREil7-gkJjg_JGpGwgg820pVpr7ddKw&s=10
sightseeing,noun,https://encrypted-tbn0.gstatic.com/images?q=tbn:ANd9GcRBXdJOKtw6GwQfdmmQ_gvgJt3TavGPkTHAqkDYXVuqQA&s=10
significant,adjective,https://encrypted-tbn0.gstatic.com/images?q=tbn:ANd9GcSVP96_qo2rwP88nXBQ1dHatmzd6ftT-dotDiCemqAoNg&s=10
similar,adjective,https://encrypted-tbn0.gstatic.com/images?q=tbn:ANd9GcTR4Ak9PGyS83GgkpdJLm7dkPncxCgxTreDFzdkxJcYjw&s=10
simulate,verb,https://encrypted-tbn0.gstatic.com/images?q=tbn:ANd9GcS-rejnl09v-82eSXoBMmlwQyEJ3xskmWhMHfLwnyF-CQ&s=10
simultaneous,adjective,https://encrypted-tbn0.gstatic.com/images?q=tbn:ANd9GcR-83d24crhH3Sg1hjqgOMJ_cD-dsc1Y7isS3jMEBc9xg&s=10
sincere,adjective,https://encrypted-tbn0.gstatic.com/images?q=tbn:ANd9GcSIf5-WLzEpVlrNAgzrMw0v6Afrxw-bmKhzcp0fusQ4Cg&s=10
sing,verb,https://encrypted-tbn0.gstatic.com/images?q=tbn:ANd9GcQj23ETmhF755LvucUDkDHSfZCVJAQEH05sxqmYO64bPA&s
sister,noun,https://encrypted-tbn0.gstatic.com/images?q=tbn:ANd9GcRorKOujf2gMi1sNbkekO0KUG3m_IUT6g_xuBnKRaKAkw&s=10
sit,verb,https://encrypted-tbn0.gstatic.com/images?q=tbn:ANd9GcRlPS5yp_pINYn-XQFpV01Wv-uoJJHcZSHxMjFmO6N4-A&s=10
skirt,noun,https://encrypted-tbn0.gstatic.com/images?q=tbn:ANd9GcT_O2OZ06zEC-3XLkCW1F5TSz1tyryXR_TgdMKFmWCBvQ&s=10
sky,noun,https://encrypted-tbn0.gstatic.com/images?q=tbn:ANd9GcSTN2Z63xtAoXRHLufaCkov_EjT77cA-u1z4-FAX4_-fw&s=10
skyscraper,noun,https://encrypted-tbn0.gstatic.com/images?q=tbn:ANd9GcSAr2OaSz2t2WwgLkx09LXePhHSvJRS2jfhYo_jH0ameg&s
sleep,verb,https://encrypted-tbn0.gstatic.com/images?q=tbn:ANd9GcTnuS2X7HvD_v2wHcoIC8O55IhJXQ1G2a3BawlE8SEQhw&s=10
slow,adjective,https://encrypted-tbn0.gstatic.com/images?q=tbn:ANd9GcR6mP_e61dX22m-7clz8-I277tGQ4SCmLVKwnWeY3LmKg&s=10
slum,noun,https://encrypted-tbn0.gstatic.com/images?q=tbn:ANd9GcTi0COmMSQ0Pc_965lyLyjUMk35K5n-jHSddmIv7zlWbw&s=10
small,adjective,https://encrypted-tbn0.gstatic.com/images?q=tbn:ANd9GcSiL6e0a5qhRGDEw-kcwgAsyCLjwY_Rslox7bVyuxPMvg&s=10
smile,verb,https://encrypted-tbn0.gstatic.com/images?q=tbn:ANd9GcRD4aQ6dzYi0N4PTnYKq4vveT2n0lmZh9opQhXOLnM_oA&s=10
smog,noun,https://encrypted-tbn0.gstatic.com/images?q=tbn:ANd9GcSGERwhlz4mr-YLt6cP9CDI04m3h0rI4AFiFsd2K3fA_A&s=10
smuggling,noun,https://encrypted-tbn0.gstatic.com/images?q=tbn:ANd9GcTGXWu3chUY731PXSadorpIie0acDU8YgZCUafhCGqnBg&s=10
snake,noun,https://encrypted-tbn0.gstatic.com/images?q=tbn:ANd9GcRZHiXv-g-euLjlH_nsu4K7jPKnMhqd5dMVEUkpXG_ZWA&s=10
snow,noun,https://encrypted-tbn0.gstatic.com/images?q=tbn:ANd9GcSRv8RGSJqmQmu6greJ48A1EC-6PZbPTUkdnEqtMxY5Sg&s=10
soap,noun,https://encrypted-tbn0.gstatic.com/images?q=tbn:ANd9GcQUYdC1lMPcW_Ry_qlWhSNqsFDmXlfCK3BqNQdYH0x9pw&s=10
soar,verb,https://encrypted-tbn0.gstatic.com/images?q=tbn:ANd9GcTaobIwrSMMDEV39Cj2OHC9lmpzvu0giqfWJFMHdOWSrg&s=10
society,noun,https://encrypted-tbn0.gstatic.com/images?q=tbn:ANd9GcRrB-bmsJf3hq_BBQvTASC7k6E5gr09jwItxe-7_YoLbg&s
sock,noun,https://encrypted-tbn0.gstatic.com/images?q=tbn:ANd9GcT2gO9HzQ5qNb7gpCeFIEDqxqSzrK7NjSPx13xjM7Zg5w&s=10
solar,adjective,https://encrypted-tbn0.gstatic.com/images?q=tbn:ANd9GcRONuo2DRjt-8-ScS2SiImVablFwu4bkBUHYcCNMvJrWA&s=10
solution,noun,https://encrypted-tbn0.gstatic.com/images?q=tbn:ANd9GcQX31PDALO3r6dnWs3iOzbkQl29he0hDvzymZY9iZHqCQ&s=10
sometimes,adverb,https://encrypted-tbn0.gstatic.com/images?q=tbn:ANd9GcQ0KHiXBCkKidllKjMJfcbAv_9mblmHuKi3No4DwcpL7g&s=10
son,noun,https://encrypted-tbn0.gstatic.com/images?q=tbn:ANd9GcQuFlFQuLA-FQ0gOfvRlhHM_V39BGXroyFsp7QjFeYg2w&s
sophisticated,adjective,https://encrypted-tbn0.gstatic.com/images?q=tbn:ANd9GcRlcxohEQ_WFi3am60kpEc73ME20LSGbh6hH6Zp7aqnPw&s=10
source,noun,https://encrypted-tbn0.gstatic.com/images?q=tbn:ANd9GcSdIvE_MrEBs3ADJ2pS6SNEaf1BMgt9uzt2CX6IUAWwPg&s=10
souvenir,noun,https://encrypted-tbn0.gstatic.com/images?q=tbn:ANd9GcTjh5bpcH3gCc_LZIxZUC1ARdG3P4JJIsyhfoVOOL_AUg&s=10
speak,verb,https://encrypted-tbn0.gstatic.com/images?q=tbn:ANd9GcTrQJ2NLn-1sp_jDi-YB1VMlfN9yzQo0pS6iuARAX4TAQ&s=10
specific,adjective,https://encrypted-tbn0.gstatic.com/images?q=tbn:ANd9GcQexCF_-bz7hnZ48Q11R1yvGHwbANyHABOsLhH2mAMfZw&s=10
specimen,noun,https://encrypted-tbn0.gstatic.com/images?q=tbn:ANd9GcQkgHPUbI9vGV20AlPiO0U-NV0UTcQeBWn-L_kVaix9vA&s=10
spectator,noun,https://encrypted-tbn0.gstatic.com/images?q=tbn:ANd9GcQE5bSbAqJgFMBoNm3Dg2mQVRriarrTjf4dApJKMf6moQ&s
spectrum,noun,https://encrypted-tbn0.gstatic.com/images?q=tbn:ANd9GcS6kSmHFE7-vlN_zFbybFS0UFaWG14-4vE3FiZtGPD-xQ&s=10
speculate,verb,https://encrypted-tbn0.gstatic.com/images?q=tbn:ANd9GcQgeqdR7OuCs0GEJmNJUa8nmFy4nXnvx4NmtfvDpVyegA&s=10
sphere,noun,https://encrypted-tbn0.gstatic.com/images?q=tbn:ANd9GcR8SRbrcqYtVSr6Xcqhl-js227svjbIF5ipoa2k_vkKvw&s=10
spider,noun,https://encrypted-tbn0.gstatic.com/images?q=tbn:ANd9GcQqgCDCb7YyvMYjEaBetF6YPuZMrClDraIKmTqWyY2q_w&s=10
spill the beans,idiom,https://encrypted-tbn0.gstatic.com/images?q=tbn:ANd9GcTXxUVNcIrOcbL461RPu6RkwB1vT8SHLCw7rFFpUMPb0w&s=10
sprawl,noun,https://encrypted-tbn0.gstatic.com/images?q=tbn:ANd9GcR8u-7PxLaY08WMV9jX0qtz3CGZsD7IzjMZRobLa7SrsQ&s=10
spur,verb,https://encrypted-tbn0.gstatic.com/images?q=tbn:ANd9GcSoUH8DHcMk3y6MX4q82aSzW_QLy0sRfJpjtfsOchMARA&s=10
square,noun,https://encrypted-tbn0.gstatic.com/images?q=tbn:ANd9GcTWEFlr1D1HtVDkR_pOKc9kl9x58hRtkW6Dn-kF9GMuzw&s=10
stable,adjective,https://encrypted-tbn0.gstatic.com/images?q=tbn:ANd9GcS3ZI6pdtnhYQm_iGrMjV0tJL4A1ojEIvNszxWBPUeCvw&s=10
stadium,noun,https://encrypted-tbn0.gstatic.com/images?q=tbn:ANd9GcQIk5yUipzB5SjL_Iw6topVigCjtGrmsJ0HQkCrqDnE4g&s
stagnant,adjective,https://encrypted-tbn0.gstatic.com/images?q=tbn:ANd9GcSnsSX_YlhSULI3IeoCeoBTYmKuw5OthqpJkGdF95iF-w&s=10
stairs,noun,https://encrypted-tbn0.gstatic.com/images?q=tbn:ANd9GcTBnvuqg3yipAxnk0cB4V5qJT8igAtL2klI9QibYe2BjA&s=10
stake,noun,https://encrypted-tbn0.gstatic.com/images?q=tbn:ANd9GcQW21bEqon2WSzyvo56sqSLUzYeb2SSG53Eq7Bt-e8pWQ&s=10
stance,noun,https://encrypted-tbn0.gstatic.com/images?q=tbn:ANd9GcRVZWeUsT9E9ayY2ViQtHSgWPubmzX4itdgOwBax4TsjQ&s=10
stand,verb,https://encrypted-tbn0.gstatic.com/images?q=tbn:ANd9GcRhB228jzJifbS0bhoqMlOR7Yj8ZvbeMlnhrLdPcY_ljg&s=10
staple,noun,https://encrypted-tbn0.gstatic.com/images?q=tbn:ANd9GcTQwfhoLTAdACP-Vu-y7NyggVLSOPEoZCpyFkHwPrrDCA&s=10
star,noun,https://encrypted-tbn0.gstatic.com/images?q=tbn:ANd9GcTTFX2jS8jxWoxyCTWthlC8GpdKZbKehIxiqcMd0n-RtA&s=10
stark,adjective,https://encrypted-tbn0.gstatic.com/images?q=tbn:ANd9GcSS_M7EA6gqk3pzt1lhUAb-nu-7UCEnQJF7o_XUBagI5A&s
start,verb,https://encrypted-tbn0.gstatic.com/images?q=tbn:ANd9GcTuveqqSmNQ_KQqnc89020_4ytmMch9P1VBviLg7bA8IA&s=10
startup,noun,https://encrypted-tbn0.gstatic.com/images?q=tbn:ANd9GcQw978L63iZQUEjoPEmo0Ri-ougDbTUGFJf8Hm7CFmd2g&s=10
station,noun,https://encrypted-tbn0.gstatic.com/images?q=tbn:ANd9GcSVwHiqXSJyW18Ydexa2pFlxAwSYX7gCCYYndU05ZzLVw&s=10
statistic,noun,https://encrypted-tbn0.gstatic.com/images?q=tbn:ANd9GcSAEMZuCZKGrRQDf8nCOFiB1w1jVjL66gktlvkoAn78sg&s=10
status,noun,https://encrypted-tbn0.gstatic.com/images?q=tbn:ANd9GcRxHxNVCeZkGj6cIGlOQQAI_rCADDFqhLGSbNUKNvLeBA&s=10
steady,adjective,https://encrypted-tbn0.gstatic.com/images?q=tbn:ANd9GcS0UKSoMS0HJzs-i6vRmkN3k4fsyCp4kQAT1oKglNSrDQ&s=10
stereotype,noun,https://encrypted-tbn0.gstatic.com/images?q=tbn:ANd9GcQ36h4lLKMxS1IfFafF-O0DguOZTA3FsYagaIy_lgSqBg&s=10
stifle,verb,https://encrypted-tbn0.gstatic.com/images?q=tbn:ANd9GcR6Lyt_ckzDzi_tZoOhXICkzDTLzCUnectp68JuYl8afA&s=10
stigma,noun,https://encrypted-tbn0.gstatic.com/images?q=tbn:ANd9GcSKqN2FByNXPbdVHqPS1HY73Y87PZMszpAEPgDg6rhe5Q&s=10
stimulate,verb,https://encrypted-tbn0.gstatic.com/images?q=tbn:ANd9GcTNlJ83C79UyU-2-fVAvBvN5_E8VfDijtpLUQjh1svNCQ&s=10
stimulus,noun,https://encrypted-tbn0.gstatic.com/images?q=tbn:ANd9GcThKHeE8F6CmvScF6KEhgEMGcvqwTYbBkMrkz6eJmJq8Q&s=10
stomach,noun,https://encrypted-tbn0.gstatic.com/images?q=tbn:ANd9GcQXFOmjhLB-FASHcWFeKqzogSreuWLEQ9hzDUS61xCuKA&s=10
stop,verb,https://encrypted-tbn0.gstatic.com/images?q=tbn:ANd9GcTya6U7v5A7xPpHOx_ln2zRV4XwBlLY0nzf_9ZIuUJFSg&s=10
storm,noun,https://encrypted-tbn0.gstatic.com/images?q=tbn:ANd9GcSIAWKoNsuP-E0eQNUf80uovqhL79i8l_PnyJk2-_nvCw&s=10
straightforward,adjective,https://encrypted-tbn0.gstatic.com/images?q=tbn:ANd9GcSoUOju_M8TRUPLhwcJDctEAUqcWHOH3VDlUJX53pz2UA&s=10
strain,noun,https://encrypted-tbn0.gstatic.com/images?q=tbn:ANd9GcRvshag9pBWZiJbN2GZtIYzi3GT7I1EQW_DL91TODxung&s
strategy,noun,https://encrypted-tbn0.gstatic.com/images?q=tbn:ANd9GcQCm4oyVRI71x-zMzXcjwYQJ8K0lonP8VMfpMw6X_9VCQ&s=10
streamline,verb,https://encrypted-tbn0.gstatic.com/images?q=tbn:ANd9GcQKGYW-VXbhC3_yhnWjBiMVKeEmhouCrGo096RiPgDBew&s=10
street,noun,https://encrypted-tbn0.gstatic.com/images?q=tbn:ANd9GcRw3OHsjqV_iSsj2Ub44WW7HSQ5KJyLolc8DUyaj5-DUA&s=10
stringent,adjective,https://encrypted-tbn0.gstatic.com/images?q=tbn:ANd9GcRHADk6_UlZM2DtnUACpzvY95PLzuvk3HC9UaQxu_5U4Q&s=10
strive,verb,https://encrypted-tbn0.gstatic.com/images?q=tbn:ANd9GcTvxXMiYXQM3ImfeHkXm1j3RvMMZkpsjlcnlcIC3EVBOA&s=10
strong,adjective,https://encrypted-tbn0.gstatic.com/images?q=tbn:ANd9GcRFcPouvjRQy1JnSiBxT4CSW-grRW2jIkfh8gvH1HIvwg&s=10
structure,noun,https://encrypted-tbn0.gstatic.com/images?q=tbn:ANd9GcTvN7OZDAHapruM3Va5qwX65WcBTHu8FeQhTZXIZdcZMA&s=10
student,noun,https://encrypted-tbn0.gstatic.com/images?q=tbn:ANd9GcRTQsYz8qsp2WpcnYaqcqKOPiC9DtQI9fLeP-QV00LmoQ&s=10
study,verb,https://encrypted-tbn0.gstatic.com/images?q=tbn:ANd9GcTLfAqpbx7LQffdFmHTQHrre7bYlLVva6ezDKmdc66YJw&s=10
sturdy,adjective,https://encrypted-tbn0.gstatic.com/images?q=tbn:ANd9GcSHtyHIWGqjZMLSncUP9oz5oid3vgt7_vDQpzGV4UBEPg&s=10
subsequent,adjective,https://encrypted-tbn0.gstatic.com/images?q=tbn:ANd9GcRhJpbSFn4w0b1r4iCx6NBPf_TyJAMEF1P9Jhy7Zlh3RQ&s=10
subsidy,noun,https://encrypted-tbn0.gstatic.com/images?q=tbn:ANd9GcSZvf0i-_elTZk9sBaz9tpKuFJY-79MQyEZLakZDBiKtA&s=10
substantial,adjective,https://encrypted-tbn0.gstatic.com/images?q=tbn:ANd9GcTrxc-qiIvwmyh2FQLYFpAGOzt6LJEztuyFTr5zYhXIkA&s=10
substitute,noun,https://encrypted-tbn0.gstatic.com/images?q=tbn:ANd9GcTM8Dy7VCyck4WE_q6Z1dLvelR4fID6SvPEfynGdwv5wA&s=10
subtle,adjective,https://encrypted-tbn0.gstatic.com/images?q=tbn:ANd9GcS9XCT2ht1n9BTzrPJwhEEZg-UfcBYcCRvQAE5VkALqOg&s=10
suburb,noun,https://encrypted-tbn0.gstatic.com/images?q=tbn:ANd9GcQLw_9EkYmlF-xbvOC81MjeywPWGCM9d3PM_Hv6Pp2EOA&s=10
success,noun,https://encrypted-tbn0.gstatic.com/images?q=tbn:ANd9GcRaRC0cyffJr03ZBfmB9lhmhAQztSOFVgqa7VqTHQuyrw&s=10
succinct,adjective,https://encrypted-tbn0.gstatic.com/images?q=tbn:ANd9GcSbz1hcqPDtJr78wIyDKkaaulAi0I6YY-fivjzJjnVANA&s=10
sufficient,adjective,https://encrypted-tbn0.gstatic.com/images?q=tbn:ANd9GcRkZp8tqSRZivT0RlIbw4lCDEqtrblB4mdMZTCHPhrtog&s
sugar,noun,https://encrypted-tbn0.gstatic.com/images?q=tbn:ANd9GcR0IQrU-KVRJp-eMcetsrRPqkqXEESeFoUBcB6rRXPCMw&s=10
suggest,verb,https://encrypted-tbn0.gstatic.com/images?q=tbn:ANd9GcQzrByOgWsd3F5ER2zFDa4hknnwxS-gAJTV0zldpElRag&s=10
suit,noun,https://encrypted-tbn0.gstatic.com/images?q=tbn:ANd9GcQBB4tomM57XllbvcUjAYyVEleqxw5jvWdGRA2oK3pG-g&s=10
summary,noun,https://encrypted-tbn0.gstatic.com/images?q=tbn:ANd9GcSA1SYHgCwddlcg-gh1nLC7fN26wkF_6PYuwqklQuurMA&s=10
summit,noun,https://encrypted-tbn0.gstatic.com/images?q=tbn:ANd9GcTtgWc-Ft4_CAnCiJPXrgZbOx7D4VPIRfKC0V8FlltcnQ&s=10
sun,noun,https://encrypted-tbn0.gstatic.com/images?q=tbn:ANd9GcTWhoNIyV_aL7e4lpeTqSUqxnATt9353D7clSRjD11NlQ&s=10
superficial,adjective,https://encrypted-tbn0.gstatic.com/images?q=tbn:ANd9GcSJSIQH9U56qSd9LiyeFLQbodiA8E4LwVrgxLGSNOmo7g&s=10
supersede,verb,https://encrypted-tbn0.gstatic.com/images?q=tbn:ANd9GcQR43attIFeCUbrU71Xl-DkcuRVkEtYUoohqIws3Xl-KQ&s=10
supervise,verb,https://encrypted-tbn0.gstatic.com/images?q=tbn:ANd9GcQ5XnLav65ZGVQq2BwRzAqOUcaiZOoCyDo6cS4qNscOfw&s=10
supplement,verb,https://encrypted-tbn0.gstatic.com/images?q=tbn:ANd9GcQjEKJhYz9cYHgrhbyPgNchfHfR-eimXl4NVW2B3oU0kA&s=10
support,verb,https://encrypted-tbn0.gstatic.com/images?q=tbn:ANd9GcSXqIQtYDOuxBrsJ-sEYmK39-TVgoNV99277fTag7YMuQ&s=10
suppress,verb,https://encrypted-tbn0.gstatic.com/images?q=tbn:ANd9GcRGWkK3ApTcio7U-q7XYQiGK2bUlL7XvXbhzHrqF88L-w&s=10
surge,noun,https://encrypted-tbn0.gstatic.com/images?q=tbn:ANd9GcR3gnNA8SDFGPc2vdMbOZ9LNP3XHp4yB0Y5ue21L492cA&s=10
surgeon,noun,https://encrypted-tbn0.gstatic.com/images?q=tbn:ANd9GcT2zs3f-iGNYbxATQYxjSgeqqI4D4rbm87AbjBAy38OgA&s=10
surpass,verb,https://encrypted-tbn0.gstatic.com/images?q=tbn:ANd9GcSBwRQU3r38BhlJX6ClCSWUBdZqUP-HPRowkyZdLVgA7A&s=10
surplus,noun,https://encrypted-tbn0.gstatic.com/images?q=tbn:ANd9GcS8Qb-gSqR4eQX1wN9dnA6rNneouC0HUVgY5JWWR4GgiQ&s=10
surprised,adjective,https://encrypted-tbn0.gstatic.com/images?q=tbn:ANd9GcQ6RXDhE3z9zc2SER1GB50JxOsi2ofvhRMaDtbICmR27Q&s=10
surveillance,noun,https://encrypted-tbn0.gstatic.com/images?q=tbn:ANd9GcRmrT1yDn8ITUkCG2uu6RNyzQEB5AdRyvv-ZiVuhl8juw&s=10
survey,noun,https://encrypted-tbn0.gstatic.com/images?q=tbn:ANd9GcRyzGTOYmh8nQEsHyA-czCymCgEfsJPwFS7NO_JF4T3kw&s=10
survive,verb,https://encrypted-tbn0.gstatic.com/images?q=tbn:ANd9GcTfxjk0D6sldKGtoNjjLE4N3kol3wu-JZvWMEWr0SD6lQ&s=10
susceptible,adjective,https://encrypted-tbn0.gstatic.com/images?q=tbn:ANd9GcRX4jaQZuqcHE20JA4EtKV0z5Ejk3JQMDiQtAwueazyiQ&s=10
suspend,verb,https://encrypted-tbn0.gstatic.com/images?q=tbn:ANd9GcS5X3_aZtJO9It2yaREKd1KvREU8BiOjmaxyc5ilHUuVw&s=10
sustain,verb,https://encrypted-tbn0.gstatic.com/images?q=tbn:ANd9GcTw4yb1J9AvOxnNyk2WfhHDFQWFITZjDRVsUftaXoY3TA&s=10
sustainable,adjective,https://encrypted-tbn0.gstatic.com/images?q=tbn:ANd9GcTUdNZ7k55CbcEFaXwp5EyIVwTQCIDnBQyhGl58y3okUQ&s=10
sweater,noun,https://encrypted-tbn0.gstatic.com/images?q=tbn:ANd9GcQBywqmMtuapu1-L3kkbFqjJWAF3J3NtgEq_q6MEXdn-A&s=10
swim,verb,https://encrypted-tbn0.gstatic.com/images?q=tbn:ANd9GcRLcC-Lp4KtlYSiFmScjsStLENA8ZcySzsecg2y7_jaqQ&s=10
syllabus,noun,https://encrypted-tbn0.gstatic.com/images?q=tbn:ANd9GcQrAPctBD32xRELHihQd_8OmPKcTNGU9TFcBlrYt2Nygg&s=10
symbol,noun,https://encrypted-tbn0.gstatic.com/images?q=tbn:ANd9GcQdjiHq19o7suKE1n66rRxBrq4BEmdEzaDFEKE1nN2CLw&s=10
symptom,noun,https://encrypted-tbn0.gstatic.com/images?q=tbn:ANd9GcQiHYwvqcKQGu6NBBgC-dzwQ9NNkJd1A-_egrUJrNjbDg&s=10
synthesis,noun,https://encrypted-tbn0.gstatic.com/images?q=tbn:ANd9GcSU17iXwd15AcfoRHogvlMTL99fzjcK_ZjyBNJG8pa9aA&s=10
synthetic,adjective,https://encrypted-tbn0.gstatic.com/images?q=tbn:ANd9GcSnalBhN06ExIKthd0pswHoaHqHQAf8Hvd1xtzlGXoLfQ&s=10
table,noun,https://encrypted-tbn0.gstatic.com/images?q=tbn:ANd9GcT2wudZcIfRHwwWdkNE87487tnF-M_68vznuqtw-CNmmg&s=10
tabloid,noun,https://encrypted-tbn0.gstatic.com/images?q=tbn:ANd9GcTw3dnrRmCPnRtWfavQhIEoorXCabmFljtnT9aO2mVyoA&s=10
tackle,verb,https://encrypted-tbn0.gstatic.com/images?q=tbn:ANd9GcRbODs5kzOmlf0Csirc7hTvKEA6qkAOUtnsetfffBYm8g&s=10
take,verb,https://encrypted-tbn0.gstatic.com/images?q=tbn:ANd9GcQJIAjSI71w6GAif-h4pFcUY4pfddtsB3TiNIQb10hfOw&s=10
talk,verb,https://encrypted-tbn0.gstatic.com/images?q=tbn:ANd9GcS8LHULlbYJcEOVxKy0u5TQParMxUpJcOowHcGncYiH0g&s
tangible,adjective,https://encrypted-tbn0.gstatic.com/images?q=tbn:ANd9GcQdn-zE4fphudADnmu8mpizFe0B4lo-xA_s3-3i3MwepQ&s=10
tariff,noun,https://encrypted-tbn0.gstatic.com/images?q=tbn:ANd9GcS3ipU8tb_tG2U4aSYUMU-Ssc-UYws7cfhqp1StLKyKjA&s=10
taxi,noun,https://encrypted-tbn0.gstatic.com/images?q=tbn:ANd9GcQQDK5QJ236QrH5FH7c8IQpJW7_m8tZZ9YfOCUZAzYVQA&s
tea,noun,https://encrypted-tbn0.gstatic.com/images?q=tbn:ANd9GcRBsKEcx7ipGLNTrjexzhrfKZrCOAkhp1-4QWTuDYWJRg&s=10
teacher,noun,https://encrypted-tbn0.gstatic.com/images?q=tbn:ANd9GcShek0mzKpFw8LFwdtaF7VhKrHaeSIZpOEjNEY2E8lf8A&s=10
tedious,adjective,https://encrypted-tbn0.gstatic.com/images?q=tbn:ANd9GcSqYr5QlTGh3T6S4uM_rEy85jzPEdbhjEBCtDGXOPa3AQ&s=10
telescope,noun,https://encrypted-tbn0.gstatic.com/images?q=tbn:ANd9GcTnSdqyNgtReh7Tk7uCswrKXBYcy8RzHx2RCcun-16k4Q&s=10
tell,verb,https://encrypted-tbn0.gstatic.com/images?q=tbn:ANd9GcRbeEt2ttcKVOUfvy1_YedscRLfzw46i9PqOfMI0KKR6Q&s=10
temporary,adjective,https://encrypted-tbn0.gstatic.com/images?q=tbn:ANd9GcQaQC9GsMs4KYAgtVWWQlEIRVVntbZsWbleRzQurz7OqQ&s=10
tenant,noun,https://encrypted-tbn0.gstatic.com/images?q=tbn:ANd9GcRKlkGWxg-eEC0DGtFuEDRx7ob83WLFB_FACEgMwh_jcA&s=10
tendency,noun,https://encrypted-tbn0.gstatic.com/images?q=tbn:ANd9GcTQauBkM_wWpYhbcL9npp3zbIDBlQL94YjUCgueWIRm4A&s=10
terminate,verb,https://encrypted-tbn0.gstatic.com/images?q=tbn:ANd9GcTtq65q7vvo9OYPCjhTHupmNVdaUY-kV2fNk13x_cks7A&s=10
terrain,noun,https://encrypted-tbn0.gstatic.com/images?q=tbn:ANd9GcQzFfH5NDNE-ilIO7dji1CLuMB-D-hsylK9EAwy1BEVeA&s=10
terrible,adjective,https://encrypted-tbn0.gstatic.com/images?q=tbn:ANd9GcTMgCdQivAySP_De9Ikb11IA2SR1vUlvJpw45Odd3p1Hg&s=10
testimony,noun,https://encrypted-tbn0.gstatic.com/images?q=tbn:ANd9GcQf7aouQNd2QXoRhLYTTWyNIIq6z2iPn2CexHvFDNPNrw&s=10
the ball is in your court,idiom,https://encrypted-tbn0.gstatic.com/images?q=tbn:ANd9GcSoygDW62wvM8s70b7mBaGdq3VIwq5e-huOb6uQq9f7pg&s=10
the last straw,idiom,https://encrypted-tbn0.gstatic.com/images?q=tbn:ANd9GcSae3MoZ8Lf-mC-2Cxfh8EjBnPA1MUM81LUQ65afVuOkg&s=10
theft,noun,https://encrypted-tbn0.gstatic.com/images?q=tbn:ANd9GcRalBuNWpAAeJOLo_iz4sLRb3_YfMplzOC8RRg7YbXpTA&s=10
theory,noun,https://encrypted-tbn0.gstatic.com/images?q=tbn:ANd9GcTj1zJ37P1n-ZHBgjhY5jtWBRhtke5IyDOT0f6G0ChYxg&s=10
therapy,noun,https://encrypted-tbn0.gstatic.com/images?q=tbn:ANd9GcRWOXAc-RwtRIJvHnFpz2FY8CbnFM48zg3bEJ8tmOgHOw&s=10
there,adverb,https://encrypted-tbn0.gstatic.com/images?q=tbn:ANd9GcRT6kUDE-bTw6RGs5ZpHJk7SxhbwymQReL1eaEB0gwc-Q&s=10
thesis,noun,https://encrypted-tbn0.gstatic.com/images?q=tbn:ANd9GcSCKV55zBsTyOTgA2WfsmNLwQg_QVRNmBZ9WpQ4iIsS3A&s=10
think,verb,https://encrypted-tbn0.gstatic.com/images?q=tbn:ANd9GcTguzyQw6N9kG7aZ1txHua2E-C8fmX-QFokq1Xvbcgw0w&s=10
thirsty,adjective,https://encrypted-tbn0.gstatic.com/images?q=tbn:ANd9GcReHoAPIukdFnJ6K3ZHjDIV6mUwc3hCLCHaOGrOEV60gA&s=10
this,pronoun,https://encrypted-tbn0.gstatic.com/images?q=tbn:ANd9GcQL5vHnY61b3Yi4ggO1DDR_RnPyd6plxoBGRcoAdetURw&s=10
threat,noun,https://encrypted-tbn0.gstatic.com/images?q=tbn:ANd9GcSIvYrZca18XcU00NLPtNO-RKyjaJTqz0V7MijjRz3LXg&s=10
threshold,noun,https://encrypted-tbn0.gstatic.com/images?q=tbn:ANd9GcQQJJULuJy5QFQ2t4Dfwjerep_Lgg70XQ1wnCN6e9UWuw&s=10
thrive,verb,https://encrypted-tbn0.gstatic.com/images?q=tbn:ANd9GcSaYajM2WCQ-f0qBU2u8FdmZZ66YZuNCD7DjToiDWM5rQ&s=10
throat,noun,https://encrypted-tbn0.gstatic.com/images?q=tbn:ANd9GcTvPTarrrNo-s4_ghk7kBchRwAOrGQ1URAIaJ34vqcSFg&s=10
thwart,verb,https://encrypted-tbn0.gstatic.com/images?q=tbn:ANd9GcRRynFdp4CqSDZFlA8BPaLx4ynw41Ubi43NzuWI2OMurA&s
ticket,noun,https://encrypted-tbn0.gstatic.com/images?q=tbn:ANd9GcSxWekx3ml288l5EXekj9XqNGSN2nsp9m3ue77nU0Nymw&s=10
tie,noun,https://encrypted-tbn0.gstatic.com/images?q=tbn:ANd9GcQ7ZI309M0wh6Vo9OJfs2Y987T9y-OHmZTMhHfAFpnetg&s=10
tiger,noun,https://encrypted-tbn0.gstatic.com/images?q=tbn:ANd9GcThzEI00SiPIBLS1vlg9WR9UtDpneXMTZnWmfsgCSHqUg&s=10
timber,noun,https://encrypted-tbn0.gstatic.com/images?q=tbn:ANd9GcQvllSojuhgdptxzU8VLDE3-tuHBp5BIN8WYYpVuGD_2g&s=10
time,noun,https://encrypted-tbn0.gstatic.com/images?q=tbn:ANd9GcQmYm7rSDi3p42eQUb5NfQ0Dp2VIea-WFPnRUO5uXd7Gg&s=10
tired,adjective,https://encrypted-tbn0.gstatic.com/images?q=tbn:ANd9GcSr64TOFPe4abRfLr8w3ojeaiIXsypNl5eo_EpJvIMkEQ&s=10
today,adverb,https://encrypted-tbn0.gstatic.com/images?q=tbn:ANd9GcRF-WTm8ZReG00rGeDk_Upz1kuZb3Kj1h54xCfEiSh5CQ&s=10
tolerate,verb,https://encrypted-tbn0.gstatic.com/images?q=tbn:ANd9GcTWB5TLZ-jSjwjK6jJzQ3-UXzgByaYYyM8sYrCk5LGJmQ&s=10
tomorrow,adverb,https://encrypted-tbn0.gstatic.com/images?q=tbn:ANd9GcTYDxOAOeYkO4fygv9zq6IwFojiMLOC8IwrcNqXpEe_2Q&s=10
tooth,noun,https://encrypted-tbn0.gstatic.com/images?q=tbn:ANd9GcT5Iesx55c7I4L9iQsCXGwJqLq7u2OPkg5XPyostRRS0A&s=10
town,noun,https://encrypted-tbn0.gstatic.com/images?q=tbn:ANd9GcRU_mf6XUpyzFhhJCPgVXBYx7gk4YAJ2xPf-3RBR-QeAw&s
toxic,adjective,https://encrypted-tbn0.gstatic.com/images?q=tbn:ANd9GcRBmAQmGed9bVx09nuWjVSO29l0wxixPprOVmVAkRX9Ag&s
tradition,noun,https://encrypted-tbn0.gstatic.com/images?q=tbn:ANd9GcSnl1AIFpeIuVPrKtM4s9E2nSeMUpITveLdcJcuxAcB2Q&s=10
traffic,noun,https://encrypted-tbn0.gstatic.com/images?q=tbn:ANd9GcQ_8ukLI5I8Ko3UaeGVI-rq_jOjT0bL1sI_NVUrX1y8mA&s=10
train,noun,https://encrypted-tbn0.gstatic.com/images?q=tbn:ANd9GcSXbiqmclyKgNQD11agck9f_3p4wTK9iBCqLcrYOqsP2g&s=10
trait,noun,https://encrypted-tbn0.gstatic.com/images?q=tbn:ANd9GcRBIHYlU-jY5vEC4HzrrXIHxzjUirBcZhWhyYgMvn4Eng&s=10
trajectory,noun,https://encrypted-tbn0.gstatic.com/images?q=tbn:ANd9GcQkhOqF0lu4ZoZqUmeDzWREbc8yNo2wMH2oHq5JMfvtRw&s
transaction,noun,https://encrypted-tbn0.gstatic.com/images?q=tbn:ANd9GcQ3JrdJJx6C7MARbjHT0tTATRFPHYCDEpvru73s39eTlw&s=10
transcend,verb,https://encrypted-tbn0.gstatic.com/images?q=tbn:ANd9GcTSH_Hi-YydZrflDdJoIwZCCggw4RVTS_BewtrYxspoHw&s=10
transfer,verb,https://encrypted-tbn0.gstatic.com/images?q=tbn:ANd9GcSU0PCX3-sHhTKTrEjHD-Wod_DRP2GhHve7uN6159H6WQ&s=10
transform,verb,https://encrypted-tbn0.gstatic.com/images?q=tbn:ANd9GcSAzTfbzeW-Vn847hZEjxr0kAyy2kzTLL_oY8p_2OFN-g&s=10
transit,noun,https://encrypted-tbn0.gstatic.com/images?q=tbn:ANd9GcSJyqKVHfw5ouf_t6xBjLxYAr3A6SgrqyGgppjtYPC8Tg&s
transition,noun,https://encrypted-tbn0.gstatic.com/images?q=tbn:ANd9GcTaLZ0uATkQEGcBf-lCciyJtxJBZ0nMLbCVraYMjOk0hQ&s=10
transmit,verb,https://encrypted-tbn0.gstatic.com/images?q=tbn:ANd9GcQ_r28FxrS0wsVpo1rq3r8Wy0o1SAgeT3ZCA8KvCrjStw&s=10
transparent,adjective,https://encrypted-tbn0.gstatic.com/images?q=tbn:ANd9GcSATDMDyqyTK3Eu654_uPEcxxGBw4r1BUT42xG-QZmw5Q&s=10
transplant,noun,https://encrypted-tbn0.gstatic.com/images?q=tbn:ANd9GcSl8_1VuI_Q1kWqSmT004OMRQhPBt0-p9TMDPtqQ8N3AQ&s=10
travel,verb,https://encrypted-tbn0.gstatic.com/images?q=tbn:ANd9GcTA4nFtdTGDhjculqiNFeLJm6CKamsL7COQ4q-lWpuooA&s=10
treacherous,adjective,https://encrypted-tbn0.gstatic.com/images?q=tbn:ANd9GcQGS_3hGrs9wK-rTdObAaql1ipVgy4EtOiBIh1_rdWR3w&s
treaty,noun,https://encrypted-tbn0.gstatic.com/images?q=tbn:ANd9GcSikVQ3wHPRnuTYaZJZWMoEvrzu-jBufwk83zPLH0Zdrw&s=10
tree,noun,https://encrypted-tbn0.gstatic.com/images?q=tbn:ANd9GcSHNHVgLu8NxP44rEPXlSHxNqJtnHFs28_Ib_E90K8Mzw&s
trend,noun,https://encrypted-tbn0.gstatic.com/images?q=tbn:ANd9GcQy3TM4HeQUKPwvDLhWY5QMWVh856N-rOqO-rmHj0iUYw&s=10
trigger,verb,https://encrypted-tbn0.gstatic.com/images?q=tbn:ANd9GcTR9L6cW8VnkxuRyQQGvFLbZsvKEtQT5pJts3fr72ZEOw&s=10
trip,noun,https://encrypted-tbn0.gstatic.com/images?q=tbn:ANd9GcRQR7SToZxt19ejHCreziGapbA2p1m5xTBASmpECjXIKw&s=10
trousers,noun,https://encrypted-tbn0.gstatic.com/images?q=tbn:ANd9GcTL1CPtLzY2kOlmB3MlrYiBQ8noolvhhCp_mDinCJ5kXw&s=10
truancy,noun,https://encrypted-tbn0.gstatic.com/images?q=tbn:ANd9GcRS8KzBd0tI1ZdUgBSETOVMru57-Jsf_TeHiZ4Fund7GA&s=10
trust,verb,https://encrypted-tbn0.gstatic.com/images?q=tbn:ANd9GcQ4NEeJ0HhxIkW6sow9O_EEEPIBNtv9FYzHdXDdDScAyg&s=10
tuition,noun,https://encrypted-tbn0.gstatic.com/images?q=tbn:ANd9GcSpfVB6or_kCbAiZ_8iIuhqg9qlPqGMlIe6qlCMdUdIEA&s=10
turbine,noun,https://encrypted-tbn0.gstatic.com/images?q=tbn:ANd9GcQXkgZSRWaK69dH6Alfq2SKlaoYjkkscXBgEsQjtPzHYg&s=10
turbulent,adjective,https://encrypted-tbn0.gstatic.com/images?q=tbn:ANd9GcQxBeWM1MaBCSoWH8yRurbQGEURZtYMvA6wbvr902zKYw&s=10
turn down,phrasal verb,https://encrypted-tbn0.gstatic.com/images?q=tbn:ANd9GcSKSaefGz3GWSXh1WGQCfTrixzJrF0N3iHhmSm22GFsqw&s=10
turnover,noun,https://encrypted-tbn0.gstatic.com/images?q=tbn:ANd9GcS4BxVvtmgcHsMCVRCiaplMaTEWXOryaqnsrvuPKuDSNA&s=10
tutor,noun,https://encrypted-tbn0.gstatic.com/images?q=tbn:ANd9GcS_kMecn2hT31rU6HsSGj2_SB5i3MZ0s9-FnJfjQ2rGhg&s=10
ubiquitous,adjective,https://encrypted-tbn0.gstatic.com/images?q=tbn:ANd9GcSobLcwqJSGS9C0Tyl5DPs1jxOXXQsVtE0JYQZg2G-kZQ&s=10
ultimate,adjective,https://encrypted-tbn0.gstatic.com/images?q=tbn:ANd9GcRjD3_d8xSjBhbPIG9LE7O32-MLTDKMr00ksRDl_YL4Bw&s=10
umbrella,noun,https://encrypted-tbn0.gstatic.com/images?q=tbn:ANd9GcSPMHqbGoHw3FVDUODk9mrL-6f7jGedzQTkG_Hzvhi8zA&s=10
unanimous,adjective,https://encrypted-tbn0.gstatic.com/images?q=tbn:ANd9GcShsckDVQxRiHxhPI2npw49ODkjbNbJDmrWnjBQPmynRA&s=10
under the weather,idiom,https://encrypted-tbn0.gstatic.com/images?q=tbn:ANd9GcT85cX_Qle52vSebTjSOkS3sINgwoy7m6n_fLlVzDZbZg&s=10
undergo,verb,https://encrypted-tbn0.gstatic.com/images?q=tbn:ANd9GcQRPElNQyv4xJ6N5A4hEjXSMWhBosgDsbGTx5h3odSN_A&s=10
undergraduate,noun,https://encrypted-tbn0.gstatic.com/images?q=tbn:ANd9GcTIcWaem7HUSMcknq0KgoZNgY-cnmYBtF2FibCxGtViWA&s=10
underlying,adjective,https://encrypted-tbn0.gstatic.com/images?q=tbn:ANd9GcTL4D5evqh1e7hOLwyXen_6HL60K4d_Vhh5EbAVzSbTHQ&s=10
undermine,verb,https://encrypted-tbn0.gstatic.com/images?q=tbn:ANd9GcR9U-8o64snhtZEWr-5SttDoaJMbSgcqdyWm_EhF9KkNw&s=10
underpin,verb,https://encrypted-tbn0.gstatic.com/images?q=tbn:ANd9GcTHSUnehIjyXwD0PCOZsvJUuUeP2C06HQ5ps7VbqT9How&s=10
understand,verb,https://encrypted-tbn0.gstatic.com/images?q=tbn:ANd9GcTdostP5N4nLgDVk7gSBgwI3KF_gcAEkkaxoWnXO3n3Sw&s=10
undertake,verb,https://encrypted-tbn0.gstatic.com/images?q=tbn:ANd9GcRpQ91h-eSvmTW3a_IFMpsJpem_cWs1aVjspK7xk8YjLg&s=10
unemployment,noun,https://encrypted-tbn0.gstatic.com/images?q=tbn:ANd9GcSy4OB0aib_npGoJbTJXaec9J2DF2FhHMFO1Sx2sYKIfw&s=10
uniform,noun,https://encrypted-tbn0.gstatic.com/images?q=tbn:ANd9GcQTKPe1TvPqKmfW9w9HP_1n2WxlOYDWmvmzbVV1ePDw4Q&s=10
unify,verb,https://encrypted-tbn0.gstatic.com/images?q=tbn:ANd9GcTjrM_ou1frQdRkKPi_egzw_MKkKNzscQo-xF_-RJfrJw&s=10
uninhabitable,adjective,https://encrypted-tbn0.gstatic.com/images?q=tbn:ANd9GcSOeAq6QLWHJfHW95vVXoJUmW8RXwwbaSgdtGzwzKeVag&s=10
unique,adjective,https://encrypted-tbn0.gstatic.com/images?q=tbn:ANd9GcT5I5TnZt5hQXLO8uf96sKxVODKn7UlQy83kCoVXyMyng&s
unprecedented,adjective,https://encrypted-tbn0.gstatic.com/images?q=tbn:ANd9GcQPCzr1hDKHMP7NTZHNFpmrDZpq1Cs81TYCeH0QnKn9Rw&s=10
unveil,verb,https://encrypted-tbn0.gstatic.com/images?q=tbn:ANd9GcSBElTu75aByVi84onEg47PyWfF3L5Bo_maXeOYlFz2Qw&s=10
upheaval,noun,https://encrypted-tbn0.gstatic.com/images?q=tbn:ANd9GcQPsdgWusSdDU6kfqAblC3mdvB1o1rtqmJCdNHKbs72Ww&s=10
uphold,verb,https://encrypted-tbn0.gstatic.com/images?q=tbn:ANd9GcSLt2fGBqSBRCwbQeyj3aBNP7YTUniG9q4VTguwS43weg&s=10
uproar,noun,https://encrypted-tbn0.gstatic.com/images?q=tbn:ANd9GcRh8WSAOS28VpnqxfPT4ED24IYmNfZEsd7VXh-zYSUsTQ&s=10
urban,adjective,https://encrypted-tbn0.gstatic.com/images?q=tbn:ANd9GcQMASrIMCBEcVibiHr5SPE6mNkuHCLjhQAKBurQE2nuvA&s=10
urbanization,noun,https://encrypted-tbn0.gstatic.com/images?q=tbn:ANd9GcQHrlQzzSVkSMvBAoOjC30weYrMOYRoe7arowoGMxZdlA&s=10
use,verb,https://encrypted-tbn0.gstatic.com/images?q=tbn:ANd9GcSOFJ9b9N2nFeXLBnTpzR1l0rANzDX_Eke2DoaArQsoKQ&s=10
useful,adjective,https://encrypted-tbn0.gstatic.com/images?q=tbn:ANd9GcT-75XIrIkUOBGCTUkKXLfnCHcXhKW63snTQyrCmzctzw&s=10
usher,verb,https://encrypted-tbn0.gstatic.com/images?q=tbn:ANd9GcSV9j93YeGY87oUi4Q283ZTtR5z2A-ZY_y9eJdPTOXLrg&s=10
utility,noun,https://encrypted-tbn0.gstatic.com/images?q=tbn:ANd9GcRVg2qLinA7gjycjc6mIfpZJsg3_pBiMWViL0YJKOt7hg&s=10
utilize,verb,https://encrypted-tbn0.gstatic.com/images?q=tbn:ANd9GcRcRxJzdxtNEQMQ6Fhk513sOFCE8LnacS2KLQNR-5YePA&s=10
vaccinate,verb,https://encrypted-tbn0.gstatic.com/images?q=tbn:ANd9GcST1vpIggdJFV1T8AZcdB9t8ZcTO2sTKcqSH-uGPX5ptw&s=10
vague,adjective,https://encrypted-tbn0.gstatic.com/images?q=tbn:ANd9GcQxeLvfeyHtN2vDM2-EDucHqHhz-TIPL5GZ7p8VmMOoMg&s=10
valid,adjective,https://encrypted-tbn0.gstatic.com/images?q=tbn:ANd9GcQ4Y8n831Ipm1bTycNqY3RmtDL8aQCylvirMsFHcZ8VFw&s=10
valuable,adjective,https://encrypted-tbn0.gstatic.com/images?q=tbn:ANd9GcREJNnmO5x4C2v0kOR4zdGXs5ZLfqRTiwRma00InLaBIg&s=10
vandalism,noun,https://encrypted-tbn0.gstatic.com/images?q=tbn:ANd9GcSPV9DNYNyzIl6yeDQJPqeO5dAkal2WgQVH6wZlSZWRCg&s=10
vary,verb,https://encrypted-tbn0.gstatic.com/images?q=tbn:ANd9GcRDvMFpvp6QMTxhvyZs0cQzD0XdynRmm4mfVJdqJFP5Xg&s=10
vast,adjective,https://encrypted-tbn0.gstatic.com/images?q=tbn:ANd9GcSNXoiJjxmi-yGUQYSOrgyX1iXGtG6mk-KjyrefA35Uuw&s=10
vegetable,noun,https://encrypted-tbn0.gstatic.com/images?q=tbn:ANd9GcT0GcYzBG0U1_5m5vughHE8hihARCawuhfG64R0nAoV4A&s=10
vegetation,noun,https://encrypted-tbn0.gstatic.com/images?q=tbn:ANd9GcQ4gebgtZKvD2rLqxSTJgJ8ciOVdyIliyjB5u28s4B7GQ&s=10
venture,noun,https://encrypted-tbn0.gstatic.com/images?q=tbn:ANd9GcRk4_df11eg1jzSOCQrx8snrgUARrJu_XeV5jKLtz35Gw&s=10
verdict,noun,https://encrypted-tbn0.gstatic.com/images?q=tbn:ANd9GcRfssojyVGU-0sSSa82sv8CogRmQIaNGsEwQTngf2cw8A&s=10
verge,noun,https://encrypted-tbn0.gstatic.com/images?q=tbn:ANd9GcRlvDhX7leWlbBkBX3oKDgDDx-zfZ-3gqN_aTjpUt6C0A&s=10
verify,verb,https://encrypted-tbn0.gstatic.com/images?q=tbn:ANd9GcQ5apY0aKSUu9Dvik5CEwz4X6N-e_lpUxShjQEuoGi_RQ&s=10
versatile,adjective,https://encrypted-tbn0.gstatic.com/images?q=tbn:ANd9GcQaJog6gdibyF4vGnCN0LP4VIT1m7gpPT29bdCxfCMQfA&s=10
very,adverb,https://encrypted-tbn0.gstatic.com/images?q=tbn:ANd9GcTyFfhwsrBKD_aXuqHOJn3hu1xQWR5xF9pyULWOJzfWbw&s=10
viable,adjective,https://encrypted-tbn0.gstatic.com/images?q=tbn:ANd9GcSKScDMLGwYcNJFdSGAadU0lpafBEFyK1FIOxibI2aRtw&s=10
vibrant,adjective,https://encrypted-tbn0.gstatic.com/images?q=tbn:ANd9GcQB-QzabHRqFrkv38ABur-Dh8IzISCDn2EO-E1wwYDemQ&s=10
vigilant,adjective,https://encrypted-tbn0.gstatic.com/images?q=tbn:ANd9GcS2naCoHPync6-Sd9FJXB5kc_kcZ_M8yQj9utjBjiZVwA&s=10
vigorous,adjective,https://encrypted-tbn0.gstatic.com/images?q=tbn:ANd9GcRfsNoaRYaxfrR00QD-IEtVWlPooVmxWQMRGE43zq6G4A&s=10
village,noun,https://encrypted-tbn0.gstatic.com/images?q=tbn:ANd9GcTq1blOCBCG_b8hRPvKopxw5bFR5SZBcQni6ZrtZ9o5Iw&s
violate,verb,https://encrypted-tbn0.gstatic.com/images?q=tbn:ANd9GcQjvqe6lH3yHl9BOx8PEdJ_2tBCjPBP27vLfXnZVVDiRw&s=10
viral,adjective,https://encrypted-tbn0.gstatic.com/images?q=tbn:ANd9GcS66eiHny6dLPLxeUSzkxRc0uzrfXDYk-Z1H6dq0NU68w&s=10
virtual,adjective,https://encrypted-tbn0.gstatic.com/images?q=tbn:ANd9GcTtc768DDmnQNWJ9AvJZDXG0zr_njbhG0868tuLZiVgLw&s=10
visible,adjective,https://encrypted-tbn0.gstatic.com/images?q=tbn:ANd9GcT-1Vf3PcFanVvSyIQnsFtMVKxnZ5RkupfehTWuJ_j52Q&s=10
visual,adjective,https://encrypted-tbn0.gstatic.com/images?q=tbn:ANd9GcSz6cWhWxamc2TjLzSi0Yyw-mynVOwOFzV3dWexKo3zQg&s=10
vital,adjective,https://encrypted-tbn0.gstatic.com/images?q=tbn:ANd9GcToUC7n3_oJz7VRxzKwSI4icfXvkSokGPr-MMgzSpjk0g&s=10
vocational,adjective,https://encrypted-tbn0.gstatic.com/images?q=tbn:ANd9GcSSeyeFyU82UOPgzLQLHW3p9f791T9DVCaVKi-0nEhpcw&s
volatile,adjective,https://encrypted-tbn0.gstatic.com/images?q=tbn:ANd9GcQkYdFH55dtrMhjpkGLeqWN-WNXPvD65Nm8hvzOp-X-fg&s=10
voluntary,adjective,https://encrypted-tbn0.gstatic.com/images?q=tbn:ANd9GcSyAHdShVeCPUXoKs-VfpEkOXMqiOP9Y_fVhVNlJ8Kz9w&s=10
voyage,noun,https://encrypted-tbn0.gstatic.com/images?q=tbn:ANd9GcRrfnE_TgPdUxohr8yCl6qVngiX0pXcEy3e0a6E3AnzXA&s=10
vulnerable,adjective,https://encrypted-tbn0.gstatic.com/images?q=tbn:ANd9GcTrBtdqqfrq7CQDSjwrmyNyLsijL1RpBEt_ZXQTTuDynw&s=10
wage,noun,https://encrypted-tbn0.gstatic.com/images?q=tbn:ANd9GcQePMUpIJzx2vwaUeEQeixY2BEkn9n5CztgiMmxVqlCeg&s=10
walk,verb,https://encrypted-tbn0.gstatic.com/images?q=tbn:ANd9GcRIndhUopsDAmPCT5CM88kzLysm3MJlxsjGEoM-qt0EnQ&s=10
wall,noun,https://encrypted-tbn0.gstatic.com/images?q=tbn:ANd9GcTaxOlBDigNeTyZg7kDhyPKlw7MMdmeUcOpxCACIi5shQ&s
wallet,noun,https://encrypted-tbn0.gstatic.com/images?q=tbn:ANd9GcR2rpEz305cPK_jU2DhUuu25Kfigu66S7WBpvyTkaYMUQ&s=10
wane,verb,https://encrypted-tbn0.gstatic.com/images?q=tbn:ANd9GcSYMA1vLyBEMqPQotNZBg-khGnAFovyKDMejRDTzS2hpQ&s=10
want,verb,https://encrypted-tbn0.gstatic.com/images?q=tbn:ANd9GcQuWvwS3DDZM5pL3Yu8HaRU3zCabgb5S9QkGGFzHLz_ew&s=10
warm,adjective,https://encrypted-tbn0.gstatic.com/images?q=tbn:ANd9GcTLNlLuDHRU1w7YX5ef8TEQN4t-z-NSbR2gj0k7KWSLzA&s=10
warn,verb,https://encrypted-tbn0.gstatic.com/images?q=tbn:ANd9GcQvKEronoSzcSFGhToJY2JP-GERC6dXW8QLtRc8QkQRcg&s=10
waste,verb,https://encrypted-tbn0.gstatic.com/images?q=tbn:ANd9GcSEl9XOyhkZ4pxRaQp6YhrJoq8I6p5RIRBkBegiPab8tg&s=10
watch,verb,https://encrypted-tbn0.gstatic.com/images?q=tbn:ANd9GcQLtz3cqoNgic2w8REpkvSytJX9UrbzgDOhSxHY8MDRrg&s=10
water,noun,https://encrypted-tbn0.gstatic.com/images?q=tbn:ANd9GcSOq4L7NtF6aYdCrLC01uUuut0ASWjDRDewUlqqnwN6Gg&s=10
wear,verb,https://encrypted-tbn0.gstatic.com/images?q=tbn:ANd9GcSyQEOn_lhiXUSwBYjaH7LLodocVwmesXzWFIS9lDXNJg&s=10
weather,noun,https://encrypted-tbn0.gstatic.com/images?q=tbn:ANd9GcRz-D88bP4KNMu39p_FmL1aPo21TnGnVvjDedJ6cH5MQQ&s
week,noun,https://encrypted-tbn0.gstatic.com/images?q=tbn:ANd9GcQv8D0LUY1oVpRw8MizhCcd_6BePUD_Vd_7F8bPsuccog&s
welfare,noun,https://encrypted-tbn0.gstatic.com/images?q=tbn:ANd9GcRW9ggxGTN2ovRrfujAqcH6biKQBdvlt8XgImaOAHO6Xg&s=10
wellbeing,noun,https://encrypted-tbn0.gstatic.com/images?q=tbn:ANd9GcQtOMS5CJ80tLH9JS5BwWC5MtHpycGGQh1TTy_pzV6o5Q&s=10
wetland,noun,https://encrypted-tbn0.gstatic.com/images?q=tbn:ANd9GcQwmlzuJXsckmzvKHiW5zuwxm7ccyH_37JSCYHdt5jItQ&s=10
whale,noun,https://encrypted-tbn0.gstatic.com/images?q=tbn:ANd9GcT1OLQdpeHwja5biF2EY2Y8mQP8BHGcJuIz3ZdkY-6mLw&s
white,adjective,https://encrypted-tbn0.gstatic.com/images?q=tbn:ANd9GcRq5g6hju10ATJhDbivCqP7YqzC2qvASKy3Rkf_tNv1Jw&s=10
wholly,adverb,https://encrypted-tbn0.gstatic.com/images?q=tbn:ANd9GcTId0qmOkekO_g6nSSzqRwN0ch1thjjphogMPE0NWazYg&s=10
widespread,adjective,https://encrypted-tbn0.gstatic.com/images?q=tbn:ANd9GcTCQWiJ7_QFHDdsxzqnxwLM5BF3xAncUqelbMMrcLMHzw&s=10
wife,noun,https://encrypted-tbn0.gstatic.com/images?q=tbn:ANd9GcQtMhW_9dDRrOXUWC1coHn7Cf_n4dbQXAkMKjvluc0M6w&s=10
wildlife,noun,https://encrypted-tbn0.gstatic.com/images?q=tbn:ANd9GcRV9kI6JN17Is9YWV7CEZMN6Circ4Xrmvlgtg7RbhWBdw&s=10
wind,noun,https://encrypted-tbn0.gstatic.com/images?q=tbn:ANd9GcTJqftgufIZrI-BN4WR6DHL_KkKd6e2lUqju7V77TxBAA&s=10
windfall,noun,https://encrypted-tbn0.gstatic.com/images?q=tbn:ANd9GcQdTYILBWEMIgvpA6dUJXj4Honatg6cSsIJI8gkRruR4g&s=10
window,noun,https://encrypted-tbn0.gstatic.com/images?q=tbn:ANd9GcQw3G3ISCtfY4SWGf-uqy2qQjlw0Kz3jk7cL4QmMU59Kg&s=10
with,preposition,https://encrypted-tbn0.gstatic.com/images?q=tbn:ANd9GcTFzBqSlXKu40K_53yYNXHGDgqLaYE-2lM1X49GVqXjDA&s=10
withdraw,verb,https://encrypted-tbn0.gstatic.com/images?q=tbn:ANd9GcSVtwge6xyzHfA9n-s76Csihlc8ZjTXPWjQKGc3r68Q6Q&s=10
withstand,verb,https://encrypted-tbn0.gstatic.com/images?q=tbn:ANd9GcTqSXF3qaTz-ppPg4UxToGSt4KMJ4BrG8VbrHqugLRLcg&s=10
witness,noun,https://encrypted-tbn0.gstatic.com/images?q=tbn:ANd9GcTGrRG1CbDZdAttdw5WXoQyl3xeJ2VPx291Fc4VAercSQ&s
wolf,noun,https://encrypted-tbn0.gstatic.com/images?q=tbn:ANd9GcRkcsX4Gyzl1bvUoXGYcMOkXiwjw5VGrqMqfc_DEb_V1w&s=10
woman,noun,https://encrypted-tbn0.gstatic.com/images?q=tbn:ANd9GcQtoQB9l54rd6IxjBViiEaRyDHaPbLc5gQiG_JcP3yxpQ&s
word,noun,https://encrypted-tbn0.gstatic.com/images?q=tbn:ANd9GcSCK8JVSlsUsqc96xxpIaHpqvRMmKGrp6E68kbxFFU8cg&s=10
work,verb,https://encrypted-tbn0.gstatic.com/images?q=tbn:ANd9GcTvFquhh8orK9STtb3iP4M_M0iISZKQW96PabmWnRUwQQ&s=10
work out,phrasal verb,https://encrypted-tbn0.gstatic.com/images?q=tbn:ANd9GcScQ4QgqtPdOt5NoClqGSi9v02TFuBiSYlFDHjViWW5Sw&s=10
worker,noun,https://encrypted-tbn0.gstatic.com/images?q=tbn:ANd9GcS2ncZELlhLiP9gH84clpiVA2z4GBweTh7P2KM9TCNQnw&s=10
workforce,noun,https://encrypted-tbn0.gstatic.com/images?q=tbn:ANd9GcRt29-m_SSnHXFFIvgqKD0UaHi_NaX-UvSTjzDcWD8j2A&s=10
workload,noun,https://encrypted-tbn0.gstatic.com/images?q=tbn:ANd9GcTB3C6VQkDhyjPvxyMttbJHhsC35SFfWx9nR7rWc52DKA&s=10
worried,adjective,https://encrypted-tbn0.gstatic.com/images?q=tbn:ANd9GcQQi1I8Z3RYvqASp6u45q2fs8rnuTNmNAsTtXKNchhhKQ&s=10
write,verb,https://encrypted-tbn0.gstatic.com/images?q=tbn:ANd9GcRuHQgsXNCNGfA5vigm5mSIqE2J8PO6mGwDsFpyhPpKwA&s=10
yard,noun,https://encrypted-tbn0.gstatic.com/images?q=tbn:ANd9GcRVxJJJZTj4OkZoYo_87atF5onB7PEL2pA-qA-B1Mq-tg&s=10
year,noun,https://encrypted-tbn0.gstatic.com/images?q=tbn:ANd9GcRulHkL6lrJB6avaP6OCqgENWV3KPxuQwiEMuNR_LpMmg&s=10
yellow,adjective,https://encrypted-tbn0.gstatic.com/images?q=tbn:ANd9GcSeenHg--4Hsx_MqLiIYK0pHFAmTMepTTNmDdi1oc6X4w&s=10
yes,adverb,https://encrypted-tbn0.gstatic.com/images?q=tbn:ANd9GcQprK51_ZVgjh-uolZY2MYzmggWGB0gVwKyu1iRAbGzhw&s=10
yesterday,adverb,https://encrypted-tbn0.gstatic.com/images?q=tbn:ANd9GcTgsDhtJbpvZYyzWaxPJ8BcV5-yiXJDI0LO831sKyZ9gQ&s=10
yield,verb,https://encrypted-tbn0.gstatic.com/images?q=tbn:ANd9GcS3bN-u-jlopCG5TLcZHK7VyHktRq3R0Ke26JTXHCEAUA&s=10
young,adjective,https://encrypted-tbn0.gstatic.com/images?q=tbn:ANd9GcTckx-Jc27cixyb1jT4e8mgTtX6aFwzWcp2JLPVFwTpJQ&s=10
zeal,noun,https://encrypted-tbn0.gstatic.com/images?q=tbn:ANd9GcRO26-0PTFS1cneQNUOb6SZ4wQtxDV6jDjh64Tr9rS4oA&s=10
zoo,noun,https://encrypted-tbn0.gstatic.com/images?q=tbn:ANd9GcQ1P9xQ9c438Zm4R00fBVZUcDUm4zfuGjEuzNdoCyiJ1w&s=10
stamina,noun,https://encrypted-tbn0.gstatic.com/images?q=tbn:ANd9GcSAFOiXmZ6IT-w7srmAqamP8qPdS6JG2cqTW2G08FFUQA&s=10
tournament,noun,https://encrypted-tbn0.gstatic.com/images?q=tbn:ANd9GcQnsGm5yJskhJy1OiXUWf8F0MsScwISl88Bpd39722cuQ&s=10
trophy,noun,https://encrypted-tbn0.gstatic.com/images?q=tbn:ANd9GcR7tjCpwXjzmhBouO-ac6GqMSevi8Pwjd2brWcvPTxiVg&s=10
look forward to,phrasal verb,https://encrypted-tbn0.gstatic.com/images?q=tbn:ANd9GcRojlDpChWIPioNtU4cyunGsaqk_BUld1-IN1bc9NFQvg&s=10
get over,phrasal verb,https://encrypted-tbn0.gstatic.com/images?q=tbn:ANd9GcTPUK_vik1sEVDVosZQMM5MdW_cTMr3n8Bgt7BYZq0HCQ&s=10
take off,phrasal verb,https://encrypted-tbn0.gstatic.com/images?q=tbn:ANd9GcREZIHUQCbL8Oo41H9OIvbq6MAsRCAad5bd7aMYF_LftA&s=10
put up with,phrasal verb,https://encrypted-tbn0.gstatic.com/images?q=tbn:ANd9GcQHC-ZAwnyel-zsgrtJ_ibsKUJi1eO-qLZh7FPKi6gUww&s=10
turn up,phrasal verb,https://encrypted-tbn0.gstatic.com/images?q=tbn:ANd9GcTxpXvxaIThn_80S5W7gwM0nP2ZFn7iuzBOeSFSPlYEAQ&s=10
look up,phrasal verb,https://encrypted-tbn0.gstatic.com/images?q=tbn:ANd9GcSoMiTRSJR_nz4An5OGV-ziPztDqevIyVhMFSSDXLJg9g&s=10
give in,phrasal verb,https://encrypted-tbn0.gstatic.com/images?q=tbn:ANd9GcSworENcnQml0qybQakTwXIQGpIk3Y43G-sUiM3cynn3A&s=10
take after,phrasal verb,https://encrypted-tbn0.gstatic.com/images?q=tbn:ANd9GcRWEsjQq1plpDUGu_ktqvwve2Y52reWaV36gpfoU-bhQw&s=10
get by,phrasal verb,https://encrypted-tbn0.gstatic.com/images?q=tbn:ANd9GcSxRa41ekklF_f6hruNuABXw-zIGcvkgqxKew&s
hold on,phrasal verb,https://encrypted-tbn0.gstatic.com/images?q=tbn:ANd9GcR9-8fx758FGjJdmBiq1ZLmagZ4N-5DKJVfzURl9IJYeA&s
let down,phrasal verb,https://encrypted-tbn0.gstatic.com/images?q=tbn:ANd9GcSrctfdpGxptAMBJh4olt5znLlEHFs1ApQm4KqAelfkNw&s=10
look into,phrasal verb,https://encrypted-tbn0.gstatic.com/images?q=tbn:ANd9GcSYYqJvULnmSgFA78deIUM2WCxhdzks8BHbLGscrK_6dg&s=10
make up,phrasal verb,https://encrypted-tbn0.gstatic.com/images?q=tbn:ANd9GcTWcJDvum6k8ijGsd-67KnAx5KRQuWhok9Tw6vB7820EA&s=10
point out,phrasal verb,https://encrypted-tbn0.gstatic.com/images?q=tbn:ANd9GcTCVdFIzMqZxkGj-9rB3xsffNsQxFC24sICfIufreeTrA&s=10
put on,phrasal verb,https://encrypted-tbn0.gstatic.com/images?q=tbn:ANd9GcQodNmXjpXS4QuyRe9FkL8hoJMKp6qqCTUk8QIbgLO7ow&s=10
run into,phrasal verb,https://encrypted-tbn0.gstatic.com/images?q=tbn:ANd9GcREmetZFh0OGx48WRLjy8HDKzkVnw2yMCl-SpaecdfTfQ&s=10
show up,phrasal verb,https://encrypted-tbn0.gstatic.com/images?q=tbn:ANd9GcQWXnWMIQ7-g9QnQwAKd4PUqv4erZOpzOzpKsexBVOHnQ&s=10
sort out,phrasal verb,https://encrypted-tbn0.gstatic.com/images?q=tbn:ANd9GcTRTjBjN85GFjWljQK6SePSKQj1hm1IE5S81CCd_Bcd_g&s=10
take over,phrasal verb,https://encrypted-tbn0.gstatic.com/images?q=tbn:ANd9GcQQuWrRgSWF7EgGCEJ1wU7upUzCZwmG9UPHW5Y6WISH5w&s=10
turn out,phrasal verb,https://encrypted-tbn0.gstatic.com/images?q=tbn:ANd9GcQfLK2_ycbcbS8p37tHq5KlpBq_nGhtIvSd6qz7HUIiZA&s=10
back up,phrasal verb,https://encrypted-tbn0.gstatic.com/images?q=tbn:ANd9GcQTaMO8WPdTE5IW1TwlBfx35vSHhp_ZsUzVUP8dfqcE5g&s=10
blow up,phrasal verb,https://encrypted-tbn0.gstatic.com/images?q=tbn:ANd9GcQemd4dcnPjujYp4tI7LU2V0jQ8HHRjrhDGFOduJdxHRg&s=10
break up,phrasal verb,https://encrypted-tbn0.gstatic.com/images?q=tbn:ANd9GcTMsi61gnI029BbMdDcTB6Tb9QKNdUQuiPw8HpPkAwLOw&s=10
call off,phrasal verb,https://encrypted-tbn0.gstatic.com/images?q=tbn:ANd9GcTPYOHyV1CJIY-YEzOTPWwHxmsfKB4VoEqYQh0Nehk7oQ&s=10
calm down,phrasal verb,https://encrypted-tbn0.gstatic.com/images?q=tbn:ANd9GcQ6ZzPTqi4R-uvKpGtrlw-1XRLyCVsKuqgaWvFtcJM4Hw&s=10
check in,phrasal verb,https://encrypted-tbn0.gstatic.com/images?q=tbn:ANd9GcSU8TMfrtYBxuM4aHZ6Rwhlfy2cVGsAJgt_FsVDXLHd_g&s=10
cheer up,phrasal verb,https://encrypted-tbn0.gstatic.com/images?q=tbn:ANd9GcRDn7d7e7NQ1jMsjRgDGDuWZqff6CrwigHkpN3IQwH8Ug&s=10
come up with,phrasal verb,https://encrypted-tbn0.gstatic.com/images?q=tbn:ANd9GcQBhxWhkj9Q4j8DQOEQ1B-w-17KSgDaGde9gF3e8DCezA&s=10
cut down on,phrasal verb,https://encrypted-tbn0.gstatic.com/images?q=tbn:ANd9GcS_tDJ4DJ1n5W1fD3PVqrGDJ9NSFL6RlU-ulikJpj281g&s=10
drop off,phrasal verb,https://encrypted-tbn0.gstatic.com/images?q=tbn:ANd9GcSku-nwl4mTV7RiWIBHlbqna1FaO0eVl8lH8OkHy2R-Ng&s=10
get away,phrasal verb,https://encrypted-tbn0.gstatic.com/images?q=tbn:ANd9GcRG3OOgEJvqESbZaQVoIfU82T5PFsW7qcv7mA6ZtFuktA&s=10
go over,phrasal verb,https://encrypted-tbn0.gstatic.com/images?q=tbn:ANd9GcRk1Yn4LlmgCKHoceLC_WuQWTSvw339IBzO7UCKjvNlmg&s=10
hang out,phrasal verb,https://encrypted-tbn0.gstatic.com/images?q=tbn:ANd9GcSEsGUC73TzMJ_sIy6Ao4Wc5PD6DyVO0gKA1ilgt6Y7SQ&s=10
keep up with,phrasal verb,https://encrypted-tbn0.gstatic.com/images?q=tbn:ANd9GcTGqfpqqo1NOkPSUd8F2tr8BoXGLdwWso8Lh9jyClTETg&s=10
move on,phrasal verb,https://encrypted-tbn0.gstatic.com/images?q=tbn:ANd9GcSRO-aRlHVRRFENfqSYySc91aoA_CXtQT9CAWxhdRVL1w&s=10
pass away,phrasal verb,https://encrypted-tbn0.gstatic.com/images?q=tbn:ANd9GcRrQPfpJPRUobGxRaBWWFbAIwGaklv3BEnpE_H8CgSp6A&s=10
pay back,phrasal verb,https://encrypted-tbn0.gstatic.com/images?q=tbn:ANd9GcSzdKzUiVOSJ3CSUkqosc9g78XqaaC2DTwVsUbbpazHjg&s
put away,phrasal verb,https://encrypted-tbn0.gstatic.com/images?q=tbn:ANd9GcR0GUilws_44dJs4pQJLQkehVYGhQilW5IJj6y29DWBUA&s=10
take up,phrasal verb,https://encrypted-tbn0.gstatic.com/images?q=tbn:ANd9GcTo_QjtwsmEKcjz8BmscOGeXNRyFUSOiNGahwWLUnvR9Q&s=10
try on,phrasal verb,https://encrypted-tbn0.gstatic.com/images?q=tbn:ANd9GcSveSrwl-vfDfhbwdhisobZy5YX-IMe6X3K5g&s
actions speak louder than words,idiom,https://encrypted-tbn0.gstatic.com/images?q=tbn:ANd9GcSdagG9JyzWzWgpW0l8m6g4KbtB3NFa1UHj2g&s
add fuel to the fire,idiom,https://encrypted-tbn0.gstatic.com/images?q=tbn:ANd9GcROPKF-8y6pOtD8t4f4DAEOmM6JOK8wUslkwpnA4sgOqQ&s=10
bark up the wrong tree,idiom,https://encrypted-tbn0.gstatic.com/images?q=tbn:ANd9GcQWEnMJbSoJCKWGviFzdDo03jJ65kwMwPKg9cK1bkNqKw&s=10
beat around the bush,idiom,https://encrypted-tbn0.gstatic.com/images?q=tbn:ANd9GcQP_dI1rxQXFaX1_gCtL4-XrD9U7NsRcGC8Hxbtlwh2Vg&s=10
better late than never,idiom,https://encrypted-tbn0.gstatic.com/images?q=tbn:ANd9GcRLQfMH7XsXCDNJAU5C6NmMK_kPvJ7NF4r_bgOB5b5Nxg&s=10
bite off more than you can chew,idiom,https://encrypted-tbn0.gstatic.com/images?q=tbn:ANd9GcQJY-lMizmXAvP41OBwY263W3qv0l65SPZk-cS-Vro4SA&s=10
burn the midnight oil,idiom,https://encrypted-tbn0.gstatic.com/images?q=tbn:ANd9GcSJlVSBCS34IbGHj8Jbq8kWbs6cr09w2hHONdylXkJq4g&s=10
by the skin of your teeth,idiom,https://encrypted-tbn0.gstatic.com/images?q=tbn:ANd9GcTYVy10DxppoLSVoE4b1OtXPRxDWHT664SRIUc7e9dSlA&s=10
cry over spilt milk,idiom,https://encrypted-tbn0.gstatic.com/images?q=tbn:ANd9GcS7G9Fv3M5s6Conudg5SmLvV3PUJnYDqVXHqmYuvMicew&s=10
down to earth,idiom,https://encrypted-tbn0.gstatic.com/images?q=tbn:ANd9GcQQefSuTJ0rzJi4cAlZSuJmfTz4oKWo6rSFhg&s
easier said than done,idiom,https://encrypted-tbn0.gstatic.com/images?q=tbn:ANd9GcRkoBDRQUXOPdNdJ91r1jTzC9zYet1VsB9kNkuk-QgRXA&s=10
every cloud has a silver lining,idiom,https://encrypted-tbn0.gstatic.com/images?q=tbn:ANd9GcRbme3-F4R1QIDEl1OtZ-F_EjjAsXlGXLykQcckMj92jA&s=10
face the music,idiom,https://encrypted-tbn0.gstatic.com/images?q=tbn:ANd9GcRi5ErXexlcGeeudXs9EkXXTgf5IuYB1suRJIJtXkhrlw&s=10
get cold feet,idiom,https://encrypted-tbn0.gstatic.com/images?q=tbn:ANd9GcRkLyZXMz_cWQsQdvpFIzGFHLYQHNtArygUIsLFC9nGQg&s=10
get the hang of,idiom,https://encrypted-tbn0.gstatic.com/images?q=tbn:ANd9GcQj03YWKRWrfThjSjDeheDCaysyuPgqLJukbcM5YTlDLg&s=10
go the extra mile,idiom,https://encrypted-tbn0.gstatic.com/images?q=tbn:ANd9GcRpzBZjn47iBLjVSkvaw_gNoc3V-xo8djucyObBN4EvIQ&s=10
hit the road,idiom,https://encrypted-tbn0.gstatic.com/images?q=tbn:ANd9GcRrQrFdq1yQTe2rbCTKdUTTevt2I-G5ghlnHPabbmg_xg&s=10
in the same boat,idiom,https://encrypted-tbn0.gstatic.com/images?q=tbn:ANd9GcSy-542TJI3txozHS9c_IHKbMnOa2Sdfbq941tVzWOUgA&s=10
jump on the bandwagon,idiom,https://encrypted-tbn0.gstatic.com/images?q=tbn:ANd9GcRfOlIq8r58_8u8mCJ-WLv3aDwTioN1okkjgOebo_3COw&s=10
keep your chin up,idiom,https://encrypted-tbn0.gstatic.com/images?q=tbn:ANd9GcTaITUMAXn8-Zfgo-uh6-J-vCgOyE_4OlRe93LQzz_m9Q&s=10
learn the ropes,idiom,https://encrypted-tbn0.gstatic.com/images?q=tbn:ANd9GcQwXBJ8PEYHAdyg2KRoRdmVO0yOrYKuHmBw5rsEJhJd1Q&s=10
let the cat out of the bag,idiom,https://encrypted-tbn0.gstatic.com/images?q=tbn:ANd9GcQJ9bVDXDeupPPQxh7lXmrZcZNgRxh36orTCreCXRjbiQ&s=10
make a long story short,idiom,https://encrypted-tbn0.gstatic.com/images?q=tbn:ANd9GcTD7FwUcBKDdMsciHnkIFoiIs0sdcJgxxKYovSQL6ZSXA&s=10
off the top of my head,idiom,https://encrypted-tbn0.gstatic.com/images?q=tbn:ANd9GcQoPPiq43p2MwT8gmSnIy5V480OPVt4eL1btQ2I0zVawA&s=10
on cloud nine,idiom,https://encrypted-tbn0.gstatic.com/images?q=tbn:ANd9GcQfZZy5Crh4uVlParU6OxeIjJJgalBP-RnniU8rn_xFjg&s=10
on thin ice,idiom,https://encrypted-tbn0.gstatic.com/images?q=tbn:ANd9GcTe5G161IkfVstGLYqRbTE59ah_rGNhfIWGr6aLAg3bjA&s=10
out of the blue,idiom,https://encrypted-tbn0.gstatic.com/images?q=tbn:ANd9GcRNCx77teiHi79JtN-UtCnrfvi-y88eu8748VHM6LYpcg&s=10
play it by ear,idiom,https://encrypted-tbn0.gstatic.com/images?q=tbn:ANd9GcRYtOnVA42fTSl5oJvTwQ93e0RbxDCjOlrlOv74qwQdQw&s=10
pull someone's leg,idiom,https://encrypted-tbn0.gstatic.com/images?q=tbn:ANd9GcSPICyQE-I3j1D_gu_wnnIrxQ3mNwGHMyWlqJvH7luE0Q&s=10
rain or shine,idiom,https://encrypted-tbn0.gstatic.com/images?q=tbn:ANd9GcTjwHpwDbIstX2F1GSa_ISsmUjdlDkwDGt273GNuuLFkw&s=10
read between the lines,idiom,https://encrypted-tbn0.gstatic.com/images?q=tbn:ANd9GcTz5xqLRS-PaNQ4Oo1Ns__yNmf9dsdVTMabhLT8tZgDKA&s
speak of the devil,idiom,https://encrypted-tbn0.gstatic.com/images?q=tbn:ANd9GcRJkHq6NmauyXIu2YncB7BO0g6MjScgdhiMAQ&s
steal someone's thunder,idiom,https://encrypted-tbn0.gstatic.com/images?q=tbn:ANd9GcTvcxBIkHeMufmD6ho-equjqWJ6n9zmueTZ754SxXZ8xA&s=10
take it with a grain of salt,idiom,https://encrypted-tbn0.gstatic.com/images?q=tbn:ANd9GcQFvVtmQCt9oGsLTNQ9c528JlcbqAiBRlPY0g&s
the tip of the iceberg,idiom,https://encrypted-tbn0.gstatic.com/images?q=tbn:ANd9GcQK2LHDlBPGHjiFnlurfR-taYqGQKCVv9YCduItmpijHA&s=10
through thick and thin,idiom,https://encrypted-tbn0.gstatic.com/images?q=tbn:ANd9GcRoLrhGjpPPEXn7Zaa8V6dJHgoacpcJsOJBEqk_kd1YNg&s=10
throw in the towel,idiom,https://encrypted-tbn0.gstatic.com/images?q=tbn:ANd9GcRASjDzg42VP7jk1gISPgFWzoo5VAtI-ilx3ahz1zsUKA&s=10
time flies,idiom,https://encrypted-tbn0.gstatic.com/images?q=tbn:ANd9GcSsqUL6fkzqGQ7_JcoPC2xQawKXXZRdxHKgvwm6sZ3Rbg&s=10
turn a blind eye,idiom,https://encrypted-tbn0.gstatic.com/images?q=tbn:ANd9GcRejqoIlvAw3K1movIno8zAx8HYjzFYZYo5InLxFIcWNA&s=10
up in the air,idiom,https://encrypted-tbn0.gstatic.com/images?q=tbn:ANd9GcSNGDr9xY3ftPeQSTZLA5JbTrM9WSph99fEOIC0V--yuQ&s=10
page,noun,https://encrypted-tbn0.gstatic.com/images?q=tbn:ANd9GcRjDnaQYxQFCnzMrFzSBEb9FxSxGuS42ByhVb1juBxwZg&s=10
search,verb,https://encrypted-tbn0.gstatic.com/images?q=tbn:ANd9GcRnJmFe7RIGuC8s_aqcLDuRXzmdAVFjR9PcPg&s
free,adjective,https://encrypted-tbn0.gstatic.com/images?q=tbn:ANd9GcRUFEF3mCoE2UJkvv0fOH2PjEuc1GzKL_9-JiL5bpvE2g&s=10
information,noun,https://encrypted-tbn0.gstatic.com/images?q=tbn:ANd9GcQp3XCsDUF248QoADOg5u_qoHrWejVWbJM8g-od9LbSUg&s=10
news,noun,https://encrypted-tbn0.gstatic.com/images?q=tbn:ANd9GcRlpmMh7HKrwZATKMPFlfCket1oCH3nBDrDaqhmrd4_mw&s=10
business,noun,https://encrypted-tbn0.gstatic.com/images?q=tbn:ANd9GcTDkfKLBWNkpP5TVo30cFrg_b3HlboGAHNzdfSKBLvDFw&s=10
view,noun,https://encrypted-tbn0.gstatic.com/images?q=tbn:ANd9GcTNGtLUy6Oz2PI1onMXyfE6n47JU-TjruNhh4vHrBdw1A&s=10
online,adjective,https://encrypted-tbn0.gstatic.com/images?q=tbn:ANd9GcTkvO_jBghN3L0-89Ol2MjAQ7sJNQM_WKLf3-ecKyXHEg&s=10
first,adjective,https://encrypted-tbn0.gstatic.com/images?q=tbn:ANd9GcSv1beD3tZFDwL80MIBcbIISb5QSCNWCsYCRrcqWDO0kA&s=10
service,noun,https://encrypted-tbn0.gstatic.com/images?q=tbn:ANd9GcQaGj7nzq5zDfRzdpFWGnwwYJgOVjzu2M3J4QU4yKIAJA&s=10
date,noun,https://encrypted-tbn0.gstatic.com/images?q=tbn:ANd9GcR6R0rOuzHF8BjbQ56YuN2mo2YfuEs6ckFul32ofw_P_A&s=10
top,noun,https://encrypted-tbn0.gstatic.com/images?q=tbn:ANd9GcRWqCcoVjUP--pbtp6CpOTMt0NxnNSinjPcoD3SNppKpA&s
state,verb,https://encrypted-tbn0.gstatic.com/images?q=tbn:ANd9GcTh8RxZSgj796LR9tP7Oc2ykLuri-Sv7WKFqtUSSe2WNA&s
email,noun,https://encrypted-tbn0.gstatic.com/images?q=tbn:ANd9GcQIK8-tlXv2axo6dc91tmLahH-_9P2Exta3l6u2-5tySg&s=10
world,noun,https://encrypted-tbn0.gstatic.com/images?q=tbn:ANd9GcSKRSWmVExT4IDY3YPEilyDaQTA9mkBrUmospZNF96f1g&s=10
next,adjective,https://encrypted-tbn0.gstatic.com/images?q=tbn:ANd9GcQLS4pfjpwsuVFwNIfkCQqLkXfQA4lmm15U2Z6aNR_Uog&s=10
last,adjective,https://encrypted-tbn0.gstatic.com/images?q=tbn:ANd9GcSAlMNa6Zp07oLAehCDLlusoCoFTWjAQwRTePNBsE0U_g&s=10
music,noun,https://encrypted-tbn0.gstatic.com/images?q=tbn:ANd9GcTRZACXDBhGCmTE4sxqjAsUuLvjRdNlXT_oW3K9LjWqlg&s
product,noun,https://encrypted-tbn0.gstatic.com/images?q=tbn:ANd9GcQzH-hrVCcRGim3CukVQYPnREOU69ahzgK8oOMFpU7p0A&s=10
system,noun,https://encrypted-tbn0.gstatic.com/images?q=tbn:ANd9GcSxCv0kYalEx8srLHEx5XrKZgUnYXcIFS-ExrrEe4g5UQ&s=10
post,verb,https://encrypted-tbn0.gstatic.com/images?q=tbn:ANd9GcTj3kJkbuG6WoRSaarcaAX6x8yxg5sUHXkqEqn784X18w&s=10
add,verb,https://encrypted-tbn0.gstatic.com/images?q=tbn:ANd9GcT4YqqA6ISFowe8xqJB079sUufbuMOE9Gy1H1RAec6f7Q&s=10
number,noun,https://encrypted-tbn0.gstatic.com/images?q=tbn:ANd9GcRNSMx7gCSW3jywDWPr__a7Z7s81NuUMUmcLQ&s
please,adverb,https://encrypted-tbn0.gstatic.com/images?q=tbn:ANd9GcR6aJ7avK4FTZadbP0snlbYMY2vS_sSFqcv5s0Jotq5yg&s=10
best,adjective,https://encrypted-tbn0.gstatic.com/images?q=tbn:ANd9GcT5GtoR7iNUlNgoRThNjpTVHQ2_g5fa7LYuDk5K5ioI3w&s=10
software,noun,https://encrypted-tbn0.gstatic.com/images?q=tbn:ANd9GcTT31cKv68eSDrJSTd-jlzD6pIqoKMMkIsmHbAYPrPtnQ&s=10
video,noun,https://encrypted-tbn0.gstatic.com/images?q=tbn:ANd9GcQlOdp_hXNRNECQAD4raH4P9UHExXA65EXxMYUKcxfHLw&s=10
public,adjective,https://encrypted-tbn0.gstatic.com/images?q=tbn:ANd9GcTk1O64GGptH7XRhF1jSJb0ShbQhMDFcQl00GoU-ourgQ&s=10
high,adjective,https://encrypted-tbn0.gstatic.com/images?q=tbn:ANd9GcSzX1QOVqCMTDS9PfNj7uIyoSdP_MOe-MG_WtwL_18Q8w&s=10
review,noun,https://encrypted-tbn0.gstatic.com/images?q=tbn:ANd9GcQKdaqnzd4p97MA9s1ktdppVP4b03ElYDFMh7kNq8uI1A&s=10
privacy,noun,https://encrypted-tbn0.gstatic.com/images?q=tbn:ANd9GcR33u9vfZyLA5k80yi0X9wVtpH2TSqs1yLLxV4HyskEqw&s=10
company,noun,https://encrypted-tbn0.gstatic.com/images?q=tbn:ANd9GcSU0uKkkXvR29d4bTMpA4bJwvglO_XXbMXc5RKIpNDHnw&s=10
rights,noun,https://encrypted-tbn0.gstatic.com/images?q=tbn:ANd9GcT8KvDxpqm6Nk9k8czB_Ku7ovZOWZxcbwawAbNbET-fZw&s=10
user,noun,https://encrypted-tbn0.gstatic.com/images?q=tbn:ANd9GcSlbbdPqXU3wwsJQPwkgU42saoIIg22ct8rNcFV_RU6PA&s=10
said,adjective,https://encrypted-tbn0.gstatic.com/images?q=tbn:ANd9GcScSzPflEObTGggrO8p7OuYucUlp0hFnqQO7dw41hL8mQ&s=10
set,verb,https://encrypted-tbn0.gstatic.com/images?q=tbn:ANd9GcQ-P7PJRoBH6gxAfp5xTu_DeHrtfQ03tnUb9perokJPEA&s
general,adjective,https://encrypted-tbn0.gstatic.com/images?q=tbn:ANd9GcSDUUiNPfiK8mCgkYdOUqz5j4FAUUJdDv_5UjGaLUPkBw&s=10
university,noun,https://encrypted-tbn0.gstatic.com/images?q=tbn:ANd9GcSFdxlS7dVhoQ9nFVLu-xXc-Y2GE03apOkf6C7umtabsg&s=10
january,noun,https://encrypted-tbn0.gstatic.com/images?q=tbn:ANd9GcSdUvDWCQxQ7mlMEeeoA6kWFqV1YBgC4bhLL4NrUoAbUQ&s=10
mail,noun,https://encrypted-tbn0.gstatic.com/images?q=tbn:ANd9GcRMWM25ECLV_CBtiIYeoxPEo1-V-LYelDZRCPAZOL8jKg&s=10
full,adjective,https://encrypted-tbn0.gstatic.com/images?q=tbn:ANd9GcSrqZ8LNGA8XKY9qproIKfAFUk34bzv1SAewU2dfk3ycA&s=10
program,noun,https://encrypted-tbn0.gstatic.com/images?q=tbn:ANd9GcQ5KMQya4qg29CVvND6-PWKs0sxWu692Bi9X8Nn86P-Uw&s=10
life,noun,https://encrypted-tbn0.gstatic.com/images?q=tbn:ANd9GcSZA82FT2jnJnA2dAB2vWy79KMbcUbcDa1f2Rw7lSG5EQ&s=10
games,noun,https://encrypted-tbn0.gstatic.com/images?q=tbn:ANd9GcSdWjVlEVLKs3kJpFeCrFlEH-8p-p10QmxZ8JLKl85OBQ&s=10
way,noun,https://encrypted-tbn0.gstatic.com/images?q=tbn:ANd9GcQPiHPM9W-UoRyPXC_V-94xqu3H-OJWzQrFUuBlSXCy4w&s=10
management,noun,https://encrypted-tbn0.gstatic.com/images?q=tbn:ANd9GcSTPtuCnjq4L1q5dOplW0xNyy9dlqUl6JdQmsm2mn5hGw&s=10
part,noun,https://encrypted-tbn0.gstatic.com/images?q=tbn:ANd9GcRfIiTJ96xdhwVWj5wNxaTWE4sSWCZXWYSFYEnyrVQhPg&s=10
great,adjective,https://encrypted-tbn0.gstatic.com/images?q=tbn:ANd9GcTh82pUuU-TuxSrUIVKujGVy7Qp69AkJxpMlVFFEWiJdw&s=10
united,adjective,https://encrypted-tbn0.gstatic.com/images?q=tbn:ANd9GcRf0YFb6hKBgSub6_mz3ELmq5EfvdA4Xv792tvOZPVHRw&s=10
real,adjective,https://encrypted-tbn0.gstatic.com/images?q=tbn:ANd9GcTOEuQeqlP4avxdco8xwAQ3LibqvM7d-87OiVlYOMJ5AQ&s=10
item,noun,https://encrypted-tbn0.gstatic.com/images?q=tbn:ANd9GcQje9WvWufiRFLxLfK1jI8D5-nVAx58f-39Vtuy_VGCOQ&s=10
international,adjective,https://encrypted-tbn0.gstatic.com/images?q=tbn:ANd9GcQ7OAV2z-wap-rlH3yWnJltz65lRvI9RqyNdZv6TNNjDQ&s=10
center,noun,https://encrypted-tbn0.gstatic.com/images?q=tbn:ANd9GcSt-XcMzbKQgCQT95UaaFVmLEyWhQX6mwP6jLk-7lyMGg&s=10
store,noun,https://encrypted-tbn0.gstatic.com/images?q=tbn:ANd9GcQfdESK-INnHWJJvx4rrB5w_FdyAyb7Fd286aLOIYb_Lg&s=10
comments,noun,https://encrypted-tbn0.gstatic.com/images?q=tbn:ANd9GcTo1Lt3I6gf8THRMUPoMJA4ACsfCT8Wr7grz84xitGJ6w&s=10
made,verb,https://encrypted-tbn0.gstatic.com/images?q=tbn:ANd9GcTWZPnYjmACpQoPJxExNEIHVyhFMD4TUTIryjo1y5c2-g&s
development,noun,https://encrypted-tbn0.gstatic.com/images?q=tbn:ANd9GcTiu1xL-9jxmJP15jRP0likAz_HsLgwkJV3I_7QW93zsA&s=10
report,noun,https://encrypted-tbn0.gstatic.com/images?q=tbn:ANd9GcRH4oX0niduIntGvBnEFxe_5WcWaoHdJhDLOgIlTXZVsw&s=10
member,noun,https://encrypted-tbn0.gstatic.com/images?q=tbn:ANd9GcRRoVTotYFAoNDnZKPFtpQt01BJ7KXHTkqBznp4mfqS_w&s=10
details,noun,https://encrypted-tbn0.gstatic.com/images?q=tbn:ANd9GcQ5ZNUa5L1-OLRouz3esUEqitOij0ggCo9GQwTmbCyYGw&s=10
line,noun,https://encrypted-tbn0.gstatic.com/images?q=tbn:ANd9GcRZvW7DeffglzfiHshyO9BagZX99vWW9TwyNV_nouImAg&s=10
terms,noun,https://encrypted-tbn0.gstatic.com/images?q=tbn:ANd9GcSLCkDzoP_T6BM7K9ui9nNXqg-mh0Xh-2YWqLIAiL5qVg&s=10
before,preposition,https://encrypted-tbn0.gstatic.com/images?q=tbn:ANd9GcROsD9x8Px73HC95ztHNGW-FQOqGDWzyI0ElbgVx40t6Q&s=10
send,verb,https://encrypted-tbn0.gstatic.com/images?q=tbn:ANd9GcSUPHqajlPXPhYPR-c_oVyDPgL3DfEIhzEizZf2NQBphQ&s=10
right,adjective,https://encrypted-tbn0.gstatic.com/images?q=tbn:ANd9GcR4goJsNcFiiBb8ouGogMQ-E2abQDxCC_EK6hncQXR-bA&s=10
type,noun,https://encrypted-tbn0.gstatic.com/images?q=tbn:ANd9GcSj1vI2xErfzLBuU5gBTso0KaP05tL0q-PklUXpQsUXTg&s=10
because,conjunction,https://encrypted-tbn0.gstatic.com/images?q=tbn:ANd9GcQb0Nlf9VVxRbHHPkPeDnf5LIEY4GZvWXjLOp1JFTqdjg&s=10
local,adjective,https://encrypted-tbn0.gstatic.com/images?q=tbn:ANd9GcQhuFadbqPCEgFd36YUQQ0i4zxCN8Y8S4vtv7Gl5rUWQg&s=10
using,verb,https://encrypted-tbn0.gstatic.com/images?q=tbn:ANd9GcTabzWNKriV2sjWEGk9Oeupt2UBT-kk1yA9t1E3QmlnfA&s=10
results,noun,https://encrypted-tbn0.gstatic.com/images?q=tbn:ANd9GcQiWTsD3TBNNlhGLdvO-AtjGFE_btKeXpVbTE-iXlBfDQ&s=10
